time_s,temperature_C
2.000,20.000
4.000,20.000
6.000,20.000
8.000,20.000
9.000,20.000
10.000,20.000
11.000,20.000
12.000,20.000
13.000,20.000
14.000,20.000
15.000,20.000
16.000,20.000
17.000,20.000
18.000,20.000
19.000,20.000
20.000,20.000
21.000,20.000
22.000,20.000
23.000,20.000
24.000,20.000
25.000,20.000
26.000,20.000
27.000,20.000
28.000,20.000
29.000,20.000
30.001,20.000
31.001,20.000
32.001,20.000
33.001,20.000
34.001,20.000
35.001,20.000
36.001,20.000
37.001,20.000
38.001,20.000
39.001,20.000
40.001,20.000
41.001,20.000
42.001,20.000
43.001,20.000
44.001,20.000
45.001,20.000
46.001,20.000
47.001,20.000
48.001,20.000
49.001,20.000
50.001,20.000
51.001,20.000
52.001,20.000
53.001,20.000
54.001,20.000
55.001,20.000
56.001,20.000
57.001,20.000
58.001,20.000
59.001,20.000
60.001,20.000
61.001,20.000
62.001,20.001
63.001,20.004
64.001,20.008
66.001,20.020
68.001,20.036
70.000,20.055
72.000,20.077
74.000,20.101
75.999,20.126
77.999,20.154
79.999,20.182
81.998,20.212
83.998,20.243
85.998,20.274
87.997,20.307
89.997,20.340
91.997,20.373
93.996,20.407
95.996,20.442
97.996,20.477
99.995,20.513
101.995,20.549
103.995,20.586
105.994,20.622
107.994,20.660
109.994,20.697
111.993,20.735
113.993,20.773
115.993,20.812
117.992,20.851
119.992,20.890
121.992,20.929
123.991,20.969
125.991,21.008
127.991,21.048
128.991,21.068
129.991,21.088
130.991,21.108
131.991,21.128
132.992,21.149
133.992,21.169
134.992,21.189
135.992,21.209
136.992,21.230
137.993,21.250
138.993,21.271
139.993,21.291
140.993,21.311
141.994,21.332
142.994,21.353
143.994,21.373
144.994,21.394
145.994,21.414
146.995,21.435
147.995,21.456
148.995,21.476
149.995,21.497
150.995,21.518
151.996,21.539
152.996,21.559
153.996,21.580
154.996,21.601
155.997,21.622
156.997,21.643
157.997,21.664
158.997,21.684
159.997,21.705
160.998,21.726
161.998,21.747
162.998,21.768
163.998,21.789
164.998,21.810
165.999,21.831
166.999,21.852
167.999,21.873
168.999,21.894
170.000,21.915
171.000,21.936
172.000,21.957
173.000,21.978
174.000,21.999
175.001,22.020
176.001,22.041
177.001,22.063
178.001,22.084
179.001,22.105
180.002,22.126
181.002,22.147
182.002,22.168
183.002,22.189
184.003,22.210
185.003,22.231
186.003,22.253
187.003,22.274
188.003,22.295
189.004,22.316
190.004,22.337
191.004,22.358
192.004,22.379
193.004,22.400
194.005,22.422
195.005,22.443
196.005,22.464
197.005,22.485
198.006,22.506
199.006,22.527
200.006,22.548
201.006,22.569
202.006,22.591
203.007,22.612
204.007,22.633
205.007,22.654
206.007,22.675
207.007,22.696
208.008,22.717
209.008,22.738
210.008,22.759
211.008,22.781
212.009,22.802
213.009,22.823
214.009,22.844
215.009,22.865
216.009,22.886
217.010,22.907
218.010,22.928
219.010,22.949
220.010,22.970
221.010,22.991
222.011,23.012
223.011,23.033
224.011,23.054
225.011,23.075
226.012,23.097
227.012,23.118
228.012,23.139
229.012,23.160
230.012,23.181
231.013,23.202
232.013,23.223
233.013,23.244
234.013,23.264
235.013,23.285
236.014,23.306
237.014,23.327
238.014,23.348
239.014,23.369
240.015,23.390
241.015,23.411
242.015,23.432
243.015,23.453
244.015,23.474
245.016,23.495
246.016,23.516
247.016,23.536
248.016,23.557
249.016,23.578
250.017,23.599
251.017,23.620
252.017,23.641
253.017,23.662
254.017,23.682
255.018,23.703
256.018,23.724
258.017,23.766
260.016,23.807
262.015,23.849
264.014,23.890
266.012,23.932
268.011,23.973
270.010,24.014
272.009,24.056
274.008,24.097
276.007,24.138
278.006,24.179
280.005,24.221
282.004,24.262
284.003,24.303
286.001,24.344
288.000,24.385
289.999,24.426
291.998,24.467
293.997,24.508
295.996,24.549
297.995,24.590
299.994,24.630
301.993,24.671
303.992,24.712
305.990,24.752
307.989,24.793
309.988,24.834
311.987,24.874
313.986,24.915
315.985,24.955
317.984,24.996
319.983,25.036
321.982,25.077
323.981,25.117
325.979,25.157
327.978,25.198
329.977,25.238
331.976,25.278
333.975,25.318
335.974,25.358
337.973,25.398
339.972,25.438
341.971,25.478
343.970,25.518
345.968,25.558
347.967,25.598
349.966,25.638
351.965,25.678
353.964,25.717
355.963,25.757
357.962,25.797
359.961,25.836
361.960,25.876
363.959,25.916
365.957,25.955
367.956,25.995
369.955,26.034
371.954,26.074
373.953,26.113
375.952,26.152
377.951,26.192
379.950,26.231
381.949,26.270
383.948,26.309
385.946,26.348
387.945,26.388
389.944,26.427
391.943,26.466
393.942,26.505
395.941,26.544
397.940,26.583
399.939,26.622
401.938,26.660
403.937,26.699
405.936,26.738
407.934,26.777
409.933,26.816
411.932,26.854
413.931,26.893
415.930,26.931
417.929,26.970
419.928,27.009
421.927,27.047
423.926,27.086
425.925,27.124
427.923,27.162
429.922,27.201
431.921,27.239
433.920,27.277
435.919,27.316
437.918,27.354
439.917,27.392
441.916,27.430
443.915,27.468
445.914,27.506
447.912,27.544
449.911,27.582
451.910,27.620
453.909,27.658
455.908,27.696
457.907,27.734
459.906,27.772
461.905,27.810
463.904,27.847
465.903,27.885
467.901,27.923
469.900,27.960
471.899,27.998
473.898,28.036
475.897,28.073
477.896,28.111
479.895,28.148
481.894,28.186
483.893,28.223
485.892,28.260
487.890,28.298
489.889,28.335
491.888,28.372
493.887,28.410
495.886,28.447
497.885,28.484
499.884,28.521
501.883,28.558
503.882,28.595
505.881,28.632
507.879,28.669
509.878,28.706
511.877,28.743
512.878,28.762
513.879,28.780
514.880,28.799
515.881,28.817
516.882,28.835
517.883,28.854
518.884,28.872
519.885,28.891
520.886,28.909
521.887,28.927
522.888,28.946
523.889,28.964
524.890,28.983
525.891,29.001
526.892,29.019
527.893,29.038
528.894,29.056
529.895,29.074
530.896,29.093
531.897,29.111
532.898,29.129
533.899,29.147
534.900,29.166
535.901,29.184
536.901,29.202
537.902,29.221
538.903,29.239
539.904,29.257
540.905,29.275
541.906,29.293
542.907,29.312
543.908,29.330
544.909,29.348
545.910,29.366
546.911,29.384
547.912,29.403
548.913,29.421
549.914,29.439
550.915,29.457
551.916,29.475
552.917,29.493
553.918,29.512
554.919,29.530
555.920,29.548
556.921,29.566
557.922,29.584
558.923,29.602
559.924,29.620
560.925,29.638
561.926,29.656
562.927,29.674
563.928,29.692
564.929,29.710
565.930,29.728
566.931,29.747
567.932,29.765
568.933,29.783
569.934,29.801
570.935,29.819
571.936,29.837
572.937,29.855
573.938,29.872
574.939,29.890
575.940,29.908
576.941,29.926
577.942,29.944
578.942,29.962
579.943,29.980
580.944,29.998
581.945,30.016
582.946,30.034
583.947,30.052
584.948,30.070
585.949,30.088
586.950,30.105
587.951,30.123
588.952,30.141
589.953,30.159
590.954,30.177
591.955,30.195
592.956,30.212
593.957,30.230
594.958,30.248
595.959,30.266
596.960,30.284
597.961,30.301
598.962,30.319
599.963,30.337
600.964,30.355
601.965,30.373
602.966,30.390
603.967,30.408
604.968,30.426
605.969,30.444
606.970,30.461
607.971,30.479
608.972,30.497
609.973,30.514
610.974,30.532
611.975,30.550
612.976,30.567
613.977,30.585
614.978,30.603
615.979,30.620
616.980,30.638
617.981,30.656
618.982,30.673
619.983,30.691
620.984,30.709
621.984,30.726
622.985,30.744
623.986,30.761
624.987,30.779
625.988,30.796
626.989,30.814
627.990,30.832
628.991,30.849
629.992,30.867
630.993,30.884
631.994,30.902
632.995,30.919
633.996,30.937
634.997,30.954
635.998,30.972
636.999,30.989
638.000,31.007
639.001,31.024
640.002,31.042
641.003,31.059
642.004,31.077
643.005,31.094
644.006,31.112
645.007,31.129
646.008,31.146
647.009,31.164
648.010,31.181
649.011,31.199
650.012,31.216
651.013,31.233
652.014,31.251
653.015,31.268
654.016,31.286
655.017,31.303
656.018,31.320
657.019,31.338
658.020,31.355
659.021,31.372
660.022,31.390
661.023,31.407
662.024,31.424
663.025,31.442
664.026,31.459
665.026,31.476
666.027,31.493
667.028,31.511
668.029,31.528
669.030,31.545
670.031,31.562
671.032,31.580
672.033,31.597
673.034,31.614
674.035,31.631
675.036,31.649
676.037,31.666
677.038,31.683
678.039,31.700
679.040,31.717
680.041,31.735
681.042,31.752
682.043,31.769
683.044,31.786
684.045,31.803
685.046,31.820
686.047,31.837
687.048,31.855
688.049,31.872
689.050,31.889
690.051,31.906
691.052,31.923
692.053,31.940
693.054,31.957
694.055,31.974
695.056,31.991
696.057,32.008
697.058,32.025
698.059,32.043
699.060,32.060
700.061,32.077
701.062,32.094
702.063,32.111
703.064,32.128
704.065,32.145
705.066,32.162
706.067,32.179
707.067,32.196
708.068,32.213
709.069,32.230
710.070,32.247
711.071,32.264
712.072,32.280
713.073,32.297
714.074,32.314
715.075,32.331
716.076,32.348
717.077,32.365
718.078,32.382
719.079,32.399
720.080,32.416
721.081,32.433
722.082,32.450
723.083,32.467
724.084,32.483
725.085,32.500
726.086,32.517
727.087,32.534
728.088,32.551
729.089,32.568
730.090,32.584
731.091,32.601
732.092,32.618
733.093,32.635
734.094,32.652
735.095,32.668
736.096,32.685
737.097,32.702
738.098,32.719
739.099,32.736
740.100,32.752
741.101,32.769
742.102,32.786
743.103,32.803
744.104,32.819
745.105,32.836
746.106,32.853
747.107,32.869
748.108,32.886
749.109,32.903
750.109,32.919
751.110,32.936
752.111,32.953
753.112,32.970
754.113,32.986
755.114,33.003
756.115,33.020
757.116,33.036
758.117,33.053
759.118,33.069
760.119,33.086
761.120,33.103
762.121,33.119
763.122,33.136
764.123,33.152
765.124,33.169
766.125,33.186
767.126,33.202
768.127,33.219
769.128,33.235
770.129,33.252
771.130,33.268
772.131,33.285
773.132,33.301
774.133,33.318
775.134,33.335
776.135,33.351
777.136,33.368
778.137,33.384
779.138,33.401
780.139,33.417
781.140,33.434
782.141,33.450
783.142,33.466
784.143,33.483
785.144,33.499
786.145,33.516
787.146,33.532
788.147,33.549
789.148,33.565
790.149,33.582
791.150,33.598
792.151,33.614
793.151,33.631
794.152,33.647
795.153,33.664
796.154,33.680
797.155,33.696
798.156,33.713
799.157,33.729
800.158,33.745
801.159,33.762
802.160,33.778
803.161,33.794
804.162,33.811
805.163,33.827
806.164,33.843
807.165,33.860
808.166,33.876
809.167,33.892
810.168,33.909
811.169,33.925
812.170,33.941
813.171,33.957
814.172,33.974
815.173,33.990
816.174,34.006
817.175,34.022
818.176,34.039
819.177,34.055
820.178,34.071
821.179,34.087
822.180,34.103
823.181,34.120
824.182,34.136
825.183,34.152
826.184,34.168
827.185,34.184
828.186,34.201
829.187,34.217
830.188,34.233
831.189,34.249
832.190,34.265
833.191,34.281
834.192,34.297
835.192,34.313
836.193,34.330
837.194,34.346
838.195,34.362
839.196,34.378
840.197,34.394
841.198,34.410
842.199,34.426
843.200,34.442
844.201,34.458
845.202,34.474
846.203,34.490
847.204,34.506
848.205,34.523
849.206,34.539
850.207,34.555
851.208,34.571
852.209,34.587
853.210,34.603
854.211,34.619
855.212,34.635
856.213,34.651
857.214,34.667
858.215,34.683
859.216,34.699
860.217,34.715
861.218,34.730
862.219,34.746
863.220,34.762
864.221,34.778
865.222,34.794
866.223,34.810
867.224,34.826
868.225,34.842
869.226,34.858
870.227,34.874
871.228,34.890
872.229,34.906
873.230,34.921
874.231,34.937
875.232,34.953
876.233,34.969
877.234,34.985
878.234,35.001
879.235,35.017
880.236,35.032
881.237,35.048
882.238,35.064
883.239,35.080
884.240,35.096
885.241,35.111
886.242,35.127
887.243,35.143
888.244,35.159
889.245,35.175
890.246,35.190
891.247,35.206
892.248,35.222
893.249,35.238
894.250,35.253
895.251,35.269
896.252,35.285
897.253,35.301
898.254,35.316
899.255,35.332
900.256,35.348
901.257,35.363
902.258,35.379
903.259,35.395
904.260,35.411
905.261,35.426
906.262,35.442
907.263,35.458
908.264,35.473
909.265,35.489
910.266,35.505
911.267,35.520
912.268,35.536
913.269,35.551
914.270,35.567
915.271,35.583
916.272,35.598
917.273,35.614
918.274,35.629
919.275,35.645
920.276,35.661
921.276,35.676
922.277,35.692
923.278,35.707
924.279,35.723
925.280,35.738
926.281,35.754
927.282,35.770
928.283,35.785
929.284,35.801
930.285,35.816
931.286,35.832
932.287,35.847
933.288,35.863
934.289,35.878
935.290,35.894
936.291,35.909
937.292,35.925
938.293,35.940
939.294,35.956
940.295,35.971
941.296,35.987
942.297,36.002
943.298,36.017
944.299,36.033
945.300,36.048
946.301,36.064
947.302,36.079
948.303,36.095
949.304,36.110
950.305,36.125
951.306,36.141
952.307,36.156
953.308,36.172
954.309,36.187
955.310,36.202
956.311,36.218
957.312,36.233
958.313,36.248
959.314,36.264
960.315,36.279
961.316,36.294
962.317,36.310
963.317,36.325
964.318,36.340
965.319,36.356
966.320,36.371
967.321,36.386
968.322,36.402
969.323,36.417
970.324,36.432
971.325,36.447
972.326,36.463
973.327,36.478
974.328,36.493
975.329,36.509
976.330,36.524
977.331,36.539
978.332,36.554
979.333,36.569
980.334,36.585
981.335,36.600
982.336,36.615
983.337,36.630
984.338,36.645
985.339,36.661
986.340,36.676
987.341,36.691
988.342,36.706
989.343,36.721
990.344,36.737
991.345,36.752
992.346,36.767
993.347,36.782
994.348,36.797
995.349,36.812
996.350,36.827
997.351,36.842
998.352,36.858
999.353,36.873
1000.354,36.888
1001.355,36.903
1002.356,36.918
1003.357,36.933
1004.357,36.948
1005.358,36.963
1006.359,36.978
1007.360,36.993
1008.361,37.008
1009.362,37.024
1010.363,37.039
1011.364,37.054
1012.365,37.069
1013.366,37.084
1014.367,37.099
1015.368,37.114
1016.369,37.129
1017.370,37.144
1018.371,37.159
1019.372,37.174
1020.373,37.189
1021.374,37.204
1022.375,37.219
1023.376,37.234
1024.377,37.249
1025.378,37.264
1026.379,37.278
1027.380,37.293
1028.381,37.308
1029.382,37.323
1030.383,37.338
1031.384,37.353
1032.385,37.368
1033.386,37.383
1034.387,37.398
1035.388,37.413
1036.389,37.428
1037.390,37.443
1038.391,37.457
1039.392,37.472
1040.393,37.487
1041.394,37.502
1042.395,37.517
1043.396,37.532
1044.396,37.547
1045.397,37.561
1046.398,37.576
1047.399,37.591
1048.400,37.606
1049.401,37.621
1050.402,37.635
1051.403,37.650
1052.404,37.665
1053.405,37.680
1054.406,37.695
1055.407,37.709
1056.408,37.724
1057.409,37.739
1058.410,37.754
1059.411,37.768
1060.412,37.783
1061.413,37.798
1062.414,37.813
1063.415,37.827
1064.416,37.842
1065.417,37.857
1066.418,37.872
1067.419,37.886
1068.420,37.901
1069.421,37.916
1070.422,37.930
1071.423,37.945
1072.424,37.960
1073.425,37.974
1074.426,37.989
1075.427,38.004
1076.428,38.018
1077.429,38.033
1078.430,38.048
1079.431,38.062
1080.432,38.077
1081.433,38.092
1082.434,38.106
1083.435,38.121
1084.436,38.136
1085.437,38.150
1086.438,38.165
1087.438,38.179
1088.439,38.194
1089.440,38.209
1090.441,38.223
1091.442,38.238
1092.443,38.252
1093.444,38.267
1094.445,38.281
1095.446,38.296
1096.447,38.311
1097.448,38.325
1098.449,38.340
1099.450,38.354
1100.451,38.369
1101.452,38.383
1102.453,38.398
1103.454,38.412
1104.455,38.427
1105.456,38.441
1106.457,38.456
1107.458,38.470
1108.459,38.485
1109.460,38.499
1110.461,38.514
1111.462,38.528
1112.463,38.543
1113.464,38.557
1114.465,38.571
1115.466,38.586
1116.467,38.600
1117.468,38.615
1118.469,38.629
1119.470,38.644
1120.471,38.658
1121.472,38.672
1122.473,38.687
1123.474,38.701
1124.475,38.716
1125.476,38.730
1126.477,38.744
1127.478,38.759
1128.479,38.773
1129.479,38.788
1130.480,38.802
1131.481,38.816
1132.482,38.831
1133.483,38.845
1134.484,38.859
1135.485,38.874
1136.486,38.888
1137.487,38.902
1138.488,38.916
1139.489,38.931
1140.490,38.945
1141.491,38.959
1142.492,38.974
1143.493,38.988
1144.494,39.002
1145.495,39.017
1146.496,39.031
1147.497,39.045
1148.498,39.059
1149.499,39.074
1150.500,39.088
1151.501,39.102
1152.502,39.116
1153.503,39.131
1154.504,39.145
1155.505,39.159
1156.506,39.173
1157.507,39.187
1158.508,39.202
1159.509,39.216
1160.510,39.230
1161.511,39.244
1162.512,39.258
1163.513,39.273
1164.514,39.287
1165.515,39.301
1166.516,39.315
1167.517,39.329
1168.518,39.343
1169.519,39.358
1170.520,39.372
1171.521,39.386
1172.521,39.400
1173.522,39.414
1174.523,39.428
1175.524,39.442
1176.525,39.456
1177.526,39.471
1178.527,39.485
1179.528,39.499
1180.529,39.513
1181.530,39.527
1182.531,39.541
1183.532,39.555
1184.533,39.569
1185.534,39.583
1186.535,39.597
1187.536,39.611
1188.537,39.625
1189.538,39.639
1190.539,39.653
1191.540,39.667
1192.541,39.681
1193.542,39.695
1194.543,39.709
1195.544,39.723
1196.545,39.737
1197.546,39.751
1198.547,39.765
1199.548,39.779
1200.549,39.793
1201.550,39.807
1202.551,39.821
1203.552,39.835
1204.553,39.849
1205.554,39.863
1206.555,39.877
1207.556,39.891
1208.557,39.905
1209.558,39.919
1210.559,39.933
1211.560,39.947
1212.561,39.961
1213.562,39.975
1214.563,39.988
1215.563,40.002
1216.564,40.016
1217.565,40.030
1218.566,40.044
1219.567,40.058
1220.568,40.072
1221.569,40.086
1222.570,40.099
1223.571,40.113
1224.572,40.127
1225.573,40.141
1226.574,40.155
1227.575,40.169
1228.576,40.183
1229.577,40.196
1230.578,40.210
1231.579,40.224
1232.580,40.238
1233.581,40.252
1234.582,40.265
1235.583,40.279
1236.584,40.293
1237.585,40.307
1238.586,40.321
1239.587,40.334
1240.588,40.348
1241.589,40.362
1242.590,40.376
1243.591,40.389
1244.592,40.403
1245.593,40.417
1246.594,40.431
1247.595,40.444
1248.596,40.458
1249.597,40.472
1250.598,40.486
1251.599,40.499
1252.600,40.513
1253.601,40.527
1254.602,40.540
1255.603,40.554
1256.604,40.568
1257.604,40.581
1258.605,40.595
1259.606,40.609
1260.607,40.622
1261.608,40.636
1262.609,40.650
1263.610,40.663
1264.611,40.677
1265.612,40.691
1266.613,40.704
1267.614,40.718
1268.615,40.731
1269.616,40.745
1270.617,40.759
1271.618,40.772
1272.619,40.786
1273.620,40.799
1274.621,40.813
1275.622,40.827
1276.623,40.840
1277.624,40.854
1278.625,40.867
1279.626,40.881
1280.627,40.895
1281.628,40.908
1282.629,40.922
1283.630,40.935
1284.631,40.949
1285.632,40.962
1286.633,40.976
1287.634,40.989
1288.635,41.003
1289.636,41.016
1290.637,41.030
1291.638,41.043
1292.639,41.057
1293.640,41.070
1294.641,41.084
1295.642,41.097
1296.643,41.111
1297.644,41.124
1298.645,41.138
1299.646,41.151
1300.646,41.165
1301.647,41.178
1302.648,41.192
1303.649,41.205
1304.650,41.218
1305.651,41.232
1306.652,41.245
1307.653,41.259
1308.654,41.272
1309.655,41.285
1310.656,41.299
1311.657,41.312
1312.658,41.326
1313.659,41.339
1314.660,41.352
1315.661,41.366
1316.662,41.379
1317.663,41.393
1318.664,41.406
1319.665,41.419
1320.666,41.433
1321.667,41.446
1322.668,41.459
1323.669,41.473
1324.670,41.486
1325.671,41.499
1326.672,41.513
1327.673,41.526
1328.674,41.539
1329.675,41.553
1330.676,41.566
1331.677,41.579
1332.678,41.592
1333.679,41.606
1334.680,41.619
1335.681,41.632
1336.682,41.646
1337.683,41.659
1338.684,41.672
1339.685,41.685
1340.686,41.699
1341.687,41.712
1342.688,41.725
1343.688,41.738
1344.689,41.752
1345.690,41.765
1346.691,41.778
1347.692,41.791
1348.693,41.805
1349.694,41.818
1350.695,41.831
1351.696,41.844
1352.697,41.857
1353.698,41.870
1354.699,41.884
1355.700,41.897
1356.701,41.910
1357.702,41.923
1358.703,41.936
1359.704,41.949
1360.705,41.963
1361.706,41.976
1362.707,41.989
1363.708,42.002
1364.709,42.015
1365.710,42.028
1366.711,42.041
1367.712,42.055
1368.713,42.068
1369.714,42.081
1370.715,42.094
1371.716,42.107
1372.717,42.120
1373.718,42.133
1374.719,42.146
1375.720,42.159
1376.721,42.172
1377.722,42.186
1378.723,42.199
1379.724,42.212
1380.725,42.225
1381.726,42.238
1382.727,42.251
1383.728,42.264
1384.729,42.277
1385.729,42.290
1386.730,42.303
1387.731,42.316
1388.732,42.329
1389.733,42.342
1390.734,42.355
1391.735,42.368
1392.736,42.381
1393.737,42.394
1394.738,42.407
1395.739,42.420
1396.740,42.433
1397.741,42.446
1398.742,42.459
1399.743,42.472
1400.744,42.485
1401.745,42.498
1402.746,42.511
1403.747,42.524
1404.748,42.536
1405.749,42.549
1406.750,42.562
1407.751,42.575
1408.752,42.588
1409.753,42.601
1410.754,42.614
1411.755,42.627
1412.756,42.640
1413.757,42.653
1414.758,42.666
1415.759,42.678
1416.760,42.691
1417.761,42.704
1418.762,42.717
1419.763,42.730
1420.764,42.743
1421.765,42.756
1422.766,42.768
1423.767,42.781
1424.768,42.794
1425.769,42.807
1426.770,42.820
1427.771,42.833
1428.771,42.845
1429.772,42.858
1430.773,42.871
1431.774,42.884
1432.775,42.897
1433.776,42.909
1434.777,42.922
1435.778,42.935
1436.779,42.948
1437.780,42.961
1438.781,42.973
1439.782,42.986
1440.783,42.999
1441.784,43.012
1442.785,43.024
1443.786,43.037
1444.787,43.050
1445.788,43.063
1446.789,43.075
1447.790,43.088
1448.791,43.101
1449.792,43.114
1450.793,43.126
1451.794,43.139
1452.795,43.152
1453.796,43.164
1454.797,43.177
1455.798,43.190
1456.799,43.202
1457.800,43.215
1458.801,43.228
1459.802,43.240
1460.803,43.253
1461.804,43.266
1462.805,43.278
1463.806,43.291
1464.807,43.304
1465.808,43.316
1466.809,43.329
1467.810,43.342
1468.811,43.354
1469.812,43.367
1470.813,43.380
1471.813,43.392
1472.814,43.405
1473.815,43.417
1474.816,43.430
1475.817,43.443
1476.818,43.455
1477.819,43.468
1478.820,43.480
1479.821,43.493
1480.822,43.505
1481.823,43.518
1482.824,43.531
1483.825,43.543
1484.826,43.556
1485.827,43.568
1486.828,43.581
1487.829,43.593
1488.830,43.606
1489.831,43.618
1490.832,43.631
1491.833,43.643
1492.834,43.656
1493.835,43.668
1494.836,43.681
1495.837,43.693
1496.838,43.706
1497.839,43.718
1498.840,43.731
1499.841,43.743
1500.842,43.756
1501.843,43.768
1502.844,43.781
1503.845,43.793
1504.846,43.806
1505.847,43.818
1506.848,43.831
1507.849,43.843
1508.850,43.855
1509.851,43.868
1510.852,43.880
1511.853,43.893
1512.854,43.905
1513.854,43.918
1514.855,43.930
1515.856,43.942
1516.857,43.955
1517.858,43.967
1518.859,43.980
1519.860,43.992
1520.861,44.004
1521.862,44.017
1522.863,44.029
1523.864,44.041
1524.865,44.054
1525.866,44.066
1526.867,44.079
1527.868,44.091
1528.869,44.103
1529.870,44.116
1530.871,44.128
1531.872,44.140
1532.873,44.153
1533.874,44.165
1534.875,44.177
1535.876,44.190
1536.877,44.202
1537.878,44.214
1538.879,44.227
1539.880,44.239
1540.881,44.251
1541.882,44.263
1542.883,44.276
1543.884,44.288
1544.885,44.300
1545.886,44.312
1546.887,44.325
1547.888,44.337
1548.889,44.349
1549.890,44.361
1550.891,44.374
1551.892,44.386
1552.893,44.398
1553.894,44.410
1554.895,44.422
1555.896,44.435
1556.896,44.447
1557.897,44.459
1558.898,44.471
1559.899,44.484
1560.900,44.496
1561.901,44.508
1562.902,44.520
1563.903,44.532
1564.904,44.545
1565.905,44.557
1566.906,44.569
1567.907,44.581
1568.908,44.593
1569.909,44.605
1570.910,44.618
1571.911,44.630
1572.912,44.642
1573.913,44.654
1574.914,44.666
1575.915,44.678
1576.916,44.691
1577.917,44.703
1578.918,44.715
1579.919,44.727
1580.920,44.739
1581.921,44.751
1582.922,44.763
1583.923,44.775
1584.924,44.787
1585.925,44.799
1586.926,44.812
1587.927,44.824
1588.928,44.836
1589.929,44.848
1590.930,44.860
1591.931,44.872
1592.932,44.884
1593.933,44.896
1594.934,44.908
1595.935,44.920
1596.936,44.932
1597.937,44.944
1598.938,44.956
1599.938,44.968
1600.939,44.980
1601.940,44.992
1602.941,45.004
1603.942,45.016
1604.943,45.028
1605.944,45.040
1606.945,45.052
1607.946,45.064
1608.947,45.076
1609.948,45.088
1610.949,45.100
1611.950,45.112
1612.951,45.124
1613.952,45.136
1614.953,45.148
1615.954,45.160
1616.955,45.172
1617.956,45.184
1618.957,45.196
1619.958,45.208
1620.959,45.219
1621.960,45.231
1622.961,45.243
1623.962,45.255
1624.963,45.267
1625.964,45.279
1626.965,45.291
1627.966,45.303
1628.967,45.315
1629.968,45.327
1630.969,45.339
1631.970,45.350
1632.971,45.362
1633.972,45.374
1634.973,45.386
1635.974,45.398
1636.975,45.410
1637.976,45.422
1638.977,45.433
1639.978,45.445
1640.979,45.457
1641.979,45.469
1642.980,45.481
1643.981,45.493
1644.982,45.504
1645.983,45.516
1646.984,45.528
1647.985,45.540
1648.986,45.551
1649.987,45.563
1650.988,45.575
1651.989,45.587
1652.990,45.599
1653.991,45.610
1654.992,45.622
1655.993,45.634
1656.994,45.646
1657.995,45.657
1658.996,45.669
1659.997,45.681
1660.998,45.693
1661.999,45.705
1663.000,45.716
1664.001,45.728
1665.002,45.740
1666.003,45.752
1667.004,45.763
1668.005,45.775
1669.006,45.787
1670.007,45.798
1671.008,45.810
1672.009,45.822
1673.010,45.834
1674.011,45.845
1675.012,45.857
1676.013,45.869
1677.014,45.880
1678.015,45.892
1679.016,45.904
1680.017,45.915
1681.018,45.927
1682.019,45.939
1683.020,45.950
1684.021,45.962
1685.021,45.974
1686.022,45.985
1687.023,45.997
1688.024,46.008
1689.025,46.020
1690.026,46.032
1691.027,46.043
1692.028,46.055
1693.029,46.067
1694.030,46.078
1695.031,46.090
1696.032,46.101
1697.033,46.113
1698.034,46.124
1699.035,46.136
1700.036,46.148
1701.037,46.159
1702.038,46.171
1703.039,46.182
1704.040,46.194
1705.041,46.205
1706.042,46.217
1707.043,46.229
1708.044,46.240
1709.045,46.252
1710.046,46.263
1711.047,46.275
1712.048,46.286
1713.049,46.298
1714.050,46.309
1715.051,46.321
1716.052,46.332
1717.053,46.344
1718.054,46.355
1719.055,46.367
1720.056,46.378
1721.057,46.390
1722.058,46.401
1723.059,46.413
1724.060,46.424
1725.061,46.436
1726.062,46.447
1727.063,46.459
1728.063,46.470
1729.064,46.482
1730.065,46.493
1731.066,46.504
1732.067,46.516
1733.068,46.527
1734.069,46.539
1735.070,46.550
1736.071,46.562
1737.072,46.573
1738.073,46.585
1739.074,46.596
1740.075,46.607
1741.076,46.619
1742.077,46.630
1743.078,46.642
1744.079,46.653
1745.080,46.664
1746.081,46.676
1747.082,46.687
1748.083,46.699
1749.084,46.710
1750.085,46.721
1751.086,46.733
1752.087,46.744
1753.088,46.755
1754.089,46.767
1755.090,46.778
1756.091,46.789
1757.092,46.801
1758.093,46.812
1759.094,46.823
1760.095,46.835
1761.096,46.846
1762.097,46.857
1763.098,46.868
1764.099,46.880
1765.100,46.891
1766.101,46.902
1767.102,46.914
1768.103,46.925
1769.104,46.936
1770.104,46.947
1771.105,46.959
1772.106,46.970
1773.107,46.981
1774.108,46.992
1775.109,47.004
1776.110,47.015
1777.111,47.026
1778.112,47.038
1779.113,47.049
1780.114,47.060
1781.115,47.071
1782.116,47.083
1783.117,47.094
1784.118,47.105
1785.119,47.116
1786.120,47.128
1787.121,47.139
1788.122,47.150
1789.123,47.161
1790.124,47.172
1791.125,47.184
1792.126,47.195
1793.127,47.206
1794.128,47.217
1795.129,47.228
1796.130,47.240
1797.131,47.251
1798.132,47.262
1799.133,47.273
1800.134,47.284
1801.135,47.295
1802.136,47.306
1803.137,47.318
1804.138,47.329
1805.139,47.340
1806.140,47.351
1807.141,47.362
1808.142,47.373
1809.143,47.384
1810.144,47.395
1811.145,47.406
1812.146,47.417
1813.146,47.429
1814.147,47.440
1815.148,47.451
1816.149,47.462
1817.150,47.473
1818.151,47.484
1819.152,47.495
1820.153,47.506
1821.154,47.517
1822.155,47.528
1823.156,47.539
1824.157,47.550
1825.158,47.561
1826.159,47.573
1827.160,47.584
1828.161,47.595
1829.162,47.606
1830.163,47.617
1831.164,47.628
1832.165,47.639
1833.166,47.650
1834.167,47.661
1835.168,47.672
1836.169,47.683
1837.170,47.694
1838.171,47.705
1839.172,47.716
1840.173,47.727
1841.174,47.738
1842.175,47.749
1843.176,47.760
1844.177,47.771
1845.178,47.782
1846.179,47.793
1847.180,47.804
1848.181,47.815
1849.182,47.826
1850.183,47.836
1851.184,47.847
1852.185,47.858
1853.186,47.869
1854.187,47.880
1855.188,47.891
1856.188,47.902
1857.189,47.913
1858.190,47.924
1859.191,47.935
1860.192,47.946
1861.193,47.957
1862.194,47.967
1863.195,47.978
1864.196,47.989
1865.197,48.000
1866.198,48.011
1867.199,48.022
1868.200,48.033
1869.201,48.044
1870.202,48.055
1871.203,48.065
1872.204,48.076
1873.205,48.087
1874.206,48.098
1875.207,48.109
1876.208,48.120
1877.209,48.131
1878.210,48.141
1879.211,48.152
1880.212,48.163
1881.213,48.174
1882.214,48.185
1883.215,48.195
1884.216,48.206
1885.217,48.217
1886.218,48.228
1887.219,48.239
1888.220,48.249
1889.221,48.260
1890.222,48.271
1891.223,48.282
1892.224,48.293
1893.225,48.303
1894.226,48.314
1895.227,48.325
1896.228,48.336
1897.229,48.346
1898.229,48.357
1899.230,48.368
1900.231,48.379
1901.232,48.389
1902.233,48.400
1903.234,48.411
1904.235,48.422
1905.236,48.432
1906.237,48.443
1907.238,48.454
1908.239,48.465
1909.240,48.475
1910.241,48.486
1911.242,48.497
1912.243,48.507
1913.244,48.518
1914.245,48.529
1915.246,48.539
1916.247,48.550
1917.248,48.561
1918.249,48.571
1919.250,48.582
1920.251,48.593
1921.252,48.603
1922.253,48.614
1923.254,48.625
1924.255,48.635
1925.256,48.646
1926.257,48.657
1927.258,48.667
1928.259,48.678
1929.260,48.689
1930.261,48.699
1931.262,48.710
1932.263,48.720
1933.264,48.731
1934.265,48.742
1935.266,48.752
1936.267,48.763
1937.268,48.773
1938.269,48.784
1939.270,48.795
1940.271,48.805
1941.271,48.816
1942.272,48.826
1943.273,48.837
1944.274,48.848
1945.275,48.858
1946.276,48.869
1947.277,48.879
1948.278,48.890
1949.279,48.900
1950.280,48.911
1951.281,48.921
1952.282,48.932
1953.283,48.943
1954.284,48.953
1955.285,48.964
1956.286,48.974
1957.287,48.985
1958.288,48.995
1959.289,49.006
1960.290,49.016
1961.291,49.027
1962.292,49.037
1963.293,49.048
1964.294,49.058
1965.295,49.069
1966.296,49.079
1967.297,49.090
1968.298,49.100
1969.299,49.110
1970.300,49.121
1971.301,49.131
1972.302,49.142
1973.303,49.152
1974.304,49.163
1975.305,49.173
1976.306,49.184
1977.307,49.194
1978.308,49.205
1979.309,49.215
1980.310,49.225
1981.311,49.236
1982.312,49.246
1983.313,49.257
1984.313,49.267
1985.314,49.278
1986.315,49.288
1987.316,49.298
1988.317,49.309
1989.318,49.319
1990.319,49.330
1991.320,49.340
1992.321,49.350
1993.322,49.361
1994.323,49.371
1995.324,49.381
1996.325,49.392
1997.326,49.402
1998.327,49.413
1999.328,49.423
2000.329,49.433
2001.330,49.444
2002.331,49.454
2003.332,49.464
2004.333,49.475
2005.334,49.485
2006.335,49.495
2007.336,49.506
2008.337,49.516
2009.338,49.526
2010.339,49.537
2011.340,49.547
2012.341,49.557
2013.342,49.567
2014.343,49.578
2015.344,49.588
2016.345,49.598
2017.346,49.609
2018.347,49.619
2019.348,49.629
2020.349,49.639
2021.350,49.650
2022.351,49.660
2023.352,49.670
2024.353,49.680
2025.354,49.691
2026.354,49.701
2027.355,49.711
2028.356,49.722
2029.357,49.732
2030.358,49.742
2031.359,49.752
2032.360,49.762
2033.361,49.773
2034.362,49.783
2035.363,49.793
2036.364,49.803
2037.365,49.814
2038.366,49.824
2039.367,49.834
2040.368,49.844
2041.369,49.854
2042.370,49.865
2043.371,49.875
2044.372,49.885
2045.373,49.895
2046.374,49.905
2047.375,49.915
2048.376,49.926
2049.377,49.936
2050.378,49.946
2051.379,49.956
2052.380,49.966
2053.381,49.976
2054.382,49.987
2055.383,49.997
2056.384,50.007
2057.385,50.017
2058.386,50.027
2059.387,50.037
2060.388,50.047
2061.389,50.058
2062.390,50.068
2063.391,50.078
2064.392,50.088
2065.393,50.098
2066.394,50.108
2067.395,50.118
2068.396,50.128
2069.396,50.138
2070.397,50.148
2071.398,50.158
2072.399,50.169
2073.400,50.179
2074.401,50.189
2075.402,50.199
2076.403,50.209
2077.404,50.219
2078.405,50.229
2079.406,50.239
2080.407,50.249
2081.408,50.259
2082.409,50.269
2083.410,50.279
2084.411,50.289
2085.412,50.299
2086.413,50.309
2087.414,50.319
2088.415,50.329
2089.416,50.339
2090.417,50.349
2091.418,50.359
2092.419,50.369
2093.420,50.379
2094.421,50.389
2095.422,50.399
2096.423,50.409
2097.424,50.419
2098.425,50.429
2099.426,50.439
2100.427,50.449
2101.428,50.459
2102.429,50.469
2103.430,50.479
2104.431,50.489
2105.432,50.499
2106.433,50.509
2107.434,50.519
2108.435,50.529
2109.436,50.539
2110.437,50.549
2111.438,50.559
2112.438,50.569
2113.439,50.579
2114.440,50.589
2115.441,50.598
2116.442,50.608
2117.443,50.618
2118.444,50.628
2119.445,50.638
2120.446,50.648
2121.447,50.658
2122.448,50.668
2123.449,50.678
2124.450,50.688
2125.451,50.697
2126.452,50.707
2127.453,50.717
2128.454,50.727
2129.455,50.737
2130.456,50.747
2131.457,50.757
2132.458,50.767
2133.459,50.776
2134.460,50.786
2135.461,50.796
2136.462,50.806
2137.463,50.816
2138.464,50.826
2139.465,50.835
2140.466,50.845
2141.467,50.855
2142.468,50.865
2143.469,50.875
2144.470,50.884
2145.471,50.894
2146.472,50.904
2147.473,50.914
2148.474,50.924
2149.475,50.933
2150.476,50.943
2151.477,50.953
2152.478,50.963
2153.479,50.973
2154.479,50.982
2155.480,50.992
2156.481,51.002
2157.482,51.012
2158.483,51.021
2159.484,51.031
2160.485,51.041
2161.486,51.051
2162.487,51.060
2163.488,51.070
2164.489,51.080
2165.490,51.090
2166.491,51.099
2167.492,51.109
2168.493,51.119
2169.494,51.129
2170.495,51.138
2171.496,51.148
2172.497,51.158
2173.498,51.167
2174.499,51.177
2175.500,51.187
2176.501,51.197
2177.502,51.206
2178.503,51.216
2179.504,51.226
2180.505,51.235
2181.506,51.245
2182.507,51.255
2183.508,51.264
2184.509,51.274
2185.510,51.284
2186.511,51.293
2187.512,51.303
2188.513,51.313
2189.514,51.322
2190.515,51.332
2191.516,51.342
2192.517,51.351
2193.518,51.361
2194.519,51.370
2195.520,51.380
2196.521,51.390
2197.521,51.399
2198.522,51.409
2199.523,51.419
2200.524,51.428
2201.525,51.438
2202.526,51.447
2203.527,51.457
2204.528,51.467
2205.529,51.476
2206.530,51.486
2207.531,51.495
2208.532,51.505
2209.533,51.515
2210.534,51.524
2211.535,51.534
2212.536,51.543
2213.537,51.553
2214.538,51.562
2215.539,51.572
2216.540,51.582
2217.541,51.591
2218.542,51.601
2219.543,51.610
2220.544,51.620
2221.545,51.629
2222.546,51.639
2223.547,51.648
2224.548,51.658
2225.549,51.667
2226.550,51.677
2227.551,51.686
2228.552,51.696
2229.553,51.705
2230.554,51.715
2231.555,51.724
2232.556,51.734
2233.557,51.743
2234.558,51.753
2235.559,51.762
2236.560,51.772
2237.561,51.781
2238.562,51.791
2239.563,51.800
2240.563,51.810
2241.564,51.819
2242.565,51.829
2243.566,51.838
2244.567,51.848
2245.568,51.857
2246.569,51.866
2247.570,51.876
2248.571,51.885
2249.572,51.895
2250.573,51.904
2251.574,51.914
2252.575,51.923
2253.576,51.932
2254.577,51.942
2255.578,51.951
2256.579,51.961
2257.580,51.970
2258.581,51.980
2259.582,51.989
2260.583,51.998
2261.584,52.008
2262.585,52.017
2263.586,52.027
2264.587,52.036
2265.588,52.045
2266.589,52.055
2267.590,52.064
2268.591,52.073
2269.592,52.083
2270.593,52.092
2271.594,52.102
2272.595,52.111
2273.596,52.120
2274.597,52.130
2275.598,52.139
2276.599,52.148
2277.600,52.158
2278.601,52.167
2279.602,52.176
2280.603,52.186
2281.604,52.195
2282.604,52.204
2283.605,52.214
2284.606,52.223
2285.607,52.232
2286.608,52.242
2287.609,52.251
2288.610,52.260
2289.611,52.270
2290.612,52.279
2291.613,52.288
2292.614,52.297
2293.615,52.307
2294.616,52.316
2295.617,52.325
2296.618,52.334
2297.619,52.344
2298.620,52.353
2299.621,52.362
2300.622,52.371
2301.623,52.381
2302.624,52.390
2303.625,52.399
2304.626,52.408
2305.627,52.418
2306.628,52.427
2307.629,52.436
2308.630,52.445
2309.631,52.455
2310.632,52.464
2311.633,52.473
2312.634,52.482
2313.635,52.491
2314.636,52.501
2315.637,52.510
2316.638,52.519
2317.639,52.528
2318.640,52.538
2319.641,52.547
2320.642,52.556
2321.643,52.565
2322.644,52.574
2323.645,52.583
2324.646,52.593
2325.646,52.602
2326.647,52.611
2327.648,52.620
2328.649,52.629
2329.650,52.639
2330.651,52.648
2331.652,52.657
2332.653,52.666
2333.654,52.675
2334.655,52.684
2335.656,52.694
2336.657,52.703
2337.658,52.712
2338.659,52.721
2339.660,52.730
2340.661,52.739
2341.662,52.748
2342.663,52.757
2343.664,52.767
2344.665,52.776
2345.666,52.785
2346.667,52.794
2347.668,52.803
2348.669,52.812
2349.670,52.821
2350.671,52.830
2351.672,52.839
2352.673,52.848
2353.674,52.857
2354.675,52.866
2355.676,52.875
2356.677,52.885
2357.678,52.894
2358.679,52.903
2359.680,52.912
2360.681,52.921
2361.682,52.930
2362.683,52.939
2363.684,52.948
2364.685,52.957
2365.686,52.966
2366.687,52.975
2367.688,52.984
2368.688,52.993
2369.689,53.002
2370.690,53.011
2371.691,53.020
2372.692,53.029
2373.693,53.038
2374.694,53.047
2375.695,53.056
2376.696,53.065
2377.697,53.074
2378.698,53.083
2379.699,53.092
2380.700,53.101
2381.701,53.110
2382.702,53.119
2383.703,53.128
2384.704,53.137
2385.705,53.146
2386.706,53.155
2387.707,53.164
2388.708,53.173
2389.709,53.182
2390.710,53.191
2391.711,53.200
2392.712,53.209
2393.713,53.218
2394.714,53.227
2395.715,53.236
2396.716,53.245
2397.717,53.254
2398.718,53.263
2399.719,53.271
2400.720,53.280
2401.721,53.289
2402.722,53.298
2403.723,53.307
2404.724,53.316
2405.725,53.325
2406.726,53.334
2407.727,53.343
2408.728,53.352
2409.729,53.360
2410.729,53.369
2411.730,53.378
2412.731,53.387
2413.732,53.396
2414.733,53.405
2415.734,53.414
2416.735,53.423
2417.736,53.431
2418.737,53.440
2419.738,53.449
2420.739,53.458
2421.740,53.467
2422.741,53.476
2423.742,53.485
2424.743,53.493
2425.744,53.502
2426.745,53.511
2427.746,53.520
2428.747,53.529
2429.748,53.538
2430.749,53.546
2431.750,53.555
2432.751,53.564
2433.752,53.573
2434.753,53.582
2435.754,53.590
2436.755,53.599
2437.756,53.608
2438.757,53.617
2439.758,53.626
2440.759,53.634
2441.760,53.643
2442.761,53.652
2443.762,53.661
2444.763,53.670
2445.764,53.678
2446.765,53.687
2447.766,53.696
2448.767,53.705
2449.768,53.713
2450.769,53.722
2451.770,53.731
2452.771,53.740
2453.771,53.748
2454.772,53.757
2455.773,53.766
2456.774,53.775
2457.775,53.783
2458.776,53.792
2459.777,53.801
2460.778,53.810
2461.779,53.818
2462.780,53.827
2463.781,53.836
2464.782,53.844
2465.783,53.853
2466.784,53.862
2467.785,53.871
2468.786,53.879
2469.787,53.888
2470.788,53.897
2471.789,53.905
2472.790,53.914
2473.791,53.923
2474.792,53.931
2475.793,53.940
2476.794,53.949
2477.795,53.957
2478.796,53.966
2479.797,53.975
2480.798,53.983
2481.799,53.992
2482.800,54.001
2483.801,54.009
2484.802,54.018
2485.803,54.027
2486.804,54.035
2487.805,54.044
2488.806,54.053
2489.807,54.061
2490.808,54.070
2491.809,54.078
2492.810,54.087
2493.811,54.096
2494.812,54.104
2495.813,54.113
2496.813,54.121
2497.814,54.130
2498.815,54.139
2499.816,54.147
2500.817,54.156
2501.818,54.164
2502.819,54.173
2503.820,54.182
2504.821,54.190
2505.822,54.199
2506.823,54.207
2507.824,54.216
2508.825,54.225
2509.826,54.233
2510.827,54.242
2511.828,54.250
2512.829,54.259
2513.830,54.267
2514.831,54.276
2515.832,54.284
2516.833,54.293
2517.834,54.302
2518.835,54.310
2519.836,54.319
2520.837,54.327
2521.838,54.336
2522.839,54.344
2523.840,54.353
2524.841,54.361
2525.842,54.370
2526.843,54.378
2527.844,54.387
2528.845,54.395
2529.846,54.404
2530.847,54.412
2531.848,54.421
2532.849,54.429
2533.850,54.438
2534.851,54.446
2535.852,54.455
2536.853,54.463
2537.854,54.472
2538.854,54.480
2539.855,54.489
2540.856,54.497
2541.857,54.506
2542.858,54.514
2543.859,54.523
2544.860,54.531
2545.861,54.540
2546.862,54.548
2547.863,54.556
2548.864,54.565
2549.865,54.573
2550.866,54.582
2551.867,54.590
2552.868,54.599
2553.869,54.607
2554.870,54.615
2555.871,54.624
2556.872,54.632
2557.873,54.641
2558.874,54.649
2559.875,54.658
2560.876,54.666
2561.877,54.674
2562.878,54.683
2563.879,54.691
2564.880,54.700
2565.881,54.708
2566.882,54.716
2567.883,54.725
2568.884,54.733
2569.885,54.741
2570.886,54.750
2571.887,54.758
2572.888,54.767
2573.889,54.775
2574.890,54.783
2575.891,54.792
2576.892,54.800
2577.893,54.808
2578.894,54.817
2579.895,54.825
2580.896,54.833
2581.896,54.842
2582.897,54.850
2583.898,54.858
2584.899,54.867
2585.900,54.875
2586.901,54.883
2587.902,54.892
2588.903,54.900
2589.904,54.908
2590.905,54.917
2591.906,54.925
2592.907,54.933
2593.908,54.942
2594.909,54.950
2595.910,54.958
2596.911,54.967
2597.912,54.975
2598.913,54.983
2599.914,54.992
2600.915,55.000
2601.916,55.008
2602.917,55.016
2603.918,55.025
2604.919,55.033
2605.920,55.041
2606.921,55.049
2607.922,55.058
2608.923,55.066
2609.924,55.074
2610.925,55.082
2611.926,55.090
2612.927,55.099
2613.928,55.107
2614.929,55.115
2615.930,55.123
2616.931,55.132
2617.932,55.140
2618.933,55.148
2619.934,55.156
2620.935,55.165
2621.936,55.173
2622.937,55.181
2623.938,55.189
2624.938,55.197
2625.939,55.206
2626.940,55.214
2627.941,55.222
2628.942,55.230
2629.943,55.238
2630.944,55.247
2631.945,55.255
2632.946,55.263
2633.947,55.271
2634.948,55.279
2635.949,55.287
2636.950,55.296
2637.951,55.304
2638.952,55.312
2639.953,55.320
2640.954,55.328
2641.955,55.337
2642.956,55.345
2643.957,55.353
2644.958,55.361
2645.959,55.369
2646.960,55.377
2647.961,55.385
2648.962,55.394
2649.963,55.402
2650.964,55.410
2651.965,55.418
2652.966,55.426
2653.967,55.434
2654.968,55.442
2655.969,55.450
2656.970,55.459
2657.971,55.467
2658.972,55.475
2659.973,55.483
2660.974,55.491
2661.975,55.499
2662.976,55.507
2663.977,55.515
2664.978,55.523
2665.979,55.531
2666.979,55.539
2667.980,55.548
2668.981,55.556
2669.982,55.564
2670.983,55.572
2671.984,55.580
2672.985,55.588
2673.986,55.596
2674.987,55.604
2675.988,55.612
2676.989,55.620
2677.990,55.628
2678.991,55.636
2679.992,55.644
2680.993,55.652
2681.994,55.660
2682.995,55.668
2683.996,55.676
2684.997,55.684
2685.998,55.692
2686.999,55.700
2688.000,55.708
2689.001,55.716
2690.002,55.724
2691.003,55.732
2692.004,55.740
2693.005,55.748
2694.006,55.756
2695.007,55.765
2696.008,55.772
2697.009,55.780
2698.010,55.788
2699.011,55.796
2700.012,55.804
2701.013,55.812
2702.014,55.820
2703.015,55.828
2704.016,55.836
2705.017,55.844
2706.018,55.852
2707.019,55.860
2708.020,55.868
2709.021,55.876
2710.021,55.884
2711.022,55.892
2712.023,55.900
2713.024,55.908
2714.025,55.916
2715.026,55.924
2716.027,55.932
2717.028,55.940
2718.029,55.948
2719.030,55.956
2720.031,55.964
2721.032,55.971
2722.033,55.979
2723.034,55.987
2724.035,55.995
2725.036,56.003
2726.037,56.011
2727.038,56.019
2728.039,56.027
2729.040,56.035
2730.041,56.043
2731.042,56.050
2732.043,56.058
2733.044,56.066
2734.045,56.074
2735.046,56.082
2736.047,56.090
2737.048,56.098
2738.049,56.106
2739.050,56.114
2740.051,56.121
2741.052,56.129
2742.053,56.137
2743.054,56.145
2744.055,56.153
2745.056,56.161
2746.057,56.169
2747.058,56.176
2748.059,56.184
2749.060,56.192
2750.061,56.200
2751.062,56.208
2752.063,56.216
2753.063,56.223
2754.064,56.231
2755.065,56.239
2756.066,56.247
2757.067,56.255
2758.068,56.262
2759.069,56.270
2760.070,56.278
2761.071,56.286
2762.072,56.294
2763.073,56.301
2764.074,56.309
2765.075,56.317
2766.076,56.325
2767.077,56.333
2768.078,56.340
2769.079,56.348
2770.080,56.356
2771.081,56.364
2772.082,56.371
2773.083,56.379
2774.084,56.387
2775.085,56.395
2776.086,56.402
2777.087,56.410
2778.088,56.418
2779.089,56.426
2780.090,56.433
2781.091,56.441
2782.092,56.449
2783.093,56.457
2784.094,56.464
2785.095,56.472
2786.096,56.480
2787.097,56.488
2788.098,56.495
2789.099,56.503
2790.100,56.511
2791.101,56.518
2792.102,56.526
2793.103,56.534
2794.104,56.542
2795.104,56.549
2796.105,56.557
2797.106,56.565
2798.107,56.572
2799.108,56.580
2800.109,56.588
2801.110,56.596
2802.111,56.603
2803.112,56.611
2804.113,56.619
2805.114,56.626
2806.115,56.634
2807.116,56.642
2808.117,56.649
2809.118,56.657
2810.119,56.665
2811.120,56.672
2812.121,56.680
2813.122,56.688
2814.123,56.695
2815.124,56.703
2816.125,56.711
2817.126,56.718
2818.127,56.726
2819.128,56.733
2820.129,56.741
2821.130,56.749
2822.131,56.756
2823.132,56.764
2824.133,56.772
2825.134,56.779
2826.135,56.787
2827.136,56.794
2828.137,56.802
2829.138,56.810
2830.139,56.817
2831.140,56.825
2832.141,56.832
2833.142,56.840
2834.143,56.848
2835.144,56.855
2836.145,56.863
2837.146,56.870
2838.146,56.878
2839.147,56.886
2840.148,56.893
2841.149,56.901
2842.150,56.908
2843.151,56.916
2844.152,56.923
2845.153,56.931
2846.154,56.938
2847.155,56.946
2848.156,56.954
2849.157,56.961
2850.158,56.969
2851.159,56.976
2852.160,56.984
2853.161,56.991
2854.162,56.999
2855.163,57.006
2856.164,57.014
2857.165,57.021
2858.166,57.029
2859.167,57.037
2860.168,57.044
2861.169,57.052
2862.170,57.059
2863.171,57.067
2864.172,57.074
2865.173,57.082
2866.174,57.089
2867.175,57.097
2868.176,57.104
2869.177,57.112
2870.178,57.119
2871.179,57.127
2872.180,57.134
2873.181,57.142
2874.182,57.149
2875.183,57.157
2876.184,57.164
2877.185,57.172
2878.186,57.179
2879.187,57.187
2880.188,57.194
2881.188,57.201
2882.189,57.209
2883.190,57.216
2884.191,57.224
2885.192,57.231
2886.193,57.239
2887.194,57.246
2888.195,57.254
2889.196,57.261
2890.197,57.268
2891.198,57.276
2892.199,57.283
2893.200,57.291
2894.201,57.298
2895.202,57.306
2896.203,57.313
2897.204,57.320
2898.205,57.328
2899.206,57.335
2900.207,57.343
2901.208,57.350
2902.209,57.357
2903.210,57.365
2904.211,57.372
2905.212,57.379
2906.213,57.387
2907.214,57.394
2908.215,57.402
2909.216,57.409
2910.217,57.416
2911.218,57.424
2912.219,57.431
2913.220,57.438
2914.221,57.446
2915.222,57.453
2916.223,57.461
2917.224,57.468
2918.225,57.475
2919.226,57.483
2920.227,57.490
2921.228,57.497
2922.229,57.505
2923.229,57.512
2924.230,57.519
2925.231,57.527
2926.232,57.534
2927.233,57.541
2928.234,57.549
2929.235,57.556
2930.236,57.563
2931.237,57.571
2932.238,57.578
2933.239,57.585
2934.240,57.593
2935.241,57.600
2936.242,57.607
2937.243,57.615
2938.244,57.622
2939.245,57.629
2940.246,57.637
2941.247,57.644
2942.248,57.651
2943.249,57.658
2944.250,57.666
2945.251,57.673
2946.252,57.680
2947.253,57.688
2948.254,57.695
2949.255,57.702
2950.256,57.709
2951.257,57.717
2952.258,57.724
2953.259,57.731
2954.260,57.738
2955.261,57.746
2956.262,57.753
2957.263,57.760
2958.264,57.767
2959.265,57.775
2960.266,57.782
2961.267,57.789
2962.268,57.796
2963.269,57.804
2964.270,57.811
2965.271,57.818
2966.271,57.825
2967.272,57.832
2968.273,57.840
2969.274,57.847
2970.275,57.854
2971.276,57.861
2972.277,57.869
2973.278,57.876
2974.279,57.883
2975.280,57.890
2976.281,57.897
2977.282,57.905
2978.283,57.912
2979.284,57.919
2980.285,57.926
2981.286,57.933
2982.287,57.940
2983.288,57.948
2984.289,57.955
2985.290,57.962
2986.291,57.969
2987.292,57.976
2988.293,57.984
2989.294,57.991
2990.295,57.998
2991.296,58.005
2992.297,58.012
2993.298,58.019
2994.299,58.027
2995.300,58.034
2996.301,58.041
2997.302,58.048
2998.303,58.055
2999.304,58.062
3000.305,58.069
3001.306,58.077
3002.307,58.084
3003.308,58.091
3004.309,58.098
3005.310,58.105
3006.311,58.112
3007.312,58.119
3008.313,58.127
3009.313,58.134
3010.314,58.141
3011.315,58.148
3012.316,58.155
3013.317,58.162
3014.318,58.169
3015.319,58.176
3016.320,58.183
3017.321,58.191
3018.322,58.198
3019.323,58.205
3020.324,58.212
3021.325,58.219
3022.326,58.226
3023.327,58.233
3024.328,58.240
3025.329,58.247
3026.330,58.254
3027.331,58.261
3028.332,58.268
3029.333,58.275
3030.334,58.282
3031.335,58.289
3032.336,58.297
3033.337,58.304
3034.338,58.311
3035.339,58.318
3036.340,58.325
3037.341,58.332
3038.342,58.339
3039.343,58.346
3040.344,58.353
3041.345,58.360
3042.346,58.367
3043.347,58.374
3044.348,58.381
3045.349,58.388
3046.350,58.395
3047.351,58.402
3048.352,58.409
3049.353,58.416
3050.354,58.423
3051.354,58.430
3052.355,58.437
3053.356,58.444
3054.357,58.451
3055.358,58.458
3056.359,58.465
3057.360,58.472
3058.361,58.479
3059.362,58.486
3060.363,58.493
3061.364,58.500
3062.365,58.507
3063.366,58.514
3064.367,58.521
3065.368,58.528
3066.369,58.535
3067.370,58.542
3068.371,58.549
3069.372,58.556
3070.373,58.563
3071.374,58.570
3072.375,58.576
3073.376,58.583
3074.377,58.590
3075.378,58.597
3076.379,58.604
3077.380,58.611
3078.381,58.618
3079.382,58.625
3080.383,58.632
3081.384,58.639
3082.385,58.646
3083.386,58.653
3084.387,58.660
3085.388,58.666
3086.389,58.673
3087.390,58.680
3088.391,58.687
3089.392,58.694
3090.393,58.701
3091.394,58.708
3092.395,58.715
3093.396,58.722
3094.396,58.729
3095.397,58.735
3096.398,58.742
3097.399,58.749
3098.400,58.756
3099.401,58.763
3100.402,58.770
3101.403,58.777
3102.404,58.784
3103.405,58.791
3104.406,58.797
3105.407,58.804
3106.408,58.811
3107.409,58.818
3108.410,58.825
3109.411,58.832
3110.412,58.839
3111.413,58.845
3112.414,58.852
3113.415,58.859
3114.416,58.866
3115.417,58.873
3116.418,58.880
3117.419,58.886
3118.420,58.893
3119.421,58.900
3120.422,58.907
3121.423,58.914
3122.424,58.921
3123.425,58.927
3124.426,58.934
3125.427,58.941
3126.428,58.948
3127.429,58.955
3128.430,58.961
3129.431,58.968
3130.432,58.975
3131.433,58.982
3132.434,58.989
3133.435,58.995
3134.436,59.002
3135.437,59.009
3136.438,59.016
3137.438,59.022
3138.439,59.029
3139.440,59.036
3140.441,59.043
3141.442,59.050
3142.443,59.056
3143.444,59.063
3144.445,59.070
3145.446,59.077
3146.447,59.083
3147.448,59.090
3148.449,59.097
3149.450,59.104
3150.451,59.110
3151.452,59.117
3152.453,59.124
3153.454,59.131
3154.455,59.137
3155.456,59.144
3156.457,59.151
3157.458,59.158
3158.459,59.164
3159.460,59.171
3160.461,59.178
3161.462,59.185
3162.463,59.191
3163.464,59.198
3164.465,59.205
3165.466,59.211
3166.467,59.218
3167.468,59.225
3168.469,59.232
3169.470,59.238
3170.471,59.245
3171.472,59.252
3172.473,59.258
3173.474,59.265
3174.475,59.272
3175.476,59.278
3176.477,59.285
3177.478,59.292
3178.479,59.299
3179.479,59.305
3180.480,59.312
3181.481,59.319
3182.482,59.325
3183.483,59.332
3184.484,59.339
3185.485,59.345
3186.486,59.352
3187.487,59.359
3188.488,59.365
3189.489,59.372
3190.490,59.378
3191.491,59.385
3192.492,59.392
3193.493,59.398
3194.494,59.405
3195.495,59.412
3196.496,59.418
3197.497,59.425
3198.498,59.432
3199.499,59.438
3200.500,59.445
3201.501,59.451
3202.502,59.458
3203.503,59.465
3204.504,59.471
3205.505,59.478
3206.506,59.485
3207.507,59.491
3208.508,59.498
3209.509,59.504
3210.510,59.511
3211.511,59.518
3212.512,59.524
3213.513,59.531
3214.514,59.537
3215.515,59.544
3216.516,59.551
3217.517,59.557
3218.518,59.564
3219.519,59.570
3220.520,59.577
3221.521,59.583
3222.521,59.590
3223.522,59.597
3224.523,59.603
3225.524,59.610
3226.525,59.616
3227.526,59.623
3228.527,59.629
3229.528,59.636
3230.529,59.643
3231.530,59.649
3232.531,59.656
3233.532,59.662
3234.533,59.669
3235.534,59.675
3236.535,59.682
3237.536,59.688
3238.537,59.695
3239.538,59.701
3240.539,59.708
3241.540,59.714
3242.541,59.721
3243.542,59.727
3244.543,59.734
3245.544,59.740
3246.545,59.747
3247.546,59.753
3248.547,59.760
3249.548,59.766
3250.549,59.773
3251.550,59.779
3252.551,59.786
3253.552,59.792
3254.553,59.799
3255.554,59.805
3256.555,59.812
3257.556,59.818
3258.557,59.825
3259.558,59.831
3260.559,59.838
3261.560,59.844
3262.561,59.851
3263.562,59.857
3264.563,59.864
3265.563,59.870
3266.564,59.877
3267.565,59.883
3268.566,59.890
3269.567,59.896
3270.568,59.903
3271.569,59.909
3272.570,59.915
3273.571,59.922
3274.572,59.928
3275.573,59.935
3276.574,59.941
3277.575,59.948
3278.576,59.954
3279.577,59.960
3280.578,59.967
3281.579,59.973
3282.580,59.980
3283.581,59.986
3284.582,59.993
3285.583,59.999
3286.584,60.005
3287.585,60.012
3288.586,60.018
3289.587,60.025
3290.588,60.031
3291.589,60.038
3292.590,60.044
3293.591,60.050
3294.592,60.057
3295.593,60.063
3296.594,60.070
3297.595,60.076
3298.596,60.082
3299.597,60.089
3300.598,60.095
3301.599,60.101
3302.600,60.108
3303.601,60.114
3304.602,60.121
3305.603,60.127
3306.604,60.133
3307.604,60.140
3308.605,60.146
3309.606,60.152
3310.607,60.159
3311.608,60.165
3312.609,60.171
3313.610,60.178
3314.611,60.184
3315.612,60.191
3316.613,60.197
3317.614,60.203
3318.615,60.210
3319.616,60.216
3320.617,60.222
3321.618,60.229
3322.619,60.235
3323.620,60.241
3324.621,60.248
3325.622,60.254
3326.623,60.260
3327.624,60.267
3328.625,60.273
3329.626,60.279
3330.627,60.286
3331.628,60.292
3332.629,60.298
3333.630,60.304
3334.631,60.311
3335.632,60.317
3336.633,60.323
3337.634,60.330
3338.635,60.336
3339.636,60.342
3340.637,60.349
3341.638,60.355
3342.639,60.361
3343.640,60.367
3344.641,60.374
3345.642,60.380
3346.643,60.386
3347.644,60.392
3348.645,60.399
3349.646,60.405
3350.646,60.411
3351.647,60.418
3352.648,60.424
3353.649,60.430
3354.650,60.436
3355.651,60.443
3356.652,60.449
3357.653,60.455
3358.654,60.461
3359.655,60.468
3360.656,60.474
3361.657,60.480
3362.658,60.486
3363.659,60.493
3364.660,60.499
3365.661,60.505
3366.662,60.511
3367.663,60.518
3368.664,60.524
3369.665,60.530
3370.666,60.536
3371.667,60.542
3372.668,60.549
3373.669,60.555
3374.670,60.561
3375.671,60.567
3376.672,60.573
3377.673,60.580
3378.674,60.586
3379.675,60.592
3380.676,60.598
3381.677,60.604
3382.678,60.611
3383.679,60.617
3384.680,60.623
3385.681,60.629
3386.682,60.635
3387.683,60.642
3388.684,60.648
3389.685,60.654
3390.686,60.660
3391.687,60.666
3392.688,60.672
3393.688,60.679
3394.689,60.685
3395.690,60.691
3396.691,60.697
3397.692,60.703
3398.693,60.709
3399.694,60.715
3400.695,60.722
3401.696,60.728
3402.697,60.734
3403.698,60.740
3404.699,60.746
3405.700,60.752
3406.701,60.758
3407.702,60.765
3408.703,60.771
3409.704,60.777
3410.705,60.783
3411.706,60.789
3412.707,60.795
3413.708,60.801
3414.709,60.807
3415.710,60.814
3416.711,60.820
3417.712,60.826
3418.713,60.832
3419.714,60.838
3420.715,60.844
3421.716,60.850
3422.717,60.856
3423.718,60.862
3424.719,60.869
3425.720,60.875
3426.721,60.881
3427.722,60.887
3428.723,60.893
3429.724,60.899
3430.725,60.905
3431.726,60.911
3432.727,60.917
3433.728,60.923
3434.729,60.929
3435.729,60.935
3436.730,60.941
3437.731,60.948
3438.732,60.954
3439.733,60.960
3440.734,60.966
3441.735,60.972
3442.736,60.978
3443.737,60.984
3444.738,60.990
3445.739,60.996
3446.740,61.002
3447.741,61.008
3448.742,61.014
3449.743,61.020
3450.744,61.026
3451.745,61.032
3452.746,61.038
3453.747,61.044
3454.748,61.050
3455.749,61.056
3456.750,61.062
3457.751,61.068
3458.752,61.074
3459.753,61.080
3460.754,61.086
3461.755,61.092
3462.756,61.098
3463.757,61.104
3464.758,61.110
3465.759,61.116
3466.760,61.122
3467.761,61.128
3468.762,61.134
3469.763,61.140
3470.764,61.146
3471.765,61.152
3472.766,61.158
3473.767,61.164
3474.768,61.170
3475.769,61.176
3476.770,61.182
3477.771,61.188
3478.771,61.194
3479.772,61.200
3480.773,61.206
3481.774,61.212
3482.775,61.218
3483.776,61.224
3484.777,61.230
3485.778,61.236
3486.779,61.242
3487.780,61.248
3488.781,61.254
3489.782,61.260
3490.783,61.266
3491.784,61.272
3492.785,61.278
3493.786,61.284
3494.787,61.290
3495.788,61.295
3496.789,61.301
3497.790,61.307
3498.791,61.313
3499.792,61.319
3500.793,61.325
3501.794,61.331
3502.795,61.337
3503.796,61.343
3504.797,61.349
3505.798,61.355
3506.799,61.361
3507.800,61.367
3508.801,61.373
3509.802,61.378
3510.803,61.384
3511.804,61.390
3512.805,61.396
3513.806,61.402
3514.807,61.408
3515.808,61.414
3516.809,61.420
3517.810,61.426
3518.811,61.431
3519.812,61.437
3520.813,61.443
3521.813,61.449
3522.814,61.455
3523.815,61.461
3524.816,61.467
3525.817,61.473
3526.818,61.479
3527.819,61.484
3528.820,61.490
3529.821,61.496
3530.822,61.502
3531.823,61.508
3532.824,61.514
3533.825,61.520
3534.826,61.525
3535.827,61.531
3536.828,61.537
3537.829,61.543
3538.830,61.549
3539.831,61.555
3540.832,61.561
3541.833,61.566
3542.834,61.572
3543.835,61.578
3544.836,61.584
3545.837,61.590
3546.838,61.596
3547.839,61.602
3548.840,61.607
3549.841,61.613
3550.842,61.619
3551.843,61.625
3552.844,61.631
3553.845,61.636
3554.846,61.642
3555.847,61.648
3556.848,61.654
3557.849,61.660
3558.850,61.665
3559.851,61.671
3560.852,61.677
3561.853,61.683
3562.854,61.689
3563.854,61.694
3564.855,61.700
3565.856,61.706
3566.857,61.712
3567.858,61.717
3568.859,61.723
3569.860,61.729
3570.861,61.735
3571.862,61.740
3572.863,61.746
3573.864,61.752
3574.865,61.758
3575.866,61.764
3576.867,61.769
3577.868,61.775
3578.869,61.781
3579.870,61.786
3580.871,61.792
3581.872,61.798
3582.873,61.804
3583.874,61.809
3584.875,61.815
3585.876,61.821
3586.877,61.827
3587.878,61.832
3588.879,61.838
3589.880,61.844
3590.881,61.850
3591.882,61.855
3592.883,61.861
3593.884,61.867
3594.885,61.872
3595.886,61.878
3596.887,61.884
3597.888,61.890
3598.889,61.895
3599.890,61.901
3600.891,61.907
3601.892,61.912
3602.893,61.918
3603.894,61.924
3604.895,61.930
3605.896,61.935
3606.896,61.941
3607.897,61.947
3608.898,61.952
3609.899,61.958
3610.900,61.964
3611.901,61.969
3612.902,61.975
3613.903,61.981
3614.904,61.986
3615.905,61.992
3616.906,61.998
3617.907,62.003
3618.908,62.009
3619.909,62.015
3620.910,62.020
3621.911,62.026
3622.912,62.032
3623.913,62.037
3624.914,62.043
3625.915,62.049
3626.916,62.054
3627.917,62.060
3628.918,62.066
3629.919,62.071
3630.920,62.077
3631.921,62.083
3632.922,62.088
3633.923,62.094
3634.924,62.100
3635.925,62.105
3636.926,62.111
3637.927,62.116
3638.928,62.122
3639.929,62.128
3640.930,62.133
3641.931,62.139
3642.932,62.145
3643.933,62.150
3644.934,62.156
3645.935,62.161
3646.936,62.167
3647.937,62.173
3648.938,62.178
3649.938,62.184
3650.939,62.189
3651.940,62.195
3652.941,62.201
3653.942,62.206
3654.943,62.212
3655.944,62.217
3656.945,62.223
3657.946,62.229
3658.947,62.234
3659.948,62.240
3660.949,62.245
3661.950,62.251
3662.951,62.257
3663.952,62.262
3664.953,62.268
3665.954,62.273
3666.955,62.279
3667.956,62.284
3668.957,62.290
3669.958,62.296
3670.959,62.301
3671.960,62.307
3672.961,62.312
3673.962,62.318
3674.963,62.323
3675.964,62.329
3676.965,62.334
3677.966,62.340
3678.967,62.345
3679.968,62.351
3680.969,62.357
3681.970,62.362
3682.971,62.368
3683.972,62.373
3684.973,62.379
3685.974,62.384
3686.975,62.390
3687.976,62.395
3688.977,62.401
3689.978,62.406
3690.979,62.412
3691.979,62.417
3692.980,62.423
3693.981,62.428
3694.982,62.434
3695.983,62.439
3696.984,62.445
3697.985,62.450
3698.986,62.456
3699.987,62.461
3700.988,62.467
3701.989,62.472
3702.990,62.478
3703.991,62.483
3704.992,62.489
3705.993,62.494
3706.994,62.500
3707.995,62.505
3708.996,62.511
3709.997,62.516
3710.998,62.522
3711.999,62.527
3713.000,62.533
3714.001,62.538
3715.002,62.544
3716.003,62.549
3717.004,62.555
3718.005,62.560
3719.006,62.566
3720.007,62.571
3721.008,62.576
3722.009,62.582
3723.010,62.587
3724.011,62.593
3725.012,62.598
3726.013,62.604
3727.014,62.609
3728.015,62.615
3729.016,62.620
3730.017,62.625
3731.018,62.631
3732.019,62.636
3733.020,62.642
3734.021,62.647
3735.021,62.653
3736.022,62.658
3737.023,62.664
3738.024,62.669
3739.025,62.674
3740.026,62.680
3741.027,62.685
3742.028,62.691
3743.029,62.696
3744.030,62.702
3745.031,62.707
3746.032,62.712
3747.033,62.718
3748.034,62.723
3749.035,62.729
3750.036,62.734
3751.037,62.739
3752.038,62.745
3753.039,62.750
3754.040,62.755
3755.041,62.761
3756.042,62.766
3757.043,62.772
3758.044,62.777
3759.045,62.782
3760.046,62.788
3761.047,62.793
3762.048,62.799
3763.049,62.804
3764.050,62.809
3765.051,62.815
3766.052,62.820
3767.053,62.825
3768.054,62.831
3769.055,62.836
3770.056,62.841
3771.057,62.847
3772.058,62.852
3773.059,62.858
3774.060,62.863
3775.061,62.868
3776.062,62.874
3777.063,62.879
3778.063,62.884
3779.064,62.890
3780.065,62.895
3781.066,62.900
3782.067,62.906
3783.068,62.911
3784.069,62.916
3785.070,62.922
3786.071,62.927
3787.072,62.932
3788.073,62.938
3789.074,62.943
3790.075,62.948
3791.076,62.954
3792.077,62.959
3793.078,62.964
3794.079,62.969
3795.080,62.975
3796.081,62.980
3797.082,62.985
3798.083,62.991
3799.084,62.996
3800.085,63.001
3801.086,63.007
3802.087,63.012
3803.088,63.017
3804.089,63.022
3805.090,63.028
3806.091,63.033
3807.092,63.038
3808.093,63.043
3809.094,63.049
3810.095,63.054
3811.096,63.059
3812.097,63.065
3813.098,63.070
3814.099,63.075
3815.100,63.080
3816.101,63.086
3817.102,63.091
3818.103,63.096
3819.104,63.101
3820.104,63.107
3821.105,63.112
3822.106,63.117
3823.107,63.122
3824.108,63.128
3825.109,63.133
3826.110,63.138
3827.111,63.143
3828.112,63.149
3829.113,63.154
3830.114,63.159
3831.115,63.164
3832.116,63.170
3833.117,63.175
3834.118,63.180
3835.119,63.185
3836.120,63.190
3837.121,63.196
3838.122,63.201
3839.123,63.206
3840.124,63.211
3841.125,63.217
3842.126,63.222
3843.127,63.227
3844.128,63.232
3845.129,63.237
3846.130,63.243
3847.131,63.248
3848.132,63.253
3849.133,63.258
3850.134,63.263
3851.135,63.269
3852.136,63.274
3853.137,63.279
3854.138,63.284
3855.139,63.289
3856.140,63.295
3857.141,63.300
3858.142,63.305
3859.143,63.310
3860.144,63.315
3861.145,63.320
3862.146,63.326
3863.146,63.331
3864.147,63.336
3865.148,63.341
3866.149,63.346
3867.150,63.352
3868.151,63.357
3869.152,63.362
3870.153,63.367
3871.154,63.372
3872.155,63.377
3873.156,63.383
3874.157,63.388
3875.158,63.393
3876.159,63.398
3877.160,63.403
3878.161,63.408
3879.162,63.413
3880.163,63.419
3881.164,63.424
3882.165,63.429
3883.166,63.434
3884.167,63.439
3885.168,63.444
3886.169,63.449
3887.170,63.455
3888.171,63.460
3889.172,63.465
3890.173,63.470
3891.174,63.475
3892.175,63.480
3893.176,63.485
3894.177,63.491
3895.178,63.496
3896.179,63.501
3897.180,63.506
3898.181,63.511
3899.182,63.516
3900.183,63.521
3901.184,63.526
3902.185,63.531
3903.186,63.537
3904.187,63.542
3905.188,63.547
3906.188,63.552
3907.189,63.557
3908.190,63.562
3909.191,63.567
3910.192,63.572
3911.193,63.577
3912.194,63.582
3913.195,63.587
3914.196,63.592
3915.197,63.598
3916.198,63.603
3917.199,63.608
3918.200,63.613
3919.201,63.618
3920.202,63.623
3921.203,63.628
3922.204,63.633
3923.205,63.638
3924.206,63.643
3925.207,63.648
3926.208,63.653
3927.209,63.658
3928.210,63.663
3929.211,63.668
3930.212,63.673
3931.213,63.678
3932.214,63.683
3933.215,63.688
3934.216,63.693
3935.217,63.698
3936.218,63.703
3937.219,63.709
3938.220,63.714
3939.221,63.719
3940.222,63.724
3941.223,63.729
3942.224,63.734
3943.225,63.739
3944.226,63.744
3945.227,63.749
3946.228,63.754
3947.229,63.759
3948.229,63.764
3949.230,63.769
3950.231,63.774
3951.232,63.779
3952.233,63.784
3953.234,63.789
3954.235,63.794
3955.236,63.799
3956.237,63.804
3957.238,63.809
3958.239,63.814
3959.240,63.819
3960.241,63.824
3961.242,63.829
3962.243,63.834
3963.244,63.839
3964.245,63.844
3965.246,63.849
3966.247,63.854
3967.248,63.859
3968.249,63.864
3969.250,63.869
3970.251,63.874
3971.252,63.879
3972.253,63.884
3973.254,63.888
3974.255,63.893
3975.256,63.898
3976.257,63.903
3977.258,63.908
3978.259,63.913
3979.260,63.918
3980.261,63.923
3981.262,63.928
3982.263,63.933
3983.264,63.938
3984.265,63.943
3985.266,63.948
3986.267,63.953
3987.268,63.958
3988.269,63.963
3989.270,63.968
3990.271,63.973
3991.271,63.978
3992.272,63.983
3993.273,63.988
3994.274,63.993
3995.275,63.997
3996.276,64.002
3997.277,64.007
3998.278,64.012
3999.279,64.017
4000.280,64.022
4001.281,64.027
4002.282,64.032
4003.283,64.037
4004.284,64.042
4005.285,64.047
4006.286,64.052
4007.287,64.056
4008.288,64.061
4009.289,64.066
4010.290,64.071
4011.291,64.076
4012.292,64.081
4013.293,64.086
4014.294,64.091
4015.295,64.096
4016.296,64.101
4017.297,64.105
4018.298,64.110
4019.299,64.115
4020.300,64.120
4021.301,64.125
4022.302,64.130
4023.303,64.135
4024.304,64.140
4025.305,64.144
4026.306,64.149
4027.307,64.154
4028.308,64.159
4029.309,64.164
4030.310,64.169
4031.311,64.174
4032.312,64.178
4033.313,64.183
4034.313,64.188
4035.314,64.193
4036.315,64.198
4037.316,64.203
4038.317,64.208
4039.318,64.212
4040.319,64.217
4041.320,64.222
4042.321,64.227
4043.322,64.232
4044.323,64.237
4045.324,64.241
4046.325,64.246
4047.326,64.251
4048.327,64.256
4049.328,64.261
4050.329,64.266
4051.330,64.270
4052.331,64.275
4053.332,64.280
4054.333,64.285
4055.334,64.290
4056.335,64.294
4057.336,64.299
4058.337,64.304
4059.338,64.309
4060.339,64.314
4061.340,64.319
4062.341,64.323
4063.342,64.328
4064.343,64.333
4065.344,64.338
4066.345,64.343
4067.346,64.347
4068.347,64.352
4069.348,64.357
4070.349,64.362
4071.350,64.366
4072.351,64.371
4073.352,64.376
4074.353,64.381
4075.354,64.386
4076.354,64.390
4077.355,64.395
4078.356,64.400
4079.357,64.405
4080.358,64.410
4081.359,64.414
4082.360,64.419
4083.361,64.424
4084.362,64.429
4085.363,64.433
4086.364,64.438
4087.365,64.443
4088.366,64.448
4089.367,64.452
4090.368,64.457
4091.369,64.462
4092.370,64.467
4093.371,64.471
4094.372,64.476
4095.373,64.481
4096.374,64.486
4097.375,64.490
4098.376,64.495
4099.377,64.500
4100.378,64.505
4101.379,64.509
4102.380,64.514
4103.381,64.519
4104.382,64.524
4105.383,64.528
4106.384,64.533
4107.385,64.538
4108.386,64.543
4109.387,64.547
4110.388,64.552
4111.389,64.557
4112.390,64.561
4113.391,64.566
4114.392,64.571
4115.393,64.576
4116.394,64.580
4117.395,64.585
4118.396,64.590
4119.396,64.595
4120.397,64.599
4121.398,64.604
4122.399,64.609
4123.400,64.613
4124.401,64.618
4125.402,64.623
4126.403,64.627
4127.404,64.632
4128.405,64.637
4129.406,64.641
4130.407,64.646
4131.408,64.651
4132.409,64.655
4133.410,64.660
4134.411,64.665
4135.412,64.669
4136.413,64.674
4137.414,64.679
4138.415,64.683
4139.416,64.688
4140.417,64.693
4141.418,64.697
4142.419,64.702
4143.420,64.707
4144.421,64.711
4145.422,64.716
4146.423,64.721
4147.424,64.725
4148.425,64.730
4149.426,64.735
4150.427,64.739
4151.428,64.744
4152.429,64.749
4153.430,64.753
4154.431,64.758
4155.432,64.763
4156.433,64.767
4157.434,64.772
4158.435,64.777
4159.436,64.781
4160.437,64.786
4161.438,64.791
4162.438,64.795
4163.439,64.800
4164.440,64.804
4165.441,64.809
4166.442,64.814
4167.443,64.818
4168.444,64.823
4169.445,64.828
4170.446,64.832
4171.447,64.837
4172.448,64.841
4173.449,64.846
4174.450,64.851
4175.451,64.855
4176.452,64.860
4177.453,64.864
4178.454,64.869
4179.455,64.873
4180.456,64.878
4181.457,64.883
4182.458,64.887
4183.459,64.892
4184.460,64.896
4185.461,64.901
4186.462,64.906
4187.463,64.910
4188.464,64.915
4189.465,64.919
4190.466,64.924
4191.467,64.928
4192.468,64.933
4193.469,64.938
4194.470,64.942
4195.471,64.947
4196.472,64.951
4197.473,64.956
4198.474,64.960
4199.475,64.965
4200.476,64.970
4201.477,64.974
4202.478,64.979
4203.479,64.983
4204.479,64.988
4205.480,64.992
4206.481,64.997
4207.482,65.002
4208.483,65.006
4209.484,65.011
4210.485,65.015
4211.486,65.020
4212.487,65.024
4213.488,65.029
4214.489,65.033
4215.490,65.038
4216.491,65.042
4217.492,65.047
4218.493,65.052
4219.494,65.056
4220.495,65.061
4221.496,65.065
4222.497,65.070
4223.498,65.074
4224.499,65.079
4225.500,65.083
4226.501,65.088
4227.502,65.092
4228.503,65.097
4229.504,65.101
4230.505,65.106
4231.506,65.110
4232.507,65.115
4233.508,65.119
4234.509,65.124
4235.510,65.128
4236.511,65.133
4237.512,65.137
4238.513,65.142
4239.514,65.146
4240.515,65.151
4241.516,65.155
4242.517,65.160
4243.518,65.164
4244.519,65.169
4245.520,65.173
4246.521,65.178
4247.521,65.182
4248.522,65.187
4249.523,65.191
4250.524,65.196
4251.525,65.200
4252.526,65.204
4253.527,65.209
4254.528,65.213
4255.529,65.218
4256.530,65.222
4257.531,65.227
4258.532,65.231
4259.533,65.236
4260.534,65.240
4261.535,65.245
4262.536,65.249
4263.537,65.254
4264.538,65.258
4265.539,65.262
4266.540,65.267
4267.541,65.271
4268.542,65.276
4269.543,65.280
4270.544,65.285
4271.545,65.289
4272.546,65.294
4273.547,65.298
4274.548,65.302
4275.549,65.307
4276.550,65.311
4277.551,65.316
4278.552,65.320
4279.553,65.325
4280.554,65.329
4281.555,65.333
4282.556,65.338
4283.557,65.342
4284.558,65.347
4285.559,65.351
4286.560,65.356
4287.561,65.360
4288.562,65.364
4289.563,65.369
4290.563,65.373
4291.564,65.378
4292.565,65.382
4293.566,65.386
4294.567,65.391
4295.568,65.395
4296.569,65.400
4297.570,65.404
4298.571,65.408
4299.572,65.413
4300.573,65.417
4301.574,65.422
4302.575,65.426
4303.576,65.430
4304.577,65.435
4305.578,65.439
4306.579,65.444
4307.580,65.448
4308.581,65.452
4309.582,65.457
4310.583,65.461
4311.584,65.465
4312.585,65.470
4313.586,65.474
4314.587,65.479
4315.588,65.483
4316.589,65.487
4317.590,65.492
4318.591,65.496
4319.592,65.500
4320.593,65.505
4321.594,65.509
4322.595,65.514
4323.596,65.518
4324.597,65.522
4325.598,65.527
4326.599,65.531
4327.600,65.535
4328.601,65.540
4329.602,65.544
4330.603,65.548
4331.604,65.553
4332.604,65.557
4333.605,65.561
4334.606,65.566
4335.607,65.570
4336.608,65.574
4337.609,65.579
4338.610,65.583
4339.611,65.587
4340.612,65.592
4341.613,65.596
4342.614,65.600
4343.615,65.605
4344.616,65.609
4345.617,65.613
4346.618,65.618
4347.619,65.622
4348.620,65.626
4349.621,65.631
4350.622,65.635
4351.623,65.639
4352.624,65.644
4353.625,65.648
4354.626,65.652
4355.627,65.657
4356.628,65.661
4357.629,65.665
4358.630,65.669
4359.631,65.674
4360.632,65.678
4361.633,65.682
4362.634,65.687
4363.635,65.691
4364.636,65.695
4365.637,65.699
4366.638,65.704
4367.639,65.708
4368.640,65.712
4369.641,65.717
4370.642,65.721
4371.643,65.725
4372.644,65.729
4373.645,65.734
4374.646,65.738
4375.646,65.742
4376.647,65.746
4377.648,65.751
4378.649,65.755
4379.650,65.759
4380.651,65.764
4381.652,65.768
4382.653,65.772
4383.654,65.776
4384.655,65.781
4385.656,65.785
4386.657,65.789
4387.658,65.793
4388.659,65.798
4389.660,65.802
4390.661,65.806
4391.662,65.810
4392.663,65.815
4393.664,65.819
4394.665,65.823
4395.666,65.827
4396.667,65.832
4397.668,65.836
4398.669,65.840
4399.670,65.844
4400.671,65.849
4401.672,65.853
4402.673,65.857
4403.674,65.861
4404.675,65.865
4405.676,65.870
4406.677,65.874
4407.678,65.878
4408.679,65.882
4409.680,65.887
4410.681,65.891
4411.682,65.895
4412.683,65.899
4413.684,65.904
4414.685,65.908
4415.686,65.912
4416.687,65.916
4417.688,65.920
4418.688,65.925
4419.689,65.929
4420.690,65.933
4421.691,65.937
4422.692,65.941
4423.693,65.946
4424.694,65.950
4425.695,65.954
4426.696,65.958
4427.697,65.962
4428.698,65.966
4429.699,65.971
4430.700,65.975
4431.701,65.979
4432.702,65.983
4433.703,65.987
4434.704,65.992
4435.705,65.996
4436.706,66.000
4437.707,66.004
4438.708,66.008
4439.709,66.012
4440.710,66.017
4441.711,66.021
4442.712,66.025
4443.713,66.029
4444.714,66.033
4445.715,66.037
4446.716,66.041
4447.717,66.046
4448.718,66.050
4449.719,66.054
4450.720,66.058
4451.721,66.062
4452.722,66.066
4453.723,66.071
4454.724,66.075
4455.725,66.079
4456.726,66.083
4457.727,66.087
4458.728,66.091
4459.729,66.096
4460.729,66.100
4461.730,66.104
4462.731,66.108
4463.732,66.112
4464.733,66.116
4465.734,66.120
4466.735,66.125
4467.736,66.129
4468.737,66.133
4469.738,66.137
4470.739,66.141
4471.740,66.145
4472.741,66.149
4473.742,66.153
4474.743,66.157
4475.744,66.162
4476.745,66.166
4477.746,66.170
4478.747,66.174
4479.748,66.178
4480.749,66.182
4481.750,66.186
4482.751,66.190
4483.752,66.194
4484.753,66.199
4485.754,66.203
4486.755,66.207
4487.756,66.211
4488.757,66.215
4489.758,66.219
4490.759,66.223
4491.760,66.227
4492.761,66.231
4493.762,66.235
4494.763,66.239
4495.764,66.244
4496.765,66.248
4497.766,66.252
4498.767,66.256
4499.768,66.260
4500.769,66.264
4501.770,66.268
4502.771,66.272
4503.771,66.276
4504.772,66.280
4505.773,66.284
4506.774,66.288
4507.775,66.292
4508.776,66.296
4509.777,66.301
4510.778,66.305
4511.779,66.309
4512.780,66.313
4513.781,66.317
4514.782,66.321
4515.783,66.325
4516.784,66.329
4517.785,66.333
4518.786,66.337
4519.787,66.341
4520.788,66.345
4521.789,66.349
4522.790,66.353
4523.791,66.357
4524.792,66.361
4525.793,66.365
4526.794,66.369
4527.795,66.373
4528.796,66.377
4529.797,66.381
4530.798,66.385
4531.799,66.389
4532.800,66.393
4533.801,66.397
4534.802,66.401
4535.803,66.405
4536.804,66.409
4537.805,66.413
4538.806,66.417
4539.807,66.421
4540.808,66.425
4541.809,66.429
4542.810,66.433
4543.811,66.437
4544.812,66.441
4545.813,66.445
4546.813,66.449
4547.814,66.453
4548.815,66.457
4549.816,66.461
4550.817,66.465
4551.818,66.469
4552.819,66.473
4553.820,66.477
4554.821,66.481
4555.822,66.485
4556.823,66.489
4557.824,66.493
4558.825,66.497
4559.826,66.501
4560.827,66.505
4561.828,66.509
4562.829,66.513
4563.830,66.517
4564.831,66.521
4565.832,66.525
4566.833,66.529
4567.834,66.533
4568.835,66.537
4569.836,66.541
4570.837,66.545
4571.838,66.549
4572.839,66.553
4573.840,66.557
4574.841,66.561
4575.842,66.565
4576.843,66.569
4577.844,66.573
4578.845,66.577
4579.846,66.581
4580.847,66.585
4581.848,66.589
4582.849,66.593
4583.850,66.596
4584.851,66.600
4585.852,66.604
4586.853,66.608
4587.854,66.612
4588.854,66.616
4589.855,66.620
4590.856,66.624
4591.857,66.628
4592.858,66.632
4593.859,66.636
4594.860,66.640
4595.861,66.644
4596.862,66.648
4597.863,66.652
4598.864,66.656
4599.865,66.660
4600.866,66.663
4601.867,66.667
4602.868,66.671
4603.869,66.675
4604.870,66.679
4605.871,66.683
4606.872,66.687
4607.873,66.691
4608.874,66.695
4609.875,66.699
4610.876,66.703
4611.877,66.707
4612.878,66.711
4613.879,66.715
4614.880,66.718
4615.881,66.722
4616.882,66.726
4617.883,66.730
4618.884,66.734
4619.885,66.738
4620.886,66.742
4621.887,66.746
4622.888,66.750
4623.889,66.754
4624.890,66.758
4625.891,66.761
4626.892,66.765
4627.893,66.769
4628.894,66.773
4629.895,66.777
4630.896,66.781
4631.896,66.785
4632.897,66.789
4633.898,66.793
4634.899,66.796
4635.900,66.800
4636.901,66.804
4637.902,66.808
4638.903,66.812
4639.904,66.816
4640.905,66.820
4641.906,66.824
4642.907,66.827
4643.908,66.831
4644.909,66.835
4645.910,66.839
4646.911,66.843
4647.912,66.847
4648.913,66.851
4649.914,66.854
4650.915,66.858
4651.916,66.862
4652.917,66.866
4653.918,66.870
4654.919,66.874
4655.920,66.877
4656.921,66.881
4657.922,66.885
4658.923,66.889
4659.924,66.893
4660.925,66.897
4661.926,66.901
4662.927,66.904
4663.928,66.908
4664.929,66.912
4665.930,66.916
4666.931,66.920
4667.932,66.924
4668.933,66.927
4669.934,66.931
4670.935,66.935
4671.936,66.939
4672.937,66.943
4673.938,66.947
4674.938,66.950
4675.939,66.954
4676.940,66.958
4677.941,66.962
4678.942,66.966
4679.943,66.970
4680.944,66.973
4681.945,66.977
4682.946,66.981
4683.947,66.985
4684.948,66.989
4685.949,66.992
4686.950,66.996
4687.951,67.000
4688.952,67.004
4689.953,67.008
4690.954,67.011
4691.955,67.015
4692.956,67.019
4693.957,67.023
4694.958,67.027
4695.959,67.030
4696.960,67.034
4697.961,67.038
4698.962,67.042
4699.963,67.045
4700.964,67.049
4701.965,67.053
4702.966,67.057
4703.967,67.061
4704.968,67.064
4705.969,67.068
4706.970,67.072
4707.971,67.076
4708.972,67.079
4709.973,67.083
4710.974,67.087
4711.975,67.091
4712.976,67.094
4713.977,67.098
4714.978,67.102
4715.979,67.106
4716.979,67.109
4717.980,67.113
4718.981,67.117
4719.982,67.121
4720.983,67.125
4721.984,67.128
4722.985,67.132
4723.986,67.136
4724.987,67.140
4725.988,67.143
4726.989,67.147
4727.990,67.151
4728.991,67.155
4729.992,67.158
4730.993,67.162
4731.994,67.166
4732.995,67.169
4733.996,67.173
4734.997,67.177
4735.998,67.181
4736.999,67.184
4738.000,67.188
4739.001,67.192
4740.002,67.196
4741.003,67.199
4742.004,67.203
4743.005,67.207
4744.006,67.211
4745.007,67.214
4746.008,67.218
4747.009,67.222
4748.010,67.226
4749.011,67.229
4750.012,67.233
4751.013,67.237
4752.014,67.240
4753.015,67.244
4754.016,67.248
4755.017,67.252
4756.018,67.255
4757.019,67.259
4758.020,67.263
4759.021,67.266
4760.021,67.270
4761.022,67.274
4762.023,67.277
4763.024,67.281
4764.025,67.285
4765.026,67.288
4766.027,67.292
4767.028,67.296
4768.029,67.299
4769.030,67.303
4770.031,67.307
4771.032,67.311
4772.033,67.314
4773.034,67.318
4774.035,67.321
4775.036,67.325
4776.037,67.329
4777.038,67.332
4778.039,67.336
4779.040,67.340
4780.041,67.343
4781.042,67.347
4782.043,67.351
4783.044,67.354
4784.045,67.358
4785.046,67.362
4786.047,67.365
4787.048,67.369
4788.049,67.373
4789.050,67.376
4790.051,67.380
4791.052,67.384
4792.053,67.387
4793.054,67.391
4794.055,67.395
4795.056,67.398
4796.057,67.402
4797.058,67.405
4798.059,67.409
4799.060,67.413
4800.061,67.416
4801.062,67.420
4802.063,67.424
4803.063,67.427
4804.064,67.431
4805.065,67.435
4806.066,67.438
4807.067,67.442
4808.068,67.445
4809.069,67.449
4810.070,67.453
4811.071,67.456
4812.072,67.460
4813.073,67.464
4814.074,67.467
4815.075,67.471
4816.076,67.474
4817.077,67.478
4818.078,67.482
4819.079,67.485
4820.080,67.489
4821.081,67.492
4822.082,67.496
4823.083,67.500
4824.084,67.503
4825.085,67.507
4826.086,67.510
4827.087,67.514
4828.088,67.518
4829.089,67.521
4830.090,67.525
4831.091,67.528
4832.092,67.532
4833.093,67.535
4834.094,67.539
4835.095,67.543
4836.096,67.546
4837.097,67.550
4838.098,67.553
4839.099,67.557
4840.100,67.561
4841.101,67.564
4842.102,67.568
4843.103,67.571
4844.104,67.575
4845.104,67.579
4846.105,67.582
4847.106,67.586
4848.107,67.589
4849.108,67.593
4850.109,67.596
4851.110,67.600
4852.111,67.604
4853.112,67.607
4854.113,67.611
4855.114,67.614
4856.115,67.618
4857.116,67.621
4858.117,67.625
4859.118,67.629
4860.119,67.632
4861.120,67.636
4862.121,67.639
4863.122,67.643
4864.123,67.646
4865.124,67.650
4866.125,67.653
4867.126,67.657
4868.127,67.661
4869.128,67.664
4870.129,67.668
4871.130,67.671
4872.131,67.675
4873.132,67.678
4874.133,67.682
4875.134,67.685
4876.135,67.689
4877.136,67.693
4878.137,67.696
4879.138,67.700
4880.139,67.703
4881.140,67.707
4882.141,67.710
4883.142,67.714
4884.143,67.717
4885.144,67.721
4886.145,67.724
4887.146,67.728
4888.146,67.732
4889.147,67.735
4890.148,67.739
4891.149,67.742
4892.150,67.746
4893.151,67.749
4894.152,67.753
4895.153,67.756
4896.154,67.760
4897.155,67.763
4898.156,67.767
4899.157,67.770
4900.158,67.774
4901.159,67.777
4902.160,67.781
4903.161,67.784
4904.162,67.788
4905.163,67.791
4906.164,67.795
4907.165,67.798
4908.166,67.802
4909.167,67.805
4910.168,67.809
4911.169,67.812
4912.170,67.816
4913.171,67.819
4914.172,67.823
4915.173,67.826
4916.174,67.830
4917.175,67.833
4918.176,67.837
4919.177,67.840
4920.178,67.844
4921.179,67.847
4922.180,67.851
4923.181,67.854
4924.182,67.858
4925.183,67.861
4926.184,67.865
4927.185,67.868
4928.186,67.872
4929.187,67.875
4930.188,67.879
4931.188,67.882
4932.189,67.886
4933.190,67.889
4934.191,67.892
4935.192,67.896
4936.193,67.899
4937.194,67.903
4938.195,67.906
4939.196,67.910
4940.197,67.913
4941.198,67.917
4942.199,67.920
4943.200,67.924
4944.201,67.927
4945.202,67.931
4946.203,67.934
4947.204,67.937
4948.205,67.941
4949.206,67.944
4950.207,67.948
4951.208,67.951
4952.209,67.955
4953.210,67.958
4954.211,67.961
4955.212,67.965
4956.213,67.968
4957.214,67.972
4958.215,67.975
4959.216,67.979
4960.217,67.982
4961.218,67.986
4962.219,67.989
4963.220,67.992
4964.221,67.996
4965.222,67.999
4966.223,68.003
4967.224,68.006
4968.225,68.010
4969.226,68.013
4970.227,68.016
4971.228,68.020
4972.229,68.023
4973.229,68.027
4974.230,68.030
4975.231,68.034
4976.232,68.037
4977.233,68.040
4978.234,68.044
4979.235,68.047
4980.236,68.050
4981.237,68.054
4982.238,68.057
4983.239,68.061
4984.240,68.064
4985.241,68.067
4986.242,68.071
4987.243,68.074
4988.244,68.078
4989.245,68.081
4990.246,68.085
4991.247,68.088
4992.248,68.091
4993.249,68.095
4994.250,68.098
4995.251,68.102
4996.252,68.105
4997.253,68.108
4998.254,68.112
4999.255,68.115
5000.256,68.118
5001.257,68.122
5002.258,68.125
5003.259,68.129
5004.260,68.132
5005.261,68.135
5006.262,68.139
5007.263,68.142
5008.264,68.146
5009.265,68.149
5010.266,68.152
5011.267,68.156
5012.268,68.159
5013.269,68.162
5014.270,68.166
5015.271,68.169
5016.271,68.173
5017.272,68.176
5018.273,68.179
5019.274,68.183
5020.275,68.186
5021.276,68.189
5022.277,68.193
5023.278,68.196
5024.279,68.199
5025.280,68.203
5026.281,68.206
5027.282,68.209
5028.283,68.213
5029.284,68.216
5030.285,68.219
5031.286,68.223
5032.287,68.226
5033.288,68.229
5034.289,68.233
5035.290,68.236
5036.291,68.239
5037.292,68.243
5038.293,68.246
5039.294,68.249
5040.295,68.253
5041.296,68.256
5042.297,68.259
5043.298,68.263
5044.299,68.266
5045.300,68.269
5046.301,68.273
5047.302,68.276
5048.303,68.279
5049.304,68.282
5050.305,68.286
5051.306,68.289
5052.307,68.292
5053.308,68.296
5054.309,68.299
5055.310,68.302
5056.311,68.306
5057.312,68.309
5058.313,68.312
5059.313,68.316
5060.314,68.319
5061.315,68.322
5062.316,68.325
5063.317,68.329
5064.318,68.332
5065.319,68.335
5066.320,68.339
5067.321,68.342
5068.322,68.345
5069.323,68.348
5070.324,68.352
5071.325,68.355
5072.326,68.358
5073.327,68.362
5074.328,68.365
5075.329,68.368
5076.330,68.371
5077.331,68.375
5078.332,68.378
5079.333,68.381
5080.334,68.384
5081.335,68.388
5082.336,68.391
5083.337,68.394
5084.338,68.398
5085.339,68.401
5086.340,68.404
5087.341,68.407
5088.342,68.411
5089.343,68.414
5090.344,68.417
5091.345,68.421
5092.346,68.424
5093.347,68.427
5094.348,68.430
5095.349,68.434
5096.350,68.437
5097.351,68.440
5098.352,68.443
5099.353,68.447
5100.354,68.450
5101.354,68.453
5102.355,68.456
5103.356,68.460
5104.357,68.463
5105.358,68.466
5106.359,68.469
5107.360,68.473
5108.361,68.476
5109.362,68.479
5110.363,68.482
5111.364,68.486
5112.365,68.489
5113.366,68.492
5114.367,68.495
5115.368,68.499
5116.369,68.502
5117.370,68.505
5118.371,68.508
5119.372,68.511
5120.373,68.515
5121.374,68.518
5122.375,68.521
5123.376,68.524
5124.377,68.528
5125.378,68.531
5126.379,68.534
5127.380,68.537
5128.381,68.540
5129.382,68.544
5130.383,68.547
5131.384,68.550
5132.385,68.553
5133.386,68.556
5134.387,68.560
5135.388,68.563
5136.389,68.566
5137.390,68.569
5138.391,68.572
5139.392,68.576
5140.393,68.579
5141.394,68.582
5142.395,68.585
5143.396,68.588
5144.396,68.592
5145.397,68.595
5146.398,68.598
5147.399,68.601
5148.400,68.604
5149.401,68.608
5150.402,68.611
5151.403,68.614
5152.404,68.617
5153.405,68.620
5154.406,68.624
5155.407,68.627
5156.408,68.630
5157.409,68.633
5158.410,68.636
5159.411,68.640
5160.412,68.643
5161.413,68.646
5162.414,68.649
5163.415,68.652
5164.416,68.655
5165.417,68.659
5166.418,68.662
5167.419,68.665
5168.420,68.668
5169.421,68.671
5170.422,68.674
5171.423,68.678
5172.424,68.681
5173.425,68.684
5174.426,68.687
5175.427,68.690
5176.428,68.693
5177.429,68.696
5178.430,68.700
5179.431,68.703
5180.432,68.706
5181.433,68.709
5182.434,68.712
5183.435,68.715
5184.436,68.718
5185.437,68.722
5186.438,68.725
5187.438,68.728
5188.439,68.731
5189.440,68.734
5190.441,68.737
5191.442,68.740
5192.443,68.744
5193.444,68.747
5194.445,68.750
5195.446,68.753
5196.447,68.756
5197.448,68.759
5198.449,68.762
5199.450,68.765
5200.451,68.769
5201.452,68.772
5202.453,68.775
5203.454,68.778
5204.455,68.781
5205.456,68.784
5206.457,68.787
5207.458,68.790
5208.459,68.794
5209.460,68.797
5210.461,68.800
5211.462,68.803
5212.463,68.806
5213.464,68.809
5214.465,68.812
5215.466,68.815
5216.467,68.818
5217.468,68.822
5218.469,68.825
5219.470,68.828
5220.471,68.831
5221.472,68.834
5222.473,68.837
5223.474,68.840
5224.475,68.843
5225.476,68.846
5226.477,68.850
5227.478,68.853
5228.479,68.856
5229.479,68.859
5230.480,68.862
5231.481,68.865
5232.482,68.868
5233.483,68.871
5234.484,68.874
5235.485,68.878
5236.486,68.881
5237.487,68.884
5238.488,68.887
5239.489,68.890
5240.490,68.893
5241.491,68.896
5242.492,68.899
5243.493,68.902
5244.494,68.905
5245.495,68.908
5246.496,68.912
5247.497,68.915
5248.498,68.918
5249.499,68.921
5250.500,68.924
5251.501,68.927
5252.502,68.930
5253.503,68.933
5254.504,68.936
5255.505,68.939
5256.506,68.942
5257.507,68.945
5258.508,68.948
5259.509,68.952
5260.510,68.955
5261.511,68.958
5262.512,68.961
5263.513,68.964
5264.514,68.967
5265.515,68.970
5266.516,68.973
5267.517,68.976
5268.518,68.979
5269.519,68.982
5270.520,68.985
5271.521,68.988
5272.521,68.991
5273.522,68.994
5274.523,68.997
5275.524,69.000
5276.525,69.003
5277.526,69.007
5278.527,69.010
5279.528,69.013
5280.529,69.016
5281.530,69.019
5282.531,69.022
5283.532,69.025
5284.533,69.028
5285.534,69.031
5286.535,69.034
5287.536,69.037
5288.537,69.040
5289.538,69.043
5290.539,69.046
5291.540,69.049
5292.541,69.052
5293.542,69.055
5294.543,69.058
5295.544,69.061
5296.545,69.064
5297.546,69.067
5298.547,69.070
5299.548,69.073
5300.549,69.076
5301.550,69.079
5302.551,69.082
5303.552,69.085
5304.553,69.088
5305.554,69.091
5306.555,69.094
5307.556,69.097
5308.557,69.100
5309.558,69.103
5310.559,69.106
5311.560,69.109
5312.561,69.112
5313.562,69.115
5314.563,69.118
5315.563,69.121
5316.564,69.124
5317.565,69.127
5318.566,69.130
5319.567,69.133
5320.568,69.136
5321.569,69.139
5322.570,69.142
5323.571,69.145
5324.572,69.148
5325.573,69.151
5326.574,69.154
5327.575,69.157
5328.576,69.160
5329.577,69.163
5330.578,69.166
5331.579,69.169
5332.580,69.172
5333.581,69.175
5334.582,69.178
5335.583,69.181
5336.584,69.184
5337.585,69.187
5338.586,69.190
5339.587,69.193
5340.588,69.196
5341.589,69.199
5342.590,69.202
5343.591,69.205
5344.592,69.208
5345.593,69.211
5346.594,69.214
5347.595,69.217
5348.596,69.220
5349.597,69.223
5350.598,69.226
5351.599,69.229
5352.600,69.232
5353.601,69.234
5354.602,69.237
5355.603,69.240
5356.604,69.243
5357.604,69.246
5358.605,69.249
5359.606,69.252
5360.607,69.255
5361.608,69.258
5362.609,69.261
5363.610,69.264
5364.611,69.267
5365.612,69.270
5366.613,69.273
5367.614,69.276
5368.615,69.279
5369.616,69.282
5370.617,69.285
5371.618,69.288
5372.619,69.290
5373.620,69.293
5374.621,69.296
5375.622,69.299
5376.623,69.302
5377.624,69.305
5378.625,69.308
5379.626,69.311
5380.627,69.314
5381.628,69.317
5382.629,69.320
5383.630,69.323
5384.631,69.326
5385.632,69.329
5386.633,69.332
5387.634,69.335
5388.635,69.337
5389.636,69.340
5390.637,69.343
5391.638,69.346
5392.639,69.349
5393.640,69.352
5394.641,69.355
5395.642,69.358
5396.643,69.361
5397.644,69.364
5398.645,69.367
5399.646,69.370
5400.646,69.372
5401.647,69.375
5402.648,69.378
5403.649,69.381
5404.650,69.384
5405.651,69.387
5406.652,69.390
5407.653,69.393
5408.654,69.396
5409.655,69.398
5410.656,69.401
5411.657,69.404
5412.658,69.407
5413.659,69.410
5414.660,69.413
5415.661,69.416
5416.662,69.419
5417.663,69.422
5418.664,69.424
5419.665,69.427
5420.666,69.430
5421.667,69.433
5422.668,69.436
5423.669,69.439
5424.670,69.442
5425.671,69.445
5426.672,69.447
5427.673,69.450
5428.674,69.453
5429.675,69.456
5430.676,69.459
5431.677,69.462
5432.678,69.465
5433.679,69.468
5434.680,69.470
5435.681,69.473
5436.682,69.476
5437.683,69.479
5438.684,69.482
5439.685,69.485
5440.686,69.488
5441.687,69.491
5442.688,69.493
5443.688,69.496
5444.689,69.499
5445.690,69.502
5446.691,69.505
5447.692,69.508
5448.693,69.511
5449.694,69.513
5450.695,69.516
5451.696,69.519
5452.697,69.522
5453.698,69.525
5454.699,69.528
5455.700,69.531
5456.701,69.533
5457.702,69.536
5458.703,69.539
5459.704,69.542
5460.705,69.545
5461.706,69.548
5462.707,69.550
5463.708,69.553
5464.709,69.556
5465.710,69.559
5466.711,69.562
5467.712,69.565
5468.713,69.567
5469.714,69.570
5470.715,69.573
5471.716,69.576
5472.717,69.579
5473.718,69.582
5474.719,69.584
5475.720,69.587
5476.721,69.590
5477.722,69.593
5478.723,69.596
5479.724,69.599
5480.725,69.601
5481.726,69.604
5482.727,69.607
5483.728,69.610
5484.729,69.613
5485.729,69.615
5486.730,69.618
5487.731,69.621
5488.732,69.624
5489.733,69.627
5490.734,69.630
5491.735,69.632
5492.736,69.635
5493.737,69.638
5494.738,69.641
5495.739,69.644
5496.740,69.646
5497.741,69.649
5498.742,69.652
5499.743,69.655
5500.744,69.658
5501.745,69.660
5502.746,69.663
5503.747,69.666
5504.748,69.669
5505.749,69.671
5506.750,69.674
5507.751,69.677
5508.752,69.680
5509.753,69.683
5510.754,69.685
5511.755,69.688
5512.756,69.691
5513.757,69.694
5514.758,69.697
5515.759,69.699
5516.760,69.702
5517.761,69.705
5518.762,69.708
5519.763,69.710
5520.764,69.713
5521.765,69.716
5522.766,69.719
5523.767,69.721
5524.768,69.724
5525.769,69.727
5526.770,69.730
5527.771,69.732
5528.771,69.735
5529.772,69.738
5530.773,69.741
5531.774,69.743
5532.775,69.746
5533.776,69.749
5534.777,69.752
5535.778,69.754
5536.779,69.757
5537.780,69.760
5538.781,69.763
5539.782,69.765
5540.783,69.768
5541.784,69.771
5542.785,69.774
5543.786,69.776
5544.787,69.779
5545.788,69.782
5546.789,69.785
5547.790,69.787
5548.791,69.790
5549.792,69.793
5550.793,69.795
5551.794,69.798
5552.795,69.801
5553.796,69.804
5554.797,69.806
5555.798,69.809
5556.799,69.812
5557.800,69.815
5558.801,69.817
5559.802,69.820
5560.803,69.823
5561.804,69.826
5562.805,69.828
5563.806,69.831
5564.807,69.834
5565.808,69.836
5566.809,69.839
5567.810,69.842
5568.811,69.845
5569.812,69.847
5570.813,69.850
5571.813,69.853
5572.814,69.855
5573.815,69.858
5574.816,69.861
5575.817,69.864
5576.818,69.866
5577.819,69.869
5578.820,69.872
5579.821,69.875
5580.822,69.877
5581.823,69.880
5582.824,69.883
5583.825,69.885
5584.826,69.888
5585.827,69.891
5586.828,69.894
5587.829,69.896
5588.830,69.899
5589.831,69.902
5590.832,69.904
5591.833,69.907
5592.834,69.910
5593.835,69.913
5594.836,69.915
5595.837,69.918
5596.838,69.921
5597.839,69.923
5598.840,69.926
5599.841,69.929
5600.842,69.931
5601.843,69.934
5602.844,69.937
5603.845,69.940
5604.846,69.942
5605.847,69.945
5606.848,69.948
5607.849,69.950
5608.850,69.953
5609.851,69.956
5610.852,69.958
5611.853,69.961
5612.854,69.964
5613.854,69.966
5614.855,69.969
5615.856,69.972
5616.857,69.974
5617.858,69.977
5618.859,69.980
5619.860,69.983
5620.861,69.985
5621.862,69.988
5622.863,69.991
5623.864,69.993
5624.865,69.996
5625.866,69.999
5626.867,70.001
5627.868,70.004
5628.869,70.007
5629.870,70.009
5630.871,70.012
5631.872,70.015
5632.873,70.017
5633.874,70.020
5634.875,70.023
5635.876,70.025
5636.877,70.028
5637.878,70.031
5638.879,70.033
5639.880,70.036
5640.881,70.039
5641.882,70.041
5642.883,70.044
5643.884,70.047
5644.885,70.049
5645.886,70.052
5646.887,70.055
5647.888,70.057
5648.889,70.060
5649.890,70.062
5650.891,70.065
5651.892,70.068
5652.893,70.070
5653.894,70.073
5654.895,70.076
5655.896,70.078
5656.896,70.081
5657.897,70.084
5658.898,70.086
5659.899,70.089
5660.900,70.092
5661.901,70.094
5662.902,70.097
5663.903,70.099
5664.904,70.102
5665.905,70.105
5666.906,70.107
5667.907,70.110
5668.908,70.113
5669.909,70.115
5670.910,70.118
5671.911,70.120
5672.912,70.123
5673.913,70.126
5674.914,70.128
5675.915,70.131
5676.916,70.134
5677.917,70.136
5678.918,70.139
5679.919,70.141
5680.920,70.144
5681.921,70.147
5682.922,70.149
5683.923,70.152
5684.924,70.154
5685.925,70.157
5686.926,70.160
5687.927,70.162
5688.928,70.165
5689.929,70.167
5690.930,70.170
5691.931,70.173
5692.932,70.175
5693.933,70.178
5694.934,70.180
5695.935,70.183
5696.936,70.186
5697.937,70.188
5698.938,70.191
5699.938,70.193
5700.939,70.196
5701.940,70.199
5702.941,70.201
5703.942,70.204
5704.943,70.206
5705.944,70.209
5706.945,70.212
5707.946,70.214
5708.947,70.217
5709.948,70.219
5710.949,70.222
5711.950,70.225
5712.951,70.227
5713.952,70.230
5714.953,70.232
5715.954,70.235
5716.955,70.238
5717.956,70.240
5718.957,70.243
5719.958,70.245
5720.959,70.248
5721.960,70.250
5722.961,70.253
5723.962,70.256
5724.963,70.258
5725.964,70.261
5726.965,70.263
5727.966,70.266
5728.967,70.269
5729.968,70.271
5730.969,70.274
5731.970,70.276
5732.971,70.279
5733.972,70.281
5734.973,70.284
5735.974,70.287
5736.975,70.289
5737.976,70.292
5738.977,70.294
5739.978,70.297
5740.979,70.299
5741.979,70.302
5742.980,70.304
5743.981,70.307
5744.982,70.310
5745.983,70.312
5746.984,70.315
5747.985,70.317
5748.986,70.320
5749.987,70.322
5750.988,70.325
5751.989,70.327
5752.990,70.330
5753.991,70.332
5754.992,70.335
5755.993,70.338
5756.994,70.340
5757.995,70.343
5758.996,70.345
5759.997,70.348
5760.998,70.350
5761.999,70.353
5763.000,70.355
5764.001,70.358
5765.002,70.361
5766.003,70.363
5767.004,70.366
5768.005,70.368
5769.006,70.371
5770.007,70.373
5771.008,70.376
5772.009,70.378
5773.010,70.381
5774.011,70.383
5775.012,70.386
5776.013,70.388
5777.014,70.391
5778.015,70.393
5779.016,70.396
5780.017,70.399
5781.018,70.401
5782.019,70.404
5783.020,70.406
5784.021,70.409
5785.021,70.411
5786.022,70.414
5787.023,70.416
5788.024,70.419
5789.025,70.421
5790.026,70.424
5791.027,70.426
5792.028,70.429
5793.029,70.431
5794.030,70.434
5795.031,70.436
5796.032,70.439
5797.033,70.441
5798.034,70.444
5799.035,70.446
5800.036,70.449
5801.037,70.451
5802.038,70.454
5803.039,70.456
5804.040,70.459
5805.041,70.461
5806.042,70.464
5807.043,70.466
5808.044,70.469
5809.045,70.471
5810.046,70.474
5811.047,70.476
5812.048,70.479
5813.049,70.481
5814.050,70.484
5815.051,70.486
5816.052,70.489
5817.053,70.491
5818.054,70.494
5819.055,70.496
5820.056,70.499
5821.057,70.501
5822.058,70.504
5823.059,70.506
5824.060,70.509
5825.061,70.511
5826.062,70.514
5827.063,70.516
5828.063,70.519
5829.064,70.521
5830.065,70.524
5831.066,70.526
5832.067,70.529
5833.068,70.531
5834.069,70.534
5835.070,70.536
5836.071,70.539
5837.072,70.541
5838.073,70.544
5839.074,70.546
5840.075,70.549
5841.076,70.551
5842.077,70.553
5843.078,70.556
5844.079,70.558
5845.080,70.561
5846.081,70.563
5847.082,70.566
5848.083,70.568
5849.084,70.571
5850.085,70.573
5851.086,70.576
5852.087,70.578
5853.088,70.580
5854.089,70.583
5855.090,70.585
5856.091,70.588
5857.092,70.590
5858.093,70.593
5859.094,70.595
5860.095,70.598
5861.096,70.600
5862.097,70.602
5863.098,70.605
5864.099,70.607
5865.100,70.610
5866.101,70.612
5867.102,70.615
5868.103,70.617
5869.104,70.620
5870.104,70.622
5871.105,70.624
5872.106,70.627
5873.107,70.629
5874.108,70.632
5875.109,70.634
5876.110,70.637
5877.111,70.639
5878.112,70.642
5879.113,70.644
5880.114,70.646
5881.115,70.649
5882.116,70.651
5883.117,70.654
5884.118,70.656
5885.119,70.659
5886.120,70.661
5887.121,70.663
5888.122,70.666
5889.123,70.668
5890.124,70.671
5891.125,70.673
5892.126,70.675
5893.127,70.678
5894.128,70.680
5895.129,70.683
5896.130,70.685
5897.131,70.687
5898.132,70.690
5899.133,70.692
5900.134,70.695
5901.135,70.697
5902.136,70.699
5903.137,70.702
5904.138,70.704
5905.139,70.707
5906.140,70.709
5907.141,70.711
5908.142,70.714
5909.143,70.716
5910.144,70.719
5911.145,70.721
5912.146,70.723
5913.146,70.726
5914.147,70.728
5915.148,70.730
5916.149,70.733
5917.150,70.735
5918.151,70.738
5919.152,70.740
5920.153,70.742
5921.154,70.745
5922.155,70.747
5923.156,70.749
5924.157,70.752
5925.158,70.754
5926.159,70.757
5927.160,70.759
5928.161,70.761
5929.162,70.764
5930.163,70.766
5931.164,70.769
5932.165,70.771
5933.166,70.773
5934.167,70.776
5935.168,70.778
5936.169,70.780
5937.170,70.783
5938.171,70.785
5939.172,70.788
5940.173,70.790
5941.174,70.792
5942.175,70.795
5943.176,70.797
5944.177,70.799
5945.178,70.802
5946.179,70.804
5947.180,70.806
5948.181,70.809
5949.182,70.811
5950.183,70.814
5951.184,70.816
5952.185,70.818
5953.186,70.821
5954.187,70.823
5955.188,70.825
5956.188,70.828
5957.189,70.830
5958.190,70.833
5959.191,70.835
5960.192,70.837
5961.193,70.840
5962.194,70.842
5963.195,70.844
5964.196,70.847
5965.197,70.849
5966.198,70.851
5967.199,70.854
5968.200,70.856
5969.201,70.858
5970.202,70.861
5971.203,70.863
5972.204,70.865
5973.205,70.868
5974.206,70.870
5975.207,70.872
5976.208,70.875
5977.209,70.877
5978.210,70.879
5979.211,70.882
5980.212,70.884
5981.213,70.886
5982.214,70.889
5983.215,70.891
5984.216,70.893
5985.217,70.896
5986.218,70.898
5987.219,70.900
5988.220,70.903
5989.221,70.905
5990.222,70.907
5991.223,70.910
5992.224,70.912
5993.225,70.914
5994.226,70.917
5995.227,70.919
5996.228,70.921
5997.229,70.924
5998.229,70.926
5999.230,70.928
6000.231,70.931
6001.232,70.933
6002.233,70.935
6003.234,70.938
6004.235,70.940
6005.236,70.942
6006.237,70.945
6007.238,70.947
6008.239,70.949
6009.240,70.952
6010.241,70.954
6011.242,70.956
6012.243,70.959
6013.244,70.961
6014.245,70.963
6015.246,70.966
6016.247,70.968
6017.248,70.970
6018.249,70.973
6019.250,70.975
6020.251,70.977
6021.252,70.979
6022.253,70.982
6023.254,70.984
6024.255,70.986
6025.256,70.989
6026.257,70.991
6027.258,70.993
6028.259,70.996
6029.260,70.998
6030.261,71.000
6031.262,71.003
6032.263,71.005
6033.264,71.007
6034.265,71.009
6035.266,71.012
6036.267,71.014
6037.268,71.016
6038.269,71.019
6039.270,71.021
6040.271,71.023
6041.271,71.026
6042.272,71.028
6043.273,71.030
6044.274,71.032
6045.275,71.035
6046.276,71.037
6047.277,71.039
6048.278,71.042
6049.279,71.044
6050.280,71.046
6051.281,71.048
6052.282,71.051
6053.283,71.053
6054.284,71.055
6055.285,71.057
6056.286,71.060
6057.287,71.062
6058.288,71.064
6059.289,71.067
6060.290,71.069
6061.291,71.071
6062.292,71.073
6063.293,71.076
6064.294,71.078
6065.295,71.080
6066.296,71.082
6067.297,71.085
6068.298,71.087
6069.299,71.089
6070.300,71.092
6071.301,71.094
6072.302,71.096
6073.303,71.098
6074.304,71.101
6075.305,71.103
6076.306,71.105
6077.307,71.107
6078.308,71.110
6079.309,71.112
6080.310,71.114
6081.311,71.116
6082.312,71.119
6083.313,71.121
6084.313,71.123
6085.314,71.126
6086.315,71.128
6087.316,71.130
6088.317,71.132
6089.318,71.135
6090.319,71.137
6091.320,71.139
6092.321,71.141
6093.322,71.144
6094.323,71.146
6095.324,71.148
6096.325,71.150
6097.326,71.153
6098.327,71.155
6099.328,71.157
6100.329,71.159
6101.330,71.162
6102.331,71.164
6103.332,71.166
6104.333,71.168
6105.334,71.170
6106.335,71.173
6107.336,71.175
6108.337,71.177
6109.338,71.179
6110.339,71.182
6111.340,71.184
6112.341,71.186
6113.342,71.188
6114.343,71.190
6115.344,71.193
6116.345,71.195
6117.346,71.197
6118.347,71.199
6119.348,71.202
6120.349,71.204
6121.350,71.206
6122.351,71.208
6123.352,71.211
6124.353,71.213
6125.354,71.215
6126.354,71.217
6127.355,71.219
6128.356,71.222
6129.357,71.224
6130.358,71.226
6131.359,71.228
6132.360,71.230
6133.361,71.233
6134.362,71.235
6135.363,71.237
6136.364,71.239
6137.365,71.241
6138.366,71.244
6139.367,71.246
6140.368,71.248
6141.369,71.250
6142.370,71.253
6143.371,71.255
6144.372,71.257
6145.373,71.259
6146.374,71.261
6147.375,71.264
6148.376,71.266
6149.377,71.268
6150.378,71.270
6151.379,71.272
6152.380,71.275
6153.381,71.277
6154.382,71.279
6155.383,71.281
6156.384,71.283
6157.385,71.286
6158.386,71.288
6159.387,71.290
6160.388,71.292
6161.389,71.294
6162.390,71.297
6163.391,71.299
6164.392,71.301
6165.393,71.303
6166.394,71.305
6167.395,71.308
6168.396,71.310
6169.396,71.312
6170.397,71.314
6171.398,71.316
6172.399,71.319
6173.400,71.321
6174.401,71.323
6175.402,71.325
6176.403,71.327
6177.404,71.330
6178.405,71.332
6179.406,71.334
6180.407,71.336
6181.408,71.338
6182.409,71.341
6183.410,71.343
6184.411,71.345
6185.412,71.347
6186.413,71.349
6187.414,71.351
6188.415,71.354
6189.416,71.356
6190.417,71.358
6191.418,71.360
6192.419,71.362
6193.420,71.364
6194.421,71.367
6195.422,71.369
6196.423,71.371
6197.424,71.373
6198.425,71.375
6199.426,71.377
6200.427,71.380
6201.428,71.382
6202.429,71.384
6203.430,71.386
6204.431,71.388
6205.432,71.391
6206.433,71.393
6207.434,71.395
6208.435,71.397
6209.436,71.399
6210.437,71.401
6211.438,71.403
6212.438,71.406
6213.439,71.408
6214.440,71.410
6215.441,71.412
6216.442,71.414
6217.443,71.416
6218.444,71.419
6219.445,71.421
6220.446,71.423
6221.447,71.425
6222.448,71.427
6223.449,71.429
6224.450,71.431
6225.451,71.434
6226.452,71.436
6227.453,71.438
6228.454,71.440
6229.455,71.442
6230.456,71.444
6231.457,71.446
6232.458,71.449
6233.459,71.451
6234.460,71.453
6235.461,71.455
6236.462,71.457
6237.463,71.459
6238.464,71.461
6239.465,71.463
6240.466,71.466
6241.467,71.468
6242.468,71.470
6243.469,71.472
6244.470,71.474
6245.471,71.476
6246.472,71.478
6247.473,71.480
6248.474,71.483
6249.475,71.485
6250.476,71.487
6251.477,71.489
6252.478,71.491
6253.479,71.493
6254.479,71.495
6255.480,71.497
6256.481,71.500
6257.482,71.502
6258.483,71.504
6259.484,71.506
6260.485,71.508
6261.486,71.510
6262.487,71.512
6263.488,71.514
6264.489,71.516
6265.490,71.519
6266.491,71.521
6267.492,71.523
6268.493,71.525
6269.494,71.527
6270.495,71.529
6271.496,71.531
6272.497,71.533
6273.498,71.535
6274.499,71.538
6275.500,71.540
6276.501,71.542
6277.502,71.544
6278.503,71.546
6279.504,71.548
6280.505,71.550
6281.506,71.552
6282.507,71.554
6283.508,71.556
6284.509,71.559
6285.510,71.561
6286.511,71.563
6287.512,71.565
6288.513,71.567
6289.514,71.569
6290.515,71.571
6291.516,71.573
6292.517,71.575
6293.518,71.577
6294.519,71.579
6295.520,71.581
6296.521,71.583
6297.521,71.586
6298.522,71.588
6299.523,71.590
6300.524,71.592
6301.525,71.594
6302.526,71.596
6303.527,71.598
6304.528,71.600
6305.529,71.602
6306.530,71.604
6307.531,71.606
6308.532,71.608
6309.533,71.611
6310.534,71.613
6311.535,71.615
6312.536,71.617
6313.537,71.619
6314.538,71.621
6315.539,71.623
6316.540,71.625
6317.541,71.627
6318.542,71.629
6319.543,71.631
6320.544,71.633
6321.545,71.635
6322.546,71.637
6323.547,71.639
6324.548,71.642
6325.549,71.644
6326.550,71.646
6327.551,71.648
6328.552,71.650
6329.553,71.652
6330.554,71.654
6331.555,71.656
6332.556,71.658
6333.557,71.660
6334.558,71.662
6335.559,71.664
6336.560,71.666
6337.561,71.668
6338.562,71.670
6339.563,71.672
6340.563,71.674
6341.564,71.676
6342.565,71.679
6343.566,71.681
6344.567,71.683
6345.568,71.685
6346.569,71.687
6347.570,71.689
6348.571,71.691
6349.572,71.693
6350.573,71.695
6351.574,71.697
6352.575,71.699
6353.576,71.701
6354.577,71.703
6355.578,71.705
6356.579,71.707
6357.580,71.709
6358.581,71.711
6359.582,71.713
6360.583,71.715
6361.584,71.717
6362.585,71.719
6363.586,71.721
6364.587,71.723
6365.588,71.725
6366.589,71.727
6367.590,71.729
6368.591,71.731
6369.592,71.733
6370.593,71.735
6371.594,71.737
6372.595,71.739
6373.596,71.741
6374.597,71.743
6375.598,71.745
6376.599,71.747
6377.600,71.749
6378.601,71.751
6379.602,71.753
6380.603,71.755
6381.604,71.757
6382.604,71.759
6383.605,71.761
6384.606,71.763
6385.607,71.765
6386.608,71.767
6387.609,71.769
6388.610,71.771
6389.611,71.773
6390.612,71.776
6391.613,71.778
6392.614,71.780
6393.615,71.782
6394.616,71.784
6395.617,71.786
6396.618,71.788
6397.619,71.790
6398.620,71.792
6399.621,71.794
6400.622,71.796
6401.623,71.798
6402.624,71.800
6403.625,71.802
6404.626,71.804
6405.627,71.806
6406.628,71.808
6407.629,71.810
6408.630,71.812
6409.631,71.814
6410.632,71.816
6411.633,71.818
6412.634,71.820
6413.635,71.822
6414.636,71.824
6415.637,71.826
6416.638,71.828
6417.639,71.830
6418.640,71.831
6419.641,71.833
6420.642,71.835
6421.643,71.837
6422.644,71.839
6423.645,71.841
6424.646,71.843
6425.646,71.845
6426.647,71.847
6427.648,71.849
6428.649,71.851
6429.650,71.853
6430.651,71.855
6431.652,71.857
6432.653,71.859
6433.654,71.861
6434.655,71.863
6435.656,71.865
6436.657,71.867
6437.658,71.869
6438.659,71.871
6439.660,71.873
6440.661,71.875
6441.662,71.877
6442.663,71.879
6443.664,71.881
6444.665,71.883
6445.666,71.885
6446.667,71.887
6447.668,71.889
6448.669,71.891
6449.670,71.893
6450.671,71.895
6451.672,71.897
6452.673,71.899
6453.674,71.901
6454.675,71.903
6455.676,71.905
6456.677,71.907
6457.678,71.909
6458.679,71.911
6459.680,71.913
6460.681,71.915
6461.682,71.917
6462.683,71.919
6463.684,71.920
6464.685,71.922
6465.686,71.924
6466.687,71.926
6467.688,71.928
6468.688,71.930
6469.689,71.932
6470.690,71.934
6471.691,71.936
6472.692,71.938
6473.693,71.940
6474.694,71.942
6475.695,71.944
6476.696,71.946
6477.697,71.948
6478.698,71.950
6479.699,71.952
6480.700,71.954
6481.701,71.956
6482.702,71.958
6483.703,71.959
6484.704,71.961
6485.705,71.963
6486.706,71.965
6487.707,71.967
6488.708,71.969
6489.709,71.971
6490.710,71.973
6491.711,71.975
6492.712,71.977
6493.713,71.979
6494.714,71.981
6495.715,71.983
6496.716,71.985
6497.717,71.987
6498.718,71.988
6499.719,71.990
6500.720,71.992
6501.721,71.994
6502.722,71.996
6503.723,71.998
6504.724,72.000
6505.725,72.002
6506.726,72.004
6507.727,72.006
6508.728,72.008
6509.729,72.010
6510.729,72.012
6511.730,72.014
6512.731,72.015
6513.732,72.017
6514.733,72.019
6515.734,72.021
6516.735,72.023
6517.736,72.025
6518.737,72.027
6519.738,72.029
6520.739,72.031
6521.740,72.033
6522.741,72.035
6523.742,72.037
6524.743,72.039
6525.744,72.040
6526.745,72.042
6527.746,72.044
6528.747,72.046
6529.748,72.048
6530.749,72.050
6531.750,72.052
6532.751,72.054
6533.752,72.056
6534.753,72.058
6535.754,72.060
6536.755,72.062
6537.756,72.063
6538.757,72.065
6539.758,72.067
6540.759,72.069
6541.760,72.071
6542.761,72.073
6543.762,72.075
6544.763,72.077
6545.764,72.079
6546.765,72.081
6547.766,72.082
6548.767,72.084
6549.768,72.086
6550.769,72.088
6551.770,72.090
6552.771,72.092
6553.771,72.094
6554.772,72.096
6555.773,72.098
6556.774,72.100
6557.775,72.102
6558.776,72.103
6559.777,72.105
6560.778,72.107
6561.779,72.109
6562.780,72.111
6563.781,72.113
6564.782,72.115
6565.783,72.117
6566.784,72.119
6567.785,72.120
6568.786,72.122
6569.787,72.124
6570.788,72.126
6571.789,72.128
6572.790,72.130
6573.791,72.132
6574.792,72.134
6575.793,72.136
6576.794,72.137
6577.795,72.139
6578.796,72.141
6579.797,72.143
6580.798,72.145
6581.799,72.147
6582.800,72.149
6583.801,72.151
6584.802,72.153
6585.803,72.154
6586.804,72.156
6587.805,72.158
6588.806,72.160
6589.807,72.162
6590.808,72.164
6591.809,72.166
6592.810,72.168
6593.811,72.169
6594.812,72.171
6595.813,72.173
6596.813,72.175
6597.814,72.177
6598.815,72.179
6599.816,72.181
6600.817,72.183
6601.818,72.184
6602.819,72.186
6603.820,72.188
6604.821,72.190
6605.822,72.192
6606.823,72.194
6607.824,72.196
6608.825,72.197
6609.826,72.199
6610.827,72.201
6611.828,72.203
6612.829,72.205
6613.830,72.207
6614.831,72.209
6615.832,72.210
6616.833,72.212
6617.834,72.214
6618.835,72.216
6619.836,72.218
6620.837,72.220
6621.838,72.222
6622.839,72.224
6623.840,72.225
6624.841,72.227
6625.842,72.229
6626.843,72.231
6627.844,72.233
6628.845,72.235
6629.846,72.237
6630.847,72.238
6631.848,72.240
6632.849,72.242
6633.850,72.244
6634.851,72.246
6635.852,72.248
6636.853,72.249
6637.854,72.251
6638.854,72.253
6639.855,72.255
6640.856,72.257
6641.857,72.259
6642.858,72.261
6643.859,72.262
6644.860,72.264
6645.861,72.266
6646.862,72.268
6647.863,72.270
6648.864,72.271
6649.865,72.273
6650.866,72.275
6651.867,72.277
6652.868,72.279
6653.869,72.281
6654.870,72.282
6655.871,72.284
6656.872,72.286
6657.873,72.288
6658.874,72.290
6659.875,72.292
6660.876,72.293
6661.877,72.295
6662.878,72.297
6663.879,72.299
6664.880,72.301
6665.881,72.302
6666.882,72.304
6667.883,72.306
6668.884,72.308
6669.885,72.310
6670.886,72.312
6671.887,72.313
6672.888,72.315
6673.889,72.317
6674.890,72.319
6675.891,72.321
6676.892,72.322
6677.893,72.324
6678.894,72.326
6679.895,72.328
6680.896,72.330
6681.896,72.331
6682.897,72.333
6683.898,72.335
6684.899,72.337
6685.900,72.339
6686.901,72.341
6687.902,72.342
6688.903,72.344
6689.904,72.346
6690.905,72.348
6691.906,72.350
6692.907,72.351
6693.908,72.353
6694.909,72.355
6695.910,72.357
6696.911,72.359
6697.912,72.360
6698.913,72.362
6699.914,72.364
6700.915,72.366
6701.916,72.368
6702.917,72.369
6703.918,72.371
6704.919,72.373
6705.920,72.375
6706.921,72.377
6707.922,72.378
6708.923,72.380
6709.924,72.382
6710.925,72.384
6711.926,72.386
6712.927,72.387
6713.928,72.389
6714.929,72.391
6715.930,72.393
6716.931,72.395
6717.932,72.396
6718.933,72.398
6719.934,72.400
6720.935,72.402
6721.936,72.404
6722.937,72.405
6723.938,72.407
6724.938,72.409
6725.939,72.411
6726.940,72.413
6727.941,72.414
6728.942,72.416
6729.943,72.418
6730.944,72.420
6731.945,72.421
6732.946,72.423
6733.947,72.425
6734.948,72.427
6735.949,72.428
6736.950,72.430
6737.951,72.432
6738.952,72.434
6739.953,72.435
6740.954,72.437
6741.955,72.439
6742.956,72.441
6743.957,72.443
6744.958,72.444
6745.959,72.446
6746.960,72.448
6747.961,72.450
6748.962,72.451
6749.963,72.453
6750.964,72.455
6751.965,72.457
6752.966,72.458
6753.967,72.460
6754.968,72.462
6755.969,72.464
6756.970,72.465
6757.971,72.467
6758.972,72.469
6759.973,72.471
6760.974,72.472
6761.975,72.474
6762.976,72.476
6763.977,72.478
6764.978,72.479
6765.979,72.481
6766.979,72.483
6767.980,72.485
6768.981,72.486
6769.982,72.488
6770.983,72.490
6771.984,72.492
6772.985,72.493
6773.986,72.495
6774.987,72.497
6775.988,72.499
6776.989,72.500
6777.990,72.502
6778.991,72.504
6779.992,72.506
6780.993,72.507
6781.994,72.509
6782.995,72.511
6783.996,72.513
6784.997,72.514
6785.998,72.516
6786.999,72.518
6788.000,72.520
6789.001,72.521
6790.002,72.523
6791.003,72.525
6792.004,72.527
6793.005,72.528
6794.006,72.530
6795.007,72.532
6796.008,72.533
6797.009,72.535
6798.010,72.537
6799.011,72.539
6800.012,72.540
6801.013,72.542
6802.014,72.544
6803.015,72.546
6804.016,72.547
6805.017,72.549
6806.018,72.551
6807.019,72.552
6808.020,72.554
6809.021,72.556
6810.021,72.558
6811.022,72.559
6812.023,72.561
6813.024,72.563
6814.025,72.564
6815.026,72.566
6816.027,72.568
6817.028,72.570
6818.029,72.571
6819.030,72.573
6820.031,72.575
6821.032,72.576
6822.033,72.578
6823.034,72.580
6824.035,72.582
6825.036,72.583
6826.037,72.585
6827.038,72.587
6828.039,72.588
6829.040,72.590
6830.041,72.592
6831.042,72.594
6832.043,72.595
6833.044,72.597
6834.045,72.599
6835.046,72.600
6836.047,72.602
6837.048,72.604
6838.049,72.606
6839.050,72.607
6840.051,72.609
6841.052,72.611
6842.053,72.612
6843.054,72.614
6844.055,72.616
6845.056,72.617
6846.057,72.619
6847.058,72.621
6848.059,72.623
6849.060,72.624
6850.061,72.626
6851.062,72.628
6852.063,72.629
6853.063,72.631
6854.064,72.633
6855.065,72.634
6856.066,72.636
6857.067,72.638
6858.068,72.640
6859.069,72.641
6860.070,72.643
6861.071,72.645
6862.072,72.646
6863.073,72.648
6864.074,72.650
6865.075,72.651
6866.076,72.653
6867.077,72.655
6868.078,72.657
6869.079,72.658
6870.080,72.660
6871.081,72.662
6872.082,72.663
6873.083,72.665
6874.084,72.667
6875.085,72.668
6876.086,72.670
6877.087,72.672
6878.088,72.673
6879.089,72.675
6880.090,72.677
6881.091,72.678
6882.092,72.680
6883.093,72.682
6884.094,72.683
6885.095,72.685
6886.096,72.687
6887.097,72.688
6888.098,72.690
6889.099,72.692
6890.100,72.693
6891.101,72.695
6892.102,72.697
6893.103,72.698
6894.104,72.700
6895.104,72.702
6896.105,72.703
6897.106,72.705
6898.107,72.707
6899.108,72.708
6900.109,72.710
6901.110,72.712
6902.111,72.713
6903.112,72.715
6904.113,72.717
6905.114,72.718
6906.115,72.720
6907.116,72.722
6908.117,72.723
6909.118,72.725
6910.119,72.727
6911.120,72.728
6912.121,72.730
6913.122,72.732
6914.123,72.733
6915.124,72.735
6916.125,72.737
6917.126,72.738
6918.127,72.740
6919.128,72.742
6920.129,72.743
6921.130,72.745
6922.131,72.746
6923.132,72.748
6924.133,72.750
6925.134,72.751
6926.135,72.753
6927.136,72.755
6928.137,72.756
6929.138,72.758
6930.139,72.760
6931.140,72.761
6932.141,72.763
6933.142,72.765
6934.143,72.766
6935.144,72.768
6936.145,72.770
6937.146,72.771
6938.146,72.773
6939.147,72.775
6940.148,72.776
6941.149,72.778
6942.150,72.779
6943.151,72.781
6944.152,72.783
6945.153,72.784
6946.154,72.786
6947.155,72.788
6948.156,72.789
6949.157,72.791
6950.158,72.793
6951.159,72.794
6952.160,72.796
6953.161,72.797
6954.162,72.799
6955.163,72.801
6956.164,72.802
6957.165,72.804
6958.166,72.806
6959.167,72.807
6960.168,72.809
6961.169,72.811
6962.170,72.812
6963.171,72.814
6964.172,72.816
6965.173,72.817
6966.174,72.819
6967.175,72.820
6968.176,72.822
6969.177,72.824
6970.178,72.825
6971.179,72.827
6972.180,72.829
6973.181,72.830
6974.182,72.832
6975.183,72.833
6976.184,72.835
6977.185,72.837
6978.186,72.838
6979.187,72.840
6980.188,72.842
6981.188,72.843
6982.189,72.845
6983.190,72.846
6984.191,72.848
6985.192,72.850
6986.193,72.851
6987.194,72.853
6988.195,72.855
6989.196,72.856
6990.197,72.858
6991.198,72.859
6992.199,72.861
6993.200,72.863
6994.201,72.864
6995.202,72.866
6996.203,72.868
6997.204,72.869
6998.205,72.871
6999.206,72.872
7000.207,72.874
7001.208,72.876
7002.209,72.877
7003.210,72.879
7004.211,72.880
7005.212,72.882
7006.213,72.883
7007.214,72.885
7008.215,72.887
7009.216,72.888
7010.217,72.890
7011.218,72.891
7012.219,72.893
7013.220,72.895
7014.221,72.896
7015.222,72.898
7016.223,72.899
7017.224,72.901
7018.225,72.903
7019.226,72.904
7020.227,72.906
7021.228,72.907
7022.229,72.909
7023.229,72.911
7024.230,72.912
7025.231,72.914
7026.232,72.915
7027.233,72.917
7028.234,72.918
7029.235,72.920
7030.236,72.922
7031.237,72.923
7032.238,72.925
7033.239,72.926
7034.240,72.928
7035.241,72.930
7036.242,72.931
7037.243,72.933
7038.244,72.934
7039.245,72.936
7040.246,72.937
7041.247,72.939
7042.248,72.941
7043.249,72.942
7044.250,72.944
7045.251,72.945
7046.252,72.947
7047.253,72.948
7048.254,72.950
7049.255,72.952
7050.256,72.953
7051.257,72.955
7052.258,72.956
7053.259,72.958
7054.260,72.959
7055.261,72.961
7056.262,72.963
7057.263,72.964
7058.264,72.966
7059.265,72.967
7060.266,72.969
7061.267,72.970
7062.268,72.972
7063.269,72.974
7064.270,72.975
7065.271,72.977
7066.271,72.978
7067.272,72.980
7068.273,72.981
7069.274,72.983
7070.275,72.984
7071.276,72.986
7072.277,72.988
7073.278,72.989
7074.279,72.991
7075.280,72.992
7076.281,72.994
7077.282,72.995
7078.283,72.997
7079.284,72.999
7080.285,73.000
7081.286,73.002
7082.287,73.003
7083.288,73.005
7084.289,73.006
7085.290,73.008
7086.291,73.009
7087.292,73.011
7088.293,73.013
7089.294,73.014
7090.295,73.016
7091.296,73.017
7092.297,73.019
7093.298,73.020
7094.299,73.022
7095.300,73.023
7096.301,73.025
7097.302,73.027
7098.303,73.028
7099.304,73.030
7100.305,73.031
7101.306,73.033
7102.307,73.034
7103.308,73.036
7104.309,73.037
7105.310,73.039
7106.311,73.040
7107.312,73.042
7108.313,73.044
7109.313,73.045
7110.314,73.047
7111.315,73.048
7112.316,73.050
7113.317,73.051
7114.318,73.053
7115.319,73.054
7116.320,73.056
7117.321,73.057
7118.322,73.059
7119.323,73.060
7120.324,73.062
7121.325,73.063
7122.326,73.065
7123.327,73.067
7124.328,73.068
7125.329,73.070
7126.330,73.071
7127.331,73.073
7128.332,73.074
7129.333,73.076
7130.334,73.077
7131.335,73.079
7132.336,73.080
7133.337,73.082
7134.338,73.083
7135.339,73.085
7136.340,73.086
7137.341,73.088
7138.342,73.090
7139.343,73.091
7140.344,73.093
7141.345,73.094
7142.346,73.096
7143.347,73.097
7144.348,73.099
7145.349,73.100
7146.350,73.102
7147.351,73.103
7148.352,73.105
7149.353,73.106
7150.354,73.108
7151.354,73.109
7152.355,73.111
7153.356,73.112
7154.357,73.114
7155.358,73.116
7156.359,73.117
7157.360,73.119
7158.361,73.120
7159.362,73.122
7160.363,73.123
7161.364,73.125
7162.365,73.126
7163.366,73.128
7164.367,73.129
7165.368,73.131
7166.369,73.132
7167.370,73.134
7168.371,73.135
7169.372,73.137
7170.373,73.138
7171.374,73.140
7172.375,73.141
7173.376,73.143
7174.377,73.144
7175.378,73.146
7176.379,73.147
7177.380,73.149
7178.381,73.150
7179.382,73.152
7180.383,73.154
7181.384,73.155
7182.385,73.157
7183.386,73.158
7184.387,73.160
7185.388,73.161
7186.389,73.163
7187.390,73.164
7188.391,73.166
7189.392,73.167
7190.393,73.169
7191.394,73.170
7192.395,73.172
7193.396,73.173
7194.396,73.175
7195.397,73.176
7196.398,73.178
7197.399,73.179
7198.400,73.181
7199.401,73.182
7200.402,73.184
7201.403,73.185
7202.404,73.187
7203.405,73.188
7204.406,73.190
7205.407,73.191
7206.408,73.193
7207.409,73.194
7208.410,73.196
7209.411,73.197
7210.412,73.199
7211.413,73.200
7212.414,73.202
7213.415,73.203
7214.416,73.204
7215.417,73.206
7216.418,73.207
7217.419,73.209
7218.420,73.210
7219.421,73.212
7220.422,73.213
7221.423,73.215
7222.424,73.216
7223.425,73.218
7224.426,73.219
7225.427,73.221
7226.428,73.222
7227.429,73.224
7228.430,73.225
7229.431,73.227
7230.432,73.228
7231.433,73.230
7232.434,73.231
7233.435,73.233
7234.436,73.234
7235.437,73.236
7236.438,73.237
7237.438,73.239
7238.439,73.240
7239.440,73.242
7240.441,73.243
7241.442,73.245
7242.443,73.246
7243.444,73.248
7244.445,73.249
7245.446,73.250
7246.447,73.252
7247.448,73.253
7248.449,73.255
7249.450,73.256
7250.451,73.258
7251.452,73.259
7252.453,73.261
7253.454,73.262
7254.455,73.264
7255.456,73.265
7256.457,73.267
7257.458,73.268
7258.459,73.270
7259.460,73.271
7260.461,73.273
7261.462,73.274
7262.463,73.275
7263.464,73.277
7264.465,73.278
7265.466,73.280
7266.467,73.281
7267.468,73.283
7268.469,73.284
7269.470,73.286
7270.471,73.287
7271.472,73.289
7272.473,73.290
7273.474,73.292
7274.475,73.293
7275.476,73.294
7276.477,73.296
7277.478,73.297
7278.479,73.299
7279.479,73.300
7280.480,73.302
7281.481,73.303
7282.482,73.305
7283.483,73.306
7284.484,73.308
7285.485,73.309
7286.486,73.310
7287.487,73.312
7288.488,73.313
7289.489,73.315
7290.490,73.316
7291.491,73.318
7292.492,73.319
7293.493,73.321
7294.494,73.322
7295.495,73.323
7296.496,73.325
7297.497,73.326
7298.498,73.328
7299.499,73.329
7300.500,73.331
7301.501,73.332
7302.502,73.334
7303.503,73.335
7304.504,73.336
7305.505,73.338
7306.506,73.339
7307.507,73.341
7308.508,73.342
7309.509,73.344
7310.510,73.345
7311.511,73.346
7312.512,73.348
7313.513,73.349
7314.514,73.351
7315.515,73.352
7316.516,73.354
7317.517,73.355
7318.518,73.356
7319.519,73.358
7320.520,73.359
7321.521,73.361
7322.521,73.362
7323.522,73.364
7324.523,73.365
7325.524,73.366
7326.525,73.368
7327.526,73.369
7328.527,73.371
7329.528,73.372
7330.529,73.373
7331.530,73.375
7332.531,73.376
7333.532,73.378
7334.533,73.379
7335.534,73.381
7336.535,73.382
7337.536,73.383
7338.537,73.385
7339.538,73.386
7340.539,73.388
7341.540,73.389
7342.541,73.390
7343.542,73.392
7344.543,73.393
7345.544,73.395
7346.545,73.396
7347.546,73.398
7348.547,73.399
7349.548,73.400
7350.549,73.402
7351.550,73.403
7352.551,73.405
7353.552,73.406
7354.553,73.407
7355.554,73.409
7356.555,73.410
7357.556,73.412
7358.557,73.413
7359.558,73.414
7360.559,73.416
7361.560,73.417
7362.561,73.419
7363.562,73.420
7364.563,73.421
7365.563,73.423
7366.564,73.424
7367.565,73.426
7368.566,73.427
7369.567,73.428
7370.568,73.430
7371.569,73.431
7372.570,73.433
7373.571,73.434
7374.572,73.435
7375.573,73.437
7376.574,73.438
7377.575,73.440
7378.576,73.441
7379.577,73.442
7380.578,73.444
7381.579,73.445
7382.580,73.447
7383.581,73.448
7384.582,73.449
7385.583,73.451
7386.584,73.452
7387.585,73.454
7388.586,73.455
7389.587,73.456
7390.588,73.458
7391.589,73.459
7392.590,73.460
7393.591,73.462
7394.592,73.463
7395.593,73.465
7396.594,73.466
7397.595,73.467
7398.596,73.469
7399.597,73.470
7400.598,73.472
7401.599,73.473
7402.600,73.474
7403.601,73.476
7404.602,73.477
7405.603,73.478
7406.604,73.480
7407.604,73.481
7408.605,73.483
7409.606,73.484
7410.607,73.485
7411.608,73.487
7412.609,73.488
7413.610,73.489
7414.611,73.491
7415.612,73.492
7416.613,73.494
7417.614,73.495
7418.615,73.496
7419.616,73.498
7420.617,73.499
7421.618,73.500
7422.619,73.502
7423.620,73.503
7424.621,73.505
7425.622,73.506
7426.623,73.507
7427.624,73.509
7428.625,73.510
7429.626,73.511
7430.627,73.513
7431.628,73.514
7432.629,73.516
7433.630,73.517
7434.631,73.518
7435.632,73.520
7436.633,73.521
7437.634,73.522
7438.635,73.524
7439.636,73.525
7440.637,73.526
7441.638,73.528
7442.639,73.529
7443.640,73.531
7444.641,73.532
7445.642,73.533
7446.643,73.535
7447.644,73.536
7448.645,73.537
7449.646,73.539
7450.646,73.540
7451.647,73.541
7452.648,73.543
7453.649,73.544
7454.650,73.545
7455.651,73.547
7456.652,73.548
7457.653,73.550
7458.654,73.551
7459.655,73.552
7460.656,73.554
7461.657,73.555
7462.658,73.556
7463.659,73.558
7464.660,73.559
7465.661,73.560
7466.662,73.562
7467.663,73.563
7468.664,73.564
7469.665,73.566
7470.666,73.567
7471.667,73.568
7472.668,73.570
7473.669,73.571
7474.670,73.573
7475.671,73.574
7476.672,73.575
7477.673,73.577
7478.674,73.578
7479.675,73.579
7480.676,73.581
7481.677,73.582
7482.678,73.583
7483.679,73.585
7484.680,73.586
7485.681,73.587
7486.682,73.589
7487.683,73.590
7488.684,73.591
7489.685,73.593
7490.686,73.594
7491.687,73.595
7492.688,73.597
7493.688,73.598
7494.689,73.599
7495.690,73.601
7496.691,73.602
7497.692,73.603
7498.693,73.605
7499.694,73.606
7500.695,73.607
7501.696,73.609
7502.697,73.610
7503.698,73.611
7504.699,73.613
7505.700,73.614
7506.701,73.615
7507.702,73.617
7508.703,73.618
7509.704,73.619
7510.705,73.621
7511.706,73.622
7512.707,73.623
7513.708,73.625
7514.709,73.626
7515.710,73.628
7516.711,73.629
7517.712,73.630
7518.713,73.631
7519.714,73.633
7520.715,73.634
7521.716,73.635
7522.717,73.637
7523.718,73.638
7524.719,73.639
7525.720,73.641
7526.721,73.642
7527.722,73.643
7528.723,73.645
7529.724,73.646
7530.725,73.647
7531.726,73.649
7532.727,73.650
7533.728,73.651
7534.729,73.653
7535.729,73.654
7536.730,73.655
7537.731,73.657
7538.732,73.658
7539.733,73.659
7540.734,73.660
7541.735,73.662
7542.736,73.663
7543.737,73.664
7544.738,73.666
7545.739,73.667
7546.740,73.668
7547.741,73.670
7548.742,73.671
7549.743,73.672
7550.744,73.673
7551.745,73.675
7552.746,73.676
7553.747,73.677
7554.748,73.679
7555.749,73.680
7556.750,73.681
7557.751,73.683
7558.752,73.684
7559.753,73.685
7560.754,73.686
7561.755,73.688
7562.756,73.689
7563.757,73.690
7564.758,73.692
7565.759,73.693
7566.760,73.694
7567.761,73.696
7568.762,73.697
7569.763,73.698
7570.764,73.699
7571.765,73.701
7572.766,73.702
7573.767,73.703
7574.768,73.705
7575.769,73.706
7576.770,73.707
7577.771,73.708
7578.771,73.710
7579.772,73.711
7580.773,73.712
7581.774,73.714
7582.775,73.715
7583.776,73.716
7584.777,73.718
7585.778,73.719
7586.779,73.720
7587.780,73.721
7588.781,73.723
7589.782,73.724
7590.783,73.725
7591.784,73.727
7592.785,73.728
7593.786,73.729
7594.787,73.730
7595.788,73.732
7596.789,73.733
7597.790,73.734
7598.791,73.736
7599.792,73.737
7600.793,73.738
7601.794,73.739
7602.795,73.741
7603.796,73.742
7604.797,73.743
7605.798,73.745
7606.799,73.746
7607.800,73.747
7608.801,73.748
7609.802,73.750
7610.803,73.751
7611.804,73.752
7612.805,73.754
7613.806,73.755
7614.807,73.756
7615.808,73.757
7616.809,73.759
7617.810,73.760
7618.811,73.761
7619.812,73.763
7620.813,73.764
7621.813,73.765
7622.814,73.766
7623.815,73.768
7624.816,73.769
7625.817,73.770
7626.818,73.772
7627.819,73.773
7628.820,73.774
7629.821,73.775
7630.822,73.777
7631.823,73.778
7632.824,73.779
7633.825,73.780
7634.826,73.782
7635.827,73.783
7636.828,73.784
7637.829,73.785
7638.830,73.787
7639.831,73.788
7640.832,73.789
7641.833,73.791
7642.834,73.792
7643.835,73.793
7644.836,73.794
7645.837,73.796
7646.838,73.797
7647.839,73.798
7648.840,73.799
7649.841,73.801
7650.842,73.802
7651.843,73.803
7652.844,73.804
7653.845,73.806
7654.846,73.807
7655.847,73.808
7656.848,73.809
7657.849,73.811
7658.850,73.812
7659.851,73.813
7660.852,73.814
7661.853,73.816
7662.854,73.817
7663.854,73.818
7664.855,73.819
7665.856,73.821
7666.857,73.822
7667.858,73.823
7668.859,73.824
7669.860,73.826
7670.861,73.827
7671.862,73.828
7672.863,73.829
7673.864,73.831
7674.865,73.832
7675.866,73.833
7676.867,73.834
7677.868,73.836
7678.869,73.837
7679.870,73.838
7680.871,73.839
7681.872,73.841
7682.873,73.842
7683.874,73.843
7684.875,73.844
7685.876,73.845
7686.877,73.847
7687.878,73.848
7688.879,73.849
7689.880,73.850
7690.881,73.852
7691.882,73.853
7692.883,73.854
7693.884,73.855
7694.885,73.857
7695.886,73.858
7696.887,73.859
7697.888,73.860
7698.889,73.862
7699.890,73.863
7700.891,73.864
7701.892,73.865
7702.893,73.866
7703.894,73.868
7704.895,73.869
7705.896,73.870
7706.896,73.871
7707.897,73.873
7708.898,73.874
7709.899,73.875
7710.900,73.876
7711.901,73.877
7712.902,73.879
7713.903,73.880
7714.904,73.881
7715.905,73.882
7716.906,73.884
7717.907,73.885
7718.908,73.886
7719.909,73.887
7720.910,73.888
7721.911,73.890
7722.912,73.891
7723.913,73.892
7724.914,73.893
7725.915,73.894
7726.916,73.896
7727.917,73.897
7728.918,73.898
7729.919,73.899
7730.920,73.901
7731.921,73.902
7732.922,73.903
7733.923,73.904
7734.924,73.905
7735.925,73.907
7736.926,73.908
7737.927,73.909
7738.928,73.910
7739.929,73.912
7740.930,73.913
7741.931,73.914
7742.932,73.915
7743.933,73.916
7744.934,73.918
7745.935,73.919
7746.936,73.920
7747.937,73.921
7748.938,73.922
7749.938,73.924
7750.939,73.925
7751.940,73.926
7752.941,73.927
7753.942,73.929
7754.943,73.930
7755.944,73.931
7756.945,73.932
7757.946,73.933
7758.947,73.935
7759.948,73.936
7760.949,73.937
7761.950,73.938
7762.951,73.939
7763.952,73.941
7764.953,73.942
7765.954,73.943
7766.955,73.944
7767.956,73.945
7768.957,73.947
7769.958,73.948
7770.959,73.949
7771.960,73.950
7772.961,73.951
7773.962,73.953
7774.963,73.954
7775.964,73.955
7776.965,73.956
7777.966,73.957
7778.967,73.959
7779.968,73.960
7780.969,73.961
7781.970,73.962
7782.971,73.963
7783.972,73.965
7784.973,73.966
7785.974,73.967
7786.975,73.968
7787.976,73.969
7788.977,73.971
7789.978,73.972
7790.979,73.973
7791.979,73.974
7792.980,73.975
7793.981,73.976
7794.982,73.978
7795.983,73.979
7796.984,73.980
7797.985,73.981
7798.986,73.982
7799.987,73.984
7800.988,73.985
7801.989,73.986
7802.990,73.987
7803.991,73.988
7804.992,73.990
7805.993,73.991
7806.994,73.992
7807.995,73.993
7808.996,73.994
7809.997,73.996
7810.998,73.997
7811.999,73.998
7813.000,73.999
7814.001,74.000
7815.002,74.001
7816.003,74.003
7817.004,74.004
7818.005,74.005
7819.006,74.006
7820.007,74.007
7821.008,74.009
7822.009,74.010
7823.010,74.011
7824.011,74.012
7825.012,74.013
7826.013,74.015
7827.014,74.016
7828.015,74.017
7829.016,74.018
7830.017,74.019
7831.018,74.020
7832.019,74.022
7833.020,74.023
7834.021,74.024
7835.021,74.025
7836.022,74.026
7837.023,74.027
7838.024,74.029
7839.025,74.030
7840.026,74.031
7841.027,74.032
7842.028,74.033
7843.029,74.035
7844.030,74.036
7845.031,74.037
7846.032,74.038
7847.033,74.039
7848.034,74.040
7849.035,74.042
7850.036,74.043
7851.037,74.044
7852.038,74.045
7853.039,74.046
7854.040,74.047
7855.041,74.048
7856.042,74.050
7857.043,74.051
7858.044,74.052
7859.045,74.053
7860.046,74.054
7861.047,74.055
7862.048,74.057
7863.049,74.058
7864.050,74.059
7865.051,74.060
7866.052,74.061
7867.053,74.062
7868.054,74.064
7869.055,74.065
7870.056,74.066
7871.057,74.067
7872.058,74.068
7873.059,74.069
7874.060,74.071
7875.061,74.072
7876.062,74.073
7877.063,74.074
7878.063,74.075
7879.064,74.076
7880.065,74.077
7881.066,74.079
7882.067,74.080
7883.068,74.081
7884.069,74.082
7885.070,74.083
7886.071,74.084
7887.072,74.086
7888.073,74.087
7889.074,74.088
7890.075,74.089
7891.076,74.090
7892.077,74.091
7893.078,74.092
7894.079,74.094
7895.080,74.095
7896.081,74.096
7897.082,74.097
7898.083,74.098
7899.084,74.099
7900.085,74.101
7901.086,74.102
7902.087,74.103
7903.088,74.104
7904.089,74.105
7905.090,74.106
7906.091,74.107
7907.092,74.109
7908.093,74.110
7909.094,74.111
7910.095,74.112
7911.096,74.113
7912.097,74.114
7913.098,74.116
7914.099,74.117
7915.100,74.118
7916.101,74.119
7917.102,74.120
7918.103,74.121
7919.104,74.122
7920.104,74.124
7921.105,74.125
7922.106,74.126
7923.107,74.127
7924.108,74.128
7925.109,74.129
7926.110,74.130
7927.111,74.132
7928.112,74.133
7929.113,74.134
7930.114,74.135
7931.115,74.136
7932.116,74.137
7933.117,74.138
7934.118,74.139
7935.119,74.141
7936.120,74.142
7937.121,74.143
7938.122,74.144
7939.123,74.145
7940.124,74.146
7941.125,74.147
7942.126,74.148
7943.127,74.150
7944.128,74.151
7945.129,74.152
7946.130,74.153
7947.131,74.154
7948.132,74.155
7949.133,74.156
7950.134,74.157
7951.135,74.159
7952.136,74.160
7953.137,74.161
7954.138,74.162
7955.139,74.163
7956.140,74.164
7957.141,74.165
7958.142,74.166
7959.143,74.168
7960.144,74.169
7961.145,74.170
7962.146,74.171
7963.146,74.172
7964.147,74.173
7965.148,74.174
7966.149,74.175
7967.150,74.177
7968.151,74.178
7969.152,74.179
7970.153,74.180
7971.154,74.181
7972.155,74.182
7973.156,74.183
7974.157,74.184
7975.158,74.186
7976.159,74.187
7977.160,74.188
7978.161,74.189
7979.162,74.190
7980.163,74.191
7981.164,74.192
7982.165,74.193
7983.166,74.195
7984.167,74.196
7985.168,74.197
7986.169,74.198
7987.170,74.199
7988.171,74.200
7989.172,74.201
7990.173,74.202
7991.174,74.203
7992.175,74.205
7993.176,74.206
7994.177,74.207
7995.178,74.208
7996.179,74.209
7997.180,74.210
7998.181,74.211
7999.182,74.212
8000.183,74.214
8001.184,74.215
8002.185,74.216
8003.186,74.217
8004.187,74.218
8005.188,74.219
8006.188,74.220
8007.189,74.221
8008.190,74.222
8009.191,74.224
8010.192,74.225
8011.193,74.226
8012.194,74.227
8013.195,74.228
8014.196,74.229
8015.197,74.230
8016.198,74.231
8017.199,74.232
8018.200,74.233
8019.201,74.235
8020.202,74.236
8021.203,74.237
8022.204,74.238
8023.205,74.239
8024.206,74.240
8025.207,74.241
8026.208,74.242
8027.209,74.243
8028.210,74.244
8029.211,74.246
8030.212,74.247
8031.213,74.248
8032.214,74.249
8033.215,74.250
8034.216,74.251
8035.217,74.252
8036.218,74.253
8037.219,74.254
8038.220,74.255
8039.221,74.256
8040.222,74.258
8041.223,74.259
8042.224,74.260
8043.225,74.261
8044.226,74.262
8045.227,74.263
8046.228,74.264
8047.229,74.265
8048.229,74.266
8049.230,74.267
8050.231,74.269
8051.232,74.270
8052.233,74.271
8053.234,74.272
8054.235,74.273
8055.236,74.274
8056.237,74.275
8057.238,74.276
8058.239,74.277
8059.240,74.278
8060.241,74.280
8061.242,74.281
8062.243,74.282
8063.244,74.283
8064.245,74.284
8065.246,74.285
8066.247,74.286
8067.248,74.287
8068.249,74.288
8069.250,74.289
8070.251,74.290
8071.252,74.291
8072.253,74.293
8073.254,74.294
8074.255,74.295
8075.256,74.296
8076.257,74.297
8077.258,74.298
8078.259,74.299
8079.260,74.300
8080.261,74.301
8081.262,74.302
8082.263,74.303
8083.264,74.305
8084.265,74.306
8085.266,74.307
8086.267,74.308
8087.268,74.309
8088.269,74.310
8089.270,74.311
8090.271,74.312
8091.271,74.313
8092.272,74.314
8093.273,74.315
8094.274,74.316
8095.275,74.317
8096.276,74.319
8097.277,74.320
8098.278,74.321
8099.279,74.322
8100.280,74.323
8101.281,74.324
8102.282,74.325
8103.283,74.326
8104.284,74.327
8105.285,74.328
8106.286,74.329
8107.287,74.330
8108.288,74.331
8109.289,74.333
8110.290,74.334
8111.291,74.335
8112.292,74.336
8113.293,74.337
8114.294,74.338
8115.295,74.339
8116.296,74.340
8117.297,74.341
8118.298,74.342
8119.299,74.343
8120.300,74.344
8121.301,74.346
8122.302,74.347
8123.303,74.348
8124.304,74.349
8125.305,74.350
8126.306,74.351
8127.307,74.352
8128.308,74.353
8129.309,74.354
8130.310,74.355
8131.311,74.356
8132.312,74.357
8133.313,74.358
8134.313,74.360
8135.314,74.361
8136.315,74.362
8137.316,74.363
8138.317,74.364
8139.318,74.365
8140.319,74.366
8141.320,74.367
8142.321,74.368
8143.322,74.369
8144.323,74.370
8145.324,74.371
8146.325,74.372
8147.326,74.374
8148.327,74.375
8149.328,74.376
8150.329,74.377
8151.330,74.378
8152.331,74.379
8153.332,74.380
8154.333,74.381
8155.334,74.382
8156.335,74.383
8157.336,74.384
8158.337,74.385
8159.338,74.386
8160.339,74.387
8161.340,74.388
8162.341,74.389
8163.342,74.391
8164.343,74.392
8165.344,74.393
8166.345,74.394
8167.346,74.395
8168.347,74.396
8169.348,74.397
8170.349,74.398
8171.350,74.399
8172.351,74.400
8173.352,74.401
8174.353,74.402
8175.354,74.403
8176.354,74.404
8177.355,74.405
8178.356,74.406
8179.357,74.407
8180.358,74.408
8181.359,74.410
8182.360,74.411
8183.361,74.412
8184.362,74.413
8185.363,74.414
8186.364,74.415
8187.365,74.416
8188.366,74.417
8189.367,74.418
8190.368,74.419
8191.369,74.420
8193.338,74.422
8195.291,74.424
8197.244,74.426
8199.197,74.428
8201.150,74.431
8203.104,74.433
8205.057,74.435
8207.010,74.437
8208.963,74.439
8210.916,74.441
8212.869,74.443
8214.822,74.445
8216.775,74.447
8218.729,74.449
8220.682,74.451
8222.635,74.454
8224.588,74.456
8226.541,74.458
8228.494,74.460
8230.447,74.462
8232.400,74.464
8234.354,74.466
8236.307,74.468
8238.260,74.470
8240.213,74.472
8242.166,74.474
8244.119,74.476
8246.072,74.478
8248.025,74.480
8249.979,74.483
8251.932,74.485
8253.885,74.487
8255.838,74.489
8257.791,74.491
8259.744,74.493
8261.697,74.495
8263.650,74.497
8265.604,74.499
8267.557,74.501
8269.510,74.503
8271.463,74.505
8273.416,74.507
8275.369,74.509
8277.322,74.511
8279.275,74.513
8281.229,74.515
8283.182,74.517
8285.135,74.519
8287.088,74.521
8289.041,74.523
8290.994,74.525
8292.947,74.527
8294.900,74.529
8296.854,74.531
8298.807,74.533
8300.760,74.535
8302.713,74.537
8304.666,74.539
8306.619,74.541
8308.572,74.543
8310.525,74.545
8312.479,74.547
8314.432,74.549
8316.385,74.551
8318.338,74.553
8320.291,74.555
8322.244,74.557
8324.197,74.559
8326.150,74.561
8328.104,74.563
8330.057,74.565
8332.010,74.567
8333.963,74.569
8335.916,74.571
8337.869,74.573
8339.822,74.575
8341.775,74.577
8343.729,74.579
8345.682,74.581
8347.635,74.583
8349.588,74.585
8351.541,74.587
8353.494,74.589
8355.447,74.591
8357.400,74.593
8359.354,74.595
8361.307,74.597
8363.260,74.599
8365.213,74.601
8367.166,74.603
8369.119,74.605
8371.072,74.607
8373.025,74.609
8374.979,74.611
8376.932,74.613
8378.885,74.615
8380.838,74.617
8382.791,74.618
8384.744,74.620
8386.697,74.622
8388.650,74.624
8390.604,74.626
8392.557,74.628
8394.510,74.630
8396.463,74.632
8398.416,74.634
8400.369,74.636
8402.322,74.638
8404.275,74.640
8406.229,74.642
8408.182,74.643
8410.135,74.645
8412.088,74.647
8414.041,74.649
8415.994,74.651
8417.947,74.653
8419.900,74.655
8421.854,74.657
8423.807,74.659
8425.760,74.660
8427.713,74.662
8429.666,74.664
8431.619,74.666
8433.572,74.668
8435.525,74.670
8437.479,74.672
8439.432,74.674
8441.385,74.675
8443.338,74.677
8445.291,74.679
8447.244,74.681
8449.197,74.683
8451.150,74.685
8453.104,74.687
8455.057,74.689
8457.010,74.690
8458.963,74.692
8460.916,74.694
8462.869,74.696
8464.822,74.698
8466.775,74.700
8468.729,74.702
8470.682,74.704
8472.635,74.705
8474.588,74.707
8476.541,74.709
8478.494,74.711
8480.447,74.713
8482.400,74.715
8484.354,74.716
8486.307,74.718
8488.260,74.720
8490.213,74.722
8492.166,74.724
8494.119,74.726
8496.072,74.728
8498.025,74.729
8499.979,74.731
8501.932,74.733
8503.885,74.735
8505.838,74.737
8507.791,74.739
8509.744,74.740
8511.697,74.742
8513.650,74.744
8515.604,74.746
8517.557,74.748
8519.510,74.749
8521.463,74.751
8523.416,74.753
8525.369,74.755
8527.322,74.757
8529.275,74.758
8531.229,74.760
8533.182,74.762
8535.135,74.764
8537.088,74.765
8539.041,74.767
8540.994,74.769
8542.947,74.771
8544.900,74.773
8546.854,74.774
8548.807,74.776
8550.760,74.778
8552.713,74.780
8554.666,74.781
8556.619,74.783
8558.572,74.785
8560.525,74.787
8562.479,74.788
8564.432,74.790
8566.385,74.792
8568.338,74.794
8570.291,74.795
8572.244,74.797
8574.197,74.799
8576.150,74.801
8578.104,74.802
8580.057,74.804
8582.010,74.806
8583.963,74.808
8585.916,74.809
8587.869,74.811
8589.822,74.813
8591.775,74.814
8593.729,74.816
8595.682,74.818
8597.635,74.820
8599.588,74.821
8601.541,74.823
8603.494,74.825
8605.447,74.826
8607.400,74.828
8609.354,74.830
8611.307,74.832
8613.260,74.833
8615.213,74.835
8617.166,74.837
8619.119,74.838
8621.072,74.840
8623.025,74.842
8624.979,74.843
8626.932,74.845
8628.885,74.847
8630.838,74.849
8632.791,74.850
8634.744,74.852
8636.697,74.854
8638.650,74.855
8640.604,74.857
8642.557,74.859
8644.510,74.861
8646.463,74.862
8648.416,74.864
8650.369,74.866
8652.322,74.867
8654.275,74.869
8656.229,74.871
8658.182,74.872
8660.135,74.874
8662.088,74.876
8664.041,74.877
8665.994,74.879
8667.947,74.881
8669.900,74.882
8671.854,74.884
8673.807,74.886
8675.760,74.887
8677.713,74.889
8679.666,74.891
8681.619,74.892
8683.572,74.894
8685.525,74.896
8687.479,74.897
8689.432,74.899
8691.385,74.901
8693.338,74.902
8695.291,74.904
8697.244,74.906
8699.197,74.907
8701.150,74.909
8703.104,74.911
8705.057,74.912
8707.010,74.914
8708.963,74.916
8710.916,74.917
8712.869,74.919
8714.822,74.921
8716.775,74.922
8718.729,74.924
8720.682,74.926
8722.635,74.927
8724.588,74.929
8726.541,74.931
8728.494,74.932
8730.447,74.934
8732.400,74.935
8734.354,74.937
8736.307,74.939
8738.260,74.940
8740.213,74.942
8742.166,74.944
8744.119,74.945
8746.072,74.947
8748.025,74.948
8749.979,74.950
8751.932,74.952
8753.885,74.953
8755.838,74.955
8757.791,74.956
8759.744,74.958
8761.697,74.960
8763.650,74.961
8765.604,74.963
8767.557,74.964
8769.510,74.966
8771.463,74.968
8773.416,74.969
8775.369,74.971
8777.322,74.972
8779.275,74.974
8781.229,74.976
8783.182,74.977
8785.135,74.979
8787.088,74.980
8789.041,74.982
8790.994,74.984
8792.947,74.985
8794.900,74.987
8796.854,74.988
8798.807,74.990
8800.760,74.992
8802.713,74.993
8804.666,74.995
8806.619,74.996
8808.572,74.998
8810.525,75.000
8812.479,75.001
8814.432,75.003
8816.385,75.004
8818.338,75.006
8820.291,75.008
8822.244,75.009
8824.197,75.011
8826.150,75.012
8828.104,75.014
8830.057,75.015
8832.010,75.017
8833.963,75.019
8835.916,75.020
8837.869,75.022
8839.822,75.023
8841.775,75.025
8843.729,75.026
8845.682,75.028
8847.635,75.029
8849.588,75.031
8851.541,75.033
8853.494,75.034
8855.447,75.036
8857.400,75.037
8859.354,75.039
8861.307,75.040
8863.260,75.042
8865.213,75.043
8867.166,75.045
8869.119,75.046
8871.072,75.048
8873.025,75.050
8874.979,75.051
8876.932,75.053
8878.885,75.054
8880.838,75.056
8882.791,75.057
8884.744,75.059
8886.697,75.060
8888.650,75.062
8890.604,75.063
8892.557,75.065
8894.510,75.067
8896.463,75.068
8898.416,75.070
8900.369,75.071
8902.322,75.073
8904.275,75.074
8906.229,75.076
8908.182,75.077
8910.135,75.079
8912.088,75.080
8914.041,75.082
8915.994,75.083
8917.947,75.085
8919.900,75.086
8921.854,75.088
8923.807,75.089
8925.760,75.091
8927.713,75.092
8929.666,75.094
8931.619,75.095
8933.572,75.097
8935.525,75.098
8937.479,75.100
8939.432,75.101
8941.385,75.103
8943.338,75.104
8945.291,75.106
8947.244,75.107
8949.197,75.109
8951.150,75.110
8953.104,75.112
8955.057,75.113
8957.010,75.115
8958.963,75.116
8960.916,75.118
8962.869,75.119
8964.822,75.121
8966.775,75.122
8968.729,75.124
8970.682,75.125
8972.635,75.127
8974.588,75.128
8976.541,75.130
8978.494,75.131
8980.447,75.133
8982.400,75.134
8984.354,75.136
8986.307,75.137
8988.260,75.139
8990.213,75.141
8992.166,75.142
8994.119,75.143
8996.072,75.145
8998.025,75.146
8999.979,75.148
9001.932,75.149
9003.885,75.151
9005.838,75.152
9007.791,75.154
9009.744,75.155
9011.697,75.157
9013.650,75.158
9015.604,75.160
9017.557,75.161
9019.510,75.163
9021.463,75.164
9023.416,75.166
9025.369,75.167
9027.322,75.169
9029.275,75.170
9031.229,75.172
9033.182,75.173
9035.135,75.175
9037.088,75.176
9039.041,75.178
9040.994,75.179
9042.947,75.181
9044.900,75.182
9046.854,75.184
9048.807,75.185
9050.760,75.187
9052.713,75.188
9054.666,75.190
9056.619,75.191
9058.572,75.193
9060.525,75.194
9062.479,75.196
9064.432,75.197
9066.385,75.199
9068.338,75.200
9070.291,75.202
9072.244,75.203
9074.197,75.205
9076.150,75.206
9078.104,75.208
9080.057,75.209
9082.010,75.211
9083.963,75.212
9085.916,75.214
9087.869,75.215
9089.822,75.217
9091.775,75.218
9093.729,75.220
9095.682,75.221
9097.635,75.222
9099.588,75.224
9101.541,75.225
9103.494,75.227
9105.447,75.228
9107.400,75.230
9109.354,75.231
9111.307,75.233
9113.260,75.234
9115.213,75.236
9117.166,75.237
9119.119,75.239
9121.072,75.240
9123.025,75.242
9124.979,75.243
9126.932,75.245
9128.885,75.246
9130.838,75.248
9132.791,75.249
9134.744,75.251
9136.697,75.252
9138.650,75.254
9140.604,75.255
9142.557,75.257
9144.510,75.258
9146.463,75.259
9148.416,75.261
9150.369,75.262
9152.322,75.264
9154.275,75.265
9156.229,75.267
9158.182,75.268
9160.135,75.270
9162.088,75.271
9164.041,75.273
9165.994,75.274
9167.947,75.276
9169.900,75.277
9171.854,75.279
9173.807,75.280
9175.760,75.282
9177.713,75.283
9179.666,75.284
9181.619,75.286
9183.572,75.287
9185.525,75.289
9187.479,75.290
9189.432,75.292
9191.385,75.293
9193.338,75.295
9195.291,75.296
9197.244,75.298
9199.197,75.299
9201.150,75.301
9203.104,75.302
9205.057,75.304
9207.010,75.305
9208.963,75.307
9210.916,75.308
9212.869,75.309
9214.822,75.311
9216.775,75.312
9218.729,75.314
9220.682,75.315
9222.635,75.317
9224.588,75.318
9226.541,75.320
9228.494,75.321
9230.447,75.323
9232.400,75.324
9234.354,75.326
9236.307,75.327
9238.260,75.329
9240.213,75.330
9242.166,75.331
9244.119,75.333
9246.072,75.334
9248.025,75.336
9249.979,75.337
9251.932,75.339
9253.885,75.340
9255.838,75.342
9257.791,75.343
9259.744,75.345
9261.697,75.346
9263.650,75.348
9265.604,75.349
9267.557,75.350
9269.510,75.352
9271.463,75.353
9273.416,75.355
9275.369,75.356
9277.322,75.358
9279.275,75.359
9281.229,75.361
9283.182,75.362
9285.135,75.364
9287.088,75.365
9289.041,75.366
9290.994,75.368
9292.947,75.369
9294.900,75.371
9296.854,75.372
9298.807,75.374
9300.760,75.375
9302.713,75.377
9304.666,75.378
9306.619,75.379
9308.572,75.381
9310.525,75.382
9312.479,75.384
9314.432,75.385
9316.385,75.387
9318.338,75.388
9320.291,75.390
9322.244,75.391
9324.197,75.392
9326.150,75.394
9328.104,75.395
9330.057,75.397
9332.010,75.398
9333.963,75.400
9335.916,75.401
9337.869,75.402
9339.822,75.404
9341.775,75.405
9343.729,75.407
9345.682,75.408
9347.635,75.410
9349.588,75.411
9351.541,75.413
9353.494,75.414
9355.447,75.415
9357.400,75.417
9359.354,75.418
9361.307,75.420
9363.260,75.421
9365.213,75.423
9367.166,75.424
9369.119,75.425
9371.072,75.427
9373.025,75.428
9374.979,75.430
9376.932,75.431
9378.885,75.433
9380.838,75.434
9382.791,75.435
9384.744,75.437
9386.697,75.438
9388.650,75.440
9390.604,75.441
9392.557,75.442
9394.510,75.444
9396.463,75.445
9398.416,75.447
9400.369,75.448
9402.322,75.450
9404.275,75.451
9406.229,75.452
9408.182,75.454
9410.135,75.455
9412.088,75.457
9414.041,75.458
9415.994,75.459
9417.947,75.461
9419.900,75.462
9421.854,75.464
9423.807,75.465
9425.760,75.466
9427.713,75.468
9429.666,75.469
9431.619,75.471
9433.572,75.472
9435.525,75.474
9437.479,75.475
9439.432,75.476
9441.385,75.478
9443.338,75.479
9445.291,75.481
9447.244,75.482
9449.197,75.483
9451.150,75.485
9453.104,75.486
9455.057,75.487
9457.010,75.489
9458.963,75.490
9460.916,75.492
9462.869,75.493
9464.822,75.494
9466.775,75.496
9468.729,75.497
9470.682,75.499
9472.635,75.500
9474.588,75.501
9476.541,75.503
9478.494,75.504
9480.447,75.506
9482.400,75.507
9484.354,75.508
9486.307,75.510
9488.260,75.511
9490.213,75.512
9492.166,75.514
9494.119,75.515
9496.072,75.516
9498.025,75.518
9499.979,75.519
9501.932,75.521
9503.885,75.522
9505.838,75.523
9507.791,75.525
9509.744,75.526
9511.697,75.527
9513.650,75.529
9515.604,75.530
9517.557,75.532
9519.510,75.533
9521.463,75.534
9523.416,75.536
9525.369,75.537
9527.322,75.538
9529.275,75.540
9531.229,75.541
9533.182,75.542
9535.135,75.544
9537.088,75.545
9539.041,75.546
9540.994,75.548
9542.947,75.549
9544.900,75.550
9546.854,75.552
9548.807,75.553
9550.760,75.554
9552.713,75.556
9554.666,75.557
9556.619,75.558
9558.572,75.560
9560.525,75.561
9562.479,75.562
9564.432,75.564
9566.385,75.565
9568.338,75.566
9570.291,75.568
9572.244,75.569
9574.197,75.570
9576.150,75.572
9578.104,75.573
9580.057,75.574
9582.010,75.576
9583.963,75.577
9585.916,75.578
9587.869,75.580
9589.822,75.581
9591.775,75.582
9593.729,75.584
9595.682,75.585
9597.635,75.586
9599.588,75.588
9601.541,75.589
9603.494,75.590
9605.447,75.592
9607.400,75.593
9609.354,75.594
9611.307,75.595
9613.260,75.597
9615.213,75.598
9617.166,75.599
9619.119,75.601
9621.072,75.602
9623.025,75.603
9624.979,75.605
9626.932,75.606
9628.885,75.607
9630.838,75.608
9632.791,75.610
9634.744,75.611
9636.697,75.612
9638.650,75.614
9640.604,75.615
9642.557,75.616
9644.510,75.617
9646.463,75.619
9648.416,75.620
9650.369,75.621
9652.322,75.623
9654.275,75.624
9656.229,75.625
9658.182,75.626
9660.135,75.628
9662.088,75.629
9664.041,75.630
9665.994,75.632
9667.947,75.633
9669.900,75.634
9671.854,75.635
9673.807,75.637
9675.760,75.638
9677.713,75.639
9679.666,75.641
9681.619,75.642
9683.572,75.643
9685.525,75.644
9687.479,75.646
9689.432,75.647
9691.385,75.648
9693.338,75.649
9695.291,75.651
9697.244,75.652
9699.197,75.653
9701.150,75.654
9703.104,75.655
9705.057,75.657
9707.010,75.658
9708.963,75.659
9710.916,75.660
9712.869,75.662
9714.822,75.663
9716.775,75.664
9718.729,75.665
9720.682,75.666
9722.635,75.668
9724.588,75.669
9726.541,75.670
9728.494,75.671
9730.447,75.672
9732.400,75.674
9734.354,75.675
9736.307,75.676
9738.260,75.677
9740.213,75.679
9742.166,75.680
9744.119,75.681
9746.072,75.682
9748.025,75.683
9749.979,75.685
9751.932,75.686
9753.885,75.687
9755.838,75.688
9757.791,75.689
9759.744,75.691
9761.697,75.692
9763.650,75.693
9765.604,75.694
9767.557,75.695
9769.510,75.697
9771.463,75.698
9773.416,75.699
9775.369,75.700
9777.322,75.701
9779.275,75.703
9781.229,75.704
9783.182,75.705
9785.135,75.706
9787.088,75.707
9789.041,75.709
9790.994,75.710
9792.947,75.711
9794.900,75.712
9796.854,75.713
9798.807,75.714
9800.760,75.716
9802.713,75.717
9804.666,75.718
9806.619,75.719
9808.572,75.720
9810.525,75.721
9812.479,75.723
9814.432,75.724
9816.385,75.725
9818.338,75.726
9820.291,75.727
9822.244,75.728
9824.197,75.729
9826.150,75.731
9828.104,75.732
9830.057,75.733
9832.010,75.734
9833.963,75.735
9835.916,75.736
9837.869,75.738
9839.822,75.739
9841.775,75.740
9843.729,75.741
9845.682,75.742
9847.635,75.743
9849.588,75.744
9851.541,75.745
9853.494,75.747
9855.447,75.748
9857.400,75.749
9859.354,75.750
9861.307,75.751
9863.260,75.752
9865.213,75.753
9867.166,75.754
9869.119,75.755
9871.072,75.757
9873.025,75.758
9874.979,75.759
9876.932,75.760
9878.885,75.761
9880.838,75.762
9882.791,75.763
9884.744,75.764
9886.697,75.765
9888.650,75.766
9890.604,75.767
9892.557,75.768
9894.510,75.769
9896.463,75.770
9898.416,75.771
9900.369,75.773
9902.322,75.774
9904.275,75.775
9906.229,75.776
9908.182,75.777
9910.135,75.778
9912.088,75.779
9914.041,75.780
9915.994,75.781
9917.947,75.782
9919.900,75.783
9921.854,75.784
9923.807,75.785
9925.760,75.786
9927.713,75.787
9929.666,75.788
9931.619,75.789
9933.572,75.790
9935.525,75.791
9937.479,75.792
9939.432,75.793
9941.385,75.794
9943.338,75.795
9945.291,75.797
9947.244,75.798
9949.197,75.799
9951.150,75.800
9953.104,75.801
9955.057,75.802
9957.010,75.803
9958.963,75.804
9960.916,75.805
9962.869,75.806
9964.822,75.807
9966.775,75.808
9968.729,75.809
9970.682,75.810
9972.635,75.811
9974.588,75.812
9976.541,75.813
9978.494,75.814
9980.447,75.815
9982.400,75.816
9984.354,75.817
9986.307,75.818
9988.260,75.819
9990.213,75.820
9992.166,75.821
9994.119,75.822
9996.072,75.823
9998.025,75.824
9999.979,75.825
10001.930,75.826
10003.880,75.827
10005.840,75.828
10007.790,75.829
10009.740,75.830
10011.700,75.831
10013.650,75.832
10015.600,75.833
10017.560,75.834
10019.510,75.834
10021.460,75.835
10023.420,75.836
10025.370,75.837
10027.320,75.838
10029.280,75.839
10031.230,75.840
10033.180,75.841
10035.130,75.842
10037.090,75.843
10039.040,75.844
10040.990,75.845
10042.950,75.846
10044.900,75.847
10046.850,75.848
10048.810,75.849
10050.760,75.850
10052.710,75.851
10054.670,75.852
10056.620,75.853
10058.570,75.854
10060.530,75.854
10062.480,75.855
10064.430,75.856
10066.380,75.857
10068.340,75.858
10070.290,75.859
10072.240,75.860
10074.200,75.861
10076.150,75.862
10078.100,75.863
10080.060,75.864
10082.010,75.865
10083.960,75.866
10085.920,75.867
10087.870,75.868
10089.820,75.869
10091.780,75.869
10093.730,75.870
10095.680,75.871
10097.630,75.872
10099.590,75.873
10101.540,75.874
10103.490,75.875
10105.450,75.876
10107.400,75.877
10109.350,75.878
10111.310,75.879
10113.260,75.879
10115.210,75.880
10117.170,75.881
10119.120,75.882
10121.070,75.883
10123.030,75.884
10124.980,75.885
10126.930,75.886
10128.880,75.886
10130.840,75.887
10132.790,75.888
10134.740,75.889
10136.700,75.890
10138.650,75.891
10140.600,75.892
10142.560,75.892
10144.510,75.893
10146.460,75.894
10148.420,75.895
10150.370,75.896
10152.320,75.897
10154.280,75.898
10156.230,75.899
10158.180,75.899
10160.130,75.900
10162.090,75.901
10164.040,75.902
10165.990,75.903
10167.950,75.904
10169.900,75.905
10171.850,75.905
10173.810,75.906
10175.760,75.907
10177.710,75.908
10179.670,75.909
10181.620,75.910
10183.570,75.911
10185.530,75.911
10187.480,75.912
10189.430,75.913
10191.380,75.914
10193.340,75.915
10195.290,75.916
10197.240,75.916
10199.200,75.917
10201.150,75.918
10203.100,75.919
10205.060,75.920
10207.010,75.921
10208.960,75.921
10210.920,75.922
10212.870,75.923
10214.820,75.924
10216.780,75.925
10218.730,75.925
10220.680,75.926
10222.630,75.927
10224.590,75.928
10226.540,75.929
10228.490,75.929
10230.450,75.930
10232.400,75.931
10234.350,75.932
10236.310,75.933
10238.260,75.933
10240.210,75.934
10242.170,75.935
10244.120,75.936
10246.070,75.937
10248.030,75.937
10249.980,75.938
10251.930,75.939
10253.880,75.940
10255.840,75.941
10257.790,75.941
10259.740,75.942
10261.700,75.943
10263.650,75.944
10265.600,75.945
10267.560,75.945
10269.510,75.946
10271.460,75.947
10273.420,75.948
10275.370,75.948
10277.320,75.949
10279.280,75.950
10281.230,75.951
10283.180,75.952
10285.130,75.952
10287.090,75.953
10289.040,75.954
10290.990,75.955
10292.950,75.955
10294.900,75.956
10296.850,75.957
10298.810,75.958
10300.760,75.958
10302.710,75.959
10304.670,75.960
10306.620,75.961
10308.570,75.961
10310.530,75.962
10312.480,75.963
10314.430,75.964
10316.380,75.964
10318.340,75.965
10320.290,75.966
10322.240,75.967
10324.200,75.968
10326.150,75.968
10328.100,75.969
10330.060,75.970
10332.010,75.971
10333.960,75.971
10335.920,75.972
10337.870,75.973
10339.820,75.974
10341.780,75.974
10343.730,75.975
10345.680,75.976
10347.630,75.977
10349.590,75.977
10351.540,75.978
10353.490,75.979
10355.450,75.980
10357.400,75.981
10359.350,75.981
10361.310,75.982
10363.260,75.983
10365.210,75.984
10367.170,75.984
10369.120,75.985
10371.070,75.986
10373.030,75.987
10374.980,75.987
10376.930,75.988
10378.880,75.989
10380.840,75.990
10382.790,75.990
10384.740,75.991
10386.700,75.992
10388.650,75.993
10390.600,75.993
10392.560,75.994
10394.510,75.995
10396.460,75.996
10398.420,75.997
10400.370,75.997
10402.320,75.998
10404.280,75.999
10406.230,76.000
10408.180,76.000
10410.130,76.001
10412.090,76.002
10414.040,76.003
10415.990,76.003
10417.950,76.004
10419.900,76.005
10421.850,76.006
10423.810,76.006
10425.760,76.007
10427.710,76.008
10429.670,76.009
10431.620,76.010
10433.570,76.010
10435.530,76.011
10437.480,76.012
10439.430,76.013
10441.380,76.013
10443.340,76.014
10445.290,76.015
10447.240,76.016
10449.200,76.016
10451.150,76.017
10453.100,76.018
10455.060,76.019
10457.010,76.019
10458.960,76.020
10460.920,76.021
10462.870,76.022
10464.820,76.022
10466.780,76.023
10468.730,76.024
10470.680,76.025
10472.630,76.026
10474.590,76.026
10476.540,76.027
10478.490,76.028
10480.450,76.029
10482.400,76.029
10484.350,76.030
10486.310,76.031
10488.260,76.032
10490.210,76.032
10492.170,76.033
10494.120,76.034
10496.070,76.035
10498.030,76.035
10499.980,76.036
10501.930,76.037
10503.880,76.038
10505.840,76.038
10507.790,76.039
10509.740,76.040
10511.700,76.041
10513.650,76.042
10515.600,76.042
10517.560,76.043
10519.510,76.044
10521.460,76.045
10523.420,76.045
10525.370,76.046
10527.320,76.047
10529.280,76.048
10531.230,76.048
10533.180,76.049
10535.130,76.050
10537.090,76.051
10539.040,76.051
10540.990,76.052
10542.950,76.053
10544.900,76.054
10546.850,76.054
10548.810,76.055
10550.760,76.056
10552.710,76.057
10554.670,76.058
10556.620,76.058
10558.570,76.059
10560.530,76.060
10562.480,76.061
10564.430,76.061
10566.380,76.062
10568.340,76.063
10570.290,76.064
10572.240,76.064
10574.200,76.065
10576.150,76.066
10578.100,76.067
10580.060,76.067
10582.010,76.068
10583.960,76.069
10585.920,76.070
10587.870,76.071
10589.820,76.071
10591.780,76.072
10593.730,76.073
10595.680,76.074
10597.630,76.074
10599.590,76.075
10601.540,76.076
10603.490,76.077
10605.450,76.077
10607.400,76.078
10609.350,76.079
10611.310,76.080
10613.260,76.080
10615.210,76.081
10617.170,76.082
10619.120,76.083
10621.070,76.083
10623.030,76.084
10624.980,76.085
10626.930,76.086
10628.880,76.086
10630.840,76.087
10632.790,76.088
10634.740,76.089
10636.700,76.090
10638.650,76.090
10640.600,76.091
10642.560,76.092
10644.510,76.093
10646.460,76.093
10648.420,76.094
10650.370,76.095
10652.320,76.096
10654.280,76.096
10656.230,76.097
10658.180,76.098
10660.130,76.099
10662.090,76.099
10664.040,76.100
10665.990,76.101
10667.950,76.102
10669.900,76.102
10671.850,76.103
10673.810,76.104
10675.760,76.105
10677.710,76.106
10679.670,76.106
10681.620,76.107
10683.570,76.108
10685.530,76.109
10687.480,76.109
10689.430,76.110
10691.380,76.111
10693.340,76.112
10695.290,76.112
10697.240,76.113
10699.200,76.114
10701.150,76.115
10703.100,76.115
10705.060,76.116
10707.010,76.117
10708.960,76.118
10710.920,76.118
10712.870,76.119
10714.820,76.120
10716.780,76.121
10718.730,76.121
10720.680,76.122
10722.630,76.123
10724.590,76.124
10726.540,76.125
10728.490,76.125
10730.450,76.126
10732.400,76.127
10734.350,76.128
10736.310,76.128
10738.260,76.129
10740.210,76.130
10742.170,76.131
10744.120,76.131
10746.070,76.132
10748.030,76.133
10749.980,76.134
10751.930,76.134
10753.880,76.135
10755.840,76.136
10757.790,76.137
10759.740,76.137
10761.700,76.138
10763.650,76.139
10765.600,76.140
10767.560,76.140
10769.510,76.141
10771.460,76.142
10773.420,76.143
10775.370,76.144
10777.320,76.144
10779.280,76.145
10781.230,76.146
10783.180,76.147
10785.130,76.147
10787.090,76.148
10789.040,76.149
10790.990,76.150
10792.950,76.150
10794.900,76.151
10796.850,76.152
10798.810,76.153
10800.760,76.153
10802.710,76.154
10804.670,76.155
10806.620,76.156
10808.570,76.156
10810.530,76.157
10812.480,76.158
10814.430,76.159
10816.380,76.159
10818.340,76.160
10820.290,76.161
10822.240,76.162
10824.200,76.163
10826.150,76.163
10828.100,76.164
10830.060,76.165
10832.010,76.166
10833.960,76.166
10835.920,76.167
10837.870,76.168
10839.820,76.169
10841.780,76.169
10843.730,76.170
10845.680,76.171
10847.630,76.172
10849.590,76.172
10851.540,76.173
10853.490,76.174
10855.450,76.175
10857.400,76.175
10859.350,76.176
10861.310,76.177
10863.260,76.178
10865.210,76.178
10867.170,76.179
10869.120,76.180
10871.070,76.181
10873.030,76.181
10874.980,76.182
10876.930,76.183
10878.880,76.184
10880.840,76.184
10882.790,76.185
10884.740,76.186
10886.700,76.187
10888.650,76.188
10890.600,76.188
10892.560,76.189
10894.510,76.190
10896.460,76.191
10898.420,76.191
10900.370,76.192
10902.320,76.193
10904.280,76.194
10906.230,76.194
10908.180,76.195
10910.130,76.196
10912.090,76.197
10914.040,76.197
10915.990,76.198
10917.950,76.199
10919.900,76.200
10921.850,76.200
10923.810,76.201
10925.760,76.202
10927.710,76.203
10929.670,76.203
10931.620,76.204
10933.570,76.205
10935.530,76.206
10937.480,76.206
10939.430,76.207
10941.380,76.208
10943.340,76.209
10945.290,76.210
10947.240,76.210
10949.200,76.211
10951.150,76.212
10953.100,76.213
10955.060,76.213
10957.010,76.214
10958.960,76.215
10960.920,76.216
10962.870,76.216
10964.820,76.217
10966.780,76.218
10968.730,76.219
10970.680,76.219
10972.630,76.220
10974.590,76.221
10976.540,76.222
10978.490,76.222
10980.450,76.223
10982.400,76.224
10984.350,76.225
10986.310,76.225
10988.260,76.226
10990.210,76.227
10992.170,76.228
10994.120,76.228
10996.070,76.229
10998.030,76.230
10999.980,76.231
11001.930,76.231
11003.880,76.232
11005.840,76.233
11007.790,76.234
11009.740,76.234
11011.700,76.235
11013.650,76.236
11015.600,76.237
11017.560,76.237
11019.510,76.238
11021.460,76.239
11023.420,76.240
11025.370,76.241
11027.320,76.241
11029.280,76.242
11031.230,76.243
11033.180,76.244
11035.130,76.244
11037.090,76.245
11039.040,76.246
11040.990,76.246
11042.950,76.247
11044.900,76.248
11046.850,76.249
11048.810,76.250
11050.760,76.250
11052.710,76.251
11054.670,76.252
11056.620,76.253
11058.570,76.253
11060.530,76.254
11062.480,76.255
11064.430,76.256
11066.380,76.256
11068.340,76.257
11070.290,76.258
11072.240,76.259
11074.200,76.259
11076.150,76.260
11078.100,76.261
11080.060,76.262
11082.010,76.262
11083.960,76.263
11085.920,76.264
11087.870,76.265
11089.820,76.265
11091.780,76.266
11093.730,76.267
11095.680,76.268
11097.630,76.268
11099.590,76.269
11101.540,76.270
11103.490,76.271
11105.450,76.271
11107.400,76.272
11109.350,76.273
11111.310,76.274
11113.260,76.274
11115.210,76.275
11117.170,76.276
11119.120,76.277
11121.070,76.277
11123.030,76.278
11124.980,76.279
11126.930,76.279
11128.880,76.280
11130.840,76.281
11132.790,76.282
11134.740,76.282
11136.700,76.283
11138.650,76.284
11140.600,76.285
11142.560,76.285
11144.510,76.286
11146.460,76.287
11148.420,76.288
11150.370,76.288
11152.320,76.289
11154.280,76.290
11156.230,76.291
11158.180,76.291
11160.130,76.292
11162.090,76.293
11164.040,76.294
11165.990,76.294
11167.950,76.295
11169.900,76.296
11171.850,76.297
11173.810,76.297
11175.760,76.298
11177.710,76.299
11179.670,76.300
11181.620,76.300
11183.570,76.301
11185.530,76.302
11187.480,76.303
11189.430,76.303
11191.380,76.304
11193.340,76.305
11195.290,76.306
11197.240,76.306
11199.200,76.307
11201.150,76.308
11203.100,76.309
11205.060,76.309
11207.010,76.310
11208.960,76.311
11210.920,76.312
11212.870,76.312
11214.820,76.313
11216.780,76.314
11218.730,76.315
11220.680,76.315
11222.630,76.316
11224.590,76.317
11226.540,76.317
11228.490,76.318
11230.450,76.319
11232.400,76.320
11234.350,76.320
11236.310,76.321
11238.260,76.322
11240.210,76.323
11242.170,76.323
11244.120,76.324
11246.070,76.325
11248.030,76.326
11249.980,76.326
11251.930,76.327
11253.880,76.328
11255.840,76.329
11257.790,76.329
11259.740,76.330
11261.700,76.331
11263.650,76.332
11265.600,76.332
11267.560,76.333
11269.510,76.334
11271.460,76.334
11273.420,76.335
11275.370,76.336
11277.320,76.337
11279.280,76.337
11281.230,76.338
11283.180,76.339
11285.130,76.340
11287.090,76.340
11289.040,76.341
11290.990,76.342
11292.950,76.343
11294.900,76.343
11296.850,76.344
11298.810,76.345
11300.760,76.345
11302.710,76.346
11304.670,76.347
11306.620,76.348
11308.570,76.348
11310.530,76.349
11312.480,76.350
11314.430,76.351
11316.380,76.351
11318.340,76.352
11320.290,76.353
11322.240,76.354
11324.200,76.354
11326.150,76.355
11328.100,76.356
11330.060,76.357
11332.010,76.357
11333.960,76.358
11335.920,76.359
11337.870,76.360
11339.820,76.360
11341.780,76.361
11343.730,76.362
11345.680,76.362
11347.630,76.363
11349.590,76.364
11351.540,76.365
11353.490,76.365
11355.450,76.366
11357.400,76.367
11359.350,76.368
11361.310,76.368
11363.260,76.369
11365.210,76.370
11367.170,76.371
11369.120,76.371
11371.070,76.372
11373.030,76.373
11374.980,76.373
11376.930,76.374
11378.880,76.375
11380.840,76.376
11382.790,76.376
11384.740,76.377
11386.700,76.378
11388.650,76.379
11390.600,76.379
11392.560,76.380
11394.510,76.381
11396.460,76.382
11398.420,76.382
11400.370,76.383
11402.320,76.384
11404.280,76.384
11406.230,76.385
11408.180,76.386
11410.130,76.387
11412.090,76.387
11414.040,76.388
11415.990,76.389
11417.950,76.390
11419.900,76.390
11421.850,76.391
11423.810,76.392
11425.760,76.393
11427.710,76.393
11429.670,76.394
11431.620,76.395
11433.570,76.395
11435.530,76.396
11437.480,76.397
11439.430,76.398
11441.380,76.398
11443.340,76.399
11445.290,76.400
11447.240,76.401
11449.200,76.401
11451.150,76.402
11453.100,76.403
11455.060,76.403
11457.010,76.404
11458.960,76.405
11460.920,76.406
11462.870,76.406
11464.820,76.407
11466.780,76.408
11468.730,76.409
11470.680,76.409
11472.630,76.410
11474.590,76.411
11476.540,76.411
11478.490,76.412
11480.450,76.413
11482.400,76.414
11484.350,76.414
11486.310,76.415
11488.260,76.416
11490.210,76.417
11492.170,76.417
11494.120,76.418
11496.070,76.419
11498.030,76.419
11499.980,76.420
11501.930,76.421
11503.880,76.422
11505.840,76.422
11507.790,76.423
11509.740,76.424
11511.700,76.425
11513.650,76.425
11515.600,76.426
11517.560,76.427
11519.510,76.427
11521.460,76.428
11523.420,76.429
11525.370,76.430
11527.320,76.430
11529.280,76.431
11531.230,76.432
11533.180,76.433
11535.130,76.433
11537.090,76.434
11539.040,76.435
11540.990,76.435
11542.950,76.436
11544.900,76.437
11546.850,76.438
11548.810,76.438
11550.760,76.439
11552.710,76.440
11554.670,76.440
11556.620,76.441
11558.570,76.442
11560.530,76.443
11562.480,76.443
11564.430,76.444
11566.380,76.445
11568.340,76.446
11570.290,76.446
11572.240,76.447
11574.200,76.448
11576.150,76.448
11578.100,76.449
11580.060,76.450
11582.010,76.451
11583.960,76.451
11585.920,76.452
11587.870,76.453
11589.820,76.453
11591.780,76.454
11593.730,76.455
11595.680,76.456
11597.630,76.456
11599.590,76.457
11601.540,76.458
11603.490,76.458
11605.450,76.459
11607.400,76.460
11609.350,76.461
11611.310,76.461
11613.260,76.462
11615.210,76.463
11617.170,76.464
11619.120,76.464
11621.070,76.465
11623.030,76.466
11624.980,76.466
11626.930,76.467
11628.880,76.468
11630.840,76.468
11632.790,76.469
11634.740,76.470
11636.700,76.471
11638.650,76.471
11640.600,76.472
11642.560,76.473
11644.510,76.474
11646.460,76.474
11648.420,76.475
11650.370,76.476
11652.320,76.476
11654.280,76.477
11656.230,76.478
11658.180,76.479
11660.130,76.479
11662.090,76.480
11664.040,76.481
11665.990,76.481
11667.950,76.482
11669.900,76.483
11671.850,76.484
11673.810,76.484
11675.760,76.485
11677.710,76.486
11679.670,76.486
11681.620,76.487
11683.570,76.488
11685.530,76.489
11687.480,76.489
11689.430,76.490
11691.380,76.491
11693.340,76.491
11695.290,76.492
11697.240,76.493
11699.200,76.494
11701.150,76.494
11703.100,76.495
11705.060,76.496
11707.010,76.496
11708.960,76.497
11710.920,76.498
11712.870,76.499
11714.820,76.499
11716.780,76.500
11718.730,76.501
11720.680,76.501
11722.630,76.502
11724.590,76.503
11726.540,76.503
11728.490,76.504
11730.450,76.505
11732.400,76.506
11734.350,76.506
11736.310,76.507
11738.260,76.508
11740.210,76.508
11742.170,76.509
11744.120,76.510
11746.070,76.511
11748.030,76.511
11749.980,76.512
11751.930,76.513
11753.880,76.513
11755.840,76.514
11757.790,76.515
11759.740,76.515
11761.700,76.516
11763.650,76.517
11765.600,76.518
11767.560,76.518
11769.510,76.519
11771.460,76.520
11773.420,76.520
11775.370,76.521
11777.320,76.522
11779.280,76.522
11781.230,76.523
11783.180,76.524
11785.130,76.525
11787.090,76.525
11789.040,76.526
11790.990,76.527
11792.950,76.527
11794.900,76.528
11796.850,76.529
11798.810,76.529
11800.760,76.530
11802.710,76.531
11804.670,76.532
11806.620,76.532
11808.570,76.533
11810.530,76.534
11812.480,76.534
11814.430,76.535
11816.380,76.536
11818.340,76.536
11820.290,76.537
11822.240,76.538
11824.200,76.539
11826.150,76.539
11828.100,76.540
11830.060,76.541
11832.010,76.541
11833.960,76.542
11835.920,76.543
11837.870,76.543
11839.820,76.544
11841.780,76.545
11843.730,76.545
11845.680,76.546
11847.630,76.547
11849.590,76.548
11851.540,76.548
11853.490,76.549
11855.450,76.550
11857.400,76.550
11859.350,76.551
11861.310,76.552
11863.260,76.552
11865.210,76.553
11867.170,76.554
11869.120,76.554
11871.070,76.555
11873.030,76.556
11874.980,76.556
11876.930,76.557
11878.880,76.558
11880.840,76.558
11882.790,76.559
11884.740,76.560
11886.700,76.560
11888.650,76.561
11890.600,76.562
11892.560,76.563
11894.510,76.563
11896.460,76.564
11898.420,76.565
11900.370,76.565
11902.320,76.566
11904.280,76.567
11906.230,76.567
11908.180,76.568
11910.130,76.569
11912.090,76.569
11914.040,76.570
11915.990,76.571
11917.950,76.571
11919.900,76.572
11921.850,76.573
11923.810,76.573
11925.760,76.574
11927.710,76.575
11929.670,76.575
11931.620,76.576
11933.570,76.577
11935.530,76.577
11937.480,76.578
11939.430,76.579
11941.380,76.580
11943.340,76.580
11945.290,76.581
11947.240,76.582
11949.200,76.582
11951.150,76.583
11953.100,76.584
11955.060,76.584
11957.010,76.585
11958.960,76.586
11960.920,76.586
11962.870,76.587
11964.820,76.588
11966.780,76.588
11968.730,76.589
11970.680,76.590
11972.630,76.590
11974.590,76.591
11976.540,76.592
11978.490,76.592
11980.450,76.593
11982.400,76.594
11984.350,76.594
11986.310,76.595
11988.260,76.596
11990.210,76.596
11992.170,76.597
11994.120,76.598
11996.070,76.598
11998.030,76.599
11999.980,76.600
12001.930,76.600
12003.880,76.601
12005.840,76.601
12007.790,76.602
12009.740,76.603
12011.700,76.603
12013.650,76.604
12015.600,76.605
12017.560,76.605
12019.510,76.606
12021.460,76.607
12023.420,76.607
12025.370,76.608
12027.320,76.609
12029.280,76.609
12031.230,76.610
12033.180,76.611
12035.130,76.611
12037.090,76.612
12039.040,76.613
12040.990,76.613
12042.950,76.614
12044.900,76.615
12046.850,76.615
12048.810,76.616
12050.760,76.617
12052.710,76.617
12054.670,76.618
12056.620,76.619
12058.570,76.619
12060.530,76.620
12062.480,76.621
12064.430,76.621
12066.380,76.622
12068.340,76.623
12070.290,76.623
12072.240,76.624
12074.200,76.625
12076.150,76.625
12078.100,76.626
12080.060,76.626
12082.010,76.627
12083.960,76.628
12085.920,76.628
12087.870,76.629
12089.820,76.630
12091.780,76.630
12093.730,76.631
12095.680,76.632
12097.630,76.632
12099.590,76.633
12101.540,76.634
12103.490,76.634
12105.450,76.635
12107.400,76.635
12109.350,76.636
12111.310,76.637
12113.260,76.637
12115.210,76.638
12117.170,76.639
12119.120,76.639
12121.070,76.640
12123.030,76.641
12124.980,76.641
12126.930,76.642
12128.880,76.643
12130.840,76.643
12132.790,76.644
12134.740,76.644
12136.700,76.645
12138.650,76.646
12140.600,76.646
12142.560,76.647
12144.510,76.648
12146.460,76.648
12148.420,76.649
12150.370,76.650
12152.320,76.650
12154.280,76.651
12156.230,76.652
12158.180,76.652
12160.130,76.653
12162.090,76.654
12164.040,76.654
12165.990,76.655
12167.950,76.655
12169.900,76.656
12171.850,76.657
12173.810,76.657
12175.760,76.658
12177.710,76.659
12179.670,76.659
12181.620,76.660
12183.570,76.661
12185.530,76.661
12187.480,76.662
12189.430,76.662
12191.380,76.663
12193.340,76.664
12195.290,76.664
12197.240,76.665
12199.200,76.665
12201.150,76.666
12203.100,76.667
12205.060,76.667
12207.010,76.668
12208.960,76.669
12210.920,76.669
12212.870,76.670
12214.820,76.670
12216.780,76.671
12218.730,76.672
12220.680,76.672
12222.630,76.673
12224.590,76.673
12226.540,76.674
12228.490,76.675
12230.450,76.675
12232.400,76.676
12234.350,76.676
12236.310,76.677
12238.260,76.678
12240.210,76.678
12242.170,76.679
12244.120,76.680
12246.070,76.680
12248.030,76.681
12249.980,76.681
12251.930,76.682
12253.880,76.683
12255.840,76.683
12257.790,76.684
12259.740,76.684
12261.700,76.685
12263.650,76.686
12265.600,76.686
12267.560,76.687
12269.510,76.687
12271.460,76.688
12273.420,76.689
12275.370,76.689
12277.320,76.690
12279.280,76.691
12281.230,76.691
12283.180,76.692
12285.130,76.692
12287.090,76.693
12289.040,76.694
12290.990,76.694
12292.950,76.695
12294.900,76.695
12296.850,76.696
12298.810,76.697
12300.760,76.697
12302.710,76.698
12304.670,76.698
12306.620,76.699
12308.570,76.700
12310.530,76.700
12312.480,76.701
12314.430,76.701
12316.380,76.702
12318.340,76.703
12320.290,76.703
12322.240,76.704
12324.200,76.705
12326.150,76.705
12328.100,76.706
12330.060,76.706
12332.010,76.707
12333.960,76.707
12335.920,76.708
12337.870,76.709
12339.820,76.709
12341.780,76.710
12343.730,76.710
12345.680,76.711
12347.630,76.712
12349.590,76.712
12351.540,76.713
12353.490,76.713
12355.450,76.714
12357.400,76.715
12359.350,76.715
12361.310,76.716
12363.260,76.716
12365.210,76.717
12367.170,76.718
12369.120,76.718
12371.070,76.719
12373.030,76.719
12374.980,76.720
12376.930,76.720
12378.880,76.721
12380.840,76.722
12382.790,76.722
12384.740,76.723
12386.700,76.723
12388.650,76.724
12390.600,76.725
12392.560,76.725
12394.510,76.726
12396.460,76.726
12398.420,76.727
12400.370,76.728
12402.320,76.728
12404.280,76.729
12406.230,76.729
12408.180,76.730
12410.130,76.730
12412.090,76.731
12414.040,76.732
12415.990,76.732
12417.950,76.733
12419.900,76.733
12421.850,76.734
12423.810,76.735
12425.760,76.735
12427.710,76.736
12429.670,76.736
12431.620,76.737
12433.570,76.737
12435.530,76.738
12437.480,76.739
12439.430,76.739
12441.380,76.740
12443.340,76.740
12445.290,76.741
12447.240,76.742
12449.200,76.742
12451.150,76.743
12453.100,76.743
12455.060,76.744
12457.010,76.744
12458.960,76.745
12460.920,76.746
12462.870,76.746
12464.820,76.747
12466.780,76.747
12468.730,76.748
12470.680,76.748
12472.630,76.749
12474.590,76.749
12476.540,76.750
12478.490,76.751
12480.450,76.751
12482.400,76.752
12484.350,76.752
12486.310,76.753
12488.260,76.753
12490.210,76.754
12492.170,76.754
12494.120,76.755
12496.070,76.756
12498.030,76.756
12499.980,76.757
12501.930,76.757
12503.880,76.758
12505.840,76.758
12507.790,76.759
12509.740,76.759
12511.700,76.760
12513.650,76.760
12515.600,76.761
12517.560,76.761
12519.510,76.762
12521.460,76.763
12523.420,76.763
12525.370,76.764
12527.320,76.764
12529.280,76.765
12531.230,76.765
12533.180,76.766
12535.130,76.766
12537.090,76.767
12539.040,76.767
12540.990,76.768
12542.950,76.768
12544.900,76.769
12546.850,76.770
12548.810,76.770
12550.760,76.771
12552.710,76.771
12554.670,76.772
12556.620,76.772
12558.570,76.773
12560.530,76.773
12562.480,76.774
12564.430,76.774
12566.380,76.775
12568.340,76.775
12570.290,76.776
12572.240,76.777
12574.200,76.777
12576.150,76.778
12578.100,76.778
12580.060,76.779
12582.010,76.779
12583.960,76.780
12585.920,76.780
12587.870,76.781
12589.820,76.781
12591.780,76.782
12593.730,76.783
12595.680,76.783
12597.630,76.784
12599.590,76.784
12601.540,76.785
12603.490,76.785
12605.450,76.786
12607.400,76.786
12609.350,76.787
12611.310,76.787
12613.260,76.788
12615.210,76.788
12617.170,76.789
12619.120,76.789
12621.070,76.790
12623.030,76.790
12624.980,76.791
12626.930,76.791
12628.880,76.792
12630.840,76.792
12632.790,76.793
12634.740,76.794
12636.700,76.794
12638.650,76.795
12640.600,76.795
12642.560,76.796
12644.510,76.796
12646.460,76.797
12648.420,76.797
12650.370,76.798
12652.320,76.798
12654.280,76.799
12656.230,76.799
12658.180,76.800
12660.130,76.800
12662.090,76.801
12664.040,76.801
12665.990,76.802
12667.950,76.802
12669.900,76.803
12671.850,76.803
12673.810,76.804
12675.760,76.804
12677.710,76.805
12679.670,76.805
12681.620,76.806
12683.570,76.806
12685.530,76.807
12687.480,76.807
12689.430,76.808
12691.380,76.808
12693.340,76.809
12695.290,76.809
12697.240,76.810
12699.200,76.810
12701.150,76.811
12703.100,76.811
12705.060,76.812
12707.010,76.812
12708.960,76.813
12710.920,76.813
12712.870,76.814
12714.820,76.814
12716.780,76.815
12718.730,76.815
12720.680,76.816
12722.630,76.816
12724.590,76.817
12726.540,76.817
12728.490,76.818
12730.450,76.818
12732.400,76.819
12734.350,76.819
12736.310,76.820
12738.260,76.820
12740.210,76.821
12742.170,76.821
12744.120,76.822
12746.070,76.822
12748.030,76.823
12749.980,76.823
12751.930,76.824
12753.880,76.824
12755.840,76.825
12757.790,76.825
12759.740,76.826
12761.700,76.826
12763.650,76.827
12765.600,76.827
12767.560,76.828
12769.510,76.828
12771.460,76.829
12773.420,76.829
12775.370,76.830
12777.320,76.830
12779.280,76.830
12781.230,76.831
12783.180,76.831
12785.130,76.832
12787.090,76.832
12789.040,76.833
12790.990,76.833
12792.950,76.834
12794.900,76.834
12796.850,76.835
12798.810,76.835
12800.760,76.836
12802.710,76.836
12804.670,76.837
12806.620,76.837
12808.570,76.838
12810.530,76.838
12812.480,76.839
12814.430,76.839
12816.380,76.840
12818.340,76.840
12820.290,76.840
12822.240,76.841
12824.200,76.841
12826.150,76.842
12828.100,76.842
12830.060,76.843
12832.010,76.843
12833.960,76.844
12835.920,76.844
12837.870,76.845
12839.820,76.845
12841.780,76.846
12843.730,76.846
12845.680,76.846
12847.630,76.847
12849.590,76.847
12851.540,76.848
12853.490,76.848
12855.450,76.849
12857.400,76.849
12859.350,76.850
12861.310,76.850
12863.260,76.851
12865.210,76.851
12867.170,76.852
12869.120,76.852
12871.070,76.852
12873.030,76.853
12874.980,76.853
12876.930,76.854
12878.880,76.854
12880.840,76.855
12882.790,76.855
12884.740,76.856
12886.700,76.856
12888.650,76.856
12890.600,76.857
12892.560,76.857
12894.510,76.858
12896.460,76.858
12898.420,76.859
12900.370,76.859
12902.320,76.860
12904.280,76.860
12906.230,76.860
12908.180,76.861
12910.130,76.861
12912.090,76.862
12914.040,76.862
12915.990,76.863
12917.950,76.863
12919.900,76.863
12921.850,76.864
12923.810,76.864
12925.760,76.865
12927.710,76.865
12929.670,76.866
12931.620,76.866
12933.570,76.866
12935.530,76.867
12937.480,76.867
12939.430,76.868
12941.380,76.868
12943.340,76.869
12945.290,76.869
12947.240,76.869
12949.200,76.870
12951.150,76.870
12953.100,76.871
12955.060,76.871
12957.010,76.872
12958.960,76.872
12960.920,76.872
12962.870,76.873
12964.820,76.873
12966.780,76.874
12968.730,76.874
12970.680,76.874
12972.630,76.875
12974.590,76.875
12976.540,76.876
12978.490,76.876
12980.450,76.876
12982.400,76.877
12984.350,76.877
12986.310,76.877
12988.260,76.878
12990.210,76.878
12992.170,76.879
12994.120,76.879
12996.070,76.879
12998.030,76.880
12999.980,76.880
13001.930,76.881
13003.880,76.881
13005.840,76.881
13007.790,76.882
13009.740,76.882
13011.700,76.883
13013.650,76.883
13015.600,76.883
13017.560,76.884
13019.510,76.884
13021.460,76.884
13023.420,76.885
13025.370,76.885
13027.320,76.885
13029.280,76.886
13031.230,76.886
13033.180,76.886
13035.130,76.887
13037.090,76.887
13039.040,76.887
13040.990,76.888
13042.950,76.888
13044.900,76.888
13046.850,76.889
13048.810,76.889
13050.760,76.889
13052.710,76.890
13054.670,76.890
13056.620,76.890
13058.570,76.891
13060.530,76.891
13062.480,76.891
13064.430,76.892
13066.380,76.892
13068.340,76.892
13070.290,76.893
13072.240,76.893
13074.200,76.893
13076.150,76.893
13078.100,76.894
13080.060,76.894
13082.010,76.894
13083.960,76.895
13085.920,76.895
13087.870,76.895
13089.820,76.896
13091.780,76.896
13093.730,76.896
13095.680,76.897
13097.630,76.897
13099.590,76.897
13101.540,76.898
13103.490,76.898
13105.450,76.898
13107.400,76.898
13109.350,76.899
13111.310,76.899
13113.260,76.899
13115.210,76.900
13117.170,76.900
13119.120,76.900
13121.070,76.900
13123.030,76.901
13124.980,76.901
13126.930,76.901
13128.880,76.902
13130.840,76.902
13132.790,76.902
13134.740,76.902
13136.700,76.903
13138.650,76.903
13140.600,76.903
13142.560,76.903
13144.510,76.904
13146.460,76.904
13148.420,76.904
13150.370,76.904
13152.320,76.905
13154.280,76.905
13156.230,76.905
13158.180,76.905
13160.130,76.905
13162.090,76.906
13164.040,76.906
13165.990,76.906
13167.950,76.906
13169.900,76.906
13171.850,76.907
13173.810,76.907
13175.760,76.907
13177.710,76.907
13179.670,76.907
13181.620,76.908
13183.570,76.908
13185.530,76.908
13187.480,76.908
13189.430,76.908
13191.380,76.909
13193.340,76.909
13195.290,76.909
13197.240,76.909
13199.200,76.909
13201.150,76.909
13203.100,76.910
13205.060,76.910
13207.010,76.910
13208.960,76.910
13210.920,76.910
13212.870,76.910
13214.820,76.911
13216.780,76.911
13218.730,76.911
13220.680,76.911
13222.630,76.911
13224.590,76.911
13226.540,76.911
13228.490,76.912
13230.450,76.912
13232.400,76.912
13234.350,76.912
13236.310,76.912
13238.260,76.912
13240.210,76.912
13242.170,76.912
13244.120,76.912
13246.070,76.913
13248.030,76.913
13249.980,76.913
13251.930,76.913
13253.880,76.913
13255.840,76.913
13257.790,76.913
13259.740,76.913
13261.700,76.913
13263.650,76.913
13265.600,76.913
13267.560,76.913
13269.510,76.913
13271.460,76.913
13273.420,76.913
13275.370,76.913
13277.320,76.913
13279.280,76.913
13281.230,76.913
13283.180,76.913
13285.130,76.913
13287.090,76.913
13289.040,76.913
13290.990,76.913
13292.950,76.913
13294.900,76.913
13296.850,76.913
13298.810,76.913
13300.760,76.913
13302.710,76.913
13304.670,76.913
13306.620,76.913
13308.570,76.913
13310.530,76.913
13312.480,76.913
13314.430,76.913
13316.380,76.913
13318.340,76.913
13320.290,76.913
13322.240,76.913
13324.200,76.913
13326.150,76.913
13328.100,76.913
13330.060,76.913
13332.010,76.913
13333.960,76.913
13335.920,76.913
13337.870,76.913
13339.820,76.913
13341.780,76.913
13343.730,76.913
13345.680,76.913
13347.630,76.913
13349.590,76.913
13351.540,76.913
13353.490,76.913
13355.450,76.913
13357.400,76.913
13359.350,76.913
13361.310,76.913
13363.260,76.913
13365.210,76.913
13367.170,76.913
13369.120,76.913
13371.070,76.913
13373.030,76.913
13374.980,76.913
13376.930,76.913
13378.880,76.913
13380.840,76.913
13382.790,76.913
13384.740,76.913
13386.700,76.913
13388.650,76.913
13390.600,76.913
13392.560,76.913
13394.510,76.913
13396.460,76.913
13398.420,76.913
13400.370,76.913
13402.320,76.913
13404.280,76.913
13406.230,76.913
13408.180,76.913
13410.130,76.913
13412.090,76.913
13414.040,76.913
13415.990,76.913
13417.950,76.913
13419.900,76.913
13421.850,76.913
13423.810,76.913
13425.760,76.913
13427.710,76.913
13429.670,76.913
13431.620,76.913
13433.570,76.913
13435.530,76.913
13437.480,76.913
13439.430,76.913
13441.380,76.913
13443.340,76.913
13445.290,76.913
13447.240,76.913
13449.200,76.913
13451.150,76.913
13453.100,76.913
13455.060,76.913
13457.010,76.913
13458.960,76.913
13460.920,76.913
13462.870,76.913
13464.820,76.913
13466.780,76.913
13468.730,76.913
13470.680,76.913
13472.630,76.913
13474.590,76.913
13476.540,76.913
13478.490,76.913
13480.450,76.913
13482.400,76.913
13484.350,76.913
13486.310,76.913
13488.260,76.913
13490.210,76.913
13492.170,76.913
13494.120,76.913
13496.070,76.913
13498.030,76.913
13499.980,76.913
13501.930,76.913
13503.880,76.913
13505.840,76.913
13507.790,76.913
13509.740,76.913
13511.700,76.913
13513.650,76.913
13515.600,76.913
13517.560,76.913
13519.510,76.913
13521.460,76.913
13523.420,76.913
13525.370,76.913
13527.320,76.913
13529.280,76.913
13531.230,76.913
13533.180,76.913
13535.130,76.913
13537.090,76.913
13539.040,76.913
13540.990,76.913
13542.950,76.913
13544.900,76.913
13546.850,76.913
13548.810,76.913
13550.760,76.913
13552.710,76.913
13554.670,76.913
13556.620,76.913
13558.570,76.913
13560.530,76.913
13562.480,76.913
13564.430,76.913
13566.380,76.913
13568.340,76.913
13570.290,76.913
13572.240,76.913
13574.200,76.913
13576.150,76.913
13578.100,76.913
13580.060,76.913
13582.010,76.913
13583.960,76.913
13585.920,76.913
13587.870,76.913
13589.820,76.913
13591.780,76.913
13593.730,76.913
13595.680,76.913
13597.630,76.913
13599.590,76.913
13601.540,76.913
13603.490,76.913
13605.450,76.913
13607.400,76.913
13609.350,76.913
13611.310,76.913
13613.260,76.913
13615.210,76.913
13617.170,76.913
13619.120,76.913
13621.070,76.913
13623.030,76.913
13624.980,76.913
13626.930,76.913
13628.880,76.913
13630.840,76.913
13632.790,76.913
13634.740,76.913
13636.700,76.913
13638.650,76.913
13640.600,76.913
13642.560,76.913
13644.510,76.913
13646.460,76.913
13648.420,76.913
13650.370,76.913
13652.320,76.913
13654.280,76.913
13656.230,76.913
13658.180,76.913
13660.130,76.913
13662.090,76.913
13664.040,76.913
13665.990,76.913
13667.950,76.913
13669.900,76.913
13671.850,76.913
13673.810,76.913
13675.760,76.913
13677.710,76.913
13679.670,76.913
13681.620,76.913
13683.570,76.913
13685.530,76.913
13687.480,76.913
13689.430,76.913
13691.380,76.913
13693.340,76.913
13695.290,76.913
13697.240,76.913
13699.200,76.913
13701.150,76.913
13703.100,76.913
13705.060,76.913
13707.010,76.913
13708.960,76.913
13710.920,76.913
13712.870,76.913
13714.820,76.913
13716.780,76.913
13718.730,76.913
13720.680,76.913
13722.630,76.913
13724.590,76.913
13726.540,76.913
13728.490,76.913
13730.450,76.913
13732.400,76.913
13734.350,76.913
13736.310,76.913
13738.260,76.913
13740.210,76.913
13742.170,76.913
13744.120,76.913
13746.070,76.913
13748.030,76.913
13749.980,76.913
13751.930,76.913
13753.880,76.913
13755.840,76.913
13757.790,76.913
13759.740,76.913
13761.700,76.913
13763.650,76.913
13765.600,76.913
13767.560,76.913
13769.510,76.913
13771.460,76.913
13773.420,76.913
13775.370,76.913
13777.320,76.913
13779.280,76.913
13781.230,76.913
13783.180,76.913
13785.130,76.913
13787.090,76.913
13789.040,76.913
13790.990,76.913
13792.950,76.913
13794.900,76.913
13796.850,76.913
13798.810,76.913
13800.760,76.913
13802.710,76.913
13804.670,76.913
13806.620,76.913
13808.570,76.913
13810.530,76.913
13812.480,76.913
13814.430,76.913
13816.380,76.913
13818.340,76.913
13820.290,76.913
13822.240,76.913
13824.200,76.913
13826.150,76.913
13828.100,76.913
13830.060,76.913
13832.010,76.913
13833.960,76.913
13835.920,76.913
13837.870,76.913
13839.820,76.913
13841.780,76.913
13843.730,76.913
13845.680,76.913
13847.630,76.913
13849.590,76.913
13851.540,76.913
13853.490,76.913
13855.450,76.913
13857.400,76.913
13859.350,76.913
13861.310,76.913
13863.260,76.913
13865.210,76.913
13867.170,76.913
13869.120,76.913
13871.070,76.913
13873.030,76.913
13874.980,76.913
13876.930,76.913
13878.880,76.913
13880.840,76.913
13882.790,76.913
13884.740,76.913
13886.700,76.913
13888.650,76.913
13890.600,76.913
13892.560,76.913
13894.510,76.913
13896.460,76.913
13898.420,76.913
13900.370,76.913
13902.320,76.913
13904.280,76.913
13906.230,76.913
13908.180,76.913
13910.130,76.913
13912.090,76.913
13914.040,76.913
13915.990,76.913
13917.950,76.913
13919.900,76.913
13921.850,76.913
13923.810,76.913
13925.760,76.913
13927.710,76.913
13929.670,76.913
13931.620,76.913
13933.570,76.913
13935.530,76.913
13937.480,76.913
13939.430,76.913
13941.380,76.913
13943.340,76.913
13945.290,76.913
13947.240,76.913
13949.200,76.913
13951.150,76.913
13953.100,76.913
13955.060,76.913
13957.010,76.913
13958.960,76.913
13960.920,76.913
13962.870,76.913
13964.820,76.913
13966.780,76.913
13968.730,76.913
13970.680,76.913
13972.630,76.913
13974.590,76.913
13976.540,76.913
13978.490,76.913
13980.450,76.913
13982.400,76.913
13984.350,76.913
13986.310,76.913
13988.260,76.913
13990.210,76.913
13992.170,76.913
13994.120,76.913
13996.070,76.913
13998.030,76.913
13999.980,76.913
14001.930,76.913
14003.880,76.913
14005.840,76.913
14007.790,76.913
14009.740,76.913
14011.700,76.913
14013.650,76.913
14015.600,76.913
14017.560,76.913
14019.510,76.913
14021.460,76.913
14023.420,76.913
14025.370,76.913
14027.320,76.913
14029.280,76.913
14031.230,76.913
14033.180,76.913
14035.130,76.913
14037.090,76.913
14039.040,76.913
14040.990,76.913
14042.950,76.913
14044.900,76.913
14046.850,76.913
14048.810,76.913
14050.760,76.913
14052.710,76.913
14054.670,76.913
14056.620,76.913
14058.570,76.913
14060.530,76.913
14062.480,76.913
14064.430,76.913
14066.380,76.913
14068.340,76.913
14070.290,76.913
14072.240,76.913
14074.200,76.913
14076.150,76.913
14078.100,76.913
14080.060,76.913
14082.010,76.913
14083.960,76.913
14085.920,76.913
14087.870,76.913
14089.820,76.913
14091.780,76.913
14093.730,76.913
14095.680,76.913
14097.630,76.913
14099.590,76.913
14101.540,76.913
14103.490,76.913
14105.450,76.913
14107.400,76.913
14109.350,76.913
14111.310,76.913
14113.260,76.913
14115.210,76.913
14117.170,76.913
14119.120,76.913
14121.070,76.913
14123.030,76.913
14124.980,76.913
14126.930,76.913
14128.880,76.913
14130.840,76.913
14132.790,76.913
14134.740,76.913
14136.700,76.913
14138.650,76.913
14140.600,76.913
14142.560,76.913
14144.510,76.913
14146.460,76.913
14148.420,76.913
14150.370,76.913
14152.320,76.913
14154.280,76.913
14156.230,76.913
14158.180,76.913
14160.130,76.913
14162.090,76.913
14164.040,76.913
14165.990,76.913
14167.950,76.913
14169.900,76.913
14171.850,76.913
14173.810,76.913
14175.760,76.913
14177.710,76.913
14179.670,76.913
14181.620,76.913
14183.570,76.913
14185.530,76.913
14187.480,76.913
14189.430,76.913
14191.380,76.913
14193.340,76.913
14195.290,76.913
14197.240,76.913
14199.200,76.913
