time_s,temperature_C
2.000,20.000
4.000,20.000
6.000,20.000
8.000,20.000
9.000,20.000
10.000,20.000
11.000,20.000
12.000,20.000
13.000,20.000
14.000,20.000
15.000,20.000
16.000,20.000
17.000,20.000
18.000,20.000
19.000,20.000
20.000,20.000
21.000,20.000
22.000,20.000
23.000,20.000
24.000,20.000
25.000,20.000
26.000,20.000
27.000,20.000
28.000,20.000
29.000,20.000
30.001,20.000
31.001,20.000
32.001,20.000
33.001,20.000
34.001,20.000
35.001,20.000
36.001,20.000
37.001,20.000
38.001,20.000
39.001,20.000
40.001,20.000
41.001,20.000
42.001,20.000
43.001,20.000
44.001,20.000
45.001,20.000
46.001,20.000
47.001,20.000
48.001,20.000
49.001,20.000
50.001,20.000
51.001,20.000
52.001,20.000
53.001,20.000
54.001,20.000
55.001,20.000
56.001,20.000
57.001,20.000
58.001,20.000
59.001,20.000
60.001,20.000
61.001,20.000
62.001,20.000
63.001,20.001
64.001,20.002
66.001,20.006
68.001,20.011
70.000,20.017
72.000,20.024
74.000,20.031
75.999,20.039
77.999,20.047
79.999,20.056
81.998,20.065
83.998,20.075
85.998,20.084
87.997,20.094
89.997,20.104
91.997,20.115
93.996,20.125
95.996,20.136
97.996,20.147
99.995,20.158
101.995,20.169
103.995,20.180
105.994,20.192
107.994,20.203
109.994,20.215
111.993,20.226
113.993,20.238
115.993,20.250
117.992,20.262
119.992,20.274
121.992,20.286
123.991,20.298
125.991,20.310
127.991,20.322
128.991,20.329
129.991,20.335
130.991,20.341
131.991,20.347
132.992,20.353
133.992,20.360
134.992,20.366
135.992,20.372
136.992,20.378
137.993,20.385
138.993,20.391
139.993,20.397
140.993,20.404
141.994,20.410
142.994,20.416
143.994,20.422
144.994,20.429
145.994,20.435
146.995,20.442
147.995,20.448
148.995,20.454
149.995,20.461
150.995,20.467
151.996,20.473
152.996,20.480
153.996,20.486
154.996,20.493
155.997,20.499
156.997,20.505
157.997,20.512
158.997,20.518
159.997,20.525
160.998,20.531
161.998,20.538
162.998,20.544
163.998,20.550
164.998,20.557
165.999,20.563
166.999,20.570
167.999,20.576
168.999,20.583
170.000,20.589
171.000,20.596
172.000,20.602
173.000,20.609
174.000,20.615
175.001,20.622
176.001,20.628
177.001,20.635
178.001,20.641
179.001,20.648
180.002,20.654
181.002,20.661
182.002,20.667
183.002,20.674
184.003,20.680
185.003,20.687
186.003,20.693
187.003,20.700
188.003,20.706
189.004,20.713
190.004,20.719
191.004,20.726
192.004,20.732
193.004,20.739
194.005,20.745
195.005,20.752
196.005,20.758
197.005,20.765
198.006,20.771
199.006,20.778
200.006,20.784
201.006,20.791
202.006,20.797
203.007,20.804
204.007,20.810
205.007,20.817
206.007,20.823
207.007,20.830
208.008,20.836
209.008,20.843
210.008,20.849
211.008,20.856
212.009,20.862
213.009,20.869
214.009,20.875
215.009,20.882
216.009,20.888
217.010,20.894
218.010,20.901
219.010,20.907
220.010,20.914
221.010,20.920
222.011,20.927
223.011,20.933
224.011,20.940
225.011,20.946
226.012,20.953
227.012,20.959
228.012,20.966
229.012,20.972
230.012,20.979
231.013,20.985
232.013,20.992
233.013,20.998
234.013,21.004
235.013,21.011
236.014,21.017
237.014,21.024
238.014,21.030
239.014,21.037
240.015,21.043
241.015,21.050
242.015,21.056
243.015,21.062
244.015,21.069
245.016,21.075
246.016,21.082
247.016,21.088
248.016,21.095
249.016,21.101
250.017,21.107
251.017,21.114
252.017,21.120
253.017,21.127
254.017,21.133
255.018,21.139
256.018,21.146
258.017,21.159
260.016,21.171
262.015,21.184
264.014,21.197
266.012,21.210
268.011,21.222
270.010,21.235
272.009,21.248
274.008,21.261
276.007,21.273
278.006,21.286
280.005,21.299
282.004,21.311
284.003,21.324
286.001,21.337
288.000,21.349
289.999,21.362
291.998,21.374
293.997,21.387
295.996,21.400
297.995,21.412
299.994,21.425
301.993,21.437
303.992,21.450
305.990,21.462
307.989,21.475
309.988,21.487
311.987,21.500
313.986,21.512
315.985,21.525
317.984,21.537
319.983,21.550
321.982,21.562
323.981,21.574
325.979,21.587
327.978,21.599
329.977,21.612
331.976,21.624
333.975,21.636
335.974,21.649
337.973,21.661
339.972,21.673
341.971,21.686
343.970,21.698
345.968,21.710
347.967,21.722
349.966,21.735
351.965,21.747
353.964,21.759
355.963,21.771
357.962,21.784
359.961,21.796
361.960,21.808
363.959,21.820
365.957,21.832
367.956,21.844
369.955,21.857
371.954,21.869
373.953,21.881
375.952,21.893
377.951,21.905
379.950,21.917
381.949,21.929
383.948,21.941
385.946,21.953
387.945,21.965
389.944,21.977
391.943,21.989
393.942,22.001
395.941,22.013
397.940,22.025
399.939,22.037
401.938,22.049
403.937,22.061
405.936,22.073
407.934,22.085
409.933,22.097
411.932,22.109
413.931,22.121
415.930,22.133
417.929,22.145
419.928,22.156
421.927,22.168
423.926,22.180
425.925,22.192
427.923,22.204
429.922,22.216
431.921,22.227
433.920,22.239
435.919,22.251
437.918,22.263
439.917,22.274
441.916,22.286
443.915,22.298
445.914,22.310
447.912,22.321
449.911,22.333
451.910,22.345
453.909,22.356
455.908,22.368
457.907,22.380
459.906,22.391
461.905,22.403
463.904,22.415
465.903,22.426
467.901,22.438
469.900,22.449
471.899,22.461
473.898,22.473
475.897,22.484
477.896,22.496
479.895,22.507
481.894,22.519
483.893,22.530
485.892,22.542
487.890,22.553
489.889,22.565
491.888,22.576
493.887,22.588
495.886,22.599
497.885,22.610
499.884,22.622
501.883,22.633
503.882,22.645
505.881,22.656
507.879,22.667
509.878,22.679
511.877,22.690
512.878,22.696
513.879,22.702
514.880,22.707
515.881,22.713
516.882,22.719
517.883,22.724
518.884,22.730
519.885,22.736
520.886,22.741
521.887,22.747
522.888,22.753
523.889,22.758
524.890,22.764
525.891,22.770
526.892,22.775
527.893,22.781
528.894,22.786
529.895,22.792
530.896,22.798
531.897,22.803
532.898,22.809
533.899,22.815
534.900,22.820
535.901,22.826
536.901,22.831
537.902,22.837
538.903,22.843
539.904,22.848
540.905,22.854
541.906,22.860
542.907,22.865
543.908,22.871
544.909,22.876
545.910,22.882
546.911,22.888
547.912,22.893
548.913,22.899
549.914,22.904
550.915,22.910
551.916,22.915
552.917,22.921
553.918,22.927
554.919,22.932
555.920,22.938
556.921,22.943
557.922,22.949
558.923,22.954
559.924,22.960
560.925,22.966
561.926,22.971
562.927,22.977
563.928,22.982
564.929,22.988
565.930,22.993
566.931,22.999
567.932,23.004
568.933,23.010
569.934,23.016
570.935,23.021
571.936,23.027
572.937,23.032
573.938,23.038
574.939,23.043
575.940,23.049
576.941,23.054
577.942,23.060
578.942,23.065
579.943,23.071
580.944,23.076
581.945,23.082
582.946,23.087
583.947,23.093
584.948,23.098
585.949,23.104
586.950,23.109
587.951,23.115
588.952,23.120
589.953,23.126
590.954,23.131
591.955,23.137
592.956,23.142
593.957,23.148
594.958,23.153
595.959,23.159
596.960,23.164
597.961,23.170
598.962,23.175
599.963,23.181
600.964,23.186
601.965,23.191
602.966,23.197
603.967,23.202
604.968,23.208
605.969,23.213
606.970,23.219
607.971,23.224
608.972,23.230
609.973,23.235
610.974,23.241
611.975,23.246
612.976,23.251
613.977,23.257
614.978,23.262
615.979,23.268
616.980,23.273
617.981,23.279
618.982,23.284
619.983,23.289
620.984,23.295
621.984,23.300
622.985,23.306
623.986,23.311
624.987,23.316
625.988,23.322
626.989,23.327
627.990,23.333
628.991,23.338
629.992,23.344
630.993,23.349
631.994,23.354
632.995,23.360
633.996,23.365
634.997,23.370
635.998,23.376
636.999,23.381
638.000,23.387
639.001,23.392
640.002,23.397
641.003,23.403
642.004,23.408
643.005,23.413
644.006,23.419
645.007,23.424
646.008,23.430
647.009,23.435
648.010,23.440
649.011,23.446
650.012,23.451
651.013,23.456
652.014,23.462
653.015,23.467
654.016,23.472
655.017,23.478
656.018,23.483
657.019,23.488
658.020,23.494
659.021,23.499
660.022,23.504
661.023,23.510
662.024,23.515
663.025,23.520
664.026,23.526
665.026,23.531
666.027,23.536
667.028,23.542
668.029,23.547
669.030,23.552
670.031,23.557
671.032,23.563
672.033,23.568
673.034,23.573
674.035,23.579
675.036,23.584
676.037,23.589
677.038,23.595
678.039,23.600
679.040,23.605
680.041,23.610
681.042,23.616
682.043,23.621
683.044,23.626
684.045,23.632
685.046,23.637
686.047,23.642
687.048,23.647
688.049,23.653
689.050,23.658
690.051,23.663
691.052,23.668
692.053,23.674
693.054,23.679
694.055,23.684
695.056,23.689
696.057,23.695
697.058,23.700
698.059,23.705
699.060,23.710
700.061,23.716
701.062,23.721
702.063,23.726
703.064,23.731
704.065,23.737
705.066,23.742
706.067,23.747
707.067,23.752
708.068,23.758
709.069,23.763
710.070,23.768
711.071,23.773
712.072,23.778
713.073,23.784
714.074,23.789
715.075,23.794
716.076,23.799
717.077,23.804
718.078,23.810
719.079,23.815
720.080,23.820
721.081,23.825
722.082,23.830
723.083,23.836
724.084,23.841
725.085,23.846
726.086,23.851
727.087,23.856
728.088,23.862
729.089,23.867
730.090,23.872
731.091,23.877
732.092,23.882
733.093,23.887
734.094,23.893
735.095,23.898
736.096,23.903
737.097,23.908
738.098,23.913
739.099,23.918
740.100,23.924
741.101,23.929
742.102,23.934
743.103,23.939
744.104,23.944
745.105,23.949
746.106,23.954
747.107,23.960
748.108,23.965
749.109,23.970
750.109,23.975
751.110,23.980
752.111,23.985
753.112,23.990
754.113,23.996
755.114,24.001
756.115,24.006
757.116,24.011
758.117,24.016
759.118,24.021
760.119,24.026
761.120,24.031
762.121,24.036
763.122,24.042
764.123,24.047
765.124,24.052
766.125,24.057
767.126,24.062
768.127,24.067
769.128,24.072
770.129,24.077
771.130,24.082
772.131,24.087
773.132,24.092
774.133,24.098
775.134,24.103
776.135,24.108
777.136,24.113
778.137,24.118
779.138,24.123
780.139,24.128
781.140,24.133
782.141,24.138
783.142,24.143
784.143,24.148
785.144,24.153
786.145,24.158
787.146,24.163
788.147,24.169
789.148,24.174
790.149,24.179
791.150,24.184
792.151,24.189
793.151,24.194
794.152,24.199
795.153,24.204
796.154,24.209
797.155,24.214
798.156,24.219
799.157,24.224
800.158,24.229
801.159,24.234
802.160,24.239
803.161,24.244
804.162,24.249
805.163,24.254
806.164,24.259
807.165,24.264
808.166,24.269
809.167,24.274
810.168,24.279
811.169,24.284
812.170,24.289
813.171,24.294
814.172,24.299
815.173,24.304
816.174,24.309
817.175,24.314
818.176,24.319
819.177,24.324
820.178,24.329
821.179,24.334
822.180,24.339
823.181,24.344
824.182,24.349
825.183,24.354
826.184,24.359
827.185,24.364
828.186,24.369
829.187,24.374
830.188,24.379
831.189,24.384
832.190,24.389
833.191,24.394
834.192,24.399
835.192,24.404
836.193,24.409
837.194,24.414
838.195,24.419
839.196,24.424
840.197,24.429
841.198,24.433
842.199,24.438
843.200,24.443
844.201,24.448
845.202,24.453
846.203,24.458
847.204,24.463
848.205,24.468
849.206,24.473
850.207,24.478
851.208,24.483
852.209,24.488
853.210,24.493
854.211,24.498
855.212,24.503
856.213,24.507
857.214,24.512
858.215,24.517
859.216,24.522
860.217,24.527
861.218,24.532
862.219,24.537
863.220,24.542
864.221,24.547
865.222,24.552
866.223,24.556
867.224,24.561
868.225,24.566
869.226,24.571
870.227,24.576
871.228,24.581
872.229,24.586
873.230,24.591
874.231,24.596
875.232,24.600
876.233,24.605
877.234,24.610
878.234,24.615
879.235,24.620
880.236,24.625
881.237,24.630
882.238,24.635
883.239,24.639
884.240,24.644
885.241,24.649
886.242,24.654
887.243,24.659
888.244,24.664
889.245,24.669
890.246,24.674
891.247,24.678
892.248,24.683
893.249,24.688
894.250,24.693
895.251,24.698
896.252,24.703
897.253,24.707
898.254,24.712
899.255,24.717
900.256,24.722
901.257,24.727
902.258,24.732
903.259,24.736
904.260,24.741
905.261,24.746
906.262,24.751
907.263,24.756
908.264,24.760
909.265,24.765
910.266,24.770
911.267,24.775
912.268,24.780
913.269,24.785
914.270,24.789
915.271,24.794
916.272,24.799
917.273,24.804
918.274,24.809
919.275,24.813
920.276,24.818
921.276,24.823
922.277,24.828
923.278,24.832
924.279,24.837
925.280,24.842
926.281,24.847
927.282,24.852
928.283,24.856
929.284,24.861
930.285,24.866
931.286,24.871
932.287,24.875
933.288,24.880
934.289,24.885
935.290,24.890
936.291,24.895
937.292,24.899
938.293,24.904
939.294,24.909
940.295,24.914
941.296,24.918
942.297,24.923
943.298,24.928
944.299,24.933
945.300,24.937
946.301,24.942
947.302,24.947
948.303,24.952
949.304,24.956
950.305,24.961
951.306,24.966
952.307,24.970
953.308,24.975
954.309,24.980
955.310,24.985
956.311,24.989
957.312,24.994
958.313,24.999
959.314,25.004
960.315,25.008
961.316,25.013
962.317,25.018
963.317,25.022
964.318,25.027
965.319,25.032
966.320,25.037
967.321,25.041
968.322,25.046
969.323,25.051
970.324,25.055
971.325,25.060
972.326,25.065
973.327,25.069
974.328,25.074
975.329,25.079
976.330,25.084
977.331,25.088
978.332,25.093
979.333,25.098
980.334,25.102
981.335,25.107
982.336,25.112
983.337,25.116
984.338,25.121
985.339,25.126
986.340,25.130
987.341,25.135
988.342,25.140
989.343,25.144
990.344,25.149
991.345,25.154
992.346,25.158
993.347,25.163
994.348,25.168
995.349,25.172
996.350,25.177
997.351,25.182
998.352,25.186
999.353,25.191
1000.354,25.196
1001.355,25.200
1002.356,25.205
1003.357,25.209
1004.357,25.214
1005.358,25.219
1006.359,25.223
1007.360,25.228
1008.361,25.233
1009.362,25.237
1010.363,25.242
1011.364,25.246
1012.365,25.251
1013.366,25.256
1014.367,25.260
1015.368,25.265
1016.369,25.270
1017.370,25.274
1018.371,25.279
1019.372,25.283
1020.373,25.288
1021.374,25.293
1022.375,25.297
1023.376,25.302
1024.377,25.306
1025.378,25.311
1026.379,25.316
1027.380,25.320
1028.381,25.325
1029.382,25.329
1030.383,25.334
1031.384,25.338
1032.385,25.343
1033.386,25.348
1034.387,25.352
1035.388,25.357
1036.389,25.361
1037.390,25.366
1038.391,25.371
1039.392,25.375
1040.393,25.380
1041.394,25.384
1042.395,25.389
1043.396,25.393
1044.396,25.398
1045.397,25.403
1046.398,25.407
1047.399,25.412
1048.400,25.416
1049.401,25.421
1050.402,25.425
1051.403,25.430
1052.404,25.434
1053.405,25.439
1054.406,25.443
1055.407,25.448
1056.408,25.453
1057.409,25.457
1058.410,25.462
1059.411,25.466
1060.412,25.471
1061.413,25.475
1062.414,25.480
1063.415,25.484
1064.416,25.489
1065.417,25.493
1066.418,25.498
1067.419,25.502
1068.420,25.507
1069.421,25.511
1070.422,25.516
1071.423,25.521
1072.424,25.525
1073.425,25.530
1074.426,25.534
1075.427,25.539
1076.428,25.543
1077.429,25.548
1078.430,25.552
1079.431,25.557
1080.432,25.561
1081.433,25.566
1082.434,25.570
1083.435,25.575
1084.436,25.579
1085.437,25.584
1086.438,25.588
1087.438,25.593
1088.439,25.597
1089.440,25.602
1090.441,25.606
1091.442,25.611
1092.443,25.615
1093.444,25.619
1094.445,25.624
1095.446,25.628
1096.447,25.633
1097.448,25.637
1098.449,25.642
1099.450,25.646
1100.451,25.651
1101.452,25.655
1102.453,25.660
1103.454,25.664
1104.455,25.669
1105.456,25.673
1106.457,25.678
1107.458,25.682
1108.459,25.687
1109.460,25.691
1110.461,25.695
1111.462,25.700
1112.463,25.704
1113.464,25.709
1114.465,25.713
1115.466,25.718
1116.467,25.722
1117.468,25.727
1118.469,25.731
1119.470,25.735
1120.471,25.740
1121.472,25.744
1122.473,25.749
1123.474,25.753
1124.475,25.758
1125.476,25.762
1126.477,25.766
1127.478,25.771
1128.479,25.775
1129.479,25.780
1130.480,25.784
1131.481,25.788
1132.482,25.793
1133.483,25.797
1134.484,25.802
1135.485,25.806
1136.486,25.811
1137.487,25.815
1138.488,25.819
1139.489,25.824
1140.490,25.828
1141.491,25.833
1142.492,25.837
1143.493,25.841
1144.494,25.846
1145.495,25.850
1146.496,25.855
1147.497,25.859
1148.498,25.863
1149.499,25.868
1150.500,25.872
1151.501,25.876
1152.502,25.881
1153.503,25.885
1154.504,25.890
1155.505,25.894
1156.506,25.898
1157.507,25.903
1158.508,25.907
1159.509,25.911
1160.510,25.916
1161.511,25.920
1162.512,25.925
1163.513,25.929
1164.514,25.933
1165.515,25.938
1166.516,25.942
1167.517,25.946
1168.518,25.951
1169.519,25.955
1170.520,25.959
1171.521,25.964
1172.521,25.968
1173.522,25.972
1174.523,25.977
1175.524,25.981
1176.525,25.985
1177.526,25.990
1178.527,25.994
1179.528,25.998
1180.529,26.003
1181.530,26.007
1182.531,26.011
1183.532,26.016
1184.533,26.020
1185.534,26.024
1186.535,26.029
1187.536,26.033
1188.537,26.037
1189.538,26.042
1190.539,26.046
1191.540,26.050
1192.541,26.055
1193.542,26.059
1194.543,26.063
1195.544,26.068
1196.545,26.072
1197.546,26.076
1198.547,26.080
1199.548,26.085
1200.549,26.089
1201.550,26.093
1202.551,26.098
1203.552,26.102
1204.553,26.106
1205.554,26.110
1206.555,26.115
1207.556,26.119
1208.557,26.123
1209.558,26.128
1210.559,26.132
1211.560,26.136
1212.561,26.140
1213.562,26.145
1214.563,26.149
1215.563,26.153
1216.564,26.157
1217.565,26.162
1218.566,26.166
1219.567,26.170
1220.568,26.175
1221.569,26.179
1222.570,26.183
1223.571,26.187
1224.572,26.192
1225.573,26.196
1226.574,26.200
1227.575,26.204
1228.576,26.209
1229.577,26.213
1230.578,26.217
1231.579,26.221
1232.580,26.226
1233.581,26.230
1234.582,26.234
1235.583,26.238
1236.584,26.243
1237.585,26.247
1238.586,26.251
1239.587,26.255
1240.588,26.259
1241.589,26.264
1242.590,26.268
1243.591,26.272
1244.592,26.276
1245.593,26.281
1246.594,26.285
1247.595,26.289
1248.596,26.293
1249.597,26.298
1250.598,26.302
1251.599,26.306
1252.600,26.310
1253.601,26.314
1254.602,26.319
1255.603,26.323
1256.604,26.327
1257.604,26.331
1258.605,26.335
1259.606,26.340
1260.607,26.344
1261.608,26.348
1262.609,26.352
1263.610,26.356
1264.611,26.361
1265.612,26.365
1266.613,26.369
1267.614,26.373
1268.615,26.377
1269.616,26.382
1270.617,26.386
1271.618,26.390
1272.619,26.394
1273.620,26.398
1274.621,26.402
1275.622,26.407
1276.623,26.411
1277.624,26.415
1278.625,26.419
1279.626,26.423
1280.627,26.427
1281.628,26.432
1282.629,26.436
1283.630,26.440
1284.631,26.444
1285.632,26.448
1286.633,26.452
1287.634,26.457
1288.635,26.461
1289.636,26.465
1290.637,26.469
1291.638,26.473
1292.639,26.477
1293.640,26.481
1294.641,26.486
1295.642,26.490
1296.643,26.494
1297.644,26.498
1298.645,26.502
1299.646,26.506
1300.646,26.510
1301.647,26.515
1302.648,26.519
1303.649,26.523
1304.650,26.527
1305.651,26.531
1306.652,26.535
1307.653,26.539
1308.654,26.543
1309.655,26.548
1310.656,26.552
1311.657,26.556
1312.658,26.560
1313.659,26.564
1314.660,26.568
1315.661,26.572
1316.662,26.576
1317.663,26.581
1318.664,26.585
1319.665,26.589
1320.666,26.593
1321.667,26.597
1322.668,26.601
1323.669,26.605
1324.670,26.609
1325.671,26.613
1326.672,26.618
1327.673,26.622
1328.674,26.626
1329.675,26.630
1330.676,26.634
1331.677,26.638
1332.678,26.642
1333.679,26.646
1334.680,26.650
1335.681,26.654
1336.682,26.658
1337.683,26.663
1338.684,26.667
1339.685,26.671
1340.686,26.675
1341.687,26.679
1342.688,26.683
1343.688,26.687
1344.689,26.691
1345.690,26.695
1346.691,26.699
1347.692,26.703
1348.693,26.707
1349.694,26.711
1350.695,26.715
1351.696,26.719
1352.697,26.723
1353.698,26.727
1354.699,26.732
1355.700,26.736
1356.701,26.740
1357.702,26.744
1358.703,26.748
1359.704,26.752
1360.705,26.756
1361.706,26.760
1362.707,26.764
1363.708,26.768
1364.709,26.772
1365.710,26.776
1366.711,26.780
1367.712,26.784
1368.713,26.788
1369.714,26.792
1370.715,26.796
1371.716,26.800
1372.717,26.804
1373.718,26.808
1374.719,26.812
1375.720,26.816
1376.721,26.820
1377.722,26.824
1378.723,26.828
1379.724,26.832
1380.725,26.836
1381.726,26.840
1382.727,26.844
1383.728,26.848
1384.729,26.852
1385.729,26.856
1386.730,26.860
1387.731,26.864
1388.732,26.868
1389.733,26.872
1390.734,26.876
1391.735,26.880
1392.736,26.884
1393.737,26.888
1394.738,26.892
1395.739,26.896
1396.740,26.900
1397.741,26.904
1398.742,26.908
1399.743,26.912
1400.744,26.916
1401.745,26.920
1402.746,26.924
1403.747,26.928
1404.748,26.932
1405.749,26.936
1406.750,26.940
1407.751,26.944
1408.752,26.948
1409.753,26.952
1410.754,26.956
1411.755,26.960
1412.756,26.964
1413.757,26.968
1414.758,26.972
1415.759,26.976
1416.760,26.980
1417.761,26.984
1418.762,26.988
1419.763,26.992
1420.764,26.996
1421.765,27.000
1422.766,27.004
1423.767,27.007
1424.768,27.011
1425.769,27.015
1426.770,27.019
1427.771,27.023
1428.771,27.027
1429.772,27.031
1430.773,27.035
1431.774,27.039
1432.775,27.043
1433.776,27.047
1434.777,27.051
1435.778,27.055
1436.779,27.059
1437.780,27.063
1438.781,27.067
1439.782,27.071
1440.783,27.074
1441.784,27.078
1442.785,27.082
1443.786,27.086
1444.787,27.090
1445.788,27.094
1446.789,27.098
1447.790,27.102
1448.791,27.106
1449.792,27.110
1450.793,27.114
1451.794,27.117
1452.795,27.121
1453.796,27.125
1454.797,27.129
1455.798,27.133
1456.799,27.137
1457.800,27.141
1458.801,27.145
1459.802,27.149
1460.803,27.153
1461.804,27.156
1462.805,27.160
1463.806,27.164
1464.807,27.168
1465.808,27.172
1466.809,27.176
1467.810,27.180
1468.811,27.184
1469.812,27.188
1470.813,27.191
1471.813,27.195
1472.814,27.199
1473.815,27.203
1474.816,27.207
1475.817,27.211
1476.818,27.215
1477.819,27.219
1478.820,27.222
1479.821,27.226
1480.822,27.230
1481.823,27.234
1482.824,27.238
1483.825,27.242
1484.826,27.246
1485.827,27.249
1486.828,27.253
1487.829,27.257
1488.830,27.261
1489.831,27.265
1490.832,27.269
1491.833,27.273
1492.834,27.276
1493.835,27.280
1494.836,27.284
1495.837,27.288
1496.838,27.292
1497.839,27.296
1498.840,27.299
1499.841,27.303
1500.842,27.307
1501.843,27.311
1502.844,27.315
1503.845,27.319
1504.846,27.322
1505.847,27.326
1506.848,27.330
1507.849,27.334
1508.850,27.338
1509.851,27.342
1510.852,27.345
1511.853,27.349
1512.854,27.353
1513.854,27.357
1514.855,27.361
1515.856,27.365
1516.857,27.368
1517.858,27.372
1518.859,27.376
1519.860,27.380
1520.861,27.384
1521.862,27.387
1522.863,27.391
1523.864,27.395
1524.865,27.399
1525.866,27.403
1526.867,27.406
1527.868,27.410
1528.869,27.414
1529.870,27.418
1530.871,27.422
1531.872,27.425
1532.873,27.429
1533.874,27.433
1534.875,27.437
1535.876,27.440
1536.877,27.444
1537.878,27.448
1538.879,27.452
1539.880,27.456
1540.881,27.459
1541.882,27.463
1542.883,27.467
1543.884,27.471
1544.885,27.475
1545.886,27.478
1546.887,27.482
1547.888,27.486
1548.889,27.490
1549.890,27.493
1550.891,27.497
1551.892,27.501
1552.893,27.505
1553.894,27.508
1554.895,27.512
1555.896,27.516
1556.896,27.520
1557.897,27.523
1558.898,27.527
1559.899,27.531
1560.900,27.535
1561.901,27.538
1562.902,27.542
1563.903,27.546
1564.904,27.550
1565.905,27.553
1566.906,27.557
1567.907,27.561
1568.908,27.565
1569.909,27.568
1570.910,27.572
1571.911,27.576
1572.912,27.580
1573.913,27.583
1574.914,27.587
1575.915,27.591
1576.916,27.595
1577.917,27.598
1578.918,27.602
1579.919,27.606
1580.920,27.609
1581.921,27.613
1582.922,27.617
1583.923,27.621
1584.924,27.624
1585.925,27.628
1586.926,27.632
1587.927,27.635
1588.928,27.639
1589.929,27.643
1590.930,27.647
1591.931,27.650
1592.932,27.654
1593.933,27.658
1594.934,27.661
1595.935,27.665
1596.936,27.669
1597.937,27.672
1598.938,27.676
1599.938,27.680
1600.939,27.684
1601.940,27.687
1602.941,27.691
1603.942,27.695
1604.943,27.698
1605.944,27.702
1606.945,27.706
1607.946,27.709
1608.947,27.713
1609.948,27.717
1610.949,27.720
1611.950,27.724
1612.951,27.728
1613.952,27.731
1614.953,27.735
1615.954,27.739
1616.955,27.742
1617.956,27.746
1618.957,27.750
1619.958,27.753
1620.959,27.757
1621.960,27.761
1622.961,27.764
1623.962,27.768
1624.963,27.772
1625.964,27.775
1626.965,27.779
1627.966,27.783
1628.967,27.786
1629.968,27.790
1630.969,27.794
1631.970,27.797
1632.971,27.801
1633.972,27.805
1634.973,27.808
1635.974,27.812
1636.975,27.816
1637.976,27.819
1638.977,27.823
1639.978,27.827
1640.979,27.830
1641.979,27.834
1642.980,27.838
1643.981,27.841
1644.982,27.845
1645.983,27.848
1646.984,27.852
1647.985,27.856
1648.986,27.859
1649.987,27.863
1650.988,27.867
1651.989,27.870
1652.990,27.874
1653.991,27.877
1654.992,27.881
1655.993,27.885
1656.994,27.888
1657.995,27.892
1658.996,27.895
1659.997,27.899
1660.998,27.903
1661.999,27.906
1663.000,27.910
1664.001,27.914
1665.002,27.917
1666.003,27.921
1667.004,27.924
1668.005,27.928
1669.006,27.932
1670.007,27.935
1671.008,27.939
1672.009,27.942
1673.010,27.946
1674.011,27.950
1675.012,27.953
1676.013,27.957
1677.014,27.960
1678.015,27.964
1679.016,27.968
1680.017,27.971
1681.018,27.975
1682.019,27.978
1683.020,27.982
1684.021,27.985
1685.021,27.989
1686.022,27.993
1687.023,27.996
1688.024,28.000
1689.025,28.003
1690.026,28.007
1691.027,28.010
1692.028,28.014
1693.029,28.018
1694.030,28.021
1695.031,28.025
1696.032,28.028
1697.033,28.032
1698.034,28.035
1699.035,28.039
1700.036,28.043
1701.037,28.046
1702.038,28.050
1703.039,28.053
1704.040,28.057
1705.041,28.060
1706.042,28.064
1707.043,28.067
1708.044,28.071
1709.045,28.074
1710.046,28.078
1711.047,28.082
1712.048,28.085
1713.049,28.089
1714.050,28.092
1715.051,28.096
1716.052,28.099
1717.053,28.103
1718.054,28.106
1719.055,28.110
1720.056,28.113
1721.057,28.117
1722.058,28.121
1723.059,28.124
1724.060,28.128
1725.061,28.131
1726.062,28.135
1727.063,28.138
1728.063,28.142
1729.064,28.145
1730.065,28.149
1731.066,28.152
1732.067,28.156
1733.068,28.159
1734.069,28.163
1735.070,28.166
1736.071,28.170
1737.072,28.173
1738.073,28.177
1739.074,28.180
1740.075,28.184
1741.076,28.187
1742.077,28.191
1743.078,28.194
1744.079,28.198
1745.080,28.201
1746.081,28.205
1747.082,28.208
1748.083,28.212
1749.084,28.215
1750.085,28.219
1751.086,28.222
1752.087,28.226
1753.088,28.229
1754.089,28.233
1755.090,28.236
1756.091,28.240
1757.092,28.243
1758.093,28.247
1759.094,28.250
1760.095,28.254
1761.096,28.257
1762.097,28.261
1763.098,28.264
1764.099,28.268
1765.100,28.271
1766.101,28.275
1767.102,28.278
1768.103,28.281
1769.104,28.285
1770.104,28.288
1771.105,28.292
1772.106,28.295
1773.107,28.299
1774.108,28.302
1775.109,28.306
1776.110,28.309
1777.111,28.313
1778.112,28.316
1779.113,28.320
1780.114,28.323
1781.115,28.326
1782.116,28.330
1783.117,28.333
1784.118,28.337
1785.119,28.340
1786.120,28.344
1787.121,28.347
1788.122,28.351
1789.123,28.354
1790.124,28.357
1791.125,28.361
1792.126,28.364
1793.127,28.368
1794.128,28.371
1795.129,28.375
1796.130,28.378
1797.131,28.382
1798.132,28.385
1799.133,28.388
1800.134,28.392
1801.135,28.395
1802.136,28.399
1803.137,28.402
1804.138,28.406
1805.139,28.409
1806.140,28.412
1807.141,28.416
1808.142,28.419
1809.143,28.423
1810.144,28.426
1811.145,28.430
1812.146,28.433
1813.146,28.436
1814.147,28.440
1815.148,28.443
1816.149,28.447
1817.150,28.450
1818.151,28.453
1819.152,28.457
1820.153,28.460
1821.154,28.464
1822.155,28.467
1823.156,28.470
1824.157,28.474
1825.158,28.477
1826.159,28.481
1827.160,28.484
1828.161,28.487
1829.162,28.491
1830.163,28.494
1831.164,28.498
1832.165,28.501
1833.166,28.504
1834.167,28.508
1835.168,28.511
1836.169,28.514
1837.170,28.518
1838.171,28.521
1839.172,28.525
1840.173,28.528
1841.174,28.531
1842.175,28.535
1843.176,28.538
1844.177,28.541
1845.178,28.545
1846.179,28.548
1847.180,28.552
1848.181,28.555
1849.182,28.558
1850.183,28.562
1851.184,28.565
1852.185,28.568
1853.186,28.572
1854.187,28.575
1855.188,28.578
1856.188,28.582
1857.189,28.585
1858.190,28.589
1859.191,28.592
1860.192,28.595
1861.193,28.599
1862.194,28.602
1863.195,28.605
1864.196,28.609
1865.197,28.612
1866.198,28.615
1867.199,28.619
1868.200,28.622
1869.201,28.625
1870.202,28.629
1871.203,28.632
1872.204,28.635
1873.205,28.639
1874.206,28.642
1875.207,28.645
1876.208,28.649
1877.209,28.652
1878.210,28.655
1879.211,28.659
1880.212,28.662
1881.213,28.665
1882.214,28.669
1883.215,28.672
1884.216,28.675
1885.217,28.679
1886.218,28.682
1887.219,28.685
1888.220,28.689
1889.221,28.692
1890.222,28.695
1891.223,28.699
1892.224,28.702
1893.225,28.705
1894.226,28.709
1895.227,28.712
1896.228,28.715
1897.229,28.718
1898.229,28.722
1899.230,28.725
1900.231,28.728
1901.232,28.732
1902.233,28.735
1903.234,28.738
1904.235,28.742
1905.236,28.745
1906.237,28.748
1907.238,28.751
1908.239,28.755
1909.240,28.758
1910.241,28.761
1911.242,28.765
1912.243,28.768
1913.244,28.771
1914.245,28.774
1915.246,28.778
1916.247,28.781
1917.248,28.784
1918.249,28.788
1919.250,28.791
1920.251,28.794
1921.252,28.797
1922.253,28.801
1923.254,28.804
1924.255,28.807
1925.256,28.811
1926.257,28.814
1927.258,28.817
1928.259,28.820
1929.260,28.824
1930.261,28.827
1931.262,28.830
1932.263,28.833
1933.264,28.837
1934.265,28.840
1935.266,28.843
1936.267,28.846
1937.268,28.850
1938.269,28.853
1939.270,28.856
1940.271,28.859
1941.271,28.863
1942.272,28.866
1943.273,28.869
1944.274,28.872
1945.275,28.876
1946.276,28.879
1947.277,28.882
1948.278,28.885
1949.279,28.889
1950.280,28.892
1951.281,28.895
1952.282,28.898
1953.283,28.902
1954.284,28.905
1955.285,28.908
1956.286,28.911
1957.287,28.915
1958.288,28.918
1959.289,28.921
1960.290,28.924
1961.291,28.928
1962.292,28.931
1963.293,28.934
1964.294,28.937
1965.295,28.940
1966.296,28.944
1967.297,28.947
1968.298,28.950
1969.299,28.953
1970.300,28.956
1971.301,28.960
1972.302,28.963
1973.303,28.966
1974.304,28.969
1975.305,28.973
1976.306,28.976
1977.307,28.979
1978.308,28.982
1979.309,28.985
1980.310,28.989
1981.311,28.992
1982.312,28.995
1983.313,28.998
1984.313,29.001
1985.314,29.005
1986.315,29.008
1987.316,29.011
1988.317,29.014
1989.318,29.017
1990.319,29.021
1991.320,29.024
1992.321,29.027
1993.322,29.030
1994.323,29.033
1995.324,29.037
1996.325,29.040
1997.326,29.043
1998.327,29.046
1999.328,29.049
2000.329,29.052
2001.330,29.056
2002.331,29.059
2003.332,29.062
2004.333,29.065
2005.334,29.068
2006.335,29.072
2007.336,29.075
2008.337,29.078
2009.338,29.081
2010.339,29.084
2011.340,29.087
2012.341,29.091
2013.342,29.094
2014.343,29.097
2015.344,29.100
2016.345,29.103
2017.346,29.106
2018.347,29.110
2019.348,29.113
2020.349,29.116
2021.350,29.119
2022.351,29.122
2023.352,29.125
2024.353,29.128
2025.354,29.132
2026.354,29.135
2027.355,29.138
2028.356,29.141
2029.357,29.144
2030.358,29.147
2031.359,29.150
2032.360,29.154
2033.361,29.157
2034.362,29.160
2035.363,29.163
2036.364,29.166
2037.365,29.169
2038.366,29.172
2039.367,29.176
2040.368,29.179
2041.369,29.182
2042.370,29.185
2043.371,29.188
2044.372,29.191
2045.373,29.194
2046.374,29.197
2047.375,29.201
2048.376,29.204
2049.377,29.207
2050.378,29.210
2051.379,29.213
2052.380,29.216
2053.381,29.219
2054.382,29.222
2055.383,29.226
2056.384,29.229
2057.385,29.232
2058.386,29.235
2059.387,29.238
2060.388,29.241
2061.389,29.244
2062.390,29.247
2063.391,29.250
2064.392,29.254
2065.393,29.257
2066.394,29.260
2067.395,29.263
2068.396,29.266
2069.396,29.269
2070.397,29.272
2071.398,29.275
2072.399,29.278
2073.400,29.281
2074.401,29.285
2075.402,29.288
2076.403,29.291
2077.404,29.294
2078.405,29.297
2079.406,29.300
2080.407,29.303
2081.408,29.306
2082.409,29.309
2083.410,29.312
2084.411,29.315
2085.412,29.318
2086.413,29.322
2087.414,29.325
2088.415,29.328
2089.416,29.331
2090.417,29.334
2091.418,29.337
2092.419,29.340
2093.420,29.343
2094.421,29.346
2095.422,29.349
2096.423,29.352
2097.424,29.355
2098.425,29.358
2099.426,29.361
2100.427,29.365
2101.428,29.368
2102.429,29.371
2103.430,29.374
2104.431,29.377
2105.432,29.380
2106.433,29.383
2107.434,29.386
2108.435,29.389
2109.436,29.392
2110.437,29.395
2111.438,29.398
2112.438,29.401
2113.439,29.404
2114.440,29.407
2115.441,29.410
2116.442,29.413
2117.443,29.416
2118.444,29.420
2119.445,29.423
2120.446,29.426
2121.447,29.429
2122.448,29.432
2123.449,29.435
2124.450,29.438
2125.451,29.441
2126.452,29.444
2127.453,29.447
2128.454,29.450
2129.455,29.453
2130.456,29.456
2131.457,29.459
2132.458,29.462
2133.459,29.465
2134.460,29.468
2135.461,29.471
2136.462,29.474
2137.463,29.477
2138.464,29.480
2139.465,29.483
2140.466,29.486
2141.467,29.489
2142.468,29.492
2143.469,29.495
2144.470,29.498
2145.471,29.501
2146.472,29.504
2147.473,29.507
2148.474,29.510
2149.475,29.513
2150.476,29.516
2151.477,29.519
2152.478,29.522
2153.479,29.525
2154.479,29.528
2155.480,29.531
2156.481,29.534
2157.482,29.537
2158.483,29.540
2159.484,29.543
2160.485,29.546
2161.486,29.549
2162.487,29.552
2163.488,29.555
2164.489,29.558
2165.490,29.561
2166.491,29.564
2167.492,29.567
2168.493,29.570
2169.494,29.573
2170.495,29.576
2171.496,29.579
2172.497,29.582
2173.498,29.585
2174.499,29.588
2175.500,29.591
2176.501,29.594
2177.502,29.597
2178.503,29.600
2179.504,29.603
2180.505,29.606
2181.506,29.609
2182.507,29.612
2183.508,29.615
2184.509,29.618
2185.510,29.621
2186.511,29.624
2187.512,29.627
2188.513,29.630
2189.514,29.633
2190.515,29.636
2191.516,29.639
2192.517,29.642
2193.518,29.645
2194.519,29.648
2195.520,29.650
2196.521,29.653
2197.521,29.656
2198.522,29.659
2199.523,29.662
2200.524,29.665
2201.525,29.668
2202.526,29.671
2203.527,29.674
2204.528,29.677
2205.529,29.680
2206.530,29.683
2207.531,29.686
2208.532,29.689
2209.533,29.692
2210.534,29.695
2211.535,29.698
2212.536,29.701
2213.537,29.704
2214.538,29.706
2215.539,29.709
2216.540,29.712
2217.541,29.715
2218.542,29.718
2219.543,29.721
2220.544,29.724
2221.545,29.727
2222.546,29.730
2223.547,29.733
2224.548,29.736
2225.549,29.739
2226.550,29.742
2227.551,29.745
2228.552,29.747
2229.553,29.750
2230.554,29.753
2231.555,29.756
2232.556,29.759
2233.557,29.762
2234.558,29.765
2235.559,29.768
2236.560,29.771
2237.561,29.774
2238.562,29.777
2239.563,29.780
2240.563,29.782
2241.564,29.785
2242.565,29.788
2243.566,29.791
2244.567,29.794
2245.568,29.797
2246.569,29.800
2247.570,29.803
2248.571,29.806
2249.572,29.808
2250.573,29.811
2251.574,29.814
2252.575,29.817
2253.576,29.820
2254.577,29.823
2255.578,29.826
2256.579,29.829
2257.580,29.832
2258.581,29.835
2259.582,29.837
2260.583,29.840
2261.584,29.843
2262.585,29.846
2263.586,29.849
2264.587,29.852
2265.588,29.855
2266.589,29.858
2267.590,29.860
2268.591,29.863
2269.592,29.866
2270.593,29.869
2271.594,29.872
2272.595,29.875
2273.596,29.878
2274.597,29.881
2275.598,29.883
2276.599,29.886
2277.600,29.889
2278.601,29.892
2279.602,29.895
2280.603,29.898
2281.604,29.901
2282.604,29.903
2283.605,29.906
2284.606,29.909
2285.607,29.912
2286.608,29.915
2287.609,29.918
2288.610,29.921
2289.611,29.924
2290.612,29.926
2291.613,29.929
2292.614,29.932
2293.615,29.935
2294.616,29.938
2295.617,29.941
2296.618,29.943
2297.619,29.946
2298.620,29.949
2299.621,29.952
2300.622,29.955
2301.623,29.958
2302.624,29.961
2303.625,29.963
2304.626,29.966
2305.627,29.969
2306.628,29.972
2307.629,29.975
2308.630,29.978
2309.631,29.980
2310.632,29.983
2311.633,29.986
2312.634,29.989
2313.635,29.992
2314.636,29.995
2315.637,29.997
2316.638,30.000
2317.639,30.003
2318.640,30.006
2319.641,30.009
2320.642,30.012
2321.643,30.014
2322.644,30.017
2323.645,30.020
2324.646,30.023
2325.646,30.026
2326.647,30.028
2327.648,30.031
2328.649,30.034
2329.650,30.037
2330.651,30.040
2331.652,30.042
2332.653,30.045
2333.654,30.048
2334.655,30.051
2335.656,30.054
2336.657,30.056
2337.658,30.059
2338.659,30.062
2339.660,30.065
2340.661,30.068
2341.662,30.070
2342.663,30.073
2343.664,30.076
2344.665,30.079
2345.666,30.082
2346.667,30.084
2347.668,30.087
2348.669,30.090
2349.670,30.093
2350.671,30.096
2351.672,30.098
2352.673,30.101
2353.674,30.104
2354.675,30.107
2355.676,30.110
2356.677,30.112
2357.678,30.115
2358.679,30.118
2359.680,30.121
2360.681,30.123
2361.682,30.126
2362.683,30.129
2363.684,30.132
2364.685,30.135
2365.686,30.137
2366.687,30.140
2367.688,30.143
2368.688,30.146
2369.689,30.148
2370.690,30.151
2371.691,30.154
2372.692,30.157
2373.693,30.159
2374.694,30.162
2375.695,30.165
2376.696,30.168
2377.697,30.171
2378.698,30.173
2379.699,30.176
2380.700,30.179
2381.701,30.182
2382.702,30.184
2383.703,30.187
2384.704,30.190
2385.705,30.193
2386.706,30.195
2387.707,30.198
2388.708,30.201
2389.709,30.204
2390.710,30.206
2391.711,30.209
2392.712,30.212
2393.713,30.215
2394.714,30.217
2395.715,30.220
2396.716,30.223
2397.717,30.226
2398.718,30.228
2399.719,30.231
2400.720,30.234
2401.721,30.237
2402.722,30.239
2403.723,30.242
2404.724,30.245
2405.725,30.247
2406.726,30.250
2407.727,30.253
2408.728,30.256
2409.729,30.258
2410.729,30.261
2411.730,30.264
2412.731,30.267
2413.732,30.269
2414.733,30.272
2415.734,30.275
2416.735,30.277
2417.736,30.280
2418.737,30.283
2419.738,30.286
2420.739,30.288
2421.740,30.291
2422.741,30.294
2423.742,30.296
2424.743,30.299
2425.744,30.302
2426.745,30.305
2427.746,30.307
2428.747,30.310
2429.748,30.313
2430.749,30.315
2431.750,30.318
2432.751,30.321
2433.752,30.324
2434.753,30.326
2435.754,30.329
2436.755,30.332
2437.756,30.334
2438.757,30.337
2439.758,30.340
2440.759,30.342
2441.760,30.345
2442.761,30.348
2443.762,30.351
2444.763,30.353
2445.764,30.356
2446.765,30.359
2447.766,30.361
2448.767,30.364
2449.768,30.367
2450.769,30.369
2451.770,30.372
2452.771,30.375
2453.771,30.377
2454.772,30.380
2455.773,30.383
2456.774,30.385
2457.775,30.388
2458.776,30.391
2459.777,30.393
2460.778,30.396
2461.779,30.399
2462.780,30.401
2463.781,30.404
2464.782,30.407
2465.783,30.410
2466.784,30.412
2467.785,30.415
2468.786,30.418
2469.787,30.420
2470.788,30.423
2471.789,30.426
2472.790,30.428
2473.791,30.431
2474.792,30.434
2475.793,30.436
2476.794,30.439
2477.795,30.442
2478.796,30.444
2479.797,30.447
2480.798,30.450
2481.799,30.452
2482.800,30.455
2483.801,30.458
2484.802,30.460
2485.803,30.463
2486.804,30.465
2487.805,30.468
2488.806,30.471
2489.807,30.473
2490.808,30.476
2491.809,30.479
2492.810,30.481
2493.811,30.484
2494.812,30.487
2495.813,30.489
2496.813,30.492
2497.814,30.495
2498.815,30.497
2499.816,30.500
2500.817,30.503
2501.818,30.505
2502.819,30.508
2503.820,30.510
2504.821,30.513
2505.822,30.516
2506.823,30.518
2507.824,30.521
2508.825,30.524
2509.826,30.526
2510.827,30.529
2511.828,30.531
2512.829,30.534
2513.830,30.537
2514.831,30.539
2515.832,30.542
2516.833,30.545
2517.834,30.547
2518.835,30.550
2519.836,30.552
2520.837,30.555
2521.838,30.558
2522.839,30.560
2523.840,30.563
2524.841,30.566
2525.842,30.568
2526.843,30.571
2527.844,30.573
2528.845,30.576
2529.846,30.579
2530.847,30.581
2531.848,30.584
2532.849,30.586
2533.850,30.589
2534.851,30.592
2535.852,30.594
2536.853,30.597
2537.854,30.599
2538.854,30.602
2539.855,30.605
2540.856,30.607
2541.857,30.610
2542.858,30.612
2543.859,30.615
2544.860,30.618
2545.861,30.620
2546.862,30.623
2547.863,30.625
2548.864,30.628
2549.865,30.631
2550.866,30.633
2551.867,30.636
2552.868,30.638
2553.869,30.641
2554.870,30.643
2555.871,30.646
2556.872,30.649
2557.873,30.651
2558.874,30.654
2559.875,30.656
2560.876,30.659
2561.877,30.662
2562.878,30.664
2563.879,30.667
2564.880,30.669
2565.881,30.672
2566.882,30.674
2567.883,30.677
2568.884,30.680
2569.885,30.682
2570.886,30.685
2571.887,30.687
2572.888,30.690
2573.889,30.692
2574.890,30.695
2575.891,30.698
2576.892,30.700
2577.893,30.703
2578.894,30.705
2579.895,30.708
2580.896,30.710
2581.896,30.713
2582.897,30.716
2583.898,30.718
2584.899,30.721
2585.900,30.723
2586.901,30.726
2587.902,30.728
2588.903,30.731
2589.904,30.733
2590.905,30.736
2591.906,30.738
2592.907,30.741
2593.908,30.744
2594.909,30.746
2595.910,30.749
2596.911,30.751
2597.912,30.754
2598.913,30.756
2599.914,30.759
2600.915,30.761
2601.916,30.764
2602.917,30.766
2603.918,30.769
2604.919,30.772
2605.920,30.774
2606.921,30.777
2607.922,30.779
2608.923,30.782
2609.924,30.784
2610.925,30.787
2611.926,30.789
2612.927,30.792
2613.928,30.794
2614.929,30.797
2615.930,30.799
2616.931,30.802
2617.932,30.804
2618.933,30.807
2619.934,30.810
2620.935,30.812
2621.936,30.815
2622.937,30.817
2623.938,30.820
2624.938,30.822
2625.939,30.825
2626.940,30.827
2627.941,30.830
2628.942,30.832
2629.943,30.835
2630.944,30.837
2631.945,30.840
2632.946,30.842
2633.947,30.845
2634.948,30.847
2635.949,30.850
2636.950,30.852
2637.951,30.855
2638.952,30.857
2639.953,30.860
2640.954,30.862
2641.955,30.865
2642.956,30.867
2643.957,30.870
2644.958,30.872
2645.959,30.875
2646.960,30.877
2647.961,30.880
2648.962,30.882
2649.963,30.885
2650.964,30.887
2651.965,30.890
2652.966,30.892
2653.967,30.895
2654.968,30.897
2655.969,30.900
2656.970,30.902
2657.971,30.905
2658.972,30.907
2659.973,30.910
2660.974,30.912
2661.975,30.915
2662.976,30.917
2663.977,30.920
2664.978,30.922
2665.979,30.925
2666.979,30.927
2667.980,30.930
2668.981,30.932
2669.982,30.934
2670.983,30.937
2671.984,30.939
2672.985,30.942
2673.986,30.944
2674.987,30.947
2675.988,30.949
2676.989,30.952
2677.990,30.954
2678.991,30.957
2679.992,30.959
2680.993,30.962
2681.994,30.964
2682.995,30.967
2683.996,30.969
2684.997,30.972
2685.998,30.974
2686.999,30.976
2688.000,30.979
2689.001,30.981
2690.002,30.984
2691.003,30.986
2692.004,30.989
2693.005,30.991
2694.006,30.994
2695.007,30.996
2696.008,30.999
2697.009,31.001
2698.010,31.003
2699.011,31.006
2700.012,31.008
2701.013,31.011
2702.014,31.013
2703.015,31.016
2704.016,31.018
2705.017,31.021
2706.018,31.023
2707.019,31.025
2708.020,31.028
2709.021,31.030
2710.021,31.033
2711.022,31.035
2712.023,31.038
2713.024,31.040
2714.025,31.042
2715.026,31.045
2716.027,31.047
2717.028,31.050
2718.029,31.052
2719.030,31.055
2720.031,31.057
2721.032,31.060
2722.033,31.062
2723.034,31.064
2724.035,31.067
2725.036,31.069
2726.037,31.072
2727.038,31.074
2728.039,31.077
2729.040,31.079
2730.041,31.081
2731.042,31.084
2732.043,31.086
2733.044,31.089
2734.045,31.091
2735.046,31.093
2736.047,31.096
2737.048,31.098
2738.049,31.101
2739.050,31.103
2740.051,31.106
2741.052,31.108
2742.053,31.110
2743.054,31.113
2744.055,31.115
2745.056,31.118
2746.057,31.120
2747.058,31.122
2748.059,31.125
2749.060,31.127
2750.061,31.130
2751.062,31.132
2752.063,31.134
2753.063,31.137
2754.064,31.139
2755.065,31.142
2756.066,31.144
2757.067,31.146
2758.068,31.149
2759.069,31.151
2760.070,31.154
2761.071,31.156
2762.072,31.158
2763.073,31.161
2764.074,31.163
2765.075,31.166
2766.076,31.168
2767.077,31.170
2768.078,31.173
2769.079,31.175
2770.080,31.178
2771.081,31.180
2772.082,31.182
2773.083,31.185
2774.084,31.187
2775.085,31.189
2776.086,31.192
2777.087,31.194
2778.088,31.197
2779.089,31.199
2780.090,31.201
2781.091,31.204
2782.092,31.206
2783.093,31.209
2784.094,31.211
2785.095,31.213
2786.096,31.216
2787.097,31.218
2788.098,31.220
2789.099,31.223
2790.100,31.225
2791.101,31.227
2792.102,31.230
2793.103,31.232
2794.104,31.235
2795.104,31.237
2796.105,31.239
2797.106,31.242
2798.107,31.244
2799.108,31.246
2800.109,31.249
2801.110,31.251
2802.111,31.253
2803.112,31.256
2804.113,31.258
2805.114,31.261
2806.115,31.263
2807.116,31.265
2808.117,31.268
2809.118,31.270
2810.119,31.272
2811.120,31.275
2812.121,31.277
2813.122,31.279
2814.123,31.282
2815.124,31.284
2816.125,31.286
2817.126,31.289
2818.127,31.291
2819.128,31.293
2820.129,31.296
2821.130,31.298
2822.131,31.300
2823.132,31.303
2824.133,31.305
2825.134,31.307
2826.135,31.310
2827.136,31.312
2828.137,31.314
2829.138,31.317
2830.139,31.319
2831.140,31.321
2832.141,31.324
2833.142,31.326
2834.143,31.328
2835.144,31.331
2836.145,31.333
2837.146,31.335
2838.146,31.338
2839.147,31.340
2840.148,31.342
2841.149,31.345
2842.150,31.347
2843.151,31.349
2844.152,31.352
2845.153,31.354
2846.154,31.356
2847.155,31.359
2848.156,31.361
2849.157,31.363
2850.158,31.366
2851.159,31.368
2852.160,31.370
2853.161,31.373
2854.162,31.375
2855.163,31.377
2856.164,31.379
2857.165,31.382
2858.166,31.384
2859.167,31.386
2860.168,31.389
2861.169,31.391
2862.170,31.393
2863.171,31.396
2864.172,31.398
2865.173,31.400
2866.174,31.403
2867.175,31.405
2868.176,31.407
2869.177,31.409
2870.178,31.412
2871.179,31.414
2872.180,31.416
2873.181,31.419
2874.182,31.421
2875.183,31.423
2876.184,31.425
2877.185,31.428
2878.186,31.430
2879.187,31.432
2880.188,31.435
2881.188,31.437
2882.189,31.439
2883.190,31.441
2884.191,31.444
2885.192,31.446
2886.193,31.448
2887.194,31.451
2888.195,31.453
2889.196,31.455
2890.197,31.457
2891.198,31.460
2892.199,31.462
2893.200,31.464
2894.201,31.467
2895.202,31.469
2896.203,31.471
2897.204,31.473
2898.205,31.476
2899.206,31.478
2900.207,31.480
2901.208,31.482
2902.209,31.485
2903.210,31.487
2904.211,31.489
2905.212,31.492
2906.213,31.494
2907.214,31.496
2908.215,31.498
2909.216,31.501
2910.217,31.503
2911.218,31.505
2912.219,31.507
2913.220,31.510
2914.221,31.512
2915.222,31.514
2916.223,31.516
2917.224,31.519
2918.225,31.521
2919.226,31.523
2920.227,31.525
2921.228,31.528
2922.229,31.530
2923.229,31.532
2924.230,31.534
2925.231,31.537
2926.232,31.539
2927.233,31.541
2928.234,31.543
2929.235,31.546
2930.236,31.548
2931.237,31.550
2932.238,31.552
2933.239,31.555
2934.240,31.557
2935.241,31.559
2936.242,31.561
2937.243,31.564
2938.244,31.566
2939.245,31.568
2940.246,31.570
2941.247,31.573
2942.248,31.575
2943.249,31.577
2944.250,31.579
2945.251,31.581
2946.252,31.584
2947.253,31.586
2948.254,31.588
2949.255,31.590
2950.256,31.593
2951.257,31.595
2952.258,31.597
2953.259,31.599
2954.260,31.602
2955.261,31.604
2956.262,31.606
2957.263,31.608
2958.264,31.610
2959.265,31.613
2960.266,31.615
2961.267,31.617
2962.268,31.619
2963.269,31.622
2964.270,31.624
2965.271,31.626
2966.271,31.628
2967.272,31.630
2968.273,31.633
2969.274,31.635
2970.275,31.637
2971.276,31.639
2972.277,31.641
2973.278,31.644
2974.279,31.646
2975.280,31.648
2976.281,31.650
2977.282,31.652
2978.283,31.655
2979.284,31.657
2980.285,31.659
2981.286,31.661
2982.287,31.664
2983.288,31.666
2984.289,31.668
2985.290,31.670
2986.291,31.672
2987.292,31.675
2988.293,31.677
2989.294,31.679
2990.295,31.681
2991.296,31.683
2992.297,31.686
2993.298,31.688
2994.299,31.690
2995.300,31.692
2996.301,31.694
2997.302,31.696
2998.303,31.699
2999.304,31.701
3000.305,31.703
3001.306,31.705
3002.307,31.707
3003.308,31.710
3004.309,31.712
3005.310,31.714
3006.311,31.716
3007.312,31.718
3008.313,31.721
3009.313,31.723
3010.314,31.725
3011.315,31.727
3012.316,31.729
3013.317,31.731
3014.318,31.734
3015.319,31.736
3016.320,31.738
3017.321,31.740
3018.322,31.742
3019.323,31.744
3020.324,31.747
3021.325,31.749
3022.326,31.751
3023.327,31.753
3024.328,31.755
3025.329,31.758
3026.330,31.760
3027.331,31.762
3028.332,31.764
3029.333,31.766
3030.334,31.768
3031.335,31.771
3032.336,31.773
3033.337,31.775
3034.338,31.777
3035.339,31.779
3036.340,31.781
3037.341,31.783
3038.342,31.786
3039.343,31.788
3040.344,31.790
3041.345,31.792
3042.346,31.794
3043.347,31.796
3044.348,31.799
3045.349,31.801
3046.350,31.803
3047.351,31.805
3048.352,31.807
3049.353,31.809
3050.354,31.811
3051.354,31.814
3052.355,31.816
3053.356,31.818
3054.357,31.820
3055.358,31.822
3056.359,31.824
3057.360,31.826
3058.361,31.829
3059.362,31.831
3060.363,31.833
3061.364,31.835
3062.365,31.837
3063.366,31.839
3064.367,31.841
3065.368,31.844
3066.369,31.846
3067.370,31.848
3068.371,31.850
3069.372,31.852
3070.373,31.854
3071.374,31.856
3072.375,31.859
3073.376,31.861
3074.377,31.863
3075.378,31.865
3076.379,31.867
3077.380,31.869
3078.381,31.871
3079.382,31.873
3080.383,31.876
3081.384,31.878
3082.385,31.880
3083.386,31.882
3084.387,31.884
3085.388,31.886
3086.389,31.888
3087.390,31.890
3088.391,31.892
3089.392,31.895
3090.393,31.897
3091.394,31.899
3092.395,31.901
3093.396,31.903
3094.396,31.905
3095.397,31.907
3096.398,31.909
3097.399,31.912
3098.400,31.914
3099.401,31.916
3100.402,31.918
3101.403,31.920
3102.404,31.922
3103.405,31.924
3104.406,31.926
3105.407,31.928
3106.408,31.930
3107.409,31.933
3108.410,31.935
3109.411,31.937
3110.412,31.939
3111.413,31.941
3112.414,31.943
3113.415,31.945
3114.416,31.947
3115.417,31.949
3116.418,31.951
3117.419,31.954
3118.420,31.956
3119.421,31.958
3120.422,31.960
3121.423,31.962
3122.424,31.964
3123.425,31.966
3124.426,31.968
3125.427,31.970
3126.428,31.972
3127.429,31.974
3128.430,31.977
3129.431,31.979
3130.432,31.981
3131.433,31.983
3132.434,31.985
3133.435,31.987
3134.436,31.989
3135.437,31.991
3136.438,31.993
3137.438,31.995
3138.439,31.997
3139.440,31.999
3140.441,32.002
3141.442,32.004
3142.443,32.006
3143.444,32.008
3144.445,32.010
3145.446,32.012
3146.447,32.014
3147.448,32.016
3148.449,32.018
3149.450,32.020
3150.451,32.022
3151.452,32.024
3152.453,32.026
3153.454,32.028
3154.455,32.030
3155.456,32.033
3156.457,32.035
3157.458,32.037
3158.459,32.039
3159.460,32.041
3160.461,32.043
3161.462,32.045
3162.463,32.047
3163.464,32.049
3164.465,32.051
3165.466,32.053
3166.467,32.055
3167.468,32.057
3168.469,32.059
3169.470,32.061
3170.471,32.063
3171.472,32.065
3172.473,32.068
3173.474,32.070
3174.475,32.072
3175.476,32.074
3176.477,32.076
3177.478,32.078
3178.479,32.080
3179.479,32.082
3180.480,32.084
3181.481,32.086
3182.482,32.088
3183.483,32.090
3184.484,32.092
3185.485,32.094
3186.486,32.096
3187.487,32.098
3188.488,32.100
3189.489,32.102
3190.490,32.104
3191.491,32.106
3192.492,32.108
3193.493,32.110
3194.494,32.112
3195.495,32.114
3196.496,32.116
3197.497,32.118
3198.498,32.120
3199.499,32.123
3200.500,32.125
3201.501,32.127
3202.502,32.129
3203.503,32.131
3204.504,32.133
3205.505,32.135
3206.506,32.137
3207.507,32.139
3208.508,32.141
3209.509,32.143
3210.510,32.145
3211.511,32.147
3212.512,32.149
3213.513,32.151
3214.514,32.153
3215.515,32.155
3216.516,32.157
3217.517,32.159
3218.518,32.161
3219.519,32.163
3220.520,32.165
3221.521,32.167
3222.521,32.169
3223.522,32.171
3224.523,32.173
3225.524,32.175
3226.525,32.177
3227.526,32.179
3228.527,32.181
3229.528,32.183
3230.529,32.185
3231.530,32.187
3232.531,32.189
3233.532,32.191
3234.533,32.193
3235.534,32.195
3236.535,32.197
3237.536,32.199
3238.537,32.201
3239.538,32.203
3240.539,32.205
3241.540,32.207
3242.541,32.209
3243.542,32.211
3244.543,32.213
3245.544,32.215
3246.545,32.217
3247.546,32.219
3248.547,32.221
3249.548,32.223
3250.549,32.225
3251.550,32.227
3252.551,32.229
3253.552,32.231
3254.553,32.233
3255.554,32.235
3256.555,32.237
3257.556,32.239
3258.557,32.241
3259.558,32.243
3260.559,32.245
3261.560,32.247
3262.561,32.249
3263.562,32.251
3264.563,32.253
3265.563,32.255
3266.564,32.257
3267.565,32.259
3268.566,32.261
3269.567,32.263
3270.568,32.265
3271.569,32.267
3272.570,32.269
3273.571,32.271
3274.572,32.273
3275.573,32.275
3276.574,32.277
3277.575,32.279
3278.576,32.281
3279.577,32.282
3280.578,32.284
3281.579,32.286
3282.580,32.288
3283.581,32.290
3284.582,32.292
3285.583,32.294
3286.584,32.296
3287.585,32.298
3288.586,32.300
3289.587,32.302
3290.588,32.304
3291.589,32.306
3292.590,32.308
3293.591,32.310
3294.592,32.312
3295.593,32.314
3296.594,32.316
3297.595,32.318
3298.596,32.320
3299.597,32.322
3300.598,32.324
3301.599,32.326
3302.600,32.328
3303.601,32.330
3304.602,32.332
3305.603,32.334
3306.604,32.335
3307.604,32.337
3308.605,32.339
3309.606,32.341
3310.607,32.343
3311.608,32.345
3312.609,32.347
3313.610,32.349
3314.611,32.351
3315.612,32.353
3316.613,32.355
3317.614,32.357
3318.615,32.359
3319.616,32.361
3320.617,32.363
3321.618,32.365
3322.619,32.367
3323.620,32.368
3324.621,32.370
3325.622,32.372
3326.623,32.374
3327.624,32.376
3328.625,32.378
3329.626,32.380
3330.627,32.382
3331.628,32.384
3332.629,32.386
3333.630,32.388
3334.631,32.390
3335.632,32.392
3336.633,32.394
3337.634,32.396
3338.635,32.397
3339.636,32.399
3340.637,32.401
3341.638,32.403
3342.639,32.405
3343.640,32.407
3344.641,32.409
3345.642,32.411
3346.643,32.413
3347.644,32.415
3348.645,32.417
3349.646,32.419
3350.646,32.421
3351.647,32.423
3352.648,32.424
3353.649,32.426
3354.650,32.428
3355.651,32.430
3356.652,32.432
3357.653,32.434
3358.654,32.436
3359.655,32.438
3360.656,32.440
3361.657,32.442
3362.658,32.444
3363.659,32.446
3364.660,32.447
3365.661,32.449
3366.662,32.451
3367.663,32.453
3368.664,32.455
3369.665,32.457
3370.666,32.459
3371.667,32.461
3372.668,32.463
3373.669,32.465
3374.670,32.467
3375.671,32.468
3376.672,32.470
3377.673,32.472
3378.674,32.474
3379.675,32.476
3380.676,32.478
3381.677,32.480
3382.678,32.482
3383.679,32.484
3384.680,32.486
3385.681,32.487
3386.682,32.489
3387.683,32.491
3388.684,32.493
3389.685,32.495
3390.686,32.497
3391.687,32.499
3392.688,32.501
3393.688,32.503
3394.689,32.504
3395.690,32.506
3396.691,32.508
3397.692,32.510
3398.693,32.512
3399.694,32.514
3400.695,32.516
3401.696,32.518
3402.697,32.519
3403.698,32.521
3404.699,32.523
3405.700,32.525
3406.701,32.527
3407.702,32.529
3408.703,32.531
3409.704,32.533
3410.705,32.534
3411.706,32.536
3412.707,32.538
3413.708,32.540
3414.709,32.542
3415.710,32.544
3416.711,32.546
3417.712,32.548
3418.713,32.549
3419.714,32.551
3420.715,32.553
3421.716,32.555
3422.717,32.557
3423.718,32.559
3424.719,32.561
3425.720,32.563
3426.721,32.564
3427.722,32.566
3428.723,32.568
3429.724,32.570
3430.725,32.572
3431.726,32.574
3432.727,32.576
3433.728,32.577
3434.729,32.579
3435.729,32.581
3436.730,32.583
3437.731,32.585
3438.732,32.587
3439.733,32.589
3440.734,32.590
3441.735,32.592
3442.736,32.594
3443.737,32.596
3444.738,32.598
3445.739,32.600
3446.740,32.602
3447.741,32.603
3448.742,32.605
3449.743,32.607
3450.744,32.609
3451.745,32.611
3452.746,32.613
3453.747,32.614
3454.748,32.616
3455.749,32.618
3456.750,32.620
3457.751,32.622
3458.752,32.624
3459.753,32.626
3460.754,32.627
3461.755,32.629
3462.756,32.631
3463.757,32.633
3464.758,32.635
3465.759,32.637
3466.760,32.638
3467.761,32.640
3468.762,32.642
3469.763,32.644
3470.764,32.646
3471.765,32.647
3472.766,32.649
3473.767,32.651
3474.768,32.653
3475.769,32.655
3476.770,32.657
3477.771,32.658
3478.771,32.660
3479.772,32.662
3480.773,32.664
3481.774,32.666
3482.775,32.668
3483.776,32.669
3484.777,32.671
3485.778,32.673
3486.779,32.675
3487.780,32.677
3488.781,32.679
3489.782,32.680
3490.783,32.682
3491.784,32.684
3492.785,32.686
3493.786,32.688
3494.787,32.689
3495.788,32.691
3496.789,32.693
3497.790,32.695
3498.791,32.697
3499.792,32.698
3500.793,32.700
3501.794,32.702
3502.795,32.704
3503.796,32.706
3504.797,32.707
3505.798,32.709
3506.799,32.711
3507.800,32.713
3508.801,32.715
3509.802,32.716
3510.803,32.718
3511.804,32.720
3512.805,32.722
3513.806,32.724
3514.807,32.725
3515.808,32.727
3516.809,32.729
3517.810,32.731
3518.811,32.733
3519.812,32.734
3520.813,32.736
3521.813,32.738
3522.814,32.740
3523.815,32.742
3524.816,32.743
3525.817,32.745
3526.818,32.747
3527.819,32.749
3528.820,32.751
3529.821,32.752
3530.822,32.754
3531.823,32.756
3532.824,32.758
3533.825,32.760
3534.826,32.761
3535.827,32.763
3536.828,32.765
3537.829,32.767
3538.830,32.768
3539.831,32.770
3540.832,32.772
3541.833,32.774
3542.834,32.776
3543.835,32.777
3544.836,32.779
3545.837,32.781
3546.838,32.783
3547.839,32.785
3548.840,32.786
3549.841,32.788
3550.842,32.790
3551.843,32.792
3552.844,32.793
3553.845,32.795
3554.846,32.797
3555.847,32.799
3556.848,32.801
3557.849,32.802
3558.850,32.804
3559.851,32.806
3560.852,32.808
3561.853,32.809
3562.854,32.811
3563.854,32.813
3564.855,32.815
3565.856,32.816
3566.857,32.818
3567.858,32.820
3568.859,32.822
3569.860,32.824
3570.861,32.825
3571.862,32.827
3572.863,32.829
3573.864,32.831
3574.865,32.832
3575.866,32.834
3576.867,32.836
3577.868,32.838
3578.869,32.839
3579.870,32.841
3580.871,32.843
3581.872,32.845
3582.873,32.846
3583.874,32.848
3584.875,32.850
3585.876,32.852
3586.877,32.854
3587.878,32.855
3588.879,32.857
3589.880,32.859
3590.881,32.861
3591.882,32.862
3592.883,32.864
3593.884,32.866
3594.885,32.868
3595.886,32.869
3596.887,32.871
3597.888,32.873
3598.889,32.875
3599.890,32.876
3600.891,32.878
3601.892,32.880
3602.893,32.881
3603.894,32.883
3604.895,32.885
3605.896,32.887
3606.896,32.888
3607.897,32.890
3608.898,32.892
3609.899,32.894
3610.900,32.895
3611.901,32.897
3612.902,32.899
3613.903,32.901
3614.904,32.902
3615.905,32.904
3616.906,32.906
3617.907,32.908
3618.908,32.909
3619.909,32.911
3620.910,32.913
3621.911,32.914
3622.912,32.916
3623.913,32.918
3624.914,32.920
3625.915,32.921
3626.916,32.923
3627.917,32.925
3628.918,32.927
3629.919,32.928
3630.920,32.930
3631.921,32.932
3632.922,32.933
3633.923,32.935
3634.924,32.937
3635.925,32.939
3636.926,32.940
3637.927,32.942
3638.928,32.944
3639.929,32.946
3640.930,32.947
3641.931,32.949
3642.932,32.951
3643.933,32.952
3644.934,32.954
3645.935,32.956
3646.936,32.958
3647.937,32.959
3648.938,32.961
3649.938,32.963
3650.939,32.964
3651.940,32.966
3652.941,32.968
3653.942,32.970
3654.943,32.971
3655.944,32.973
3656.945,32.975
3657.946,32.976
3658.947,32.978
3659.948,32.980
3660.949,32.982
3661.950,32.983
3662.951,32.985
3663.952,32.987
3664.953,32.988
3665.954,32.990
3666.955,32.992
3667.956,32.994
3668.957,32.995
3669.958,32.997
3670.959,32.999
3671.960,33.000
3672.961,33.002
3673.962,33.004
3674.963,33.005
3675.964,33.007
3676.965,33.009
3677.966,33.010
3678.967,33.012
3679.968,33.014
3680.969,33.016
3681.970,33.017
3682.971,33.019
3683.972,33.021
3684.973,33.022
3685.974,33.024
3686.975,33.026
3687.976,33.027
3688.977,33.029
3689.978,33.031
3690.979,33.032
3691.979,33.034
3692.980,33.036
3693.981,33.038
3694.982,33.039
3695.983,33.041
3696.984,33.043
3697.985,33.044
3698.986,33.046
3699.987,33.048
3700.988,33.049
3701.989,33.051
3702.990,33.053
3703.991,33.054
3704.992,33.056
3705.993,33.058
3706.994,33.059
3707.995,33.061
3708.996,33.063
3709.997,33.064
3710.998,33.066
3711.999,33.068
3713.000,33.069
3714.001,33.071
3715.002,33.073
3716.003,33.074
3717.004,33.076
3718.005,33.078
3719.006,33.080
3720.007,33.081
3721.008,33.083
3722.009,33.085
3723.010,33.086
3724.011,33.088
3725.012,33.089
3726.013,33.091
3727.014,33.093
3728.015,33.094
3729.016,33.096
3730.017,33.098
3731.018,33.099
3732.019,33.101
3733.020,33.103
3734.021,33.104
3735.021,33.106
3736.022,33.108
3737.023,33.109
3738.024,33.111
3739.025,33.113
3740.026,33.114
3741.027,33.116
3742.028,33.118
3743.029,33.119
3744.030,33.121
3745.031,33.123
3746.032,33.124
3747.033,33.126
3748.034,33.128
3749.035,33.129
3750.036,33.131
3751.037,33.132
3752.038,33.134
3753.039,33.136
3754.040,33.137
3755.041,33.139
3756.042,33.141
3757.043,33.142
3758.044,33.144
3759.045,33.146
3760.046,33.147
3761.047,33.149
3762.048,33.151
3763.049,33.152
3764.050,33.154
3765.051,33.155
3766.052,33.157
3767.053,33.159
3768.054,33.160
3769.055,33.162
3770.056,33.164
3771.057,33.165
3772.058,33.167
3773.059,33.169
3774.060,33.170
3775.061,33.172
3776.062,33.173
3777.063,33.175
3778.063,33.177
3779.064,33.178
3780.065,33.180
3781.066,33.182
3782.067,33.183
3783.068,33.185
3784.069,33.186
3785.070,33.188
3786.071,33.190
3787.072,33.191
3788.073,33.193
3789.074,33.195
3790.075,33.196
3791.076,33.198
3792.077,33.199
3793.078,33.201
3794.079,33.203
3795.080,33.204
3796.081,33.206
3797.082,33.208
3798.083,33.209
3799.084,33.211
3800.085,33.212
3801.086,33.214
3802.087,33.216
3803.088,33.217
3804.089,33.219
3805.090,33.220
3806.091,33.222
3807.092,33.224
3808.093,33.225
3809.094,33.227
3810.095,33.229
3811.096,33.230
3812.097,33.232
3813.098,33.233
3814.099,33.235
3815.100,33.237
3816.101,33.238
3817.102,33.240
3818.103,33.241
3819.104,33.243
3820.104,33.245
3821.105,33.246
3822.106,33.248
3823.107,33.249
3824.108,33.251
3825.109,33.253
3826.110,33.254
3827.111,33.256
3828.112,33.257
3829.113,33.259
3830.114,33.261
3831.115,33.262
3832.116,33.264
3833.117,33.265
3834.118,33.267
3835.119,33.269
3836.120,33.270
3837.121,33.272
3838.122,33.273
3839.123,33.275
3840.124,33.276
3841.125,33.278
3842.126,33.280
3843.127,33.281
3844.128,33.283
3845.129,33.284
3846.130,33.286
3847.131,33.288
3848.132,33.289
3849.133,33.291
3850.134,33.292
3851.135,33.294
3852.136,33.296
3853.137,33.297
3854.138,33.299
3855.139,33.300
3856.140,33.302
3857.141,33.303
3858.142,33.305
3859.143,33.307
3860.144,33.308
3861.145,33.310
3862.146,33.311
3863.146,33.313
3864.147,33.314
3865.148,33.316
3866.149,33.318
3867.150,33.319
3868.151,33.321
3869.152,33.322
3870.153,33.324
3871.154,33.325
3872.155,33.327
3873.156,33.329
3874.157,33.330
3875.158,33.332
3876.159,33.333
3877.160,33.335
3878.161,33.336
3879.162,33.338
3880.163,33.340
3881.164,33.341
3882.165,33.343
3883.166,33.344
3884.167,33.346
3885.168,33.347
3886.169,33.349
3887.170,33.351
3888.171,33.352
3889.172,33.354
3890.173,33.355
3891.174,33.357
3892.175,33.358
3893.176,33.360
3894.177,33.361
3895.178,33.363
3896.179,33.365
3897.180,33.366
3898.181,33.368
3899.182,33.369
3900.183,33.371
3901.184,33.372
3902.185,33.374
3903.186,33.375
3904.187,33.377
3905.188,33.379
3906.188,33.380
3907.189,33.382
3908.190,33.383
3909.191,33.385
3910.192,33.386
3911.193,33.388
3912.194,33.389
3913.195,33.391
3914.196,33.393
3915.197,33.394
3916.198,33.396
3917.199,33.397
3918.200,33.399
3919.201,33.400
3920.202,33.402
3921.203,33.403
3922.204,33.405
3923.205,33.407
3924.206,33.408
3925.207,33.410
3926.208,33.411
3927.209,33.413
3928.210,33.414
3929.211,33.416
3930.212,33.417
3931.213,33.419
3932.214,33.420
3933.215,33.422
3934.216,33.424
3935.217,33.425
3936.218,33.427
3937.219,33.428
3938.220,33.430
3939.221,33.431
3940.222,33.433
3941.223,33.434
3942.224,33.436
3943.225,33.437
3944.226,33.439
3945.227,33.440
3946.228,33.442
3947.229,33.443
3948.229,33.445
3949.230,33.446
3950.231,33.448
3951.232,33.450
3952.233,33.451
3953.234,33.453
3954.235,33.454
3955.236,33.456
3956.237,33.457
3957.238,33.459
3958.239,33.460
3959.240,33.462
3960.241,33.463
3961.242,33.465
3962.243,33.466
3963.244,33.468
3964.245,33.469
3965.246,33.471
3966.247,33.472
3967.248,33.474
3968.249,33.475
3969.250,33.477
3970.251,33.478
3971.252,33.480
3972.253,33.482
3973.254,33.483
3974.255,33.485
3975.256,33.486
3976.257,33.488
3977.258,33.489
3978.259,33.491
3979.260,33.492
3980.261,33.494
3981.262,33.495
3982.263,33.497
3983.264,33.498
3984.265,33.500
3985.266,33.501
3986.267,33.503
3987.268,33.504
3988.269,33.506
3989.270,33.507
3990.271,33.509
3991.271,33.510
3992.272,33.512
3993.273,33.513
3994.274,33.515
3995.275,33.516
3996.276,33.518
3997.277,33.519
3998.278,33.521
3999.279,33.522
4000.280,33.524
4001.281,33.525
4002.282,33.527
4003.283,33.528
4004.284,33.530
4005.285,33.531
4006.286,33.533
4007.287,33.534
4008.288,33.536
4009.289,33.537
4010.290,33.539
4011.291,33.540
4012.292,33.542
4013.293,33.543
4014.294,33.545
4015.295,33.546
4016.296,33.548
4017.297,33.549
4018.298,33.551
4019.299,33.552
4020.300,33.554
4021.301,33.555
4022.302,33.557
4023.303,33.558
4024.304,33.560
4025.305,33.561
4026.306,33.563
4027.307,33.564
4028.308,33.565
4029.309,33.567
4030.310,33.568
4031.311,33.570
4032.312,33.571
4033.313,33.573
4034.313,33.574
4035.314,33.576
4036.315,33.577
4037.316,33.579
4038.317,33.580
4039.318,33.582
4040.319,33.583
4041.320,33.585
4042.321,33.586
4043.322,33.588
4044.323,33.589
4045.324,33.591
4046.325,33.592
4047.326,33.594
4048.327,33.595
4049.328,33.597
4050.329,33.598
4051.330,33.600
4052.331,33.601
4053.332,33.602
4054.333,33.604
4055.334,33.605
4056.335,33.607
4057.336,33.608
4058.337,33.610
4059.338,33.611
4060.339,33.613
4061.340,33.614
4062.341,33.616
4063.342,33.617
4064.343,33.619
4065.344,33.620
4066.345,33.622
4067.346,33.623
4068.347,33.624
4069.348,33.626
4070.349,33.627
4071.350,33.629
4072.351,33.630
4073.352,33.632
4074.353,33.633
4075.354,33.635
4076.354,33.636
4077.355,33.638
4078.356,33.639
4079.357,33.641
4080.358,33.642
4081.359,33.643
4082.360,33.645
4083.361,33.646
4084.362,33.648
4085.363,33.649
4086.364,33.651
4087.365,33.652
4088.366,33.654
4089.367,33.655
4090.368,33.657
4091.369,33.658
4092.370,33.659
4093.371,33.661
4094.372,33.662
4095.373,33.664
4096.374,33.665
4097.375,33.667
4098.376,33.668
4099.377,33.669
4100.378,33.671
4101.379,33.672
4102.380,33.674
4103.381,33.675
4104.382,33.677
4105.383,33.678
4106.384,33.680
4107.385,33.681
4108.386,33.682
4109.387,33.684
4110.388,33.685
4111.389,33.687
4112.390,33.688
4113.391,33.690
4114.392,33.691
4115.393,33.692
4116.394,33.694
4117.395,33.695
4118.396,33.697
4119.396,33.698
4120.397,33.700
4121.398,33.701
4122.399,33.702
4123.400,33.704
4124.401,33.705
4125.402,33.707
4126.403,33.708
4127.404,33.710
4128.405,33.711
4129.406,33.712
4130.407,33.714
4131.408,33.715
4132.409,33.717
4133.410,33.718
4134.411,33.720
4135.412,33.721
4136.413,33.722
4137.414,33.724
4138.415,33.725
4139.416,33.727
4140.417,33.728
4141.418,33.730
4142.419,33.731
4143.420,33.732
4144.421,33.734
4145.422,33.735
4146.423,33.737
4147.424,33.738
4148.425,33.740
4149.426,33.741
4150.427,33.742
4151.428,33.744
4152.429,33.745
4153.430,33.747
4154.431,33.748
4155.432,33.749
4156.433,33.751
4157.434,33.752
4158.435,33.754
4159.436,33.755
4160.437,33.757
4161.438,33.758
4162.438,33.759
4163.439,33.761
4164.440,33.762
4165.441,33.764
4166.442,33.765
4167.443,33.766
4168.444,33.768
4169.445,33.769
4170.446,33.771
4171.447,33.772
4172.448,33.773
4173.449,33.775
4174.450,33.776
4175.451,33.778
4176.452,33.779
4177.453,33.780
4178.454,33.782
4179.455,33.783
4180.456,33.785
4181.457,33.786
4182.458,33.787
4183.459,33.789
4184.460,33.790
4185.461,33.792
4186.462,33.793
4187.463,33.794
4188.464,33.796
4189.465,33.797
4190.466,33.799
4191.467,33.800
4192.468,33.801
4193.469,33.803
4194.470,33.804
4195.471,33.805
4196.472,33.807
4197.473,33.808
4198.474,33.810
4199.475,33.811
4200.476,33.812
4201.477,33.814
4202.478,33.815
4203.479,33.817
4204.479,33.818
4205.480,33.819
4206.481,33.821
4207.482,33.822
4208.483,33.823
4209.484,33.825
4210.485,33.826
4211.486,33.828
4212.487,33.829
4213.488,33.830
4214.489,33.832
4215.490,33.833
4216.491,33.834
4217.492,33.836
4218.493,33.837
4219.494,33.839
4220.495,33.840
4221.496,33.841
4222.497,33.843
4223.498,33.844
4224.499,33.845
4225.500,33.847
4226.501,33.848
4227.502,33.850
4228.503,33.851
4229.504,33.852
4230.505,33.854
4231.506,33.855
4232.507,33.856
4233.508,33.858
4234.509,33.859
4235.510,33.861
4236.511,33.862
4237.512,33.863
4238.513,33.865
4239.514,33.866
4240.515,33.867
4241.516,33.869
4242.517,33.870
4243.518,33.871
4244.519,33.873
4245.520,33.874
4246.521,33.876
4247.521,33.877
4248.522,33.878
4249.523,33.880
4250.524,33.881
4251.525,33.882
4252.526,33.884
4253.527,33.885
4254.528,33.886
4255.529,33.888
4256.530,33.889
4257.531,33.891
4258.532,33.892
4259.533,33.893
4260.534,33.895
4261.535,33.896
4262.536,33.897
4263.537,33.899
4264.538,33.900
4265.539,33.901
4266.540,33.903
4267.541,33.904
4268.542,33.905
4269.543,33.907
4270.544,33.908
4271.545,33.910
4272.546,33.911
4273.547,33.912
4274.548,33.914
4275.549,33.915
4276.550,33.916
4277.551,33.918
4278.552,33.919
4279.553,33.920
4280.554,33.922
4281.555,33.923
4282.556,33.924
4283.557,33.926
4284.558,33.927
4285.559,33.928
4286.560,33.930
4287.561,33.931
4288.562,33.932
4289.563,33.934
4290.563,33.935
4291.564,33.936
4292.565,33.938
4293.566,33.939
4294.567,33.941
4295.568,33.942
4296.569,33.943
4297.570,33.945
4298.571,33.946
4299.572,33.947
4300.573,33.949
4301.574,33.950
4302.575,33.951
4303.576,33.953
4304.577,33.954
4305.578,33.955
4306.579,33.957
4307.580,33.958
4308.581,33.959
4309.582,33.961
4310.583,33.962
4311.584,33.963
4312.585,33.965
4313.586,33.966
4314.587,33.967
4315.588,33.969
4316.589,33.970
4317.590,33.971
4318.591,33.973
4319.592,33.974
4320.593,33.975
4321.594,33.977
4322.595,33.978
4323.596,33.979
4324.597,33.981
4325.598,33.982
4326.599,33.983
4327.600,33.984
4328.601,33.986
4329.602,33.987
4330.603,33.988
4331.604,33.990
4332.604,33.991
4333.605,33.992
4334.606,33.994
4335.607,33.995
4336.608,33.996
4337.609,33.998
4338.610,33.999
4339.611,34.000
4340.612,34.002
4341.613,34.003
4342.614,34.004
4343.615,34.006
4344.616,34.007
4345.617,34.008
4346.618,34.010
4347.619,34.011
4348.620,34.012
4349.621,34.013
4350.622,34.015
4351.623,34.016
4352.624,34.017
4353.625,34.019
4354.626,34.020
4355.627,34.021
4356.628,34.023
4357.629,34.024
4358.630,34.025
4359.631,34.027
4360.632,34.028
4361.633,34.029
4362.634,34.030
4363.635,34.032
4364.636,34.033
4365.637,34.034
4366.638,34.036
4367.639,34.037
4368.640,34.038
4369.641,34.040
4370.642,34.041
4371.643,34.042
4372.644,34.043
4373.645,34.045
4374.646,34.046
4375.646,34.047
4376.647,34.049
4377.648,34.050
4378.649,34.051
4379.650,34.053
4380.651,34.054
4381.652,34.055
4382.653,34.056
4383.654,34.058
4384.655,34.059
4385.656,34.060
4386.657,34.062
4387.658,34.063
4388.659,34.064
4389.660,34.066
4390.661,34.067
4391.662,34.068
4392.663,34.069
4393.664,34.071
4394.665,34.072
4395.666,34.073
4396.667,34.075
4397.668,34.076
4398.669,34.077
4399.670,34.079
4400.671,34.080
4401.672,34.081
4402.673,34.082
4403.674,34.084
4404.675,34.085
4405.676,34.086
4406.677,34.088
4407.678,34.089
4408.679,34.090
4409.680,34.091
4410.681,34.093
4411.682,34.094
4412.683,34.095
4413.684,34.097
4414.685,34.098
4415.686,34.099
4416.687,34.100
4417.688,34.102
4418.688,34.103
4419.689,34.104
4420.690,34.106
4421.691,34.107
4422.692,34.108
4423.693,34.109
4424.694,34.111
4425.695,34.112
4426.696,34.113
4427.697,34.115
4428.698,34.116
4429.699,34.117
4430.700,34.118
4431.701,34.120
4432.702,34.121
4433.703,34.122
4434.704,34.123
4435.705,34.125
4436.706,34.126
4437.707,34.127
4438.708,34.129
4439.709,34.130
4440.710,34.131
4441.711,34.132
4442.712,34.134
4443.713,34.135
4444.714,34.136
4445.715,34.138
4446.716,34.139
4447.717,34.140
4448.718,34.141
4449.719,34.143
4450.720,34.144
4451.721,34.145
4452.722,34.146
4453.723,34.148
4454.724,34.149
4455.725,34.150
4456.726,34.151
4457.727,34.153
4458.728,34.154
4459.729,34.155
4460.729,34.156
4461.730,34.158
4462.731,34.159
4463.732,34.160
4464.733,34.162
4465.734,34.163
4466.735,34.164
4467.736,34.165
4468.737,34.167
4469.738,34.168
4470.739,34.169
4471.740,34.170
4472.741,34.172
4473.742,34.173
4474.743,34.174
4475.744,34.175
4476.745,34.177
4477.746,34.178
4478.747,34.179
4479.748,34.180
4480.749,34.182
4481.750,34.183
4482.751,34.184
4483.752,34.185
4484.753,34.187
4485.754,34.188
4486.755,34.189
4487.756,34.190
4488.757,34.192
4489.758,34.193
4490.759,34.194
4491.760,34.195
4492.761,34.197
4493.762,34.198
4494.763,34.199
4495.764,34.200
4496.765,34.202
4497.766,34.203
4498.767,34.204
4499.768,34.205
4500.769,34.207
4501.770,34.208
4502.771,34.209
4503.771,34.210
4504.772,34.212
4505.773,34.213
4506.774,34.214
4507.775,34.215
4508.776,34.217
4509.777,34.218
4510.778,34.219
4511.779,34.220
4512.780,34.222
4513.781,34.223
4514.782,34.224
4515.783,34.225
4516.784,34.227
4517.785,34.228
4518.786,34.229
4519.787,34.230
4520.788,34.231
4521.789,34.233
4522.790,34.234
4523.791,34.235
4524.792,34.236
4525.793,34.238
4526.794,34.239
4527.795,34.240
4528.796,34.241
4529.797,34.243
4530.798,34.244
4531.799,34.245
4532.800,34.246
4533.801,34.247
4534.802,34.249
4535.803,34.250
4536.804,34.251
4537.805,34.252
4538.806,34.254
4539.807,34.255
4540.808,34.256
4541.809,34.257
4542.810,34.258
4543.811,34.260
4544.812,34.261
4545.813,34.262
4546.813,34.263
4547.814,34.265
4548.815,34.266
4549.816,34.267
4550.817,34.268
4551.818,34.269
4552.819,34.271
4553.820,34.272
4554.821,34.273
4555.822,34.274
4556.823,34.276
4557.824,34.277
4558.825,34.278
4559.826,34.279
4560.827,34.280
4561.828,34.282
4562.829,34.283
4563.830,34.284
4564.831,34.285
4565.832,34.286
4566.833,34.288
4567.834,34.289
4568.835,34.290
4569.836,34.291
4570.837,34.292
4571.838,34.294
4572.839,34.295
4573.840,34.296
4574.841,34.297
4575.842,34.299
4576.843,34.300
4577.844,34.301
4578.845,34.302
4579.846,34.303
4580.847,34.304
4581.848,34.306
4582.849,34.307
4583.850,34.308
4584.851,34.309
4585.852,34.310
4586.853,34.312
4587.854,34.313
4588.854,34.314
4589.855,34.315
4590.856,34.316
4591.857,34.318
4592.858,34.319
4593.859,34.320
4594.860,34.321
4595.861,34.322
4596.862,34.324
4597.863,34.325
4598.864,34.326
4599.865,34.327
4600.866,34.328
4601.867,34.330
4602.868,34.331
4603.869,34.332
4604.870,34.333
4605.871,34.334
4606.872,34.336
4607.873,34.337
4608.874,34.338
4609.875,34.339
4610.876,34.340
4611.877,34.341
4612.878,34.343
4613.879,34.344
4614.880,34.345
4615.881,34.346
4616.882,34.347
4617.883,34.349
4618.884,34.350
4619.885,34.351
4620.886,34.352
4621.887,34.353
4622.888,34.355
4623.889,34.356
4624.890,34.357
4625.891,34.358
4626.892,34.359
4627.893,34.360
4628.894,34.362
4629.895,34.363
4630.896,34.364
4631.896,34.365
4632.897,34.366
4633.898,34.368
4634.899,34.369
4635.900,34.370
4636.901,34.371
4637.902,34.372
4638.903,34.373
4639.904,34.375
4640.905,34.376
4641.906,34.377
4642.907,34.378
4643.908,34.379
4644.909,34.381
4645.910,34.382
4646.911,34.383
4647.912,34.384
4648.913,34.385
4649.914,34.386
4650.915,34.388
4651.916,34.389
4652.917,34.390
4653.918,34.391
4654.919,34.392
4655.920,34.393
4656.921,34.395
4657.922,34.396
4658.923,34.397
4659.924,34.398
4660.925,34.399
4661.926,34.400
4662.927,34.402
4663.928,34.403
4664.929,34.404
4665.930,34.405
4666.931,34.406
4667.932,34.407
4668.933,34.409
4669.934,34.410
4670.935,34.411
4671.936,34.412
4672.937,34.413
4673.938,34.414
4674.938,34.416
4675.939,34.417
4676.940,34.418
4677.941,34.419
4678.942,34.420
4679.943,34.421
4680.944,34.423
4681.945,34.424
4682.946,34.425
4683.947,34.426
4684.948,34.427
4685.949,34.428
4686.950,34.429
4687.951,34.431
4688.952,34.432
4689.953,34.433
4690.954,34.434
4691.955,34.435
4692.956,34.436
4693.957,34.438
4694.958,34.439
4695.959,34.440
4696.960,34.441
4697.961,34.442
4698.962,34.443
4699.963,34.445
4700.964,34.446
4701.965,34.447
4702.966,34.448
4703.967,34.449
4704.968,34.450
4705.969,34.452
4706.970,34.453
4707.971,34.454
4708.972,34.455
4709.973,34.456
4710.974,34.457
4711.975,34.458
4712.976,34.460
4713.977,34.461
4714.978,34.462
4715.979,34.463
4716.979,34.464
4717.980,34.465
4718.981,34.466
4719.982,34.468
4720.983,34.469
4721.984,34.470
4722.985,34.471
4723.986,34.472
4724.987,34.473
4725.988,34.474
4726.989,34.476
4727.990,34.477
4728.991,34.478
4729.992,34.479
4730.993,34.480
4731.994,34.481
4732.995,34.482
4733.996,34.484
4734.997,34.485
4735.998,34.486
4736.999,34.487
4738.000,34.488
4739.001,34.489
4740.002,34.490
4741.003,34.492
4742.004,34.493
4743.005,34.494
4744.006,34.495
4745.007,34.496
4746.008,34.497
4747.009,34.498
4748.010,34.500
4749.011,34.501
4750.012,34.502
4751.013,34.503
4752.014,34.504
4753.015,34.505
4754.016,34.506
4755.017,34.507
4756.018,34.509
4757.019,34.510
4758.020,34.511
4759.021,34.512
4760.021,34.513
4761.022,34.514
4762.023,34.515
4763.024,34.517
4764.025,34.518
4765.026,34.519
4766.027,34.520
4767.028,34.521
4768.029,34.522
4769.030,34.523
4770.031,34.524
4771.032,34.526
4772.033,34.527
4773.034,34.528
4774.035,34.529
4775.036,34.530
4776.037,34.531
4777.038,34.532
4778.039,34.533
4779.040,34.535
4780.041,34.536
4781.042,34.537
4782.043,34.538
4783.044,34.539
4784.045,34.540
4785.046,34.541
4786.047,34.542
4787.048,34.543
4788.049,34.545
4789.050,34.546
4790.051,34.547
4791.052,34.548
4792.053,34.549
4793.054,34.550
4794.055,34.551
4795.056,34.552
4796.057,34.554
4797.058,34.555
4798.059,34.556
4799.060,34.557
4800.061,34.558
4801.062,34.559
4802.063,34.560
4803.063,34.561
4804.064,34.562
4805.065,34.564
4806.066,34.565
4807.067,34.566
4808.068,34.567
4809.069,34.568
4810.070,34.569
4811.071,34.570
4812.072,34.571
4813.073,34.572
4814.074,34.573
4815.075,34.575
4816.076,34.576
4817.077,34.577
4818.078,34.578
4819.079,34.579
4820.080,34.580
4821.081,34.581
4822.082,34.582
4823.083,34.583
4824.084,34.585
4825.085,34.586
4826.086,34.587
4827.087,34.588
4828.088,34.589
4829.089,34.590
4830.090,34.591
4831.091,34.592
4832.092,34.593
4833.093,34.594
4834.094,34.596
4835.095,34.597
4836.096,34.598
4837.097,34.599
4838.098,34.600
4839.099,34.601
4840.100,34.602
4841.101,34.603
4842.102,34.604
4843.103,34.605
4844.104,34.607
4845.104,34.608
4846.105,34.609
4847.106,34.610
4848.107,34.611
4849.108,34.612
4850.109,34.613
4851.110,34.614
4852.111,34.615
4853.112,34.616
4854.113,34.618
4855.114,34.619
4856.115,34.620
4857.116,34.621
4858.117,34.622
4859.118,34.623
4860.119,34.624
4861.120,34.625
4862.121,34.626
4863.122,34.627
4864.123,34.629
4865.124,34.630
4866.125,34.631
4867.126,34.632
4868.127,34.633
4869.128,34.634
4870.129,34.635
4871.130,34.636
4872.131,34.637
4873.132,34.638
4874.133,34.639
4875.134,34.640
4876.135,34.642
4877.136,34.643
4878.137,34.644
4879.138,34.645
4880.139,34.646
4881.140,34.647
4882.141,34.648
4883.142,34.649
4884.143,34.650
4885.144,34.651
4886.145,34.652
4887.146,34.653
4888.146,34.655
4889.147,34.656
4890.148,34.657
4891.149,34.658
4892.150,34.659
4893.151,34.660
4894.152,34.661
4895.153,34.662
4896.154,34.663
4897.155,34.664
4898.156,34.665
4899.157,34.666
4900.158,34.667
4901.159,34.669
4902.160,34.670
4903.161,34.671
4904.162,34.672
4905.163,34.673
4906.164,34.674
4907.165,34.675
4908.166,34.676
4909.167,34.677
4910.168,34.678
4911.169,34.679
4912.170,34.680
4913.171,34.681
4914.172,34.682
4915.173,34.684
4916.174,34.685
4917.175,34.686
4918.176,34.687
4919.177,34.688
4920.178,34.689
4921.179,34.690
4922.180,34.691
4923.181,34.692
4924.182,34.693
4925.183,34.694
4926.184,34.695
4927.185,34.696
4928.186,34.697
4929.187,34.698
4930.188,34.700
4931.188,34.701
4932.189,34.702
4933.190,34.703
4934.191,34.704
4935.192,34.705
4936.193,34.706
4937.194,34.707
4938.195,34.708
4939.196,34.709
4940.197,34.710
4941.198,34.711
4942.199,34.712
4943.200,34.713
4944.201,34.714
4945.202,34.715
4946.203,34.716
4947.204,34.717
4948.205,34.719
4949.206,34.720
4950.207,34.721
4951.208,34.722
4952.209,34.723
4953.210,34.724
4954.211,34.725
4955.212,34.726
4956.213,34.727
4957.214,34.728
4958.215,34.729
4959.216,34.730
4960.217,34.731
4961.218,34.732
4962.219,34.733
4963.220,34.734
4964.221,34.735
4965.222,34.736
4966.223,34.737
4967.224,34.738
4968.225,34.739
4969.226,34.741
4970.227,34.742
4971.228,34.743
4972.229,34.744
4973.229,34.745
4974.230,34.746
4975.231,34.747
4976.232,34.748
4977.233,34.749
4978.234,34.750
4979.235,34.751
4980.236,34.752
4981.237,34.753
4982.238,34.754
4983.239,34.755
4984.240,34.756
4985.241,34.757
4986.242,34.758
4987.243,34.759
4988.244,34.760
4989.245,34.761
4990.246,34.762
4991.247,34.763
4992.248,34.764
4993.249,34.765
4994.250,34.767
4995.251,34.768
4996.252,34.769
4997.253,34.770
4998.254,34.771
4999.255,34.772
5000.256,34.773
5001.257,34.774
5002.258,34.775
5003.259,34.776
5004.260,34.777
5005.261,34.778
5006.262,34.779
5007.263,34.780
5008.264,34.781
5009.265,34.782
5010.266,34.783
5011.267,34.784
5012.268,34.785
5013.269,34.786
5014.270,34.787
5015.271,34.788
5016.271,34.789
5017.272,34.790
5018.273,34.791
5019.274,34.792
5020.275,34.793
5021.276,34.794
5022.277,34.795
5023.278,34.796
5024.279,34.797
5025.280,34.798
5026.281,34.799
5027.282,34.800
5028.283,34.801
5029.284,34.802
5030.285,34.804
5031.286,34.805
5032.287,34.806
5033.288,34.807
5034.289,34.808
5035.290,34.809
5036.291,34.810
5037.292,34.811
5038.293,34.812
5039.294,34.813
5040.295,34.814
5041.296,34.815
5042.297,34.816
5043.298,34.817
5044.299,34.818
5045.300,34.819
5046.301,34.820
5047.302,34.821
5048.303,34.822
5049.304,34.823
5050.305,34.824
5051.306,34.825
5052.307,34.826
5053.308,34.827
5054.309,34.828
5055.310,34.829
5056.311,34.830
5057.312,34.831
5058.313,34.832
5059.313,34.833
5060.314,34.834
5061.315,34.835
5062.316,34.836
5063.317,34.837
5064.318,34.838
5065.319,34.839
5066.320,34.840
5067.321,34.841
5068.322,34.842
5069.323,34.843
5070.324,34.844
5071.325,34.845
5072.326,34.846
5073.327,34.847
5074.328,34.848
5075.329,34.849
5076.330,34.850
5077.331,34.851
5078.332,34.852
5079.333,34.853
5080.334,34.854
5081.335,34.855
5082.336,34.856
5083.337,34.857
5084.338,34.858
5085.339,34.859
5086.340,34.860
5087.341,34.861
5088.342,34.862
5089.343,34.863
5090.344,34.864
5091.345,34.865
5092.346,34.866
5093.347,34.867
5094.348,34.868
5095.349,34.869
5096.350,34.870
5097.351,34.871
5098.352,34.872
5099.353,34.873
5100.354,34.874
5101.354,34.875
5102.355,34.876
5103.356,34.877
5104.357,34.878
5105.358,34.879
5106.359,34.880
5107.360,34.881
5108.361,34.882
5109.362,34.883
5110.363,34.884
5111.364,34.885
5112.365,34.886
5113.366,34.887
5114.367,34.888
5115.368,34.889
5116.369,34.890
5117.370,34.891
5118.371,34.892
5119.372,34.893
5120.373,34.894
5121.374,34.895
5122.375,34.896
5123.376,34.897
5124.377,34.898
5125.378,34.899
5126.379,34.900
5127.380,34.901
5128.381,34.902
5129.382,34.903
5130.383,34.904
5131.384,34.905
5132.385,34.906
5133.386,34.907
5134.387,34.907
5135.388,34.908
5136.389,34.909
5137.390,34.910
5138.391,34.911
5139.392,34.912
5140.393,34.913
5141.394,34.914
5142.395,34.915
5143.396,34.916
5144.396,34.917
5145.397,34.918
5146.398,34.919
5147.399,34.920
5148.400,34.921
5149.401,34.922
5150.402,34.923
5151.403,34.924
5152.404,34.925
5153.405,34.926
5154.406,34.927
5155.407,34.928
5156.408,34.929
5157.409,34.930
5158.410,34.931
5159.411,34.932
5160.412,34.933
5161.413,34.934
5162.414,34.935
5163.415,34.936
5164.416,34.937
5165.417,34.938
5166.418,34.939
5167.419,34.940
5168.420,34.941
5169.421,34.942
5170.422,34.943
5171.423,34.944
5172.424,34.945
5173.425,34.946
5174.426,34.946
5175.427,34.947
5176.428,34.948
5177.429,34.949
5178.430,34.950
5179.431,34.951
5180.432,34.952
5181.433,34.953
5182.434,34.954
5183.435,34.955
5184.436,34.956
5185.437,34.957
5186.438,34.958
5187.438,34.959
5188.439,34.960
5189.440,34.961
5190.441,34.962
5191.442,34.963
5192.443,34.964
5193.444,34.965
5194.445,34.966
5195.446,34.967
5196.447,34.968
5197.448,34.969
5198.449,34.970
5199.450,34.971
5200.451,34.972
5201.452,34.972
5202.453,34.973
5203.454,34.974
5204.455,34.975
5205.456,34.976
5206.457,34.977
5207.458,34.978
5208.459,34.979
5209.460,34.980
5210.461,34.981
5211.462,34.982
5212.463,34.983
5213.464,34.984
5214.465,34.985
5215.466,34.986
5216.467,34.987
5217.468,34.988
5218.469,34.989
5219.470,34.990
5220.471,34.991
5221.472,34.992
5222.473,34.993
5223.474,34.994
5224.475,34.994
5225.476,34.995
5226.477,34.996
5227.478,34.997
5228.479,34.998
5229.479,34.999
5230.480,35.000
5231.481,35.001
5232.482,35.002
5233.483,35.003
5234.484,35.004
5235.485,35.005
5236.486,35.006
5237.487,35.007
5238.488,35.008
5239.489,35.009
5240.490,35.010
5241.491,35.011
5242.492,35.012
5243.493,35.013
5244.494,35.014
5245.495,35.014
5246.496,35.015
5247.497,35.016
5248.498,35.017
5249.499,35.018
5250.500,35.019
5251.501,35.020
5252.502,35.021
5253.503,35.022
5254.504,35.023
5255.505,35.024
5256.506,35.025
5257.507,35.026
5258.508,35.027
5259.509,35.028
5260.510,35.029
5261.511,35.030
5262.512,35.031
5263.513,35.031
5264.514,35.032
5265.515,35.033
5266.516,35.034
5267.517,35.035
5268.518,35.036
5269.519,35.037
5270.520,35.038
5271.521,35.039
5272.521,35.040
5273.522,35.041
5274.523,35.042
5275.524,35.043
5276.525,35.044
5277.526,35.045
5278.527,35.046
5279.528,35.046
5280.529,35.047
5281.530,35.048
5282.531,35.049
5283.532,35.050
5284.533,35.051
5285.534,35.052
5286.535,35.053
5287.536,35.054
5288.537,35.055
5289.538,35.056
5290.539,35.057
5291.540,35.058
5292.541,35.059
5293.542,35.060
5294.543,35.060
5295.544,35.061
5296.545,35.062
5297.546,35.063
5298.547,35.064
5299.548,35.065
5300.549,35.066
5301.550,35.067
5302.551,35.068
5303.552,35.069
5304.553,35.070
5305.554,35.071
5306.555,35.072
5307.556,35.073
5308.557,35.073
5309.558,35.074
5310.559,35.075
5311.560,35.076
5312.561,35.077
5313.562,35.078
5314.563,35.079
5315.563,35.080
5316.564,35.081
5317.565,35.082
5318.566,35.083
5319.567,35.084
5320.568,35.085
5321.569,35.085
5322.570,35.086
5323.571,35.087
5324.572,35.088
5325.573,35.089
5326.574,35.090
5327.575,35.091
5328.576,35.092
5329.577,35.093
5330.578,35.094
5331.579,35.095
5332.580,35.096
5333.581,35.096
5334.582,35.097
5335.583,35.098
5336.584,35.099
5337.585,35.100
5338.586,35.101
5339.587,35.102
5340.588,35.103
5341.589,35.104
5342.590,35.105
5343.591,35.106
5344.592,35.106
5345.593,35.107
5346.594,35.108
5347.595,35.109
5348.596,35.110
5349.597,35.111
5350.598,35.112
5351.599,35.113
5352.600,35.114
5353.601,35.115
5354.602,35.116
5355.603,35.116
5356.604,35.117
5357.604,35.118
5358.605,35.119
5359.606,35.120
5360.607,35.121
5361.608,35.122
5362.609,35.123
5363.610,35.124
5364.611,35.125
5365.612,35.125
5366.613,35.126
5367.614,35.127
5368.615,35.128
5369.616,35.129
5370.617,35.130
5371.618,35.131
5372.619,35.132
5373.620,35.133
5374.621,35.134
5375.622,35.135
5376.623,35.135
5377.624,35.136
5378.625,35.137
5379.626,35.138
5380.627,35.139
5381.628,35.140
5382.629,35.141
5383.630,35.142
5384.631,35.143
5385.632,35.144
5386.633,35.144
5387.634,35.145
5388.635,35.146
5389.636,35.147
5390.637,35.148
5391.638,35.149
5392.639,35.150
5393.640,35.151
5394.641,35.152
5395.642,35.153
5396.643,35.153
5397.644,35.154
5398.645,35.155
5399.646,35.156
5400.646,35.157
5401.647,35.158
5402.648,35.159
5403.649,35.160
5404.650,35.161
5405.651,35.161
5406.652,35.162
5407.653,35.163
5408.654,35.164
5409.655,35.165
5410.656,35.166
5411.657,35.167
5412.658,35.168
5413.659,35.169
5414.660,35.169
5415.661,35.170
5416.662,35.171
5417.663,35.172
5418.664,35.173
5419.665,35.174
5420.666,35.175
5421.667,35.176
5422.668,35.177
5423.669,35.177
5424.670,35.178
5425.671,35.179
5426.672,35.180
5427.673,35.181
5428.674,35.182
5429.675,35.183
5430.676,35.184
5431.677,35.184
5432.678,35.185
5433.679,35.186
5434.680,35.187
5435.681,35.188
5436.682,35.189
5437.683,35.190
5438.684,35.191
5439.685,35.191
5440.686,35.192
5441.687,35.193
5442.688,35.194
5443.688,35.195
5444.689,35.196
5445.690,35.197
5446.691,35.198
5447.692,35.198
5448.693,35.199
5449.694,35.200
5450.695,35.201
5451.696,35.202
5452.697,35.203
5453.698,35.204
5454.699,35.205
5455.700,35.205
5456.701,35.206
5457.702,35.207
5458.703,35.208
5459.704,35.209
5460.705,35.210
5461.706,35.211
5462.707,35.212
5463.708,35.212
5464.709,35.213
5465.710,35.214
5466.711,35.215
5467.712,35.216
5468.713,35.217
5469.714,35.218
5470.715,35.219
5471.716,35.219
5472.717,35.220
5473.718,35.221
5474.719,35.222
5475.720,35.223
5476.721,35.224
5477.722,35.225
5478.723,35.225
5479.724,35.226
5480.725,35.227
5481.726,35.228
5482.727,35.229
5483.728,35.230
5484.729,35.231
5485.729,35.232
5486.730,35.232
5487.731,35.233
5488.732,35.234
5489.733,35.235
5490.734,35.236
5491.735,35.237
5492.736,35.238
5493.737,35.238
5494.738,35.239
5495.739,35.240
5496.740,35.241
5497.741,35.242
5498.742,35.243
5499.743,35.244
5500.744,35.244
5501.745,35.245
5502.746,35.246
5503.747,35.247
5504.748,35.248
5505.749,35.249
5506.750,35.250
5507.751,35.250
5508.752,35.251
5509.753,35.252
5510.754,35.253
5511.755,35.254
5512.756,35.255
5513.757,35.255
5514.758,35.256
5515.759,35.257
5516.760,35.258
5517.761,35.259
5518.762,35.260
5519.763,35.261
5520.764,35.261
5521.765,35.262
5522.766,35.263
5523.767,35.264
5524.768,35.265
5525.769,35.266
5526.770,35.267
5527.771,35.267
5528.771,35.268
5529.772,35.269
5530.773,35.270
5531.774,35.271
5532.775,35.272
5533.776,35.273
5534.777,35.273
5535.778,35.274
5536.779,35.275
5537.780,35.276
5538.781,35.277
5539.782,35.278
5540.783,35.278
5541.784,35.279
5542.785,35.280
5543.786,35.281
5544.787,35.282
5545.788,35.283
5546.789,35.284
5547.790,35.284
5548.791,35.285
5549.792,35.286
5550.793,35.287
5551.794,35.288
5552.795,35.289
5553.796,35.289
5554.797,35.290
5555.798,35.291
5556.799,35.292
5557.800,35.293
5558.801,35.294
5559.802,35.294
5560.803,35.295
5561.804,35.296
5562.805,35.297
5563.806,35.298
5564.807,35.299
5565.808,35.299
5566.809,35.300
5567.810,35.301
5568.811,35.302
5569.812,35.303
5570.813,35.304
5571.813,35.304
5572.814,35.305
5573.815,35.306
5574.816,35.307
5575.817,35.308
5576.818,35.309
5577.819,35.309
5578.820,35.310
5579.821,35.311
5580.822,35.312
5581.823,35.313
5582.824,35.314
5583.825,35.314
5584.826,35.315
5585.827,35.316
5586.828,35.317
5587.829,35.318
5588.830,35.319
5589.831,35.319
5590.832,35.320
5591.833,35.321
5592.834,35.322
5593.835,35.323
5594.836,35.324
5595.837,35.324
5596.838,35.325
5597.839,35.326
5598.840,35.327
5599.841,35.328
5600.842,35.329
5601.843,35.329
5602.844,35.330
5603.845,35.331
5604.846,35.332
5605.847,35.333
5606.848,35.334
5607.849,35.334
5608.850,35.335
5609.851,35.336
5610.852,35.337
5611.853,35.338
5612.854,35.338
5613.854,35.339
5614.855,35.340
5615.856,35.341
5616.857,35.342
5617.858,35.343
5618.859,35.343
5619.860,35.344
5620.861,35.345
5621.862,35.346
5622.863,35.347
5623.864,35.348
5624.865,35.348
5625.866,35.349
5626.867,35.350
5627.868,35.351
5628.869,35.352
5629.870,35.352
5630.871,35.353
5631.872,35.354
5632.873,35.355
5633.874,35.356
5634.875,35.357
5635.876,35.357
5636.877,35.358
5637.878,35.359
5638.879,35.360
5639.880,35.361
5640.881,35.361
5641.882,35.362
5642.883,35.363
5643.884,35.364
5644.885,35.365
5645.886,35.366
5646.887,35.366
5647.888,35.367
5648.889,35.368
5649.890,35.369
5650.891,35.370
5651.892,35.370
5652.893,35.371
5653.894,35.372
5654.895,35.373
5655.896,35.374
5656.896,35.375
5657.897,35.375
5658.898,35.376
5659.899,35.377
5660.900,35.378
5661.901,35.379
5662.902,35.379
5663.903,35.380
5664.904,35.381
5665.905,35.382
5666.906,35.383
5667.907,35.383
5668.908,35.384
5669.909,35.385
5670.910,35.386
5671.911,35.387
5672.912,35.388
5673.913,35.388
5674.914,35.389
5675.915,35.390
5676.916,35.391
5677.917,35.392
5678.918,35.392
5679.919,35.393
5680.920,35.394
5681.921,35.395
5682.922,35.396
5683.923,35.396
5684.924,35.397
5685.925,35.398
5686.926,35.399
5687.927,35.400
5688.928,35.400
5689.929,35.401
5690.930,35.402
5691.931,35.403
5692.932,35.403
5693.933,35.404
5694.934,35.405
5695.935,35.406
5696.936,35.407
5697.937,35.407
5698.938,35.408
5699.938,35.409
5700.939,35.410
5701.940,35.411
5702.941,35.411
5703.942,35.412
5704.943,35.413
5705.944,35.414
5706.945,35.415
5707.946,35.415
5708.947,35.416
5709.948,35.417
5710.949,35.418
5711.950,35.419
5712.951,35.419
5713.952,35.420
5714.953,35.421
5715.954,35.422
5716.955,35.422
5717.956,35.423
5718.957,35.424
5719.958,35.425
5720.959,35.426
5721.960,35.426
5722.961,35.427
5723.962,35.428
5724.963,35.429
5725.964,35.430
5726.965,35.430
5727.966,35.431
5728.967,35.432
5729.968,35.433
5730.969,35.434
5731.970,35.434
5732.971,35.435
5733.972,35.436
5734.973,35.437
5735.974,35.437
5736.975,35.438
5737.976,35.439
5738.977,35.440
5739.978,35.441
5740.979,35.441
5741.979,35.442
5742.980,35.443
5743.981,35.444
5744.982,35.445
5745.983,35.445
5746.984,35.446
5747.985,35.447
5748.986,35.448
5749.987,35.448
5750.988,35.449
5751.989,35.450
5752.990,35.451
5753.991,35.452
5754.992,35.452
5755.993,35.453
5756.994,35.454
5757.995,35.455
5758.996,35.455
5759.997,35.456
5760.998,35.457
5761.999,35.458
5763.000,35.459
5764.001,35.459
5765.002,35.460
5766.003,35.461
5767.004,35.462
5768.005,35.462
5769.006,35.463
5770.007,35.464
5771.008,35.465
5772.009,35.466
5773.010,35.466
5774.011,35.467
5775.012,35.468
5776.013,35.469
5777.014,35.469
5778.015,35.470
5779.016,35.471
5780.017,35.472
5781.018,35.473
5782.019,35.473
5783.020,35.474
5784.021,35.475
5785.021,35.476
5786.022,35.476
5787.023,35.477
5788.024,35.478
5789.025,35.479
5790.026,35.479
5791.027,35.480
5792.028,35.481
5793.029,35.482
5794.030,35.483
5795.031,35.483
5796.032,35.484
5797.033,35.485
5798.034,35.486
5799.035,35.486
5800.036,35.487
5801.037,35.488
5802.038,35.489
5803.039,35.489
5804.040,35.490
5805.041,35.491
5806.042,35.492
5807.043,35.493
5808.044,35.493
5809.045,35.494
5810.046,35.495
5811.047,35.496
5812.048,35.496
5813.049,35.497
5814.050,35.498
5815.051,35.499
5816.052,35.499
5817.053,35.500
5818.054,35.501
5819.055,35.502
5820.056,35.502
5821.057,35.503
5822.058,35.504
5823.059,35.505
5824.060,35.506
5825.061,35.506
5826.062,35.507
5827.063,35.508
5828.063,35.509
5829.064,35.509
5830.065,35.510
5831.066,35.511
5832.067,35.512
5833.068,35.512
5834.069,35.513
5835.070,35.514
5836.071,35.515
5837.072,35.515
5838.073,35.516
5839.074,35.517
5840.075,35.518
5841.076,35.519
5842.077,35.519
5843.078,35.520
5844.079,35.521
5845.080,35.522
5846.081,35.522
5847.082,35.523
5848.083,35.524
5849.084,35.525
5850.085,35.525
5851.086,35.526
5852.087,35.527
5853.088,35.528
5854.089,35.528
5855.090,35.529
5856.091,35.530
5857.092,35.531
5858.093,35.531
5859.094,35.532
5860.095,35.533
5861.096,35.534
5862.097,35.534
5863.098,35.535
5864.099,35.536
5865.100,35.537
5866.101,35.537
5867.102,35.538
5868.103,35.539
5869.104,35.540
5870.104,35.540
5871.105,35.541
5872.106,35.542
5873.107,35.543
5874.108,35.543
5875.109,35.544
5876.110,35.545
5877.111,35.546
5878.112,35.546
5879.113,35.547
5880.114,35.548
5881.115,35.549
5882.116,35.549
5883.117,35.550
5884.118,35.551
5885.119,35.552
5886.120,35.552
5887.121,35.553
5888.122,35.554
5889.123,35.555
5890.124,35.555
5891.125,35.556
5892.126,35.557
5893.127,35.558
5894.128,35.558
5895.129,35.559
5896.130,35.560
5897.131,35.561
5898.132,35.561
5899.133,35.562
5900.134,35.563
5901.135,35.564
5902.136,35.564
5903.137,35.565
5904.138,35.566
5905.139,35.567
5906.140,35.567
5907.141,35.568
5908.142,35.569
5909.143,35.570
5910.144,35.570
5911.145,35.571
5912.146,35.572
5913.146,35.573
5914.147,35.573
5915.148,35.574
5916.149,35.575
5917.150,35.576
5918.151,35.576
5919.152,35.577
5920.153,35.578
5921.154,35.578
5922.155,35.579
5923.156,35.580
5924.157,35.581
5925.158,35.581
5926.159,35.582
5927.160,35.583
5928.161,35.584
5929.162,35.584
5930.163,35.585
5931.164,35.586
5932.165,35.587
5933.166,35.587
5934.167,35.588
5935.168,35.589
5936.169,35.590
5937.170,35.590
5938.171,35.591
5939.172,35.592
5940.173,35.592
5941.174,35.593
5942.175,35.594
5943.176,35.595
5944.177,35.595
5945.178,35.596
5946.179,35.597
5947.180,35.598
5948.181,35.598
5949.182,35.599
5950.183,35.600
5951.184,35.600
5952.185,35.601
5953.186,35.602
5954.187,35.603
5955.188,35.603
5956.188,35.604
5957.189,35.605
5958.190,35.606
5959.191,35.606
5960.192,35.607
5961.193,35.608
5962.194,35.608
5963.195,35.609
5964.196,35.610
5965.197,35.611
5966.198,35.611
5967.199,35.612
5968.200,35.613
5969.201,35.614
5970.202,35.614
5971.203,35.615
5972.204,35.616
5973.205,35.616
5974.206,35.617
5975.207,35.618
5976.208,35.619
5977.209,35.619
5978.210,35.620
5979.211,35.621
5980.212,35.622
5981.213,35.622
5982.214,35.623
5983.215,35.624
5984.216,35.624
5985.217,35.625
5986.218,35.626
5987.219,35.627
5988.220,35.627
5989.221,35.628
5990.222,35.629
5991.223,35.629
5992.224,35.630
5993.225,35.631
5994.226,35.632
5995.227,35.632
5996.228,35.633
5997.229,35.634
5998.229,35.634
5999.230,35.635
6000.231,35.636
6001.232,35.637
6002.233,35.637
6003.234,35.638
6004.235,35.639
6005.236,35.639
6006.237,35.640
6007.238,35.641
6008.239,35.642
6009.240,35.642
6010.241,35.643
6011.242,35.644
6012.243,35.644
6013.244,35.645
6014.245,35.646
6015.246,35.647
6016.247,35.647
6017.248,35.648
6018.249,35.649
6019.250,35.649
6020.251,35.650
6021.252,35.651
6022.253,35.651
6023.254,35.652
6024.255,35.653
6025.256,35.654
6026.257,35.654
6027.258,35.655
6028.259,35.656
6029.260,35.656
6030.261,35.657
6031.262,35.658
6032.263,35.658
6033.264,35.659
6034.265,35.660
6035.266,35.661
6036.267,35.661
6037.268,35.662
6038.269,35.663
6039.270,35.663
6040.271,35.664
6041.271,35.665
6042.272,35.666
6043.273,35.666
6044.274,35.667
6045.275,35.668
6046.276,35.668
6047.277,35.669
6048.278,35.670
6049.279,35.670
6050.280,35.671
6051.281,35.672
6052.282,35.673
6053.283,35.673
6054.284,35.674
6055.285,35.675
6056.286,35.675
6057.287,35.676
6058.288,35.677
6059.289,35.677
6060.290,35.678
6061.291,35.679
6062.292,35.680
6063.293,35.680
6064.294,35.681
6065.295,35.682
6066.296,35.682
6067.297,35.683
6068.298,35.684
6069.299,35.684
6070.300,35.685
6071.301,35.686
6072.302,35.686
6073.303,35.687
6074.304,35.688
6075.305,35.689
6076.306,35.689
6077.307,35.690
6078.308,35.691
6079.309,35.691
6080.310,35.692
6081.311,35.693
6082.312,35.693
6083.313,35.694
6084.313,35.695
6085.314,35.695
6086.315,35.696
6087.316,35.697
6088.317,35.697
6089.318,35.698
6090.319,35.699
6091.320,35.700
6092.321,35.700
6093.322,35.701
6094.323,35.702
6095.324,35.702
6096.325,35.703
6097.326,35.704
6098.327,35.704
6099.328,35.705
6100.329,35.706
6101.330,35.706
6102.331,35.707
6103.332,35.708
6104.333,35.709
6105.334,35.709
6106.335,35.710
6107.336,35.711
6108.337,35.711
6109.338,35.712
6110.339,35.713
6111.340,35.713
6112.341,35.714
6113.342,35.715
6114.343,35.715
6115.344,35.716
6116.345,35.717
6117.346,35.717
6118.347,35.718
6119.348,35.719
6120.349,35.719
6121.350,35.720
6122.351,35.721
6123.352,35.722
6124.353,35.722
6125.354,35.723
6126.354,35.724
6127.355,35.724
6128.356,35.725
6129.357,35.726
6130.358,35.726
6131.359,35.727
6132.360,35.728
6133.361,35.728
6134.362,35.729
6135.363,35.730
6136.364,35.730
6137.365,35.731
6138.366,35.732
6139.367,35.732
6140.368,35.733
6141.369,35.734
6142.370,35.734
6143.371,35.735
6144.372,35.736
6145.373,35.736
6146.374,35.737
6147.375,35.738
6148.376,35.738
6149.377,35.739
6150.378,35.740
6151.379,35.740
6152.380,35.741
6153.381,35.742
6154.382,35.742
6155.383,35.743
6156.384,35.744
6157.385,35.745
6158.386,35.745
6159.387,35.746
6160.388,35.747
6161.389,35.747
6162.390,35.748
6163.391,35.749
6164.392,35.749
6165.393,35.750
6166.394,35.751
6167.395,35.751
6168.396,35.752
6169.396,35.753
6170.397,35.753
6171.398,35.754
6172.399,35.755
6173.400,35.755
6174.401,35.756
6175.402,35.757
6176.403,35.757
6177.404,35.758
6178.405,35.759
6179.406,35.759
6180.407,35.760
6181.408,35.761
6182.409,35.761
6183.410,35.762
6184.411,35.763
6185.412,35.763
6186.413,35.764
6187.414,35.765
6188.415,35.765
6189.416,35.766
6190.417,35.767
6191.418,35.767
6192.419,35.768
6193.420,35.769
6194.421,35.769
6195.422,35.770
6196.423,35.771
6197.424,35.771
6198.425,35.772
6199.426,35.773
6200.427,35.773
6201.428,35.774
6202.429,35.775
6203.430,35.775
6204.431,35.776
6205.432,35.777
6206.433,35.777
6207.434,35.778
6208.435,35.779
6209.436,35.779
6210.437,35.780
6211.438,35.781
6212.438,35.781
6213.439,35.782
6214.440,35.783
6215.441,35.783
6216.442,35.784
6217.443,35.784
6218.444,35.785
6219.445,35.786
6220.446,35.786
6221.447,35.787
6222.448,35.788
6223.449,35.788
6224.450,35.789
6225.451,35.790
6226.452,35.790
6227.453,35.791
6228.454,35.792
6229.455,35.792
6230.456,35.793
6231.457,35.794
6232.458,35.794
6233.459,35.795
6234.460,35.796
6235.461,35.796
6236.462,35.797
6237.463,35.798
6238.464,35.798
6239.465,35.799
6240.466,35.799
6241.467,35.800
6242.468,35.801
6243.469,35.801
6244.470,35.802
6245.471,35.803
6246.472,35.803
6247.473,35.804
6248.474,35.805
6249.475,35.805
6250.476,35.806
6251.477,35.807
6252.478,35.807
6253.479,35.808
6254.479,35.809
6255.480,35.809
6256.481,35.810
6257.482,35.810
6258.483,35.811
6259.484,35.812
6260.485,35.812
6261.486,35.813
6262.487,35.814
6263.488,35.814
6264.489,35.815
6265.490,35.816
6266.491,35.816
6267.492,35.817
6268.493,35.818
6269.494,35.818
6270.495,35.819
6271.496,35.820
6272.497,35.820
6273.498,35.821
6274.499,35.821
6275.500,35.822
6276.501,35.823
6277.502,35.823
6278.503,35.824
6279.504,35.825
6280.505,35.825
6281.506,35.826
6282.507,35.827
6283.508,35.827
6284.509,35.828
6285.510,35.829
6286.511,35.829
6287.512,35.830
6288.513,35.831
6289.514,35.831
6290.515,35.832
6291.516,35.832
6292.517,35.833
6293.518,35.834
6294.519,35.834
6295.520,35.835
6296.521,35.836
6297.521,35.836
6298.522,35.837
6299.523,35.838
6300.524,35.838
6301.525,35.839
6302.526,35.839
6303.527,35.840
6304.528,35.841
6305.529,35.841
6306.530,35.842
6307.531,35.843
6308.532,35.843
6309.533,35.844
6310.534,35.845
6311.535,35.845
6312.536,35.846
6313.537,35.846
6314.538,35.847
6315.539,35.848
6316.540,35.848
6317.541,35.849
6318.542,35.850
6319.543,35.850
6320.544,35.851
6321.545,35.851
6322.546,35.852
6323.547,35.853
6324.548,35.853
6325.549,35.854
6326.550,35.855
6327.551,35.855
6328.552,35.856
6329.553,35.857
6330.554,35.857
6331.555,35.858
6332.556,35.858
6333.557,35.859
6334.558,35.860
6335.559,35.860
6336.560,35.861
6337.561,35.862
6338.562,35.862
6339.563,35.863
6340.563,35.863
6341.564,35.864
6342.565,35.865
6343.566,35.865
6344.567,35.866
6345.568,35.867
6346.569,35.867
6347.570,35.868
6348.571,35.868
6349.572,35.869
6350.573,35.870
6351.574,35.870
6352.575,35.871
6353.576,35.872
6354.577,35.872
6355.578,35.873
6356.579,35.873
6357.580,35.874
6358.581,35.875
6359.582,35.875
6360.583,35.876
6361.584,35.877
6362.585,35.877
6363.586,35.878
6364.587,35.878
6365.588,35.879
6366.589,35.880
6367.590,35.880
6368.591,35.881
6369.592,35.881
6370.593,35.882
6371.594,35.883
6372.595,35.883
6373.596,35.884
6374.597,35.885
6375.598,35.885
6376.599,35.886
6377.600,35.886
6378.601,35.887
6379.602,35.888
6380.603,35.888
6381.604,35.889
6382.604,35.889
6383.605,35.890
6384.606,35.891
6385.607,35.891
6386.608,35.892
6387.609,35.893
6388.610,35.893
6389.611,35.894
6390.612,35.894
6391.613,35.895
6392.614,35.896
6393.615,35.896
6394.616,35.897
6395.617,35.897
6396.618,35.898
6397.619,35.899
6398.620,35.899
6399.621,35.900
6400.622,35.900
6401.623,35.901
6402.624,35.902
6403.625,35.902
6404.626,35.903
6405.627,35.904
6406.628,35.904
6407.629,35.905
6408.630,35.905
6409.631,35.906
6410.632,35.907
6411.633,35.907
6412.634,35.908
6413.635,35.908
6414.636,35.909
6415.637,35.910
6416.638,35.910
6417.639,35.911
6418.640,35.911
6419.641,35.912
6420.642,35.913
6421.643,35.913
6422.644,35.914
6423.645,35.914
6424.646,35.915
6425.646,35.916
6426.647,35.916
6427.648,35.917
6428.649,35.917
6429.650,35.918
6430.651,35.919
6431.652,35.919
6432.653,35.920
6433.654,35.921
6434.655,35.921
6435.656,35.922
6436.657,35.922
6437.658,35.923
6438.659,35.924
6439.660,35.924
6440.661,35.925
6441.662,35.925
6442.663,35.926
6443.664,35.927
6444.665,35.927
6445.666,35.928
6446.667,35.928
6447.668,35.929
6448.669,35.930
6449.670,35.930
6450.671,35.931
6451.672,35.931
6452.673,35.932
6453.674,35.933
6454.675,35.933
6455.676,35.934
6456.677,35.934
6457.678,35.935
6458.679,35.936
6459.680,35.936
6460.681,35.937
6461.682,35.937
6462.683,35.938
6463.684,35.939
6464.685,35.939
6465.686,35.940
6466.687,35.940
6467.688,35.941
6468.688,35.942
6469.689,35.942
6470.690,35.943
6471.691,35.943
6472.692,35.944
6473.693,35.944
6474.694,35.945
6475.695,35.946
6476.696,35.946
6477.697,35.947
6478.698,35.947
6479.699,35.948
6480.700,35.949
6481.701,35.949
6482.702,35.950
6483.703,35.950
6484.704,35.951
6485.705,35.952
6486.706,35.952
6487.707,35.953
6488.708,35.953
6489.709,35.954
6490.710,35.955
6491.711,35.955
6492.712,35.956
6493.713,35.956
6494.714,35.957
6495.715,35.958
6496.716,35.958
6497.717,35.959
6498.718,35.959
6499.719,35.960
6500.720,35.961
6501.721,35.961
6502.722,35.962
6503.723,35.962
6504.724,35.963
6505.725,35.964
6506.726,35.964
6507.727,35.965
6508.728,35.965
6509.729,35.966
6510.729,35.966
6511.730,35.967
6512.731,35.968
6513.732,35.968
6514.733,35.969
6515.734,35.969
6516.735,35.970
6517.736,35.971
6518.737,35.971
6519.738,35.972
6520.739,35.972
6521.740,35.973
6522.741,35.974
6523.742,35.974
6524.743,35.975
6525.744,35.975
6526.745,35.976
6527.746,35.976
6528.747,35.977
6529.748,35.978
6530.749,35.978
6531.750,35.979
6532.751,35.979
6533.752,35.980
6534.753,35.981
6535.754,35.981
6536.755,35.982
6537.756,35.982
6538.757,35.983
6539.758,35.983
6540.759,35.984
6541.760,35.985
6542.761,35.985
6543.762,35.986
6544.763,35.986
6545.764,35.987
6546.765,35.987
6547.766,35.988
6548.767,35.989
6549.768,35.989
6550.769,35.990
6551.770,35.990
6552.771,35.991
6553.771,35.992
6554.772,35.992
6555.773,35.993
6556.774,35.993
6557.775,35.994
6558.776,35.994
6559.777,35.995
6560.778,35.996
6561.779,35.996
6562.780,35.997
6563.781,35.997
6564.782,35.998
6565.783,35.998
6566.784,35.999
6567.785,36.000
6568.786,36.000
6569.787,36.001
6570.788,36.001
6571.789,36.002
6572.790,36.002
6573.791,36.003
6574.792,36.004
6575.793,36.004
6576.794,36.005
6577.795,36.005
6578.796,36.006
6579.797,36.007
6580.798,36.007
6581.799,36.008
6582.800,36.008
6583.801,36.009
6584.802,36.009
6585.803,36.010
6586.804,36.011
6587.805,36.011
6588.806,36.012
6589.807,36.012
6590.808,36.013
6591.809,36.013
6592.810,36.014
6593.811,36.015
6594.812,36.015
6595.813,36.016
6596.813,36.016
6597.814,36.017
6598.815,36.017
6599.816,36.018
6600.817,36.019
6601.818,36.019
6602.819,36.020
6603.820,36.020
6604.821,36.021
6605.822,36.021
6606.823,36.022
6607.824,36.023
6608.825,36.023
6609.826,36.024
6610.827,36.024
6611.828,36.025
6612.829,36.025
6613.830,36.026
6614.831,36.027
6615.832,36.027
6616.833,36.028
6617.834,36.028
6618.835,36.029
6619.836,36.029
6620.837,36.030
6621.838,36.030
6622.839,36.031
6623.840,36.032
6624.841,36.032
6625.842,36.033
6626.843,36.033
6627.844,36.034
6628.845,36.034
6629.846,36.035
6630.847,36.036
6631.848,36.036
6632.849,36.037
6633.850,36.037
6634.851,36.038
6635.852,36.038
6636.853,36.039
6637.854,36.040
6638.854,36.040
6639.855,36.041
6640.856,36.041
6641.857,36.042
6642.858,36.042
6643.859,36.043
6644.860,36.043
6645.861,36.044
6646.862,36.045
6647.863,36.045
6648.864,36.046
6649.865,36.046
6650.866,36.047
6651.867,36.047
6652.868,36.048
6653.869,36.048
6654.870,36.049
6655.871,36.050
6656.872,36.050
6657.873,36.051
6658.874,36.051
6659.875,36.052
6660.876,36.052
6661.877,36.053
6662.878,36.054
6663.879,36.054
6664.880,36.055
6665.881,36.055
6666.882,36.056
6667.883,36.056
6668.884,36.057
6669.885,36.057
6670.886,36.058
6671.887,36.059
6672.888,36.059
6673.889,36.060
6674.890,36.060
6675.891,36.061
6676.892,36.061
6677.893,36.062
6678.894,36.062
6679.895,36.063
6680.896,36.064
6681.896,36.064
6682.897,36.065
6683.898,36.065
6684.899,36.066
6685.900,36.066
6686.901,36.067
6687.902,36.068
6688.903,36.068
6689.904,36.069
6690.905,36.069
6691.906,36.070
6692.907,36.070
6693.908,36.071
6694.909,36.071
6695.910,36.072
6696.911,36.072
6697.912,36.073
6698.913,36.074
6699.914,36.074
6700.915,36.075
6701.916,36.075
6702.917,36.076
6703.918,36.076
6704.919,36.077
6705.920,36.077
6706.921,36.078
6707.922,36.078
6708.923,36.079
6709.924,36.080
6710.925,36.080
6711.926,36.081
6712.927,36.081
6713.928,36.082
6714.929,36.082
6715.930,36.083
6716.931,36.083
6717.932,36.084
6718.933,36.085
6719.934,36.085
6720.935,36.086
6721.936,36.086
6722.937,36.087
6723.938,36.087
6724.938,36.088
6725.939,36.088
6726.940,36.089
6727.941,36.089
6728.942,36.090
6729.943,36.091
6730.944,36.091
6731.945,36.092
6732.946,36.092
6733.947,36.093
6734.948,36.093
6735.949,36.094
6736.950,36.094
6737.951,36.095
6738.952,36.095
6739.953,36.096
6740.954,36.097
6741.955,36.097
6742.956,36.098
6743.957,36.098
6744.958,36.099
6745.959,36.099
6746.960,36.100
6747.961,36.100
6748.962,36.101
6749.963,36.101
6750.964,36.102
6751.965,36.103
6752.966,36.103
6753.967,36.104
6754.968,36.104
6755.969,36.105
6756.970,36.105
6757.971,36.106
6758.972,36.106
6759.973,36.107
6760.974,36.107
6761.975,36.108
6762.976,36.109
6763.977,36.109
6764.978,36.110
6765.979,36.110
6766.979,36.111
6767.980,36.111
6768.981,36.112
6769.982,36.112
6770.983,36.113
6771.984,36.113
6772.985,36.114
6773.986,36.114
6774.987,36.115
6775.988,36.116
6776.989,36.116
6777.990,36.117
6778.991,36.117
6779.992,36.118
6780.993,36.118
6781.994,36.119
6782.995,36.119
6783.996,36.120
6784.997,36.120
6785.998,36.121
6786.999,36.122
6788.000,36.122
6789.001,36.123
6790.002,36.123
6791.003,36.124
6792.004,36.124
6793.005,36.125
6794.006,36.125
6795.007,36.126
6796.008,36.126
6797.009,36.127
6798.010,36.127
6799.011,36.128
6800.012,36.129
6801.013,36.129
6802.014,36.130
6803.015,36.130
6804.016,36.131
6805.017,36.131
6806.018,36.132
6807.019,36.132
6808.020,36.133
6809.021,36.133
6810.021,36.134
6811.022,36.134
6812.023,36.135
6813.024,36.136
6814.025,36.136
6815.026,36.137
6816.027,36.137
6817.028,36.138
6818.029,36.138
6819.030,36.139
6820.031,36.139
6821.032,36.140
6822.033,36.140
6823.034,36.141
6824.035,36.141
6825.036,36.142
6826.037,36.143
6827.038,36.143
6828.039,36.144
6829.040,36.144
6830.041,36.145
6831.042,36.145
6832.043,36.146
6833.044,36.146
6834.045,36.147
6835.046,36.147
6836.047,36.148
6837.048,36.148
6838.049,36.149
6839.050,36.149
6840.051,36.150
6841.052,36.150
6842.053,36.151
6843.054,36.152
6844.055,36.152
6845.056,36.153
6846.057,36.153
6847.058,36.154
6848.059,36.154
6849.060,36.155
6850.061,36.155
6851.062,36.156
6852.063,36.156
6853.063,36.157
6854.064,36.157
6855.065,36.158
6856.066,36.158
6857.067,36.159
6858.068,36.159
6859.069,36.160
6860.070,36.161
6861.071,36.161
6862.072,36.162
6863.073,36.162
6864.074,36.163
6865.075,36.163
6866.076,36.164
6867.077,36.164
6868.078,36.165
6869.079,36.165
6870.080,36.166
6871.081,36.166
6872.082,36.167
6873.083,36.167
6874.084,36.168
6875.085,36.168
6876.086,36.169
6877.087,36.169
6878.088,36.170
6879.089,36.171
6880.090,36.171
6881.091,36.172
6882.092,36.172
6883.093,36.173
6884.094,36.173
6885.095,36.174
6886.096,36.174
6887.097,36.175
6888.098,36.175
6889.099,36.176
6890.100,36.176
6891.101,36.177
6892.102,36.177
6893.103,36.178
6894.104,36.178
6895.104,36.179
6896.105,36.179
6897.106,36.180
6898.107,36.180
6899.108,36.181
6900.109,36.181
6901.110,36.182
6902.111,36.183
6903.112,36.183
6904.113,36.184
6905.114,36.184
6906.115,36.185
6907.116,36.185
6908.117,36.186
6909.118,36.186
6910.119,36.187
6911.120,36.187
6912.121,36.188
6913.122,36.188
6914.123,36.189
6915.124,36.189
6916.125,36.190
6917.126,36.190
6918.127,36.191
6919.128,36.191
6920.129,36.192
6921.130,36.192
6922.131,36.193
6923.132,36.193
6924.133,36.194
6925.134,36.194
6926.135,36.195
6927.136,36.196
6928.137,36.196
6929.138,36.197
6930.139,36.197
6931.140,36.198
6932.141,36.198
6933.142,36.199
6934.143,36.199
6935.144,36.200
6936.145,36.200
6937.146,36.201
6938.146,36.201
6939.147,36.202
6940.148,36.202
6941.149,36.203
6942.150,36.203
6943.151,36.204
6944.152,36.204
6945.153,36.205
6946.154,36.205
6947.155,36.206
6948.156,36.206
6949.157,36.207
6950.158,36.207
6951.159,36.208
6952.160,36.208
6953.161,36.209
6954.162,36.209
6955.163,36.210
6956.164,36.210
6957.165,36.211
6958.166,36.211
6959.167,36.212
6960.168,36.212
6961.169,36.213
6962.170,36.213
6963.171,36.214
6964.172,36.214
6965.173,36.215
6966.174,36.215
6967.175,36.216
6968.176,36.216
6969.177,36.217
6970.178,36.217
6971.179,36.218
6972.180,36.218
6973.181,36.219
6974.182,36.220
6975.183,36.220
6976.184,36.221
6977.185,36.221
6978.186,36.222
6979.187,36.222
6980.188,36.223
6981.188,36.223
6982.189,36.224
6983.190,36.224
6984.191,36.225
6985.192,36.225
6986.193,36.226
6987.194,36.226
6988.195,36.227
6989.196,36.227
6990.197,36.228
6991.198,36.228
6992.199,36.229
6993.200,36.229
6994.201,36.230
6995.202,36.230
6996.203,36.231
6997.204,36.231
6998.205,36.232
6999.206,36.232
7000.207,36.233
7001.208,36.233
7002.209,36.234
7003.210,36.234
7004.211,36.235
7005.212,36.235
7006.213,36.236
7007.214,36.236
7008.215,36.237
7009.216,36.237
7010.217,36.238
7011.218,36.238
7012.219,36.239
7013.220,36.239
7014.221,36.240
7015.222,36.240
7016.223,36.241
7017.224,36.241
7018.225,36.242
7019.226,36.242
7020.227,36.243
7021.228,36.243
7022.229,36.244
7023.229,36.244
7024.230,36.244
7025.231,36.245
7026.232,36.245
7027.233,36.246
7028.234,36.246
7029.235,36.247
7030.236,36.247
7031.237,36.248
7032.238,36.248
7033.239,36.249
7034.240,36.249
7035.241,36.250
7036.242,36.250
7037.243,36.251
7038.244,36.251
7039.245,36.252
7040.246,36.252
7041.247,36.253
7042.248,36.253
7043.249,36.254
7044.250,36.254
7045.251,36.255
7046.252,36.255
7047.253,36.256
7048.254,36.256
7049.255,36.257
7050.256,36.257
7051.257,36.258
7052.258,36.258
7053.259,36.259
7054.260,36.259
7055.261,36.260
7056.262,36.260
7057.263,36.261
7058.264,36.261
7059.265,36.262
7060.266,36.262
7061.267,36.263
7062.268,36.263
7063.269,36.264
7064.270,36.264
7065.271,36.265
7066.271,36.265
7067.272,36.266
7068.273,36.266
7069.274,36.267
7070.275,36.267
7071.276,36.268
7072.277,36.268
7073.278,36.269
7074.279,36.269
7075.280,36.269
7076.281,36.270
7077.282,36.270
7078.283,36.271
7079.284,36.271
7080.285,36.272
7081.286,36.272
7082.287,36.273
7083.288,36.273
7084.289,36.274
7085.290,36.274
7086.291,36.275
7087.292,36.275
7088.293,36.276
7089.294,36.276
7090.295,36.277
7091.296,36.277
7092.297,36.278
7093.298,36.278
7094.299,36.279
7095.300,36.279
7096.301,36.279
7097.302,36.280
7098.303,36.280
7099.304,36.281
7100.305,36.281
7101.306,36.282
7102.307,36.282
7103.308,36.283
7104.309,36.283
7105.310,36.284
7106.311,36.284
7107.312,36.285
7108.313,36.285
7109.313,36.286
7110.314,36.286
7111.315,36.287
7112.316,36.287
7113.317,36.288
7114.318,36.288
7115.319,36.288
7116.320,36.289
7117.321,36.289
7118.322,36.290
7119.323,36.290
7120.324,36.291
7121.325,36.291
7122.326,36.292
7123.327,36.292
7124.328,36.293
7125.329,36.293
7126.330,36.294
7127.331,36.294
7128.332,36.295
7129.333,36.295
7130.334,36.295
7131.335,36.296
7132.336,36.296
7133.337,36.297
7134.338,36.297
7135.339,36.298
7136.340,36.298
7137.341,36.299
7138.342,36.299
7139.343,36.300
7140.344,36.300
7141.345,36.301
7142.346,36.301
7143.347,36.302
7144.348,36.302
7145.349,36.303
7146.350,36.303
7147.351,36.303
7148.352,36.304
7149.353,36.304
7150.354,36.305
7151.354,36.305
7152.355,36.306
7153.356,36.306
7154.357,36.307
7155.358,36.307
7156.359,36.308
7157.360,36.308
7158.361,36.309
7159.362,36.309
7160.363,36.310
7161.364,36.310
7162.365,36.310
7163.366,36.311
7164.367,36.311
7165.368,36.312
7166.369,36.312
7167.370,36.313
7168.371,36.313
7169.372,36.314
7170.373,36.314
7171.374,36.315
7172.375,36.315
7173.376,36.316
7174.377,36.316
7175.378,36.316
7176.379,36.317
7177.380,36.317
7178.381,36.318
7179.382,36.318
7180.383,36.319
7181.384,36.319
7182.385,36.320
7183.386,36.320
7184.387,36.321
7185.388,36.321
7186.389,36.321
7187.390,36.322
7188.391,36.322
7189.392,36.323
7190.393,36.323
7191.394,36.324
7192.395,36.324
7193.396,36.325
7194.396,36.325
7195.397,36.326
7196.398,36.326
7197.399,36.327
7198.400,36.327
7199.401,36.327
7200.402,36.328
7201.403,36.328
7202.404,36.329
7203.405,36.329
7204.406,36.330
7205.407,36.330
7206.408,36.331
7207.409,36.331
7208.410,36.331
7209.411,36.332
7210.412,36.332
7211.413,36.333
7212.414,36.333
7213.415,36.334
7214.416,36.334
7215.417,36.335
7216.418,36.335
7217.419,36.336
7218.420,36.336
7219.421,36.336
7220.422,36.337
7221.423,36.337
7222.424,36.338
7223.425,36.338
7224.426,36.339
7225.427,36.339
7226.428,36.340
7227.429,36.340
7228.430,36.340
7229.431,36.341
7230.432,36.341
7231.433,36.342
7232.434,36.342
7233.435,36.343
7234.436,36.343
7235.437,36.344
7236.438,36.344
7237.438,36.344
7238.439,36.345
7239.440,36.345
7240.441,36.346
7241.442,36.346
7242.443,36.347
7243.444,36.347
7244.445,36.347
7245.446,36.348
7246.447,36.348
7247.448,36.349
7248.449,36.349
7249.450,36.350
7250.451,36.350
7251.452,36.351
7252.453,36.351
7253.454,36.351
7254.455,36.352
7255.456,36.352
7256.457,36.353
7257.458,36.353
7258.459,36.354
7259.460,36.354
7260.461,36.354
7261.462,36.355
7262.463,36.355
7263.464,36.356
7264.465,36.356
7265.466,36.357
7266.467,36.357
7267.468,36.358
7268.469,36.358
7269.470,36.358
7270.471,36.359
7271.472,36.359
7272.473,36.360
7273.474,36.360
7274.475,36.361
7275.476,36.361
7276.477,36.361
7277.478,36.362
7278.479,36.362
7279.479,36.363
7280.480,36.363
7281.481,36.364
7282.482,36.364
7283.483,36.364
7284.484,36.365
7285.485,36.365
7286.486,36.366
7287.487,36.366
7288.488,36.367
7289.489,36.367
7290.490,36.367
7291.491,36.368
7292.492,36.368
7293.493,36.369
7294.494,36.369
7295.495,36.370
7296.496,36.370
7297.497,36.370
7298.498,36.371
7299.499,36.371
7300.500,36.372
7301.501,36.372
7302.502,36.373
7303.503,36.373
7304.504,36.373
7305.505,36.374
7306.506,36.374
7307.507,36.375
7308.508,36.375
7309.509,36.376
7310.510,36.376
7311.511,36.376
7312.512,36.377
7313.513,36.377
7314.514,36.378
7315.515,36.378
7316.516,36.379
7317.517,36.379
7318.518,36.379
7319.519,36.380
7320.520,36.380
7321.521,36.381
7322.521,36.381
7323.522,36.382
7324.523,36.382
7325.524,36.382
7326.525,36.383
7327.526,36.383
7328.527,36.384
7329.528,36.384
7330.529,36.384
7331.530,36.385
7332.531,36.385
7333.532,36.386
7334.533,36.386
7335.534,36.387
7336.535,36.387
7337.536,36.387
7338.537,36.388
7339.538,36.388
7340.539,36.389
7341.540,36.389
7342.541,36.390
7343.542,36.390
7344.543,36.390
7345.544,36.391
7346.545,36.391
7347.546,36.392
7348.547,36.392
7349.548,36.393
7350.549,36.393
7351.550,36.393
7352.551,36.394
7353.552,36.394
7354.553,36.395
7355.554,36.395
7356.555,36.396
7357.556,36.396
7358.557,36.396
7359.558,36.397
7360.559,36.397
7361.560,36.398
7362.561,36.398
7363.562,36.398
7364.563,36.399
7365.563,36.399
7366.564,36.400
7367.565,36.400
7368.566,36.400
7369.567,36.401
7370.568,36.401
7371.569,36.402
7372.570,36.402
7373.571,36.403
7374.572,36.403
7375.573,36.403
7376.574,36.404
7377.575,36.404
7378.576,36.405
7379.577,36.405
7380.578,36.405
7381.579,36.406
7382.580,36.406
7383.581,36.407
7384.582,36.407
7385.583,36.408
7386.584,36.408
7387.585,36.408
7388.586,36.409
7389.587,36.409
7390.588,36.410
7391.589,36.410
7392.590,36.410
7393.591,36.411
7394.592,36.411
7395.593,36.412
7396.594,36.412
7397.595,36.413
7398.596,36.413
7399.597,36.413
7400.598,36.414
7401.599,36.414
7402.600,36.415
7403.601,36.415
7404.602,36.415
7405.603,36.416
7406.604,36.416
7407.604,36.417
7408.605,36.417
7409.606,36.418
7410.607,36.418
7411.608,36.418
7412.609,36.419
7413.610,36.419
7414.611,36.420
7415.612,36.420
7416.613,36.420
7417.614,36.421
7418.615,36.421
7419.616,36.422
7420.617,36.422
7421.618,36.422
7422.619,36.423
7423.620,36.423
7424.621,36.424
7425.622,36.424
7426.623,36.425
7427.624,36.425
7428.625,36.425
7429.626,36.426
7430.627,36.426
7431.628,36.427
7432.629,36.427
7433.630,36.427
7434.631,36.428
7435.632,36.428
7436.633,36.429
7437.634,36.429
7438.635,36.429
7439.636,36.430
7440.637,36.430
7441.638,36.431
7442.639,36.431
7443.640,36.431
7444.641,36.432
7445.642,36.432
7446.643,36.433
7447.644,36.433
7448.645,36.433
7449.646,36.434
7450.646,36.434
7451.647,36.435
7452.648,36.435
7453.649,36.435
7454.650,36.436
7455.651,36.436
7456.652,36.437
7457.653,36.437
7458.654,36.437
7459.655,36.438
7460.656,36.438
7461.657,36.439
7462.658,36.439
7463.659,36.439
7464.660,36.440
7465.661,36.440
7466.662,36.441
7467.663,36.441
7468.664,36.441
7469.665,36.442
7470.666,36.442
7471.667,36.443
7472.668,36.443
7473.669,36.443
7474.670,36.444
7475.671,36.444
7476.672,36.445
7477.673,36.445
7478.674,36.445
7479.675,36.446
7480.676,36.446
7481.677,36.447
7482.678,36.447
7483.679,36.447
7484.680,36.448
7485.681,36.448
7486.682,36.449
7487.683,36.449
7488.684,36.449
7489.685,36.450
7490.686,36.450
7491.687,36.451
7492.688,36.451
7493.688,36.451
7494.689,36.452
7495.690,36.452
7496.691,36.453
7497.692,36.453
7498.693,36.453
7499.694,36.454
7500.695,36.454
7501.696,36.455
7502.697,36.455
7503.698,36.455
7504.699,36.456
7505.700,36.456
7506.701,36.457
7507.702,36.457
7508.703,36.457
7509.704,36.458
7510.705,36.458
7511.706,36.459
7512.707,36.459
7513.708,36.459
7514.709,36.460
7515.710,36.460
7516.711,36.461
7517.712,36.461
7518.713,36.461
7519.714,36.462
7520.715,36.462
7521.716,36.463
7522.717,36.463
7523.718,36.463
7524.719,36.464
7525.720,36.464
7526.721,36.464
7527.722,36.465
7528.723,36.465
7529.724,36.466
7530.725,36.466
7531.726,36.466
7532.727,36.467
7533.728,36.467
7534.729,36.468
7535.729,36.468
7536.730,36.468
7537.731,36.469
7538.732,36.469
7539.733,36.470
7540.734,36.470
7541.735,36.470
7542.736,36.471
7543.737,36.471
7544.738,36.471
7545.739,36.472
7546.740,36.472
7547.741,36.473
7548.742,36.473
7549.743,36.473
7550.744,36.474
7551.745,36.474
7552.746,36.475
7553.747,36.475
7554.748,36.475
7555.749,36.476
7556.750,36.476
7557.751,36.477
7558.752,36.477
7559.753,36.477
7560.754,36.478
7561.755,36.478
7562.756,36.478
7563.757,36.479
7564.758,36.479
7565.759,36.480
7566.760,36.480
7567.761,36.480
7568.762,36.481
7569.763,36.481
7570.764,36.482
7571.765,36.482
7572.766,36.482
7573.767,36.483
7574.768,36.483
7575.769,36.484
7576.770,36.484
7577.771,36.484
7578.771,36.485
7579.772,36.485
7580.773,36.485
7581.774,36.486
7582.775,36.486
7583.776,36.487
7584.777,36.487
7585.778,36.487
7586.779,36.488
7587.780,36.488
7588.781,36.488
7589.782,36.489
7590.783,36.489
7591.784,36.490
7592.785,36.490
7593.786,36.490
7594.787,36.491
7595.788,36.491
7596.789,36.492
7597.790,36.492
7598.791,36.492
7599.792,36.493
7600.793,36.493
7601.794,36.493
7602.795,36.494
7603.796,36.494
7604.797,36.495
7605.798,36.495
7606.799,36.495
7607.800,36.496
7608.801,36.496
7609.802,36.496
7610.803,36.497
7611.804,36.497
7612.805,36.498
7613.806,36.498
7614.807,36.498
7615.808,36.499
7616.809,36.499
7617.810,36.500
7618.811,36.500
7619.812,36.500
7620.813,36.501
7621.813,36.501
7622.814,36.501
7623.815,36.502
7624.816,36.502
7625.817,36.503
7626.818,36.503
7627.819,36.503
7628.820,36.504
7629.821,36.504
7630.822,36.504
7631.823,36.505
7632.824,36.505
7633.825,36.506
7634.826,36.506
7635.827,36.506
7636.828,36.507
7637.829,36.507
7638.830,36.507
7639.831,36.508
7640.832,36.508
7641.833,36.509
7642.834,36.509
7643.835,36.509
7644.836,36.510
7645.837,36.510
7646.838,36.510
7647.839,36.511
7648.840,36.511
7649.841,36.512
7650.842,36.512
7651.843,36.512
7652.844,36.513
7653.845,36.513
7654.846,36.513
7655.847,36.514
7656.848,36.514
7657.849,36.515
7658.850,36.515
7659.851,36.515
7660.852,36.516
7661.853,36.516
7662.854,36.516
7663.854,36.517
7664.855,36.517
7665.856,36.518
7666.857,36.518
7667.858,36.518
7668.859,36.519
7669.860,36.519
7670.861,36.519
7671.862,36.520
7672.863,36.520
7673.864,36.521
7674.865,36.521
7675.866,36.521
7676.867,36.522
7677.868,36.522
7678.869,36.523
7679.870,36.523
7680.871,36.523
7681.872,36.524
7682.873,36.524
7683.874,36.524
7684.875,36.525
7685.876,36.525
7686.877,36.526
7687.878,36.526
7688.879,36.526
7689.880,36.527
7690.881,36.527
7691.882,36.527
7692.883,36.528
7693.884,36.528
7694.885,36.529
7695.886,36.529
7696.887,36.529
7697.888,36.530
7698.889,36.530
7699.890,36.530
7700.891,36.531
7701.892,36.531
7702.893,36.532
7703.894,36.532
7704.895,36.532
7705.896,36.533
7706.896,36.533
7707.897,36.533
7708.898,36.534
7709.899,36.534
7710.900,36.534
7711.901,36.535
7712.902,36.535
7713.903,36.536
7714.904,36.536
7715.905,36.536
7716.906,36.537
7717.907,36.537
7718.908,36.537
7719.909,36.538
7720.910,36.538
7721.911,36.539
7722.912,36.539
7723.913,36.539
7724.914,36.540
7725.915,36.540
7726.916,36.540
7727.917,36.541
7728.918,36.541
7729.919,36.542
7730.920,36.542
7731.921,36.542
7732.922,36.543
7733.923,36.543
7734.924,36.543
7735.925,36.544
7736.926,36.544
7737.927,36.545
7738.928,36.545
7739.929,36.545
7740.930,36.546
7741.931,36.546
7742.932,36.546
7743.933,36.547
7744.934,36.547
7745.935,36.548
7746.936,36.548
7747.937,36.548
7748.938,36.549
7749.938,36.549
7750.939,36.549
7751.940,36.550
7752.941,36.550
7753.942,36.551
7754.943,36.551
7755.944,36.551
7756.945,36.552
7757.946,36.552
7758.947,36.552
7759.948,36.553
7760.949,36.553
7761.950,36.554
7762.951,36.554
7763.952,36.554
7764.953,36.555
7765.954,36.555
7766.955,36.555
7767.956,36.556
7768.957,36.556
7769.958,36.556
7770.959,36.557
7771.960,36.557
7772.961,36.558
7773.962,36.558
7774.963,36.558
7775.964,36.559
7776.965,36.559
7777.966,36.559
7778.967,36.560
7779.968,36.560
7780.969,36.561
7781.970,36.561
7782.971,36.561
7783.972,36.562
7784.973,36.562
7785.974,36.562
7786.975,36.563
7787.976,36.563
7788.977,36.564
7789.978,36.564
7790.979,36.564
7791.979,36.565
7792.980,36.565
7793.981,36.565
7794.982,36.566
7795.983,36.566
7796.984,36.567
7797.985,36.567
7798.986,36.567
7799.987,36.568
7800.988,36.568
7801.989,36.568
7802.990,36.569
7803.991,36.569
7804.992,36.570
7805.993,36.570
7806.994,36.570
7807.995,36.571
7808.996,36.571
7809.997,36.571
7810.998,36.572
7811.999,36.572
7813.000,36.572
7814.001,36.573
7815.002,36.573
7816.003,36.574
7817.004,36.574
7818.005,36.574
7819.006,36.575
7820.007,36.575
7821.008,36.575
7822.009,36.576
7823.010,36.576
7824.011,36.577
7825.012,36.577
7826.013,36.577
7827.014,36.578
7828.015,36.578
7829.016,36.578
7830.017,36.579
7831.018,36.579
7832.019,36.580
7833.020,36.580
7834.021,36.580
7835.021,36.581
7836.022,36.581
7837.023,36.581
7838.024,36.582
7839.025,36.582
7840.026,36.582
7841.027,36.583
7842.028,36.583
7843.029,36.584
7844.030,36.584
7845.031,36.584
7846.032,36.585
7847.033,36.585
7848.034,36.585
7849.035,36.586
7850.036,36.586
7851.037,36.587
7852.038,36.587
7853.039,36.587
7854.040,36.588
7855.041,36.588
7856.042,36.588
7857.043,36.589
7858.044,36.589
7859.045,36.589
7860.046,36.590
7861.047,36.590
7862.048,36.591
7863.049,36.591
7864.050,36.591
7865.051,36.592
7866.052,36.592
7867.053,36.592
7868.054,36.593
7869.055,36.593
7870.056,36.593
7871.057,36.594
7872.058,36.594
7873.059,36.595
7874.060,36.595
7875.061,36.595
7876.062,36.596
7877.063,36.596
7878.063,36.596
7879.064,36.597
7880.065,36.597
7881.066,36.598
7882.067,36.598
7883.068,36.598
7884.069,36.599
7885.070,36.599
7886.071,36.599
7887.072,36.600
7888.073,36.600
7889.074,36.600
7890.075,36.601
7891.076,36.601
7892.077,36.602
7893.078,36.602
7894.079,36.602
7895.080,36.603
7896.081,36.603
7897.082,36.603
7898.083,36.604
7899.084,36.604
7900.085,36.605
7901.086,36.605
7902.087,36.605
7903.088,36.606
7904.089,36.606
7905.090,36.606
7906.091,36.607
7907.092,36.607
7908.093,36.607
7909.094,36.608
7910.095,36.608
7911.096,36.609
7912.097,36.609
7913.098,36.609
7914.099,36.610
7915.100,36.610
7916.101,36.610
7917.102,36.611
7918.103,36.611
7919.104,36.612
7920.104,36.612
7921.105,36.612
7922.106,36.613
7923.107,36.613
7924.108,36.613
7925.109,36.614
7926.110,36.614
7927.111,36.614
7928.112,36.615
7929.113,36.615
7930.114,36.616
7931.115,36.616
7932.116,36.616
7933.117,36.617
7934.118,36.617
7935.119,36.617
7936.120,36.618
7937.121,36.618
7938.122,36.618
7939.123,36.619
7940.124,36.619
7941.125,36.620
7942.126,36.620
7943.127,36.620
7944.128,36.621
7945.129,36.621
7946.130,36.621
7947.131,36.622
7948.132,36.622
7949.133,36.622
7950.134,36.623
7951.135,36.623
7952.136,36.624
7953.137,36.624
7954.138,36.624
7955.139,36.625
7956.140,36.625
7957.141,36.625
7958.142,36.626
7959.143,36.626
7960.144,36.627
7961.145,36.627
7962.146,36.627
7963.146,36.628
7964.147,36.628
7965.148,36.628
7966.149,36.629
7967.150,36.629
7968.151,36.629
7969.152,36.630
7970.153,36.630
7971.154,36.631
7972.155,36.631
7973.156,36.631
7974.157,36.632
7975.158,36.632
7976.159,36.632
7977.160,36.633
7978.161,36.633
7979.162,36.633
7980.163,36.634
7981.164,36.634
7982.165,36.635
7983.166,36.635
7984.167,36.635
7985.168,36.636
7986.169,36.636
7987.170,36.636
7988.171,36.637
7989.172,36.637
7990.173,36.637
7991.174,36.638
7992.175,36.638
7993.176,36.639
7994.177,36.639
7995.178,36.639
7996.179,36.640
7997.180,36.640
7998.181,36.640
7999.182,36.641
8000.183,36.641
8001.184,36.641
8002.185,36.642
8003.186,36.642
8004.187,36.643
8005.188,36.643
8006.188,36.643
8007.189,36.644
8008.190,36.644
8009.191,36.644
8010.192,36.645
8011.193,36.645
8012.194,36.645
8013.195,36.646
8014.196,36.646
8015.197,36.646
8016.198,36.647
8017.199,36.647
8018.200,36.648
8019.201,36.648
8020.202,36.648
8021.203,36.649
8022.204,36.649
8023.205,36.649
8024.206,36.650
8025.207,36.650
8026.208,36.650
8027.209,36.651
8028.210,36.651
8029.211,36.652
8030.212,36.652
8031.213,36.652
8032.214,36.653
8033.215,36.653
8034.216,36.653
8035.217,36.654
8036.218,36.654
8037.219,36.654
8038.220,36.655
8039.221,36.655
8040.222,36.655
8041.223,36.656
8042.224,36.656
8043.225,36.657
8044.226,36.657
8045.227,36.657
8046.228,36.658
8047.229,36.658
8048.229,36.658
8049.230,36.659
8050.231,36.659
8051.232,36.659
8052.233,36.660
8053.234,36.660
8054.235,36.661
8055.236,36.661
8056.237,36.661
8057.238,36.662
8058.239,36.662
8059.240,36.662
8060.241,36.663
8061.242,36.663
8062.243,36.663
8063.244,36.664
8064.245,36.664
8065.246,36.664
8066.247,36.665
8067.248,36.665
8068.249,36.666
8069.250,36.666
8070.251,36.666
8071.252,36.667
8072.253,36.667
8073.254,36.667
8074.255,36.668
8075.256,36.668
8076.257,36.668
8077.258,36.669
8078.259,36.669
8079.260,36.669
8080.261,36.670
8081.262,36.670
8082.263,36.671
8083.264,36.671
8084.265,36.671
8085.266,36.672
8086.267,36.672
8087.268,36.672
8088.269,36.673
8089.270,36.673
8090.271,36.673
8091.271,36.674
8092.272,36.674
8093.273,36.674
8094.274,36.675
8095.275,36.675
8096.276,36.676
8097.277,36.676
8098.278,36.676
8099.279,36.677
8100.280,36.677
8101.281,36.677
8102.282,36.678
8103.283,36.678
8104.284,36.678
8105.285,36.679
8106.286,36.679
8107.287,36.679
8108.288,36.680
8109.289,36.680
8110.290,36.680
8111.291,36.681
8112.292,36.681
8113.293,36.682
8114.294,36.682
8115.295,36.682
8116.296,36.683
8117.297,36.683
8118.298,36.683
8119.299,36.684
8120.300,36.684
8121.301,36.684
8122.302,36.685
8123.303,36.685
8124.304,36.685
8125.305,36.686
8126.306,36.686
8127.307,36.686
8128.308,36.687
8129.309,36.687
8130.310,36.688
8131.311,36.688
8132.312,36.688
8133.313,36.689
8134.313,36.689
8135.314,36.689
8136.315,36.690
8137.316,36.690
8138.317,36.690
8139.318,36.691
8140.319,36.691
8141.320,36.691
8142.321,36.692
8143.322,36.692
8144.323,36.692
8145.324,36.693
8146.325,36.693
8147.326,36.694
8148.327,36.694
8149.328,36.694
8150.329,36.695
8151.330,36.695
8152.331,36.695
8153.332,36.696
8154.333,36.696
8155.334,36.696
8156.335,36.697
8157.336,36.697
8158.337,36.697
8159.338,36.698
8160.339,36.698
8161.340,36.698
8162.341,36.699
8163.342,36.699
8164.343,36.699
8165.344,36.700
8166.345,36.700
8167.346,36.700
8168.347,36.701
8169.348,36.701
8170.349,36.702
8171.350,36.702
8172.351,36.702
8173.352,36.703
8174.353,36.703
8175.354,36.703
8176.354,36.704
8177.355,36.704
8178.356,36.704
8179.357,36.705
8180.358,36.705
8181.359,36.705
8182.360,36.706
8183.361,36.706
8184.362,36.706
8185.363,36.707
8186.364,36.707
8187.365,36.707
8188.366,36.708
8189.367,36.708
8190.368,36.708
8191.369,36.709
8193.338,36.710
8195.291,36.710
8197.244,36.711
8199.197,36.712
8201.150,36.712
8203.104,36.713
8205.057,36.714
8207.010,36.714
8208.963,36.715
8210.916,36.716
8212.869,36.716
8214.822,36.717
8216.775,36.718
8218.729,36.718
8220.682,36.719
8222.635,36.720
8224.588,36.720
8226.541,36.721
8228.494,36.722
8230.447,36.723
8232.400,36.723
8234.354,36.724
8236.307,36.725
8238.260,36.725
8240.213,36.726
8242.166,36.727
8244.119,36.727
8246.072,36.728
8248.025,36.729
8249.979,36.729
8251.932,36.730
8253.885,36.731
8255.838,36.731
8257.791,36.732
8259.744,36.733
8261.697,36.733
8263.650,36.734
8265.604,36.735
8267.557,36.735
8269.510,36.736
8271.463,36.737
8273.416,36.737
8275.369,36.738
8277.322,36.739
8279.275,36.739
8281.229,36.740
8283.182,36.741
8285.135,36.741
8287.088,36.742
8289.041,36.743
8290.994,36.743
8292.947,36.744
8294.900,36.745
8296.854,36.745
8298.807,36.746
8300.760,36.747
8302.713,36.747
8304.666,36.748
8306.619,36.749
8308.572,36.749
8310.525,36.750
8312.479,36.751
8314.432,36.751
8316.385,36.752
8318.338,36.753
8320.291,36.753
8322.244,36.754
8324.197,36.754
8326.150,36.755
8328.104,36.756
8330.057,36.756
8332.010,36.757
8333.963,36.758
8335.916,36.758
8337.869,36.759
8339.822,36.760
8341.775,36.760
8343.729,36.761
8345.682,36.762
8347.635,36.762
8349.588,36.763
8351.541,36.763
8353.494,36.764
8355.447,36.765
8357.400,36.765
8359.354,36.766
8361.307,36.767
8363.260,36.767
8365.213,36.768
8367.166,36.769
8369.119,36.769
8371.072,36.770
8373.025,36.771
8374.979,36.771
8376.932,36.772
8378.885,36.773
8380.838,36.773
8382.791,36.774
8384.744,36.774
8386.697,36.775
8388.650,36.776
8390.604,36.776
8392.557,36.777
8394.510,36.778
8396.463,36.778
8398.416,36.779
8400.369,36.779
8402.322,36.780
8404.275,36.781
8406.229,36.781
8408.182,36.782
8410.135,36.783
8412.088,36.783
8414.041,36.784
8415.994,36.784
8417.947,36.785
8419.900,36.786
8421.854,36.786
8423.807,36.787
8425.760,36.787
8427.713,36.788
8429.666,36.789
8431.619,36.789
8433.572,36.790
8435.525,36.791
8437.479,36.791
8439.432,36.792
8441.385,36.792
8443.338,36.793
8445.291,36.794
8447.244,36.794
8449.197,36.795
8451.150,36.795
8453.104,36.796
8455.057,36.797
8457.010,36.797
8458.963,36.798
8460.916,36.798
8462.869,36.799
8464.822,36.800
8466.775,36.800
8468.729,36.801
8470.682,36.801
8472.635,36.802
8474.588,36.803
8476.541,36.803
8478.494,36.804
8480.447,36.804
8482.400,36.805
8484.354,36.806
8486.307,36.806
8488.260,36.807
8490.213,36.807
8492.166,36.808
8494.119,36.809
8496.072,36.809
8498.025,36.810
8499.979,36.810
8501.932,36.811
8503.885,36.812
8505.838,36.812
8507.791,36.813
8509.744,36.813
8511.697,36.814
8513.650,36.814
8515.604,36.815
8517.557,36.816
8519.510,36.816
8521.463,36.817
8523.416,36.817
8525.369,36.818
8527.322,36.819
8529.275,36.819
8531.229,36.820
8533.182,36.820
8535.135,36.821
8537.088,36.821
8539.041,36.822
8540.994,36.823
8542.947,36.823
8544.900,36.824
8546.854,36.824
8548.807,36.825
8550.760,36.825
8552.713,36.826
8554.666,36.827
8556.619,36.827
8558.572,36.828
8560.525,36.828
8562.479,36.829
8564.432,36.829
8566.385,36.830
8568.338,36.831
8570.291,36.831
8572.244,36.832
8574.197,36.832
8576.150,36.833
8578.104,36.833
8580.057,36.834
8582.010,36.834
8583.963,36.835
8585.916,36.835
8587.869,36.836
8589.822,36.837
8591.775,36.837
8593.729,36.838
8595.682,36.838
8597.635,36.839
8599.588,36.839
8601.541,36.840
8603.494,36.840
8605.447,36.841
8607.400,36.841
8609.354,36.842
8611.307,36.842
8613.260,36.843
8615.213,36.843
8617.166,36.844
8619.119,36.845
8621.072,36.845
8623.025,36.846
8624.979,36.846
8626.932,36.847
8628.885,36.847
8630.838,36.848
8632.791,36.848
8634.744,36.849
8636.697,36.849
8638.650,36.850
8640.604,36.850
8642.557,36.851
8644.510,36.851
8646.463,36.852
8648.416,36.852
8650.369,36.853
8652.322,36.853
8654.275,36.854
8656.229,36.854
8658.182,36.855
8660.135,36.855
8662.088,36.856
8664.041,36.856
8665.994,36.857
8667.947,36.857
8669.900,36.858
8671.854,36.858
8673.807,36.859
8675.760,36.859
8677.713,36.860
8679.666,36.860
8681.619,36.861
8683.572,36.861
8685.525,36.862
8687.479,36.862
8689.432,36.863
8691.385,36.863
8693.338,36.864
8695.291,36.864
8697.244,36.865
8699.197,36.865
8701.150,36.866
8703.104,36.866
8705.057,36.867
8707.010,36.867
8708.963,36.868
8710.916,36.868
8712.869,36.869
8714.822,36.869
8716.775,36.870
8718.729,36.870
8720.682,36.871
8722.635,36.871
8724.588,36.872
8726.541,36.872
8728.494,36.873
8730.447,36.873
8732.400,36.874
8734.354,36.874
8736.307,36.875
8738.260,36.875
8740.213,36.876
8742.166,36.876
8744.119,36.877
8746.072,36.877
8748.025,36.878
8749.979,36.878
8751.932,36.879
8753.885,36.879
8755.838,36.880
8757.791,36.880
8759.744,36.881
8761.697,36.881
8763.650,36.881
8765.604,36.882
8767.557,36.882
8769.510,36.883
8771.463,36.883
8773.416,36.884
8775.369,36.884
8777.322,36.885
8779.275,36.885
8781.229,36.886
8783.182,36.886
8785.135,36.887
8787.088,36.887
8789.041,36.888
8790.994,36.888
8792.947,36.889
8794.900,36.889
8796.854,36.889
8798.807,36.890
8800.760,36.890
8802.713,36.891
8804.666,36.891
8806.619,36.892
8808.572,36.892
8810.525,36.893
8812.479,36.893
8814.432,36.894
8816.385,36.894
8818.338,36.895
8820.291,36.895
8822.244,36.895
8824.197,36.896
8826.150,36.896
8828.104,36.897
8830.057,36.897
8832.010,36.898
8833.963,36.898
8835.916,36.898
8837.869,36.899
8839.822,36.899
8841.775,36.900
8843.729,36.900
8845.682,36.901
8847.635,36.901
8849.588,36.902
8851.541,36.902
8853.494,36.902
8855.447,36.903
8857.400,36.903
8859.354,36.904
8861.307,36.904
8863.260,36.905
8865.213,36.905
8867.166,36.905
8869.119,36.906
8871.072,36.906
8873.025,36.907
8874.979,36.907
8876.932,36.908
8878.885,36.908
8880.838,36.908
8882.791,36.909
8884.744,36.909
8886.697,36.910
8888.650,36.910
8890.604,36.911
8892.557,36.911
8894.510,36.911
8896.463,36.912
8898.416,36.912
8900.369,36.913
8902.322,36.913
8904.275,36.914
8906.229,36.914
8908.182,36.914
8910.135,36.915
8912.088,36.915
8914.041,36.916
8915.994,36.916
8917.947,36.916
8919.900,36.917
8921.854,36.917
8923.807,36.918
8925.760,36.918
8927.713,36.918
8929.666,36.919
8931.619,36.919
8933.572,36.920
8935.525,36.920
8937.479,36.920
8939.432,36.921
8941.385,36.921
8943.338,36.922
8945.291,36.922
8947.244,36.922
8949.197,36.923
8951.150,36.923
8953.104,36.924
8955.057,36.924
8957.010,36.924
8958.963,36.925
8960.916,36.925
8962.869,36.926
8964.822,36.926
8966.775,36.926
8968.729,36.927
8970.682,36.927
8972.635,36.928
8974.588,36.928
8976.541,36.928
8978.494,36.929
8980.447,36.929
8982.400,36.930
8984.354,36.930
8986.307,36.930
8988.260,36.931
8990.213,36.931
8992.166,36.932
8994.119,36.932
8996.072,36.932
8998.025,36.933
8999.979,36.933
9001.932,36.933
9003.885,36.934
9005.838,36.934
9007.791,36.935
9009.744,36.935
9011.697,36.935
9013.650,36.936
9015.604,36.936
9017.557,36.936
9019.510,36.937
9021.463,36.937
9023.416,36.938
9025.369,36.938
9027.322,36.938
9029.275,36.939
9031.229,36.939
9033.182,36.940
9035.135,36.940
9037.088,36.940
9039.041,36.941
9040.994,36.941
9042.947,36.941
9044.900,36.942
9046.854,36.942
9048.807,36.943
9050.760,36.943
9052.713,36.943
9054.666,36.944
9056.619,36.944
9058.572,36.944
9060.525,36.945
9062.479,36.945
9064.432,36.946
9066.385,36.946
9068.338,36.946
9070.291,36.947
9072.244,36.947
9074.197,36.948
9076.150,36.948
9078.104,36.948
9080.057,36.949
9082.010,36.949
9083.963,36.949
9085.916,36.950
9087.869,36.950
9089.822,36.951
9091.775,36.951
9093.729,36.951
9095.682,36.952
9097.635,36.952
9099.588,36.952
9101.541,36.953
9103.494,36.953
9105.447,36.954
9107.400,36.954
9109.354,36.954
9111.307,36.955
9113.260,36.955
9115.213,36.956
9117.166,36.956
9119.119,36.956
9121.072,36.957
9123.025,36.957
9124.979,36.957
9126.932,36.958
9128.885,36.958
9130.838,36.959
9132.791,36.959
9134.744,36.959
9136.697,36.960
9138.650,36.960
9140.604,36.961
9142.557,36.961
9144.510,36.961
9146.463,36.962
9148.416,36.962
9150.369,36.962
9152.322,36.963
9154.275,36.963
9156.229,36.964
9158.182,36.964
9160.135,36.964
9162.088,36.965
9164.041,36.965
9165.994,36.965
9167.947,36.966
9169.900,36.966
9171.854,36.967
9173.807,36.967
9175.760,36.967
9177.713,36.968
9179.666,36.968
9181.619,36.969
9183.572,36.969
9185.525,36.969
9187.479,36.970
9189.432,36.970
9191.385,36.970
9193.338,36.971
9195.291,36.971
9197.244,36.972
9199.197,36.972
9201.150,36.972
9203.104,36.973
9205.057,36.973
9207.010,36.973
9208.963,36.974
9210.916,36.974
9212.869,36.975
9214.822,36.975
9216.775,36.975
9218.729,36.976
9220.682,36.976
9222.635,36.977
9224.588,36.977
9226.541,36.977
9228.494,36.978
9230.447,36.978
9232.400,36.978
9234.354,36.979
9236.307,36.979
9238.260,36.980
9240.213,36.980
9242.166,36.980
9244.119,36.981
9246.072,36.981
9248.025,36.981
9249.979,36.982
9251.932,36.982
9253.885,36.983
9255.838,36.983
9257.791,36.983
9259.744,36.984
9261.697,36.984
9263.650,36.985
9265.604,36.985
9267.557,36.985
9269.510,36.986
9271.463,36.986
9273.416,36.986
9275.369,36.987
9277.322,36.987
9279.275,36.988
9281.229,36.988
9283.182,36.988
9285.135,36.989
9287.088,36.989
9289.041,36.989
9290.994,36.990
9292.947,36.990
9294.900,36.991
9296.854,36.991
9298.807,36.991
9300.760,36.992
9302.713,36.992
9304.666,36.993
9306.619,36.993
9308.572,36.993
9310.525,36.994
9312.479,36.994
9314.432,36.994
9316.385,36.995
9318.338,36.995
9320.291,36.996
9322.244,36.996
9324.197,36.996
9326.150,36.997
9328.104,36.997
9330.057,36.997
9332.010,36.998
9333.963,36.998
9335.916,36.999
9337.869,36.999
9339.822,36.999
9341.775,37.000
9343.729,37.000
9345.682,37.001
9347.635,37.001
9349.588,37.001
9351.541,37.002
9353.494,37.002
9355.447,37.002
9357.400,37.003
9359.354,37.003
9361.307,37.004
9363.260,37.004
9365.213,37.004
9367.166,37.005
9369.119,37.005
9371.072,37.005
9373.025,37.006
9374.979,37.006
9376.932,37.007
9378.885,37.007
9380.838,37.007
9382.791,37.008
9384.744,37.008
9386.697,37.009
9388.650,37.009
9390.604,37.009
9392.557,37.010
9394.510,37.010
9396.463,37.010
9398.416,37.011
9400.369,37.011
9402.322,37.012
9404.275,37.012
9406.229,37.012
9408.182,37.013
9410.135,37.013
9412.088,37.013
9414.041,37.014
9415.994,37.014
9417.947,37.015
9419.900,37.015
9421.854,37.015
9423.807,37.016
9425.760,37.016
9427.713,37.016
9429.666,37.017
9431.619,37.017
9433.572,37.018
9435.525,37.018
9437.479,37.018
9439.432,37.019
9441.385,37.019
9443.338,37.020
9445.291,37.020
9447.244,37.020
9449.197,37.021
9451.150,37.021
9453.104,37.021
9455.057,37.022
9457.010,37.022
9458.963,37.023
9460.916,37.023
9462.869,37.023
9464.822,37.024
9466.775,37.024
9468.729,37.024
9470.682,37.025
9472.635,37.025
9474.588,37.026
9476.541,37.026
9478.494,37.026
9480.447,37.027
9482.400,37.027
9484.354,37.028
9486.307,37.028
9488.260,37.028
9490.213,37.029
9492.166,37.029
9494.119,37.029
9496.072,37.030
9498.025,37.030
9499.979,37.031
9501.932,37.031
9503.885,37.031
9505.838,37.032
9507.791,37.032
9509.744,37.032
9511.697,37.033
9513.650,37.033
9515.604,37.034
9517.557,37.034
9519.510,37.034
9521.463,37.035
9523.416,37.035
9525.369,37.035
9527.322,37.036
9529.275,37.036
9531.229,37.037
9533.182,37.037
9535.135,37.037
9537.088,37.038
9539.041,37.038
9540.994,37.039
9542.947,37.039
9544.900,37.039
9546.854,37.040
9548.807,37.040
9550.760,37.040
9552.713,37.041
9554.666,37.041
9556.619,37.042
9558.572,37.042
9560.525,37.042
9562.479,37.043
9564.432,37.043
9566.385,37.043
9568.338,37.044
9570.291,37.044
9572.244,37.045
9574.197,37.045
9576.150,37.045
9578.104,37.046
9580.057,37.046
9582.010,37.046
9583.963,37.047
9585.916,37.047
9587.869,37.048
9589.822,37.048
9591.775,37.048
9593.729,37.049
9595.682,37.049
9597.635,37.050
9599.588,37.050
9601.541,37.050
9603.494,37.051
9605.447,37.051
9607.400,37.051
9609.354,37.052
9611.307,37.052
9613.260,37.053
9615.213,37.053
9617.166,37.053
9619.119,37.054
9621.072,37.054
9623.025,37.054
9624.979,37.055
9626.932,37.055
9628.885,37.056
9630.838,37.056
9632.791,37.056
9634.744,37.057
9636.697,37.057
9638.650,37.058
9640.604,37.058
9642.557,37.058
9644.510,37.059
9646.463,37.059
9648.416,37.059
9650.369,37.060
9652.322,37.060
9654.275,37.061
9656.229,37.061
9658.182,37.061
9660.135,37.062
9662.088,37.062
9664.041,37.062
9665.994,37.063
9667.947,37.063
9669.900,37.064
9671.854,37.064
9673.807,37.064
9675.760,37.065
9677.713,37.065
9679.666,37.065
9681.619,37.066
9683.572,37.066
9685.525,37.067
9687.479,37.067
9689.432,37.067
9691.385,37.068
9693.338,37.068
9695.291,37.068
9697.244,37.069
9699.197,37.069
9701.150,37.070
9703.104,37.070
9705.057,37.070
9707.010,37.071
9708.963,37.071
9710.916,37.071
9712.869,37.072
9714.822,37.072
9716.775,37.073
9718.729,37.073
9720.682,37.073
9722.635,37.074
9724.588,37.074
9726.541,37.075
9728.494,37.075
9730.447,37.075
9732.400,37.076
9734.354,37.076
9736.307,37.076
9738.260,37.077
9740.213,37.077
9742.166,37.078
9744.119,37.078
9746.072,37.078
9748.025,37.079
9749.979,37.079
9751.932,37.079
9753.885,37.080
9755.838,37.080
9757.791,37.081
9759.744,37.081
9761.697,37.081
9763.650,37.082
9765.604,37.082
9767.557,37.082
9769.510,37.083
9771.463,37.083
9773.416,37.084
9775.369,37.084
9777.322,37.084
9779.275,37.085
9781.229,37.085
9783.182,37.085
9785.135,37.086
9787.088,37.086
9789.041,37.087
9790.994,37.087
9792.947,37.087
9794.900,37.088
9796.854,37.088
9798.807,37.088
9800.760,37.089
9802.713,37.089
9804.666,37.090
9806.619,37.090
9808.572,37.090
9810.525,37.091
9812.479,37.091
9814.432,37.091
9816.385,37.092
9818.338,37.092
9820.291,37.093
9822.244,37.093
9824.197,37.093
9826.150,37.094
9828.104,37.094
9830.057,37.094
9832.010,37.095
9833.963,37.095
9835.916,37.096
9837.869,37.096
9839.822,37.096
9841.775,37.097
9843.729,37.097
9845.682,37.097
9847.635,37.098
9849.588,37.098
9851.541,37.099
9853.494,37.099
9855.447,37.099
9857.400,37.100
9859.354,37.100
9861.307,37.100
9863.260,37.101
9865.213,37.101
9867.166,37.101
9869.119,37.102
9871.072,37.102
9873.025,37.103
9874.979,37.103
9876.932,37.103
9878.885,37.104
9880.838,37.104
9882.791,37.104
9884.744,37.105
9886.697,37.105
9888.650,37.106
9890.604,37.106
9892.557,37.106
9894.510,37.107
9896.463,37.107
9898.416,37.107
9900.369,37.108
9902.322,37.108
9904.275,37.109
9906.229,37.109
9908.182,37.109
9910.135,37.110
9912.088,37.110
9914.041,37.110
9915.994,37.111
9917.947,37.111
9919.900,37.112
9921.854,37.112
9923.807,37.112
9925.760,37.113
9927.713,37.113
9929.666,37.113
9931.619,37.114
9933.572,37.114
9935.525,37.114
9937.479,37.115
9939.432,37.115
9941.385,37.116
9943.338,37.116
9945.291,37.116
9947.244,37.117
9949.197,37.117
9951.150,37.117
9953.104,37.118
9955.057,37.118
9957.010,37.119
9958.963,37.119
9960.916,37.119
9962.869,37.120
9964.822,37.120
9966.775,37.120
9968.729,37.121
9970.682,37.121
9972.635,37.122
9974.588,37.122
9976.541,37.122
9978.494,37.123
9980.447,37.123
9982.400,37.123
9984.354,37.124
9986.307,37.124
9988.260,37.124
9990.213,37.125
9992.166,37.125
9994.119,37.126
9996.072,37.126
9998.025,37.126
9999.979,37.127
10001.930,37.127
10003.880,37.127
10005.840,37.128
10007.790,37.128
10009.740,37.129
10011.700,37.129
10013.650,37.129
10015.600,37.130
10017.560,37.130
10019.510,37.130
10021.460,37.131
10023.420,37.131
10025.370,37.131
10027.320,37.132
10029.280,37.132
10031.230,37.133
10033.180,37.133
10035.130,37.133
10037.090,37.134
10039.040,37.134
10040.990,37.134
10042.950,37.135
10044.900,37.135
10046.850,37.136
10048.810,37.136
10050.760,37.136
10052.710,37.137
10054.670,37.137
10056.620,37.137
10058.570,37.138
10060.530,37.138
10062.480,37.138
10064.430,37.139
10066.380,37.139
10068.340,37.140
10070.290,37.140
10072.240,37.140
10074.200,37.141
10076.150,37.141
10078.100,37.141
10080.060,37.142
10082.010,37.142
10083.960,37.142
10085.920,37.143
10087.870,37.143
10089.820,37.144
10091.780,37.144
10093.730,37.144
10095.680,37.145
10097.630,37.145
10099.590,37.145
10101.540,37.146
10103.490,37.146
10105.450,37.147
10107.400,37.147
10109.350,37.147
10111.310,37.148
10113.260,37.148
10115.210,37.148
10117.170,37.149
10119.120,37.149
10121.070,37.149
10123.030,37.150
10124.980,37.150
10126.930,37.151
10128.880,37.151
10130.840,37.151
10132.790,37.152
10134.740,37.152
10136.700,37.152
10138.650,37.153
10140.600,37.153
10142.560,37.154
10144.510,37.154
10146.460,37.154
10148.420,37.155
10150.370,37.155
10152.320,37.155
10154.280,37.156
10156.230,37.156
10158.180,37.156
10160.130,37.157
10162.090,37.157
10164.040,37.158
10165.990,37.158
10167.950,37.158
10169.900,37.159
10171.850,37.159
10173.810,37.159
10175.760,37.160
10177.710,37.160
10179.670,37.160
10181.620,37.161
10183.570,37.161
10185.530,37.162
10187.480,37.162
10189.430,37.162
10191.380,37.163
10193.340,37.163
10195.290,37.163
10197.240,37.164
10199.200,37.164
10201.150,37.164
10203.100,37.165
10205.060,37.165
10207.010,37.166
10208.960,37.166
10210.920,37.166
10212.870,37.167
10214.820,37.167
10216.780,37.167
10218.730,37.168
10220.680,37.168
10222.630,37.168
10224.590,37.169
10226.540,37.169
10228.490,37.170
10230.450,37.170
10232.400,37.170
10234.350,37.171
10236.310,37.171
10238.260,37.171
10240.210,37.172
10242.170,37.172
10244.120,37.172
10246.070,37.173
10248.030,37.173
10249.980,37.173
10251.930,37.174
10253.880,37.174
10255.840,37.175
10257.790,37.175
10259.740,37.175
10261.700,37.176
10263.650,37.176
10265.600,37.176
10267.560,37.177
10269.510,37.177
10271.460,37.177
10273.420,37.178
10275.370,37.178
10277.320,37.179
10279.280,37.179
10281.230,37.179
10283.180,37.180
10285.130,37.180
10287.090,37.180
10289.040,37.181
10290.990,37.181
10292.950,37.181
10294.900,37.182
10296.850,37.182
10298.810,37.183
10300.760,37.183
10302.710,37.183
10304.670,37.184
10306.620,37.184
10308.570,37.184
10310.530,37.185
10312.480,37.185
10314.430,37.185
10316.380,37.186
10318.340,37.186
10320.290,37.186
10322.240,37.187
10324.200,37.187
10326.150,37.188
10328.100,37.188
10330.060,37.188
10332.010,37.189
10333.960,37.189
10335.920,37.189
10337.870,37.190
10339.820,37.190
10341.780,37.190
10343.730,37.191
10345.680,37.191
10347.630,37.191
10349.590,37.192
10351.540,37.192
10353.490,37.193
10355.450,37.193
10357.400,37.193
10359.350,37.194
10361.310,37.194
10363.260,37.194
10365.210,37.195
10367.170,37.195
10369.120,37.195
10371.070,37.196
10373.030,37.196
10374.980,37.196
10376.930,37.197
10378.880,37.197
10380.840,37.198
10382.790,37.198
10384.740,37.198
10386.700,37.199
10388.650,37.199
10390.600,37.199
10392.560,37.200
10394.510,37.200
10396.460,37.200
10398.420,37.201
10400.370,37.201
10402.320,37.201
10404.280,37.202
10406.230,37.202
10408.180,37.203
10410.130,37.203
10412.090,37.203
10414.040,37.204
10415.990,37.204
10417.950,37.204
10419.900,37.205
10421.850,37.205
10423.810,37.205
10425.760,37.206
10427.710,37.206
10429.670,37.206
10431.620,37.207
10433.570,37.207
10435.530,37.208
10437.480,37.208
10439.430,37.208
10441.380,37.209
10443.340,37.209
10445.290,37.209
10447.240,37.210
10449.200,37.210
10451.150,37.210
10453.100,37.211
10455.060,37.211
10457.010,37.211
10458.960,37.212
10460.920,37.212
10462.870,37.212
10464.820,37.213
10466.780,37.213
10468.730,37.214
10470.680,37.214
10472.630,37.214
10474.590,37.215
10476.540,37.215
10478.490,37.215
10480.450,37.216
10482.400,37.216
10484.350,37.216
10486.310,37.217
10488.260,37.217
10490.210,37.217
10492.170,37.218
10494.120,37.218
10496.070,37.218
10498.030,37.219
10499.980,37.219
10501.930,37.219
10503.880,37.220
10505.840,37.220
10507.790,37.221
10509.740,37.221
10511.700,37.221
10513.650,37.222
10515.600,37.222
10517.560,37.222
10519.510,37.223
10521.460,37.223
10523.420,37.223
10525.370,37.224
10527.320,37.224
10529.280,37.224
10531.230,37.225
10533.180,37.225
10535.130,37.225
10537.090,37.226
10539.040,37.226
10540.990,37.226
10542.950,37.227
10544.900,37.227
10546.850,37.227
10548.810,37.228
10550.760,37.228
10552.710,37.229
10554.670,37.229
10556.620,37.229
10558.570,37.230
10560.530,37.230
10562.480,37.230
10564.430,37.231
10566.380,37.231
10568.340,37.231
10570.290,37.232
10572.240,37.232
10574.200,37.232
10576.150,37.233
10578.100,37.233
10580.060,37.233
10582.010,37.234
10583.960,37.234
10585.920,37.234
10587.870,37.235
10589.820,37.235
10591.780,37.235
10593.730,37.236
10595.680,37.236
10597.630,37.236
10599.590,37.237
10601.540,37.237
10603.490,37.237
10605.450,37.238
10607.400,37.238
10609.350,37.238
10611.310,37.239
10613.260,37.239
10615.210,37.239
10617.170,37.240
10619.120,37.240
10621.070,37.240
10623.030,37.241
10624.980,37.241
10626.930,37.241
10628.880,37.242
10630.840,37.242
10632.790,37.243
10634.740,37.243
10636.700,37.243
10638.650,37.244
10640.600,37.244
10642.560,37.244
10644.510,37.245
10646.460,37.245
10648.420,37.245
10650.370,37.246
10652.320,37.246
10654.280,37.246
10656.230,37.247
10658.180,37.247
10660.130,37.247
10662.090,37.248
10664.040,37.248
10665.990,37.248
10667.950,37.249
10669.900,37.249
10671.850,37.249
10673.810,37.250
10675.760,37.250
10677.710,37.250
10679.670,37.251
10681.620,37.251
10683.570,37.251
10685.530,37.252
10687.480,37.252
10689.430,37.252
10691.380,37.253
10693.340,37.253
10695.290,37.253
10697.240,37.254
10699.200,37.254
10701.150,37.254
10703.100,37.255
10705.060,37.255
10707.010,37.255
10708.960,37.256
10710.920,37.256
10712.870,37.256
10714.820,37.257
10716.780,37.257
10718.730,37.257
10720.680,37.258
10722.630,37.258
10724.590,37.258
10726.540,37.259
10728.490,37.259
10730.450,37.259
10732.400,37.260
10734.350,37.260
10736.310,37.260
10738.260,37.261
10740.210,37.261
10742.170,37.261
10744.120,37.262
10746.070,37.262
10748.030,37.262
10749.980,37.263
10751.930,37.263
10753.880,37.263
10755.840,37.264
10757.790,37.264
10759.740,37.264
10761.700,37.264
10763.650,37.265
10765.600,37.265
10767.560,37.265
10769.510,37.266
10771.460,37.266
10773.420,37.266
10775.370,37.267
10777.320,37.267
10779.280,37.267
10781.230,37.268
10783.180,37.268
10785.130,37.268
10787.090,37.269
10789.040,37.269
10790.990,37.269
10792.950,37.270
10794.900,37.270
10796.850,37.270
10798.810,37.271
10800.760,37.271
10802.710,37.271
10804.670,37.272
10806.620,37.272
10808.570,37.272
10810.530,37.273
10812.480,37.273
10814.430,37.273
10816.380,37.274
10818.340,37.274
10820.290,37.274
10822.240,37.275
10824.200,37.275
10826.150,37.275
10828.100,37.275
10830.060,37.276
10832.010,37.276
10833.960,37.276
10835.920,37.277
10837.870,37.277
10839.820,37.277
10841.780,37.278
10843.730,37.278
10845.680,37.278
10847.630,37.279
10849.590,37.279
10851.540,37.279
10853.490,37.280
10855.450,37.280
10857.400,37.280
10859.350,37.281
10861.310,37.281
10863.260,37.281
10865.210,37.282
10867.170,37.282
10869.120,37.282
10871.070,37.283
10873.030,37.283
10874.980,37.283
10876.930,37.284
10878.880,37.284
10880.840,37.284
10882.790,37.284
10884.740,37.285
10886.700,37.285
10888.650,37.285
10890.600,37.286
10892.560,37.286
10894.510,37.286
10896.460,37.287
10898.420,37.287
10900.370,37.287
10902.320,37.288
10904.280,37.288
10906.230,37.288
10908.180,37.289
10910.130,37.289
10912.090,37.289
10914.040,37.289
10915.990,37.290
10917.950,37.290
10919.900,37.290
10921.850,37.291
10923.810,37.291
10925.760,37.291
10927.710,37.292
10929.670,37.292
10931.620,37.292
10933.570,37.293
10935.530,37.293
10937.480,37.293
10939.430,37.293
10941.380,37.294
10943.340,37.294
10945.290,37.294
10947.240,37.295
10949.200,37.295
10951.150,37.295
10953.100,37.296
10955.060,37.296
10957.010,37.296
10958.960,37.297
10960.920,37.297
10962.870,37.297
10964.820,37.297
10966.780,37.298
10968.730,37.298
10970.680,37.298
10972.630,37.299
10974.590,37.299
10976.540,37.299
10978.490,37.300
10980.450,37.300
10982.400,37.300
10984.350,37.300
10986.310,37.301
10988.260,37.301
10990.210,37.301
10992.170,37.302
10994.120,37.302
10996.070,37.302
10998.030,37.303
10999.980,37.303
11001.930,37.303
11003.880,37.304
11005.840,37.304
11007.790,37.304
11009.740,37.304
11011.700,37.305
11013.650,37.305
11015.600,37.305
11017.560,37.306
11019.510,37.306
11021.460,37.306
11023.420,37.307
11025.370,37.307
11027.320,37.307
11029.280,37.307
11031.230,37.308
11033.180,37.308
11035.130,37.308
11037.090,37.309
11039.040,37.309
11040.990,37.309
11042.950,37.310
11044.900,37.310
11046.850,37.310
11048.810,37.310
11050.760,37.311
11052.710,37.311
11054.670,37.311
11056.620,37.312
11058.570,37.312
11060.530,37.312
11062.480,37.313
11064.430,37.313
11066.380,37.313
11068.340,37.313
11070.290,37.314
11072.240,37.314
11074.200,37.314
11076.150,37.315
11078.100,37.315
11080.060,37.315
11082.010,37.316
11083.960,37.316
11085.920,37.316
11087.870,37.316
11089.820,37.317
11091.780,37.317
11093.730,37.317
11095.680,37.318
11097.630,37.318
11099.590,37.318
11101.540,37.318
11103.490,37.319
11105.450,37.319
11107.400,37.319
11109.350,37.320
11111.310,37.320
11113.260,37.320
11115.210,37.321
11117.170,37.321
11119.120,37.321
11121.070,37.321
11123.030,37.322
11124.980,37.322
11126.930,37.322
11128.880,37.323
11130.840,37.323
11132.790,37.323
11134.740,37.323
11136.700,37.324
11138.650,37.324
11140.600,37.324
11142.560,37.325
11144.510,37.325
11146.460,37.325
11148.420,37.325
11150.370,37.326
11152.320,37.326
11154.280,37.326
11156.230,37.327
11158.180,37.327
11160.130,37.327
11162.090,37.327
11164.040,37.328
11165.990,37.328
11167.950,37.328
11169.900,37.329
11171.850,37.329
11173.810,37.329
11175.760,37.329
11177.710,37.330
11179.670,37.330
11181.620,37.330
11183.570,37.331
11185.530,37.331
11187.480,37.331
11189.430,37.331
11191.380,37.332
11193.340,37.332
11195.290,37.332
11197.240,37.333
11199.200,37.333
11201.150,37.333
11203.100,37.333
11205.060,37.334
11207.010,37.334
11208.960,37.334
11210.920,37.334
11212.870,37.335
11214.820,37.335
11216.780,37.335
11218.730,37.336
11220.680,37.336
11222.630,37.336
11224.590,37.336
11226.540,37.337
11228.490,37.337
11230.450,37.337
11232.400,37.337
11234.350,37.338
11236.310,37.338
11238.260,37.338
11240.210,37.339
11242.170,37.339
11244.120,37.339
11246.070,37.339
11248.030,37.340
11249.980,37.340
11251.930,37.340
11253.880,37.340
11255.840,37.341
11257.790,37.341
11259.740,37.341
11261.700,37.341
11263.650,37.342
11265.600,37.342
11267.560,37.342
11269.510,37.343
11271.460,37.343
11273.420,37.343
11275.370,37.343
11277.320,37.344
11279.280,37.344
11281.230,37.344
11283.180,37.344
11285.130,37.345
11287.090,37.345
11289.040,37.345
11290.990,37.346
11292.950,37.346
11294.900,37.346
11296.850,37.346
11298.810,37.347
11300.760,37.347
11302.710,37.347
11304.670,37.347
11306.620,37.348
11308.570,37.348
11310.530,37.348
11312.480,37.348
11314.430,37.349
11316.380,37.349
11318.340,37.349
11320.290,37.350
11322.240,37.350
11324.200,37.350
11326.150,37.350
11328.100,37.351
11330.060,37.351
11332.010,37.351
11333.960,37.351
11335.920,37.352
11337.870,37.352
11339.820,37.352
11341.780,37.352
11343.730,37.353
11345.680,37.353
11347.630,37.353
11349.590,37.353
11351.540,37.354
11353.490,37.354
11355.450,37.354
11357.400,37.354
11359.350,37.355
11361.310,37.355
11363.260,37.355
11365.210,37.355
11367.170,37.356
11369.120,37.356
11371.070,37.356
11373.030,37.356
11374.980,37.357
11376.930,37.357
11378.880,37.357
11380.840,37.357
11382.790,37.358
11384.740,37.358
11386.700,37.358
11388.650,37.358
11390.600,37.359
11392.560,37.359
11394.510,37.359
11396.460,37.360
11398.420,37.360
11400.370,37.360
11402.320,37.360
11404.280,37.361
11406.230,37.361
11408.180,37.361
11410.130,37.361
11412.090,37.362
11414.040,37.362
11415.990,37.362
11417.950,37.362
11419.900,37.363
11421.850,37.363
11423.810,37.363
11425.760,37.363
11427.710,37.364
11429.670,37.364
11431.620,37.364
11433.570,37.364
11435.530,37.365
11437.480,37.365
11439.430,37.365
11441.380,37.365
11443.340,37.366
11445.290,37.366
11447.240,37.366
11449.200,37.366
11451.150,37.367
11453.100,37.367
11455.060,37.367
11457.010,37.367
11458.960,37.368
11460.920,37.368
11462.870,37.368
11464.820,37.368
11466.780,37.369
11468.730,37.369
11470.680,37.369
11472.630,37.369
11474.590,37.369
11476.540,37.370
11478.490,37.370
11480.450,37.370
11482.400,37.370
11484.350,37.371
11486.310,37.371
11488.260,37.371
11490.210,37.371
11492.170,37.372
11494.120,37.372
11496.070,37.372
11498.030,37.372
11499.980,37.373
11501.930,37.373
11503.880,37.373
11505.840,37.373
11507.790,37.374
11509.740,37.374
11511.700,37.374
11513.650,37.374
11515.600,37.374
11517.560,37.375
11519.510,37.375
11521.460,37.375
11523.420,37.375
11525.370,37.376
11527.320,37.376
11529.280,37.376
11531.230,37.376
11533.180,37.377
11535.130,37.377
11537.090,37.377
11539.040,37.377
11540.990,37.378
11542.950,37.378
11544.900,37.378
11546.850,37.378
11548.810,37.378
11550.760,37.379
11552.710,37.379
11554.670,37.379
11556.620,37.379
11558.570,37.380
11560.530,37.380
11562.480,37.380
11564.430,37.380
11566.380,37.381
11568.340,37.381
11570.290,37.381
11572.240,37.381
11574.200,37.381
11576.150,37.382
11578.100,37.382
11580.060,37.382
11582.010,37.382
11583.960,37.383
11585.920,37.383
11587.870,37.383
11589.820,37.383
11591.780,37.383
11593.730,37.384
11595.680,37.384
11597.630,37.384
11599.590,37.384
11601.540,37.385
11603.490,37.385
11605.450,37.385
11607.400,37.385
11609.350,37.385
11611.310,37.386
11613.260,37.386
11615.210,37.386
11617.170,37.386
11619.120,37.387
11621.070,37.387
11623.030,37.387
11624.980,37.387
11626.930,37.387
11628.880,37.388
11630.840,37.388
11632.790,37.388
11634.740,37.388
11636.700,37.389
11638.650,37.389
11640.600,37.389
11642.560,37.389
11644.510,37.389
11646.460,37.390
11648.420,37.390
11650.370,37.390
11652.320,37.390
11654.280,37.390
11656.230,37.391
11658.180,37.391
11660.130,37.391
11662.090,37.391
11664.040,37.391
11665.990,37.392
11667.950,37.392
11669.900,37.392
11671.850,37.392
11673.810,37.393
11675.760,37.393
11677.710,37.393
11679.670,37.393
11681.620,37.393
11683.570,37.394
11685.530,37.394
11687.480,37.394
11689.430,37.394
11691.380,37.394
11693.340,37.394
11695.290,37.395
11697.240,37.395
11699.200,37.395
11701.150,37.395
11703.100,37.395
11705.060,37.396
11707.010,37.396
11708.960,37.396
11710.920,37.396
11712.870,37.396
11714.820,37.397
11716.780,37.397
11718.730,37.397
11720.680,37.397
11722.630,37.397
11724.590,37.398
11726.540,37.398
11728.490,37.398
11730.450,37.398
11732.400,37.398
11734.350,37.398
11736.310,37.399
11738.260,37.399
11740.210,37.399
11742.170,37.399
11744.120,37.399
11746.070,37.399
11748.030,37.400
11749.980,37.400
11751.930,37.400
11753.880,37.400
11755.840,37.400
11757.790,37.400
11759.740,37.401
11761.700,37.401
11763.650,37.401
11765.600,37.401
11767.560,37.401
11769.510,37.401
11771.460,37.402
11773.420,37.402
11775.370,37.402
11777.320,37.402
11779.280,37.402
11781.230,37.402
11783.180,37.403
11785.130,37.403
11787.090,37.403
11789.040,37.403
11790.990,37.403
11792.950,37.403
11794.900,37.404
11796.850,37.404
11798.810,37.404
11800.760,37.404
11802.710,37.404
11804.670,37.404
11806.620,37.405
11808.570,37.405
11810.530,37.405
11812.480,37.405
11814.430,37.405
11816.380,37.405
11818.340,37.405
11820.290,37.406
11822.240,37.406
11824.200,37.406
11826.150,37.406
11828.100,37.406
11830.060,37.406
11832.010,37.406
11833.960,37.407
11835.920,37.407
11837.870,37.407
11839.820,37.407
11841.780,37.407
11843.730,37.407
11845.680,37.407
11847.630,37.408
11849.590,37.408
11851.540,37.408
11853.490,37.408
11855.450,37.408
11857.400,37.408
11859.350,37.408
11861.310,37.408
11863.260,37.408
11865.210,37.409
11867.170,37.409
11869.120,37.409
11871.070,37.409
11873.030,37.409
11874.980,37.409
11876.930,37.409
11878.880,37.409
11880.840,37.409
11882.790,37.409
11884.740,37.410
11886.700,37.410
11888.650,37.410
11890.600,37.410
11892.560,37.410
11894.510,37.410
11896.460,37.410
11898.420,37.410
11900.370,37.410
11902.320,37.410
11904.280,37.411
11906.230,37.411
11908.180,37.411
11910.130,37.411
11912.090,37.411
11914.040,37.411
11915.990,37.411
11917.950,37.411
11919.900,37.411
11921.850,37.411
11923.810,37.411
11925.760,37.411
11927.710,37.412
11929.670,37.412
11931.620,37.412
11933.570,37.412
11935.530,37.412
11937.480,37.412
11939.430,37.412
11941.380,37.412
11943.340,37.412
11945.290,37.412
11947.240,37.412
11949.200,37.412
11951.150,37.412
11953.100,37.412
11955.060,37.412
11957.010,37.412
11958.960,37.412
11960.920,37.412
11962.870,37.412
11964.820,37.412
11966.780,37.412
11968.730,37.412
11970.680,37.412
11972.630,37.412
11974.590,37.412
11976.540,37.412
11978.490,37.412
11980.450,37.412
11982.400,37.412
11984.350,37.412
11986.310,37.412
11988.260,37.412
11990.210,37.412
11992.170,37.412
11994.120,37.412
11996.070,37.412
11998.030,37.412
11999.980,37.412
12001.930,37.412
12003.880,37.412
12005.840,37.412
12007.790,37.412
12009.740,37.412
12011.700,37.412
12013.650,37.412
12015.600,37.412
12017.560,37.412
12019.510,37.412
12021.460,37.412
12023.420,37.412
12025.370,37.412
12027.320,37.412
12029.280,37.412
12031.230,37.412
12033.180,37.412
12035.130,37.412
12037.090,37.412
12039.040,37.412
12040.990,37.412
12042.950,37.412
12044.900,37.412
12046.850,37.412
12048.810,37.412
12050.760,37.412
12052.710,37.412
12054.670,37.412
12056.620,37.412
12058.570,37.412
12060.530,37.412
12062.480,37.412
12064.430,37.412
12066.380,37.412
12068.340,37.412
12070.290,37.412
12072.240,37.412
12074.200,37.412
12076.150,37.412
12078.100,37.412
12080.060,37.412
12082.010,37.412
12083.960,37.412
12085.920,37.412
12087.870,37.412
12089.820,37.412
12091.780,37.412
12093.730,37.412
12095.680,37.412
12097.630,37.412
12099.590,37.412
12101.540,37.412
12103.490,37.412
12105.450,37.412
12107.400,37.412
12109.350,37.412
12111.310,37.412
12113.260,37.412
12115.210,37.412
12117.170,37.412
12119.120,37.412
12121.070,37.412
12123.030,37.412
12124.980,37.412
12126.930,37.412
12128.880,37.412
12130.840,37.412
12132.790,37.412
12134.740,37.412
12136.700,37.412
12138.650,37.412
12140.600,37.412
12142.560,37.412
12144.510,37.412
12146.460,37.412
12148.420,37.412
12150.370,37.412
12152.320,37.412
12154.280,37.412
12156.230,37.412
12158.180,37.412
12160.130,37.412
12162.090,37.412
12164.040,37.412
12165.990,37.412
12167.950,37.412
12169.900,37.412
12171.850,37.412
12173.810,37.412
12175.760,37.412
12177.710,37.412
12179.670,37.412
12181.620,37.412
12183.570,37.412
12185.530,37.412
12187.480,37.412
12189.430,37.412
12191.380,37.412
12193.340,37.412
12195.290,37.412
12197.240,37.412
12199.200,37.412
12201.150,37.412
12203.100,37.412
12205.060,37.412
12207.010,37.412
12208.960,37.412
12210.920,37.412
12212.870,37.412
12214.820,37.412
12216.780,37.412
12218.730,37.412
12220.680,37.412
12222.630,37.412
12224.590,37.412
12226.540,37.412
12228.490,37.412
12230.450,37.412
12232.400,37.412
12234.350,37.412
12236.310,37.412
12238.260,37.412
12240.210,37.412
12242.170,37.412
12244.120,37.412
12246.070,37.412
12248.030,37.412
12249.980,37.412
12251.930,37.412
12253.880,37.412
12255.840,37.412
12257.790,37.412
12259.740,37.412
12261.700,37.412
12263.650,37.412
12265.600,37.412
12267.560,37.412
12269.510,37.412
12271.460,37.412
12273.420,37.412
12275.370,37.412
12277.320,37.412
12279.280,37.412
12281.230,37.412
12283.180,37.412
12285.130,37.412
12287.090,37.412
12289.040,37.412
12290.990,37.412
12292.950,37.412
12294.900,37.412
12296.850,37.412
12298.810,37.412
12300.760,37.412
12302.710,37.412
12304.670,37.412
12306.620,37.412
12308.570,37.412
12310.530,37.412
12312.480,37.412
12314.430,37.412
12316.380,37.412
12318.340,37.412
12320.290,37.412
12322.240,37.412
12324.200,37.412
12326.150,37.412
12328.100,37.412
12330.060,37.412
12332.010,37.412
12333.960,37.412
12335.920,37.412
12337.870,37.412
12339.820,37.412
12341.780,37.412
12343.730,37.412
12345.680,37.412
12347.630,37.412
12349.590,37.412
12351.540,37.412
12353.490,37.412
12355.450,37.412
12357.400,37.412
12359.350,37.412
12361.310,37.412
12363.260,37.412
12365.210,37.412
12367.170,37.412
12369.120,37.412
12371.070,37.412
12373.030,37.412
12374.980,37.412
12376.930,37.412
12378.880,37.412
12380.840,37.412
12382.790,37.412
12384.740,37.412
12386.700,37.412
12388.650,37.412
12390.600,37.412
12392.560,37.412
12394.510,37.412
12396.460,37.412
12398.420,37.412
12400.370,37.412
12402.320,37.412
12404.280,37.412
12406.230,37.412
12408.180,37.412
12410.130,37.412
12412.090,37.412
12414.040,37.412
12415.990,37.412
12417.950,37.412
12419.900,37.412
12421.850,37.412
12423.810,37.412
12425.760,37.412
12427.710,37.412
12429.670,37.412
12431.620,37.412
12433.570,37.412
12435.530,37.412
12437.480,37.412
12439.430,37.412
12441.380,37.412
12443.340,37.412
12445.290,37.412
12447.240,37.412
12449.200,37.412
12451.150,37.412
12453.100,37.412
12455.060,37.412
12457.010,37.412
12458.960,37.412
12460.920,37.412
12462.870,37.412
12464.820,37.412
12466.780,37.412
12468.730,37.412
12470.680,37.412
12472.630,37.412
12474.590,37.412
12476.540,37.412
12478.490,37.412
12480.450,37.412
12482.400,37.412
12484.350,37.412
12486.310,37.412
12488.260,37.412
12490.210,37.412
12492.170,37.412
12494.120,37.412
12496.070,37.412
12498.030,37.412
12499.980,37.412
12501.930,37.412
12503.880,37.412
12505.840,37.412
12507.790,37.412
12509.740,37.412
12511.700,37.412
12513.650,37.412
12515.600,37.412
12517.560,37.412
12519.510,37.412
12521.460,37.412
12523.420,37.412
12525.370,37.412
12527.320,37.412
12529.280,37.412
12531.230,37.412
12533.180,37.412
