time_s,temperature_C
2.000,1000.000
4.000,1000.000
6.000,1000.000
8.000,1000.000
9.000,1000.000
10.000,1000.000
11.000,1000.000
12.000,1000.000
13.000,1000.000
14.000,1000.000
15.000,1000.000
16.000,1000.000
17.000,1000.000
18.000,1000.000
19.000,1000.000
20.000,1000.000
21.000,1000.000
22.000,1000.000
23.000,1000.000
24.000,1000.000
25.000,1000.000
26.000,1000.000
27.000,1000.000
28.000,1000.000
29.000,1000.000
30.001,1000.000
31.001,1000.000
32.001,1000.000
33.001,1000.000
34.001,1000.000
35.001,1000.000
36.001,1000.000
37.001,1000.000
38.001,1000.000
39.001,1000.000
40.001,1000.000
41.001,1000.000
42.001,1000.000
43.001,1000.000
44.001,1000.000
45.001,1000.000
46.001,1000.000
47.001,1000.000
48.001,1000.000
49.001,1000.000
50.001,1000.000
51.001,1000.000
52.001,1000.000
53.001,1000.000
54.001,1000.000
55.001,1000.000
56.001,1000.000
57.001,1000.000
58.001,1000.000
59.001,1000.000
60.001,1000.000
61.001,1000.000
62.001,1000.000
63.001,1000.000
64.001,1000.000
66.001,1000.000
68.001,1000.000
70.000,1000.000
72.000,1000.000
74.000,1000.000
75.999,1000.000
77.999,1000.000
79.999,1000.000
81.998,1000.000
83.998,1000.000
85.998,1000.000
87.997,1000.000
89.997,1000.000
91.997,1000.000
93.996,1000.000
95.996,1000.000
97.996,1000.000
99.995,1000.000
101.995,1000.000
103.995,1000.000
105.994,1000.000
107.994,1000.000
109.994,1000.000
111.993,1000.000
113.993,1000.000
115.993,1000.000
117.992,1000.000
119.992,1000.000
121.992,1000.000
123.991,1000.000
125.991,1000.000
127.991,1000.000
128.991,1000.000
129.991,1000.000
130.991,1000.000
131.991,1000.000
132.992,1000.000
133.992,1000.000
134.992,1000.000
135.992,1000.000
136.992,1000.000
137.993,1000.000
138.993,1000.000
139.993,1000.000
140.993,1000.000
141.994,1000.000
142.994,1000.000
143.994,1000.000
144.994,1000.000
145.994,1000.000
146.995,1000.000
147.995,1000.000
148.995,1000.000
149.995,1000.000
150.995,1000.000
151.996,1000.000
152.996,1000.000
153.996,1000.000
154.996,1000.000
155.997,1000.000
156.997,1000.000
157.997,1000.000
158.997,1000.000
159.997,1000.000
160.998,1000.000
161.998,1000.000
162.998,1000.000
163.998,1000.000
164.998,1000.000
165.999,1000.000
166.999,1000.000
167.999,1000.000
168.999,1000.000
170.000,1000.000
171.000,1000.000
172.000,1000.000
173.000,1000.000
174.000,1000.000
175.001,1000.000
176.001,1000.000
177.001,1000.000
178.001,1000.000
179.001,1000.000
180.002,1000.000
181.002,1000.000
182.002,1000.000
183.002,1000.000
184.003,1000.000
185.003,1000.000
186.003,1000.000
187.003,1000.000
188.003,1000.000
189.004,1000.000
190.004,1000.000
191.004,1000.000
192.004,1000.000
193.004,1000.000
194.005,1000.000
195.005,1000.000
196.005,1000.000
197.005,1000.000
198.006,1000.000
199.006,1000.000
200.006,1000.000
201.006,1000.000
202.006,1000.000
203.007,1000.000
204.007,1000.000
205.007,1000.000
206.007,1000.000
207.007,1000.000
208.008,1000.000
209.008,1000.000
210.008,1000.000
211.008,1000.000
212.009,1000.000
213.009,1000.000
214.009,1000.000
215.009,1000.000
216.009,1000.000
217.010,1000.000
218.010,1000.000
219.010,1000.000
220.010,1000.000
221.010,1000.000
222.011,1000.000
223.011,1000.000
224.011,1000.000
225.011,1000.000
226.012,1000.000
227.012,1000.000
228.012,1000.000
229.012,1000.000
230.012,1000.000
231.013,1000.000
232.013,1000.000
233.013,1000.000
234.013,1000.000
235.013,1000.000
236.014,1000.000
237.014,1000.000
238.014,1000.000
239.014,1000.000
240.015,1000.000
241.015,1000.000
242.015,1000.000
243.015,1000.000
244.015,1000.000
245.016,1000.000
246.016,1000.000
247.016,1000.000
248.016,1000.000
249.016,1000.000
250.017,1000.000
251.017,1000.000
252.017,1000.000
253.017,1000.000
254.017,1000.000
255.018,1000.000
256.018,1000.000
258.017,1000.000
260.016,1000.000
262.015,1000.000
264.014,1000.000
266.012,1000.000
268.011,1000.000
270.010,1000.000
272.009,1000.000
274.008,1000.000
276.007,1000.000
278.006,1000.000
280.005,1000.000
282.004,1000.000
284.003,1000.000
286.001,1000.000
288.000,1000.000
289.999,1000.000
291.998,1000.000
293.997,1000.000
295.996,1000.000
297.995,1000.000
299.994,1000.000
301.993,1000.000
303.992,1000.000
305.990,1000.000
307.989,1000.000
309.988,1000.000
311.987,1000.000
313.986,1000.000
315.985,1000.000
317.984,1000.000
319.983,1000.000
321.982,1000.000
323.981,1000.000
325.979,1000.000
327.978,1000.000
329.977,1000.000
331.976,1000.000
333.975,1000.000
335.974,1000.000
337.973,1000.000
339.972,1000.000
341.971,1000.000
343.970,1000.000
345.968,1000.000
347.967,1000.000
349.966,1000.000
351.965,1000.000
353.964,1000.000
355.963,1000.000
357.962,1000.000
359.961,1000.000
361.960,1000.000
363.959,1000.000
365.957,1000.000
367.956,1000.000
369.955,1000.000
371.954,1000.000
373.953,1000.000
375.952,1000.000
377.951,1000.000
379.950,1000.000
381.949,1000.000
383.948,1000.000
385.946,1000.000
387.945,1000.000
389.944,1000.000
391.943,1000.000
393.942,1000.000
395.941,1000.000
397.940,1000.000
399.939,1000.000
401.938,1000.000
403.937,1000.000
405.936,1000.000
407.934,1000.000
409.933,1000.000
411.932,1000.000
413.931,1000.000
415.930,1000.000
417.929,1000.000
419.928,1000.000
421.927,1000.000
423.926,1000.000
425.925,1000.000
427.923,1000.000
429.922,1000.000
431.921,1000.000
433.920,1000.000
435.919,1000.000
437.918,1000.000
439.917,1000.000
441.916,1000.000
443.915,1000.000
445.914,1000.000
447.912,1000.000
449.911,1000.000
451.910,1000.000
453.909,1000.000
455.908,1000.000
457.907,1000.000
459.906,1000.000
461.905,1000.000
463.904,1000.000
465.903,1000.000
467.901,1000.000
469.900,1000.000
471.899,1000.000
473.898,1000.000
475.897,1000.000
477.896,1000.000
479.895,1000.000
481.894,1000.000
483.893,1000.000
485.892,1000.000
487.890,1000.000
489.889,1000.000
491.888,1000.000
493.887,1000.000
495.886,1000.000
497.885,1000.000
499.884,1000.000
501.883,1000.000
503.882,1000.000
505.881,1000.000
507.879,1000.000
509.878,1000.000
511.877,1000.000
512.878,1000.000
513.879,1000.000
514.880,1000.000
515.881,1000.000
516.882,1000.000
517.883,1000.000
518.884,1000.000
519.885,1000.000
520.886,1000.000
521.887,1000.000
522.888,1000.000
523.889,1000.000
524.890,1000.000
525.891,1000.000
526.892,1000.000
527.893,1000.000
528.894,1000.000
529.895,1000.000
530.896,1000.000
531.897,1000.000
532.898,1000.000
533.899,1000.000
534.900,1000.000
535.901,1000.000
536.901,1000.000
537.902,1000.000
538.903,1000.000
539.904,1000.000
540.905,1000.000
541.906,1000.000
542.907,1000.000
543.908,1000.000
544.909,1000.000
545.910,1000.000
546.911,1000.000
547.912,1000.000
548.913,1000.000
549.914,1000.000
550.915,1000.000
551.916,1000.000
552.917,1000.000
553.918,1000.000
554.919,1000.000
555.920,1000.000
556.921,1000.000
557.922,1000.000
558.923,1000.000
559.924,1000.000
560.925,1000.000
561.926,1000.000
562.927,1000.000
563.928,1000.000
564.929,1000.000
565.930,1000.000
566.931,1000.000
567.932,1000.000
568.933,1000.000
569.934,1000.000
570.935,1000.000
571.936,1000.000
572.937,1000.000
573.938,1000.000
574.939,1000.000
575.940,1000.000
576.941,1000.000
577.942,1000.000
578.942,1000.000
579.943,1000.000
580.944,1000.000
581.945,1000.000
582.946,1000.000
583.947,1000.000
584.948,1000.000
585.949,1000.000
586.950,1000.000
587.951,1000.000
588.952,1000.000
589.953,1000.000
590.954,1000.000
591.955,1000.000
592.956,1000.000
593.957,1000.000
594.958,1000.000
595.959,1000.000
596.960,1000.000
597.961,1000.000
598.962,1000.000
599.963,1000.000
600.964,1000.000
601.965,1000.000
602.966,1000.000
603.967,1000.000
604.968,1000.000
605.969,1000.000
606.970,1000.000
607.971,1000.000
608.972,1000.000
609.973,1000.000
610.974,1000.000
611.975,1000.000
612.976,1000.000
613.977,1000.000
614.978,1000.000
615.979,1000.000
616.980,1000.000
617.981,1000.000
618.982,1000.000
619.983,1000.000
620.984,1000.000
621.984,1000.000
622.985,1000.000
623.986,1000.000
624.987,1000.000
625.988,1000.000
626.989,1000.000
627.990,1000.000
628.991,1000.000
629.992,1000.000
630.993,1000.000
631.994,1000.000
632.995,1000.000
633.996,1000.000
634.997,1000.000
635.998,1000.000
636.999,1000.000
638.000,1000.000
639.001,1000.000
640.002,1000.000
641.003,1000.000
642.004,1000.000
643.005,1000.000
644.006,1000.000
645.007,1000.000
646.008,1000.000
647.009,1000.000
648.010,1000.000
649.011,1000.000
650.012,1000.000
651.013,1000.000
652.014,1000.000
653.015,1000.000
654.016,1000.000
655.017,1000.000
656.018,1000.000
657.019,1000.000
658.020,1000.000
659.021,1000.000
660.022,1000.000
661.023,1000.000
662.024,1000.000
663.025,1000.000
664.026,1000.000
665.026,1000.000
666.027,1000.000
667.028,1000.000
668.029,1000.000
669.030,1000.000
670.031,1000.000
671.032,1000.000
672.033,1000.000
673.034,1000.000
674.035,1000.000
675.036,1000.000
676.037,1000.000
677.038,1000.000
678.039,1000.000
679.040,1000.000
680.041,1000.000
681.042,1000.000
682.043,1000.000
683.044,1000.000
684.045,1000.000
685.046,1000.000
686.047,1000.000
687.048,1000.000
688.049,1000.000
689.050,1000.000
690.051,1000.000
691.052,1000.000
692.053,1000.000
693.054,1000.000
694.055,1000.000
695.056,1000.000
696.057,1000.000
697.058,1000.000
698.059,1000.000
699.060,1000.000
700.061,1000.000
701.062,1000.000
702.063,1000.000
703.064,1000.000
704.065,1000.000
705.066,1000.000
706.067,1000.000
707.067,1000.000
708.068,1000.000
709.069,1000.000
710.070,1000.000
711.071,1000.000
712.072,1000.000
713.073,1000.000
714.074,1000.000
715.075,1000.000
716.076,1000.000
717.077,1000.000
718.078,1000.000
719.079,1000.000
720.080,1000.000
721.081,1000.000
722.082,1000.000
723.083,1000.000
724.084,1000.000
725.085,1000.000
726.086,1000.000
727.087,1000.000
728.088,1000.000
729.089,1000.000
730.090,1000.000
731.091,1000.000
732.092,1000.000
733.093,1000.000
734.094,1000.000
735.095,1000.000
736.096,1000.000
737.097,1000.000
738.098,1000.000
739.099,1000.000
740.100,1000.000
741.101,1000.000
742.102,1000.000
743.103,1000.000
744.104,1000.000
745.105,1000.000
746.106,1000.000
747.107,1000.000
748.108,1000.000
749.109,1000.000
750.109,1000.000
751.110,1000.000
752.111,1000.000
753.112,1000.000
754.113,1000.000
755.114,1000.000
756.115,1000.000
757.116,1000.000
758.117,1000.000
759.118,1000.000
760.119,1000.000
761.120,1000.000
762.121,1000.000
763.122,1000.000
764.123,1000.000
765.124,1000.000
766.125,1000.000
767.126,1000.000
768.127,1000.000
769.128,1000.000
770.129,1000.000
771.130,1000.000
772.131,1000.000
773.132,1000.000
774.133,1000.000
775.134,1000.000
776.135,1000.000
777.136,1000.000
778.137,1000.000
779.138,1000.000
780.139,1000.000
781.140,1000.000
782.141,1000.000
783.142,1000.000
784.143,1000.000
785.144,1000.000
786.145,1000.000
787.146,1000.000
788.147,1000.000
789.148,1000.000
790.149,1000.000
791.150,1000.000
792.151,1000.000
793.151,1000.000
794.152,1000.000
795.153,1000.000
796.154,1000.000
797.155,1000.000
798.156,1000.000
799.157,1000.000
800.158,1000.000
801.159,1000.000
802.160,1000.000
803.161,1000.000
804.162,1000.000
805.163,1000.000
806.164,1000.000
807.165,1000.000
808.166,1000.000
809.167,1000.000
810.168,1000.000
811.169,1000.000
812.170,1000.000
813.171,1000.000
814.172,1000.000
815.173,1000.000
816.174,1000.000
817.175,1000.000
818.176,1000.000
819.177,1000.000
820.178,1000.000
821.179,1000.000
822.180,1000.000
823.181,1000.000
824.182,1000.000
825.183,1000.000
826.184,1000.000
827.185,1000.000
828.186,1000.000
829.187,1000.000
830.188,1000.000
831.189,1000.000
832.190,1000.000
833.191,1000.000
834.192,1000.000
835.192,1000.000
836.193,1000.000
837.194,1000.000
838.195,1000.000
839.196,1000.000
840.197,1000.000
841.198,1000.000
842.199,1000.000
843.200,1000.000
844.201,1000.000
845.202,1000.000
846.203,1000.000
847.204,1000.000
848.205,1000.000
849.206,1000.000
850.207,1000.000
851.208,1000.000
852.209,1000.000
853.210,1000.000
854.211,1000.000
855.212,1000.000
856.213,1000.000
857.214,1000.000
858.215,1000.000
859.216,1000.000
860.217,1000.000
861.218,1000.000
862.219,1000.000
863.220,1000.000
864.221,1000.000
865.222,1000.000
866.223,1000.000
867.224,1000.000
868.225,1000.000
869.226,1000.000
870.227,1000.000
871.228,1000.000
872.229,1000.000
873.230,1000.000
874.231,1000.000
875.232,1000.000
876.233,1000.000
877.234,1000.000
878.234,1000.000
879.235,1000.000
880.236,1000.000
881.237,1000.000
882.238,1000.000
883.239,1000.000
884.240,1000.000
885.241,1000.000
886.242,1000.000
887.243,1000.000
888.244,1000.000
889.245,1000.000
890.246,1000.000
891.247,1000.000
892.248,1000.000
893.249,1000.000
894.250,1000.000
895.251,1000.000
896.252,1000.000
897.253,1000.000
898.254,1000.000
899.255,1000.000
900.256,1000.000
901.257,1000.000
902.258,1000.000
903.259,1000.000
904.260,1000.000
905.261,1000.000
906.262,1000.000
907.263,1000.000
908.264,1000.000
909.265,1000.000
910.266,1000.000
911.267,1000.000
912.268,1000.000
913.269,1000.000
914.270,1000.000
915.271,1000.000
916.272,1000.000
917.273,1000.000
918.274,1000.000
919.275,1000.000
920.276,1000.000
921.276,1000.000
922.277,1000.000
923.278,1000.000
924.279,1000.000
925.280,1000.000
926.281,1000.000
927.282,1000.000
928.283,1000.000
929.284,1000.000
930.285,1000.000
931.286,1000.000
932.287,1000.000
933.288,1000.000
934.289,1000.000
935.290,1000.000
936.291,1000.000
937.292,1000.000
938.293,1000.000
939.294,1000.000
940.295,1000.000
941.296,1000.000
942.297,1000.000
943.298,1000.000
944.299,1000.000
945.300,1000.000
946.301,1000.000
947.302,1000.000
948.303,1000.000
949.304,1000.000
950.305,1000.000
951.306,1000.000
952.307,1000.000
953.308,1000.000
954.309,1000.000
955.310,1000.000
956.311,1000.000
957.312,1000.000
958.313,1000.000
959.314,1000.000
960.315,1000.000
961.316,1000.000
962.317,1000.000
963.317,1000.000
964.318,1000.000
965.319,1000.000
966.320,1000.000
967.321,1000.000
968.322,1000.000
969.323,1000.000
970.324,1000.000
971.325,1000.000
972.326,1000.000
973.327,1000.000
974.328,1000.000
975.329,1000.000
976.330,1000.000
977.331,1000.000
978.332,1000.000
979.333,1000.000
980.334,1000.000
981.335,1000.000
982.336,1000.000
983.337,1000.000
984.338,1000.000
985.339,1000.000
986.340,1000.000
987.341,1000.000
988.342,1000.000
989.343,1000.000
990.344,1000.000
991.345,1000.000
992.346,1000.000
993.347,1000.000
994.348,1000.000
995.349,1000.000
996.350,1000.000
997.351,1000.000
998.352,1000.000
999.353,1000.000
1000.354,1000.000
1001.355,1000.000
1002.356,1000.000
1003.357,1000.000
1004.357,1000.000
1005.358,1000.000
1006.359,1000.000
1007.360,1000.000
1008.361,1000.000
1009.362,1000.000
1010.363,1000.000
1011.364,1000.000
1012.365,1000.000
1013.366,1000.000
1014.367,1000.000
1015.368,1000.000
1016.369,1000.000
1017.370,1000.000
1018.371,1000.000
1019.372,1000.000
1020.373,1000.000
1021.374,1000.000
1022.375,1000.000
1023.376,1000.000
1024.377,1000.000
1025.378,1000.000
1026.379,1000.000
1027.380,1000.000
1028.381,1000.000
1029.382,1000.000
1030.383,1000.000
1031.384,1000.000
1032.385,1000.000
1033.386,1000.000
1034.387,1000.000
1035.388,1000.000
1036.389,1000.000
1037.390,1000.000
1038.391,1000.000
1039.392,1000.000
1040.393,1000.000
1041.394,1000.000
1042.395,1000.000
1043.396,1000.000
1044.396,1000.000
1045.397,1000.000
1046.398,1000.000
1047.399,1000.000
1048.400,1000.000
1049.401,1000.000
1050.402,1000.000
1051.403,1000.000
1052.404,1000.000
1053.405,1000.000
1054.406,1000.000
1055.407,1000.000
1056.408,1000.000
1057.409,1000.000
1058.410,1000.000
1059.411,1000.000
1060.412,1000.000
1061.413,1000.000
1062.414,1000.000
1063.415,1000.000
1064.416,1000.000
1065.417,1000.000
1066.418,1000.000
1067.419,1000.000
1068.420,1000.000
1069.421,1000.000
1070.422,1000.000
1071.423,1000.000
1072.424,1000.000
1073.425,1000.000
1074.426,1000.000
1075.427,1000.000
1076.428,1000.000
1077.429,1000.000
1078.430,1000.000
1079.431,1000.000
1080.432,1000.000
1081.433,1000.000
1082.434,1000.000
1083.435,1000.000
1084.436,1000.000
1085.437,1000.000
1086.438,1000.000
1087.438,1000.000
1088.439,1000.000
1089.440,1000.000
1090.441,1000.000
1091.442,1000.000
1092.443,1000.000
1093.444,1000.000
1094.445,1000.000
1095.446,1000.000
1096.447,1000.000
1097.448,1000.000
1098.449,1000.000
1099.450,1000.000
1100.451,1000.000
1101.452,1000.000
1102.453,1000.000
1103.454,1000.000
1104.455,1000.000
1105.456,1000.000
1106.457,1000.000
1107.458,1000.000
1108.459,1000.000
1109.460,1000.000
1110.461,1000.000
1111.462,1000.000
1112.463,1000.000
1113.464,1000.000
1114.465,1000.000
1115.466,1000.000
1116.467,1000.000
1117.468,1000.000
1118.469,1000.000
1119.470,1000.000
1120.471,1000.000
1121.472,1000.000
1122.473,1000.000
1123.474,1000.000
1124.475,1000.000
1125.476,1000.000
1126.477,1000.000
1127.478,1000.000
1128.479,1000.000
1129.479,1000.000
1130.480,1000.000
1131.481,1000.000
1132.482,1000.000
1133.483,1000.000
1134.484,1000.000
1135.485,1000.000
1136.486,1000.000
1137.487,1000.000
1138.488,1000.000
1139.489,1000.000
1140.490,1000.000
1141.491,1000.000
1142.492,1000.000
1143.493,1000.000
1144.494,1000.000
1145.495,1000.000
1146.496,1000.000
1147.497,1000.000
1148.498,1000.000
1149.499,1000.000
1150.500,1000.000
1151.501,1000.000
1152.502,1000.000
1153.503,1000.000
1154.504,1000.000
1155.505,1000.000
1156.506,1000.000
1157.507,1000.000
1158.508,1000.000
1159.509,1000.000
1160.510,1000.000
1161.511,1000.000
1162.512,1000.000
1163.513,1000.000
1164.514,1000.000
1165.515,1000.000
1166.516,1000.000
1167.517,1000.000
1168.518,1000.000
1169.519,1000.000
1170.520,1000.000
1171.521,1000.000
1172.521,1000.000
1173.522,1000.000
1174.523,1000.000
1175.524,1000.000
1176.525,1000.000
1177.526,1000.000
1178.527,1000.000
1179.528,1000.000
1180.529,1000.000
1181.530,1000.000
1182.531,1000.000
1183.532,1000.000
1184.533,1000.000
1185.534,1000.000
1186.535,1000.000
1187.536,1000.000
1188.537,1000.000
1189.538,1000.000
1190.539,1000.000
1191.540,1000.000
1192.541,1000.000
1193.542,1000.000
1194.543,1000.000
1195.544,1000.000
1196.545,1000.000
1197.546,1000.000
1198.547,1000.000
1199.548,1000.000
1200.549,1000.000
1201.550,1000.000
1202.551,1000.000
1203.552,1000.000
1204.553,1000.000
1205.554,1000.000
1206.555,1000.000
1207.556,1000.000
1208.557,1000.000
1209.558,1000.000
1210.559,1000.000
1211.560,1000.000
1212.561,1000.000
1213.562,1000.000
1214.563,1000.000
1215.563,1000.000
1216.564,1000.000
1217.565,1000.000
1218.566,1000.000
1219.567,1000.000
1220.568,1000.000
1221.569,1000.000
1222.570,1000.000
1223.571,1000.000
1224.572,1000.000
1225.573,1000.000
1226.574,1000.000
1227.575,1000.000
1228.576,1000.000
1229.577,1000.000
1230.578,1000.000
1231.579,1000.000
1232.580,1000.000
1233.581,1000.000
1234.582,1000.000
1235.583,1000.000
1236.584,1000.000
1237.585,1000.000
1238.586,1000.000
1239.587,1000.000
1240.588,1000.000
1241.589,1000.000
1242.590,1000.000
1243.591,1000.000
1244.592,1000.000
1245.593,1000.000
1246.594,1000.000
1247.595,1000.000
1248.596,1000.000
1249.597,1000.000
1250.598,1000.000
1251.599,1000.000
1252.600,1000.000
1253.601,1000.000
1254.602,1000.000
1255.603,1000.000
1256.604,1000.000
1257.604,1000.000
1258.605,1000.000
1259.606,1000.000
1260.607,1000.000
1261.608,1000.000
1262.609,1000.000
1263.610,1000.000
1264.611,1000.000
1265.612,1000.000
1266.613,1000.000
1267.614,1000.000
1268.615,1000.000
1269.616,1000.000
1270.617,1000.000
1271.618,1000.000
1272.619,1000.000
1273.620,1000.000
1274.621,1000.000
1275.622,1000.000
1276.623,1000.000
1277.624,1000.000
1278.625,1000.000
1279.626,1000.000
1280.627,1000.000
1281.628,1000.000
1282.629,1000.000
1283.630,1000.000
1284.631,1000.000
1285.632,1000.000
1286.633,1000.000
1287.634,1000.000
1288.635,1000.000
1289.636,1000.000
1290.637,1000.000
1291.638,1000.000
1292.639,1000.000
1293.640,1000.000
1294.641,1000.000
1295.642,1000.000
1296.643,1000.000
1297.644,1000.000
1298.645,1000.000
1299.646,1000.000
1300.646,1000.000
1301.647,1000.000
1302.648,1000.000
1303.649,1000.000
1304.650,1000.000
1305.651,1000.000
1306.652,1000.000
1307.653,1000.000
1308.654,1000.000
1309.655,1000.000
1310.656,1000.000
1311.657,1000.000
1312.658,1000.000
1313.659,1000.000
1314.660,1000.000
1315.661,1000.000
1316.662,1000.000
1317.663,1000.000
1318.664,1000.000
1319.665,1000.000
1320.666,1000.000
1321.667,1000.000
1322.668,1000.000
1323.669,1000.000
1324.670,1000.000
1325.671,1000.000
1326.672,1000.000
1327.673,1000.000
1328.674,1000.000
1329.675,1000.000
1330.676,1000.000
1331.677,1000.000
1332.678,1000.000
1333.679,1000.000
1334.680,1000.000
1335.681,1000.000
1336.682,1000.000
1337.683,1000.000
1338.684,1000.000
1339.685,1000.000
1340.686,1000.000
1341.687,1000.000
1342.688,1000.000
1343.688,1000.000
1344.689,1000.000
1345.690,1000.000
1346.691,1000.000
1347.692,1000.000
1348.693,1000.000
1349.694,1000.000
1350.695,1000.000
1351.696,1000.000
1352.697,1000.000
1353.698,1000.000
1354.699,1000.000
1355.700,1000.000
1356.701,1000.000
1357.702,1000.000
1358.703,1000.000
1359.704,1000.000
1360.705,1000.000
1361.706,1000.000
1362.707,1000.000
1363.708,1000.000
1364.709,1000.000
1365.710,1000.000
1366.711,1000.000
1367.712,1000.000
1368.713,1000.000
1369.714,1000.000
1370.715,1000.000
1371.716,1000.000
1372.717,1000.000
1373.718,1000.000
1374.719,1000.000
1375.720,1000.000
1376.721,1000.000
1377.722,1000.000
1378.723,1000.000
1379.724,1000.000
1380.725,1000.000
1381.726,1000.000
1382.727,1000.000
1383.728,1000.000
1384.729,1000.000
1385.729,1000.000
1386.730,1000.000
1387.731,1000.000
1388.732,1000.000
1389.733,1000.000
1390.734,1000.000
1391.735,1000.000
1392.736,1000.000
1393.737,1000.000
1394.738,1000.000
1395.739,1000.000
1396.740,1000.000
1397.741,1000.000
1398.742,1000.000
1399.743,1000.000
1400.744,1000.000
1401.745,1000.000
1402.746,1000.000
1403.747,1000.000
1404.748,1000.000
1405.749,1000.000
1406.750,1000.000
1407.751,1000.000
1408.752,1000.000
1409.753,1000.000
1410.754,1000.000
1411.755,1000.000
1412.756,1000.000
1413.757,1000.000
1414.758,1000.000
1415.759,1000.000
1416.760,1000.000
1417.761,1000.000
1418.762,1000.000
1419.763,1000.000
1420.764,1000.000
1421.765,1000.000
1422.766,1000.000
1423.767,1000.000
1424.768,1000.000
1425.769,1000.000
1426.770,1000.000
1427.771,1000.000
1428.771,1000.000
1429.772,1000.000
1430.773,1000.000
1431.774,1000.000
1432.775,1000.000
1433.776,1000.000
1434.777,1000.000
1435.778,1000.000
1436.779,1000.000
1437.780,1000.000
1438.781,1000.000
1439.782,1000.000
1440.783,1000.000
1441.784,1000.000
1442.785,1000.000
1443.786,1000.000
1444.787,1000.000
1445.788,1000.000
1446.789,1000.000
1447.790,1000.000
1448.791,1000.000
1449.792,1000.000
1450.793,1000.000
1451.794,1000.000
1452.795,1000.000
1453.796,1000.000
1454.797,1000.000
1455.798,1000.000
1456.799,1000.000
1457.800,1000.000
1458.801,1000.000
1459.802,1000.000
1460.803,1000.000
1461.804,1000.000
1462.805,1000.000
1463.806,1000.000
1464.807,1000.000
1465.808,1000.000
1466.809,1000.000
1467.810,1000.000
1468.811,1000.000
1469.812,1000.000
1470.813,1000.000
1471.813,1000.000
1472.814,1000.000
1473.815,1000.000
1474.816,1000.000
1475.817,1000.000
1476.818,1000.000
1477.819,1000.000
1478.820,1000.000
1479.821,1000.000
1480.822,1000.000
1481.823,1000.000
1482.824,1000.000
1483.825,1000.000
1484.826,1000.000
1485.827,1000.000
1486.828,1000.000
1487.829,1000.000
1488.830,1000.000
1489.831,1000.000
1490.832,1000.000
1491.833,1000.000
1492.834,1000.000
1493.835,1000.000
1494.836,1000.000
1495.837,1000.000
1496.838,1000.000
1497.839,1000.000
1498.840,1000.000
1499.841,1000.000
1500.842,1000.000
1501.843,1000.000
1502.844,1000.000
1503.845,1000.000
1504.846,1000.000
1505.847,1000.000
1506.848,1000.000
1507.849,1000.000
1508.850,1000.000
1509.851,1000.000
1510.852,1000.000
1511.853,1000.000
1512.854,1000.000
1513.854,1000.000
1514.855,1000.000
1515.856,1000.000
1516.857,1000.000
1517.858,1000.000
1518.859,1000.000
1519.860,1000.000
1520.861,1000.000
1521.862,1000.000
1522.863,1000.000
1523.864,1000.000
1524.865,1000.000
1525.866,1000.000
1526.867,1000.000
1527.868,1000.000
1528.869,1000.000
1529.870,1000.000
1530.871,1000.000
1531.872,1000.000
1532.873,1000.000
1533.874,1000.000
1534.875,1000.000
1535.876,1000.000
1536.877,1000.000
1537.878,1000.000
1538.879,1000.000
1539.880,1000.000
1540.881,1000.000
1541.882,1000.000
1542.883,1000.000
1543.884,1000.000
1544.885,1000.000
1545.886,1000.000
1546.887,1000.000
1547.888,1000.000
1548.889,1000.000
1549.890,1000.000
1550.891,1000.000
1551.892,1000.000
1552.893,1000.000
1553.894,1000.000
1554.895,1000.000
1555.896,1000.000
1556.896,1000.000
1557.897,1000.000
1558.898,1000.000
1559.899,1000.000
1560.900,1000.000
1561.901,1000.000
1562.902,1000.000
1563.903,1000.000
1564.904,1000.000
1565.905,1000.000
1566.906,1000.000
1567.907,1000.000
1568.908,1000.000
1569.909,1000.000
1570.910,1000.000
1571.911,1000.000
1572.912,1000.000
1573.913,1000.000
1574.914,1000.000
1575.915,1000.000
1576.916,1000.000
1577.917,1000.000
1578.918,1000.000
1579.919,1000.000
1580.920,1000.000
1581.921,1000.000
1582.922,1000.000
1583.923,1000.000
1584.924,1000.000
1585.925,1000.000
1586.926,1000.000
1587.927,1000.000
1588.928,1000.000
1589.929,1000.000
1590.930,1000.000
1591.931,1000.000
1592.932,1000.000
1593.933,1000.000
1594.934,1000.000
1595.935,1000.000
1596.936,1000.000
1597.937,1000.000
1598.938,1000.000
1599.938,1000.000
1600.939,1000.000
1601.940,1000.000
1602.941,1000.000
1603.942,1000.000
1604.943,1000.000
1605.944,1000.000
1606.945,1000.000
1607.946,1000.000
1608.947,1000.000
1609.948,1000.000
1610.949,1000.000
1611.950,1000.000
1612.951,1000.000
1613.952,1000.000
1614.953,1000.000
1615.954,1000.000
1616.955,1000.000
1617.956,1000.000
1618.957,1000.000
1619.958,1000.000
1620.959,1000.000
1621.960,1000.000
1622.961,1000.000
1623.962,1000.000
1624.963,1000.000
1625.964,1000.000
1626.965,1000.000
1627.966,1000.000
1628.967,1000.000
1629.968,1000.000
1630.969,1000.000
1631.970,1000.000
1632.971,1000.000
1633.972,1000.000
1634.973,1000.000
1635.974,1000.000
1636.975,1000.000
1637.976,1000.000
1638.977,1000.000
1639.978,1000.000
1640.979,1000.000
1641.979,1000.000
1642.980,1000.000
1643.981,1000.000
1644.982,1000.000
1645.983,1000.000
1646.984,1000.000
1647.985,1000.000
1648.986,1000.000
1649.987,1000.000
1650.988,1000.000
1651.989,1000.000
1652.990,1000.000
1653.991,1000.000
1654.992,1000.000
1655.993,1000.000
1656.994,1000.000
1657.995,1000.000
1658.996,1000.000
1659.997,1000.000
1660.998,1000.000
1661.999,1000.000
1663.000,1000.000
1664.001,1000.000
1665.002,1000.000
1666.003,1000.000
1667.004,1000.000
1668.005,1000.000
1669.006,1000.000
1670.007,1000.000
1671.008,1000.000
1672.009,1000.000
1673.010,1000.000
1674.011,1000.000
1675.012,1000.000
1676.013,1000.000
1677.014,1000.000
1678.015,1000.000
1679.016,1000.000
1680.017,1000.000
1681.018,1000.000
1682.019,1000.000
1683.020,1000.000
1684.021,1000.000
1685.021,1000.000
1686.022,1000.000
1687.023,1000.000
1688.024,1000.000
1689.025,1000.000
1690.026,1000.000
1691.027,1000.000
1692.028,1000.000
1693.029,1000.000
1694.030,1000.000
1695.031,1000.000
1696.032,1000.000
1697.033,1000.000
1698.034,1000.000
1699.035,1000.000
1700.036,1000.000
1701.037,1000.000
1702.038,1000.000
1703.039,1000.000
1704.040,1000.000
1705.041,1000.000
1706.042,1000.000
1707.043,1000.000
1708.044,1000.000
1709.045,1000.000
1710.046,1000.000
1711.047,1000.000
1712.048,1000.000
1713.049,1000.000
1714.050,1000.000
1715.051,1000.000
1716.052,1000.000
1717.053,1000.000
1718.054,1000.000
1719.055,1000.000
1720.056,1000.000
1721.057,1000.000
1722.058,1000.000
1723.059,1000.000
1724.060,1000.000
1725.061,1000.000
1726.062,1000.000
1727.063,1000.000
1728.063,1000.000
1729.064,1000.000
1730.065,1000.000
1731.066,1000.000
1732.067,1000.000
1733.068,1000.000
1734.069,1000.000
1735.070,1000.000
1736.071,1000.000
1737.072,1000.000
1738.073,1000.000
1739.074,1000.000
1740.075,1000.000
1741.076,1000.000
1742.077,1000.000
1743.078,1000.000
1744.079,1000.000
1745.080,1000.000
1746.081,1000.000
1747.082,1000.000
1748.083,1000.000
1749.084,1000.000
1750.085,1000.000
1751.086,1000.000
1752.087,1000.000
1753.088,1000.000
1754.089,1000.000
1755.090,1000.000
1756.091,1000.000
1757.092,1000.000
1758.093,1000.000
1759.094,1000.000
1760.095,1000.000
1761.096,1000.000
1762.097,1000.000
1763.098,1000.000
1764.099,1000.000
1765.100,1000.000
1766.101,1000.000
1767.102,1000.000
1768.103,1000.000
1769.104,1000.000
1770.104,1000.000
1771.105,1000.000
1772.106,1000.000
1773.107,1000.000
1774.108,1000.000
1775.109,1000.000
1776.110,1000.000
1777.111,1000.000
1778.112,1000.000
1779.113,1000.000
1780.114,1000.000
1781.115,1000.000
1782.116,1000.000
1783.117,1000.000
1784.118,1000.000
1785.119,1000.000
1786.120,1000.000
1787.121,1000.000
1788.122,1000.000
1789.123,1000.000
1790.124,1000.000
1791.125,1000.000
1792.126,1000.000
1793.127,1000.000
1794.128,1000.000
1795.129,1000.000
1796.130,1000.000
1797.131,1000.000
1798.132,1000.000
1799.133,1000.000
1800.134,1000.000
1801.135,1000.000
1802.136,1000.000
1803.137,1000.000
1804.138,1000.000
1805.139,1000.000
1806.140,1000.000
1807.141,1000.000
1808.142,1000.000
1809.143,1000.000
1810.144,1000.000
1811.145,1000.000
1812.146,1000.000
1813.146,1000.000
1814.147,1000.000
1815.148,1000.000
1816.149,1000.000
1817.150,1000.000
1818.151,1000.000
1819.152,1000.000
1820.153,1000.000
1821.154,1000.000
1822.155,1000.000
1823.156,1000.000
1824.157,1000.000
1825.158,1000.000
1826.159,1000.000
1827.160,1000.000
1828.161,1000.000
1829.162,1000.000
1830.163,1000.000
1831.164,1000.000
1832.165,1000.000
1833.166,1000.000
1834.167,1000.000
1835.168,1000.000
1836.169,1000.000
1837.170,1000.000
1838.171,1000.000
1839.172,1000.000
1840.173,1000.000
1841.174,1000.000
1842.175,1000.000
1843.176,1000.000
1844.177,1000.000
1845.178,1000.000
1846.179,1000.000
1847.180,1000.000
1848.181,1000.000
1849.182,1000.000
1850.183,1000.000
1851.184,1000.000
1852.185,1000.000
1853.186,1000.000
1854.187,1000.000
1855.188,1000.000
1856.188,1000.000
1857.189,1000.000
1858.190,1000.000
1859.191,1000.000
1860.192,1000.000
1861.193,1000.000
1862.194,1000.000
1863.195,1000.000
1864.196,1000.000
1865.197,1000.000
1866.198,1000.000
1867.199,1000.000
1868.200,1000.000
1869.201,1000.000
1870.202,1000.000
1871.203,1000.000
1872.204,1000.000
1873.205,1000.000
1874.206,1000.000
1875.207,1000.000
1876.208,1000.000
1877.209,1000.000
1878.210,1000.000
1879.211,1000.000
1880.212,1000.000
1881.213,1000.000
1882.214,1000.000
1883.215,1000.000
1884.216,1000.000
1885.217,1000.000
1886.218,1000.000
1887.219,1000.000
1888.220,1000.000
1889.221,1000.000
1890.222,1000.000
1891.223,1000.000
1892.224,1000.000
1893.225,1000.000
1894.226,1000.000
1895.227,1000.000
1896.228,1000.000
1897.229,1000.000
1898.229,1000.000
1899.230,1000.000
1900.231,1000.000
1901.232,1000.000
1902.233,1000.000
1903.234,1000.000
1904.235,1000.000
1905.236,1000.000
1906.237,1000.000
1907.238,1000.000
1908.239,1000.000
1909.240,1000.000
1910.241,1000.000
1911.242,1000.000
1912.243,1000.000
1913.244,1000.000
1914.245,1000.000
1915.246,1000.000
1916.247,1000.000
1917.248,1000.000
1918.249,1000.000
1919.250,1000.000
1920.251,1000.000
1921.252,1000.000
1922.253,1000.000
1923.254,1000.000
1924.255,1000.000
1925.256,1000.000
1926.257,1000.000
1927.258,1000.000
1928.259,1000.000
1929.260,1000.000
1930.261,1000.000
1931.262,1000.000
1932.263,1000.000
1933.264,1000.000
1934.265,1000.000
1935.266,1000.000
1936.267,1000.000
1937.268,1000.000
1938.269,1000.000
1939.270,1000.000
1940.271,1000.000
1941.271,1000.000
1942.272,1000.000
1943.273,1000.000
1944.274,1000.000
1945.275,1000.000
1946.276,1000.000
1947.277,1000.000
1948.278,1000.000
1949.279,1000.000
1950.280,1000.000
1951.281,1000.000
1952.282,1000.000
1953.283,1000.000
1954.284,1000.000
1955.285,1000.000
1956.286,1000.000
1957.287,1000.000
1958.288,1000.000
1959.289,1000.000
1960.290,1000.000
1961.291,1000.000
1962.292,1000.000
1963.293,1000.000
1964.294,1000.000
1965.295,1000.000
1966.296,1000.000
1967.297,1000.000
1968.298,1000.000
1969.299,1000.000
1970.300,1000.000
1971.301,1000.000
1972.302,1000.000
1973.303,1000.000
1974.304,1000.000
1975.305,1000.000
1976.306,1000.000
1977.307,1000.000
1978.308,1000.000
1979.309,1000.000
1980.310,1000.000
1981.311,1000.000
1982.312,1000.000
1983.313,1000.000
1984.313,1000.000
1985.314,1000.000
1986.315,1000.000
1987.316,1000.000
1988.317,1000.000
1989.318,1000.000
1990.319,1000.000
1991.320,1000.000
1992.321,1000.000
1993.322,1000.000
1994.323,1000.000
1995.324,1000.000
1996.325,1000.000
1997.326,1000.000
1998.327,1000.000
1999.328,1000.000
2000.329,1000.000
2001.330,1000.000
2002.331,1000.000
2003.332,1000.000
2004.333,1000.000
2005.334,1000.000
2006.335,1000.000
2007.336,1000.000
2008.337,1000.000
2009.338,1000.000
2010.339,1000.000
2011.340,1000.000
2012.341,1000.000
2013.342,1000.000
2014.343,1000.000
2015.344,1000.000
2016.345,1000.000
2017.346,1000.000
2018.347,1000.000
2019.348,1000.000
2020.349,1000.000
2021.350,1000.000
2022.351,1000.000
2023.352,1000.000
2024.353,1000.000
2025.354,1000.000
2026.354,1000.000
2027.355,1000.000
2028.356,1000.000
2029.357,1000.000
2030.358,1000.000
2031.359,1000.000
2032.360,1000.000
2033.361,1000.000
2034.362,1000.000
2035.363,1000.000
2036.364,1000.000
2037.365,1000.000
2038.366,1000.000
2039.367,1000.000
2040.368,1000.000
2041.369,1000.000
2042.370,1000.000
2043.371,1000.000
2044.372,1000.000
2045.373,1000.000
2046.374,1000.000
2047.375,1000.000
2048.376,1000.000
2049.377,1000.000
2050.378,1000.000
2051.379,1000.000
2052.380,1000.000
2053.381,1000.000
2054.382,1000.000
2055.383,1000.000
2056.384,1000.000
2057.385,1000.000
2058.386,1000.000
2059.387,1000.000
2060.388,1000.000
2061.389,1000.000
2062.390,1000.000
2063.391,1000.000
2064.392,1000.000
2065.393,1000.000
2066.394,1000.000
2067.395,1000.000
2068.396,1000.000
2069.396,1000.000
2070.397,1000.000
2071.398,1000.000
2072.399,1000.000
2073.400,1000.000
2074.401,1000.000
2075.402,1000.000
2076.403,1000.000
2077.404,1000.000
2078.405,1000.000
2079.406,1000.000
2080.407,1000.000
2081.408,1000.000
2082.409,1000.000
2083.410,1000.000
2084.411,1000.000
2085.412,1000.000
2086.413,1000.000
2087.414,1000.000
2088.415,1000.000
2089.416,1000.000
2090.417,1000.000
2091.418,1000.000
2092.419,1000.000
2093.420,1000.000
2094.421,1000.000
2095.422,1000.000
2096.423,1000.000
2097.424,1000.000
2098.425,1000.000
2099.426,1000.000
2100.427,1000.000
2101.428,1000.000
2102.429,1000.000
2103.430,1000.000
2104.431,1000.000
2105.432,1000.000
2106.433,1000.000
2107.434,1000.000
2108.435,1000.000
2109.436,1000.000
2110.437,1000.000
2111.438,1000.000
2112.438,1000.000
2113.439,1000.000
2114.440,1000.000
2115.441,1000.000
2116.442,1000.000
2117.443,1000.000
2118.444,1000.000
2119.445,1000.000
2120.446,1000.000
2121.447,1000.000
2122.448,1000.000
2123.449,1000.000
2124.450,1000.000
2125.451,1000.000
2126.452,1000.000
2127.453,1000.000
2128.454,1000.000
2129.455,1000.000
2130.456,1000.000
2131.457,1000.000
2132.458,1000.000
2133.459,1000.000
2134.460,1000.000
2135.461,1000.000
2136.462,1000.000
2137.463,1000.000
2138.464,1000.000
2139.465,1000.000
2140.466,1000.000
2141.467,1000.000
2142.468,1000.000
2143.469,1000.000
2144.470,1000.000
2145.471,1000.000
2146.472,1000.000
2147.473,1000.000
2148.474,1000.000
2149.475,1000.000
2150.476,1000.000
2151.477,1000.000
2152.478,1000.000
2153.479,1000.000
2154.479,1000.000
2155.480,1000.000
2156.481,1000.000
2157.482,1000.000
2158.483,1000.000
2159.484,1000.000
2160.485,1000.000
2161.486,1000.000
2162.487,1000.000
2163.488,1000.000
2164.489,1000.000
2165.490,1000.000
2166.491,1000.000
2167.492,1000.000
2168.493,1000.000
2169.494,1000.000
2170.495,1000.000
2171.496,1000.000
2172.497,1000.000
2173.498,1000.000
2174.499,1000.000
2175.500,1000.000
2176.501,1000.000
2177.502,1000.000
2178.503,1000.000
2179.504,1000.000
2180.505,1000.000
2181.506,1000.000
2182.507,1000.000
2183.508,1000.000
2184.509,1000.000
2185.510,1000.000
2186.511,1000.000
2187.512,1000.000
2188.513,1000.000
2189.514,1000.000
2190.515,1000.000
2191.516,1000.000
2192.517,1000.000
2193.518,1000.000
2194.519,1000.000
2195.520,1000.000
2196.521,1000.000
2197.521,1000.000
2198.522,1000.000
2199.523,1000.000
2200.524,1000.000
2201.525,1000.000
2202.526,1000.000
2203.527,1000.000
2204.528,1000.000
2205.529,1000.000
2206.530,1000.000
2207.531,1000.000
2208.532,1000.000
2209.533,1000.000
2210.534,1000.000
2211.535,1000.000
2212.536,1000.000
2213.537,1000.000
2214.538,1000.000
2215.539,1000.000
2216.540,1000.000
2217.541,1000.000
2218.542,1000.000
2219.543,1000.000
2220.544,1000.000
2221.545,1000.000
2222.546,1000.000
2223.547,1000.000
2224.548,1000.000
2225.549,1000.000
2226.550,1000.000
2227.551,1000.000
2228.552,1000.000
2229.553,1000.000
2230.554,1000.000
2231.555,1000.000
2232.556,1000.000
2233.557,1000.000
2234.558,1000.000
2235.559,1000.000
2236.560,1000.000
2237.561,1000.000
2238.562,1000.000
2239.563,1000.000
2240.563,1000.000
2241.564,1000.000
2242.565,1000.000
2243.566,1000.000
2244.567,1000.000
2245.568,1000.000
2246.569,1000.000
2247.570,1000.000
2248.571,1000.000
2249.572,1000.000
2250.573,1000.000
2251.574,1000.000
2252.575,1000.000
2253.576,1000.000
2254.577,1000.000
2255.578,1000.000
2256.579,1000.000
2257.580,1000.000
2258.581,1000.000
2259.582,1000.000
2260.583,1000.000
2261.584,1000.000
2262.585,1000.000
2263.586,1000.000
2264.587,1000.000
2265.588,1000.000
2266.589,1000.000
2267.590,1000.000
2268.591,1000.000
2269.592,1000.000
2270.593,1000.000
2271.594,1000.000
2272.595,1000.000
2273.596,1000.000
2274.597,1000.000
2275.598,1000.000
2276.599,1000.000
2277.600,1000.000
2278.601,1000.000
2279.602,1000.000
2280.603,1000.000
2281.604,1000.000
2282.604,1000.000
2283.605,1000.000
2284.606,1000.000
2285.607,1000.000
2286.608,1000.000
2287.609,1000.000
2288.610,1000.000
2289.611,1000.000
2290.612,1000.000
2291.613,1000.000
2292.614,1000.000
2293.615,1000.000
2294.616,1000.000
2295.617,1000.000
2296.618,1000.000
2297.619,1000.000
2298.620,1000.000
2299.621,1000.000
2300.622,1000.000
2301.623,1000.000
2302.624,1000.000
2303.625,1000.000
2304.626,1000.000
2305.627,1000.000
2306.628,1000.000
2307.629,1000.000
2308.630,1000.000
2309.631,1000.000
2310.632,1000.000
2311.633,1000.000
2312.634,1000.000
2313.635,1000.000
2314.636,1000.000
2315.637,1000.000
2316.638,1000.000
2317.639,1000.000
2318.640,1000.000
2319.641,1000.000
2320.642,1000.000
2321.643,1000.000
2322.644,1000.000
2323.645,1000.000
2324.646,1000.000
2325.646,1000.000
2326.647,1000.000
2327.648,1000.000
2328.649,1000.000
2329.650,1000.000
2330.651,1000.000
2331.652,1000.000
2332.653,1000.000
2333.654,1000.000
2334.655,1000.000
2335.656,1000.000
2336.657,1000.000
2337.658,1000.000
2338.659,1000.000
2339.660,1000.000
2340.661,1000.000
2341.662,1000.000
2342.663,1000.000
2343.664,1000.000
2344.665,1000.000
2345.666,1000.000
2346.667,1000.000
2347.668,1000.000
2348.669,1000.000
2349.670,1000.000
2350.671,1000.000
2351.672,1000.000
2352.673,1000.000
2353.674,1000.000
2354.675,1000.000
2355.676,1000.000
2356.677,1000.000
2357.678,1000.000
2358.679,1000.000
2359.680,1000.000
2360.681,1000.000
2361.682,1000.000
2362.683,1000.000
2363.684,1000.000
2364.685,1000.000
2365.686,1000.000
2366.687,1000.000
2367.688,1000.000
2368.688,1000.000
2369.689,1000.000
2370.690,1000.000
2371.691,1000.000
2372.692,1000.000
2373.693,1000.000
2374.694,1000.000
2375.695,1000.000
2376.696,1000.000
2377.697,1000.000
2378.698,1000.000
2379.699,1000.000
2380.700,1000.000
2381.701,1000.000
2382.702,1000.000
2383.703,1000.000
2384.704,1000.000
2385.705,1000.000
2386.706,1000.000
2387.707,1000.000
2388.708,1000.000
2389.709,1000.000
2390.710,1000.000
2391.711,1000.000
2392.712,1000.000
2393.713,1000.000
2394.714,1000.000
2395.715,1000.000
2396.716,1000.000
2397.717,1000.000
2398.718,1000.000
2399.719,1000.000
2400.720,1000.000
2401.721,1000.000
2402.722,1000.000
2403.723,1000.000
2404.724,1000.000
2405.725,1000.000
2406.726,1000.000
2407.727,1000.000
2408.728,1000.000
2409.729,1000.000
2410.729,1000.000
2411.730,1000.000
2412.731,1000.000
2413.732,1000.000
2414.733,1000.000
2415.734,1000.000
2416.735,1000.000
2417.736,1000.000
2418.737,1000.000
2419.738,1000.000
2420.739,1000.000
2421.740,1000.000
2422.741,1000.000
2423.742,1000.000
2424.743,1000.000
2425.744,1000.000
2426.745,1000.000
2427.746,1000.000
2428.747,1000.000
2429.748,1000.000
2430.749,1000.000
2431.750,1000.000
2432.751,1000.000
2433.752,1000.000
2434.753,1000.000
2435.754,1000.000
2436.755,1000.000
2437.756,1000.000
2438.757,1000.000
2439.758,1000.000
2440.759,1000.000
2441.760,1000.000
2442.761,1000.000
2443.762,1000.000
2444.763,1000.000
2445.764,1000.000
2446.765,1000.000
2447.766,1000.000
2448.767,1000.000
2449.768,1000.000
2450.769,1000.000
2451.770,1000.000
2452.771,1000.000
2453.771,1000.000
2454.772,1000.000
2455.773,1000.000
2456.774,1000.000
2457.775,1000.000
2458.776,1000.000
2459.777,1000.000
2460.778,1000.000
2461.779,1000.000
2462.780,1000.000
2463.781,1000.000
2464.782,1000.000
2465.783,1000.000
2466.784,1000.000
2467.785,1000.000
2468.786,1000.000
2469.787,1000.000
2470.788,1000.000
2471.789,1000.000
2472.790,1000.000
2473.791,1000.000
2474.792,1000.000
2475.793,1000.000
2476.794,1000.000
2477.795,1000.000
2478.796,1000.000
2479.797,1000.000
2480.798,1000.000
2481.799,1000.000
2482.800,1000.000
2483.801,1000.000
2484.802,1000.000
2485.803,1000.000
2486.804,1000.000
2487.805,1000.000
2488.806,1000.000
2489.807,1000.000
2490.808,1000.000
2491.809,1000.000
2492.810,1000.000
2493.811,1000.000
2494.812,1000.000
2495.813,1000.000
2496.813,1000.000
2497.814,1000.000
2498.815,1000.000
2499.816,1000.000
2500.817,1000.000
2501.818,1000.000
2502.819,1000.000
2503.820,1000.000
2504.821,1000.000
2505.822,1000.000
2506.823,1000.000
2507.824,1000.000
2508.825,1000.000
2509.826,1000.000
2510.827,1000.000
2511.828,1000.000
2512.829,1000.000
2513.830,1000.000
2514.831,1000.000
2515.832,1000.000
2516.833,1000.000
2517.834,1000.000
2518.835,1000.000
2519.836,1000.000
2520.837,1000.000
2521.838,1000.000
2522.839,1000.000
2523.840,1000.000
2524.841,1000.000
2525.842,1000.000
2526.843,1000.000
2527.844,1000.000
2528.845,1000.000
2529.846,1000.000
2530.847,1000.000
2531.848,1000.000
2532.849,1000.000
2533.850,1000.000
2534.851,1000.000
2535.852,1000.000
2536.853,1000.000
2537.854,1000.000
2538.854,1000.000
2539.855,1000.000
2540.856,1000.000
2541.857,1000.000
2542.858,1000.000
2543.859,1000.000
2544.860,1000.000
2545.861,1000.000
2546.862,1000.000
2547.863,1000.000
2548.864,1000.000
2549.865,1000.000
2550.866,1000.000
2551.867,1000.000
2552.868,1000.000
2553.869,1000.000
2554.870,1000.000
2555.871,1000.000
2556.872,1000.000
2557.873,1000.000
2558.874,1000.000
2559.875,1000.000
2560.876,1000.000
2561.877,1000.000
2562.878,1000.000
2563.879,1000.000
2564.880,1000.000
2565.881,1000.000
2566.882,1000.000
2567.883,1000.000
2568.884,1000.000
2569.885,1000.000
2570.886,1000.000
2571.887,1000.000
2572.888,1000.000
2573.889,1000.000
2574.890,1000.000
2575.891,1000.000
2576.892,1000.000
2577.893,1000.000
2578.894,1000.000
2579.895,1000.000
2580.896,1000.000
2581.896,1000.000
2582.897,1000.000
2583.898,1000.000
2584.899,1000.000
2585.900,1000.000
2586.901,1000.000
2587.902,1000.000
2588.903,1000.000
2589.904,1000.000
2590.905,1000.000
2591.906,1000.000
2592.907,1000.000
2593.908,1000.000
2594.909,1000.000
2595.910,1000.000
2596.911,1000.000
2597.912,1000.000
2598.913,1000.000
2599.914,1000.000
2600.915,1000.000
2601.916,1000.000
2602.917,1000.000
2603.918,1000.000
2604.919,1000.000
2605.920,1000.000
2606.921,1000.000
2607.922,1000.000
2608.923,1000.000
2609.924,1000.000
2610.925,1000.000
2611.926,1000.000
2612.927,1000.000
2613.928,1000.000
2614.929,1000.000
2615.930,1000.000
2616.931,1000.000
2617.932,1000.000
2618.933,1000.000
2619.934,1000.000
2620.935,1000.000
2621.936,1000.000
2622.937,1000.000
2623.938,1000.000
2624.938,1000.000
2625.939,1000.000
2626.940,1000.000
2627.941,1000.000
2628.942,1000.000
2629.943,1000.000
2630.944,1000.000
2631.945,1000.000
2632.946,1000.000
2633.947,1000.000
2634.948,1000.000
2635.949,1000.000
2636.950,1000.000
2637.951,1000.000
2638.952,1000.000
2639.953,1000.000
2640.954,1000.000
2641.955,1000.000
2642.956,1000.000
2643.957,1000.000
2644.958,1000.000
2645.959,1000.000
2646.960,1000.000
2647.961,1000.000
2648.962,1000.000
2649.963,1000.000
2650.964,1000.000
2651.965,1000.000
2652.966,1000.000
2653.967,1000.000
2654.968,1000.000
2655.969,1000.000
2656.970,1000.000
2657.971,1000.000
2658.972,1000.000
2659.973,1000.000
2660.974,1000.000
2661.975,1000.000
2662.976,1000.000
2663.977,1000.000
2664.978,1000.000
2665.979,1000.000
2666.979,1000.000
2667.980,1000.000
2668.981,1000.000
2669.982,1000.000
2670.983,1000.000
2671.984,1000.000
2672.985,1000.000
2673.986,1000.000
2674.987,1000.000
2675.988,1000.000
2676.989,1000.000
2677.990,1000.000
2678.991,1000.000
2679.992,1000.000
2680.993,1000.000
2681.994,1000.000
2682.995,1000.000
2683.996,1000.000
2684.997,1000.000
2685.998,1000.000
2686.999,1000.000
2688.000,1000.000
2689.001,1000.000
2690.002,1000.000
2691.003,1000.000
2692.004,1000.000
2693.005,1000.000
2694.006,1000.000
2695.007,1000.000
2696.008,1000.000
2697.009,1000.000
2698.010,1000.000
2699.011,1000.000
2700.012,1000.000
2701.013,1000.000
2702.014,1000.000
2703.015,1000.000
2704.016,1000.000
2705.017,1000.000
2706.018,1000.000
2707.019,1000.000
2708.020,1000.000
2709.021,1000.000
2710.021,1000.000
2711.022,1000.000
2712.023,1000.000
2713.024,1000.000
2714.025,1000.000
2715.026,1000.000
2716.027,1000.000
2717.028,1000.000
2718.029,1000.000
2719.030,1000.000
2720.031,1000.000
2721.032,1000.000
2722.033,1000.000
2723.034,1000.000
2724.035,1000.000
2725.036,1000.000
2726.037,1000.000
2727.038,1000.000
2728.039,1000.000
2729.040,1000.000
2730.041,1000.000
2731.042,1000.000
2732.043,1000.000
2733.044,1000.000
2734.045,1000.000
2735.046,1000.000
2736.047,1000.000
2737.048,1000.000
2738.049,1000.000
2739.050,1000.000
2740.051,1000.000
2741.052,1000.000
2742.053,1000.000
2743.054,1000.000
2744.055,1000.000
2745.056,1000.000
2746.057,1000.000
2747.058,1000.000
2748.059,1000.000
2749.060,1000.000
2750.061,1000.000
2751.062,1000.000
2752.063,1000.000
2753.063,1000.000
2754.064,1000.000
2755.065,1000.000
2756.066,1000.000
2757.067,1000.000
2758.068,1000.000
2759.069,1000.000
2760.070,1000.000
2761.071,1000.000
2762.072,1000.000
2763.073,1000.000
2764.074,1000.000
2765.075,1000.000
2766.076,1000.000
2767.077,1000.000
2768.078,1000.000
2769.079,1000.000
2770.080,1000.000
2771.081,1000.000
2772.082,1000.000
2773.083,1000.000
2774.084,1000.000
2775.085,1000.000
2776.086,1000.000
2777.087,1000.000
2778.088,1000.000
2779.089,1000.000
2780.090,1000.000
2781.091,1000.000
2782.092,1000.000
2783.093,1000.000
2784.094,1000.000
2785.095,1000.000
2786.096,1000.000
2787.097,1000.000
2788.098,1000.000
2789.099,1000.000
2790.100,1000.000
2791.101,1000.000
2792.102,1000.000
2793.103,1000.000
2794.104,1000.000
2795.104,1000.000
2796.105,1000.000
2797.106,1000.000
2798.107,1000.000
2799.108,1000.000
2800.109,1000.000
2801.110,1000.000
2802.111,1000.000
2803.112,1000.000
2804.113,1000.000
2805.114,1000.000
2806.115,1000.000
2807.116,1000.000
2808.117,1000.000
2809.118,1000.000
2810.119,1000.000
2811.120,1000.000
2812.121,1000.000
2813.122,1000.000
2814.123,1000.000
2815.124,1000.000
2816.125,1000.000
2817.126,1000.000
2818.127,1000.000
2819.128,1000.000
2820.129,1000.000
2821.130,1000.000
2822.131,1000.000
2823.132,1000.000
2824.133,1000.000
2825.134,1000.000
2826.135,1000.000
2827.136,1000.000
2828.137,1000.000
2829.138,1000.000
2830.139,1000.000
2831.140,1000.000
2832.141,1000.000
2833.142,1000.000
2834.143,1000.000
2835.144,1000.000
2836.145,1000.000
2837.146,1000.000
2838.146,1000.000
2839.147,1000.000
2840.148,1000.000
2841.149,1000.000
2842.150,1000.000
2843.151,1000.000
2844.152,1000.000
2845.153,1000.000
2846.154,1000.000
2847.155,1000.000
2848.156,1000.000
2849.157,1000.000
2850.158,1000.000
2851.159,1000.000
2852.160,1000.000
2853.161,1000.000
2854.162,1000.000
2855.163,1000.000
2856.164,1000.000
2857.165,1000.000
2858.166,1000.000
2859.167,1000.000
2860.168,1000.000
2861.169,1000.000
2862.170,1000.000
2863.171,1000.000
2864.172,1000.000
2865.173,1000.000
2866.174,1000.000
2867.175,1000.000
2868.176,1000.000
2869.177,1000.000
2870.178,1000.000
2871.179,1000.000
2872.180,1000.000
2873.181,1000.000
2874.182,1000.000
2875.183,1000.000
2876.184,1000.000
2877.185,1000.000
2878.186,1000.000
2879.187,1000.000
2880.188,1000.000
2881.188,1000.000
2882.189,1000.000
2883.190,1000.000
2884.191,1000.000
2885.192,1000.000
2886.193,1000.000
2887.194,1000.000
2888.195,1000.000
2889.196,1000.000
2890.197,1000.000
2891.198,1000.000
2892.199,1000.000
2893.200,1000.000
2894.201,1000.000
2895.202,1000.000
2896.203,1000.000
2897.204,1000.000
2898.205,1000.000
2899.206,1000.000
2900.207,1000.000
2901.208,1000.000
2902.209,1000.000
2903.210,1000.000
2904.211,1000.000
2905.212,1000.000
2906.213,1000.000
2907.214,1000.000
2908.215,1000.000
2909.216,1000.000
2910.217,1000.000
2911.218,1000.000
2912.219,1000.000
2913.220,1000.000
2914.221,1000.000
2915.222,1000.000
2916.223,1000.000
2917.224,1000.000
2918.225,1000.000
2919.226,1000.000
2920.227,1000.000
2921.228,1000.000
2922.229,1000.000
2923.229,1000.000
2924.230,1000.000
2925.231,1000.000
2926.232,1000.000
2927.233,1000.000
2928.234,1000.000
2929.235,1000.000
2930.236,1000.000
2931.237,1000.000
2932.238,1000.000
2933.239,1000.000
2934.240,1000.000
2935.241,1000.000
2936.242,1000.000
2937.243,1000.000
2938.244,1000.000
2939.245,1000.000
2940.246,1000.000
2941.247,1000.000
2942.248,1000.000
2943.249,1000.000
2944.250,1000.000
2945.251,1000.000
2946.252,1000.000
2947.253,1000.000
2948.254,1000.000
2949.255,1000.000
2950.256,1000.000
2951.257,1000.000
2952.258,1000.000
2953.259,1000.000
2954.260,1000.000
2955.261,1000.000
2956.262,1000.000
2957.263,1000.000
2958.264,1000.000
2959.265,1000.000
2960.266,1000.000
2961.267,1000.000
2962.268,1000.000
2963.269,1000.000
2964.270,1000.000
2965.271,1000.000
2966.271,1000.000
2967.272,1000.000
2968.273,1000.000
2969.274,1000.000
2970.275,1000.000
2971.276,1000.000
2972.277,1000.000
2973.278,1000.000
2974.279,1000.000
2975.280,1000.000
2976.281,1000.000
2977.282,1000.000
2978.283,1000.000
2979.284,1000.000
2980.285,1000.000
2981.286,1000.000
2982.287,1000.000
2983.288,1000.000
2984.289,1000.000
2985.290,1000.000
2986.291,1000.000
2987.292,1000.000
2988.293,1000.000
2989.294,1000.000
2990.295,1000.000
2991.296,1000.000
2992.297,1000.000
2993.298,1000.000
2994.299,1000.000
2995.300,1000.000
2996.301,1000.000
2997.302,1000.000
2998.303,1000.000
2999.304,1000.000
3000.305,1000.000
3001.306,1000.000
3002.307,1000.000
3003.308,1000.000
3004.309,1000.000
3005.310,1000.000
3006.311,1000.000
3007.312,1000.000
3008.313,1000.000
3009.313,1000.000
3010.314,1000.000
3011.315,1000.000
3012.316,1000.000
3013.317,1000.000
3014.318,1000.000
3015.319,1000.000
3016.320,1000.000
3017.321,1000.000
3018.322,1000.000
3019.323,1000.000
3020.324,1000.000
3021.325,1000.000
3022.326,1000.000
3023.327,1000.000
3024.328,1000.000
3025.329,1000.000
3026.330,1000.000
3027.331,1000.000
3028.332,1000.000
3029.333,1000.000
3030.334,1000.000
3031.335,1000.000
3032.336,1000.000
3033.337,1000.000
3034.338,1000.000
3035.339,1000.000
3036.340,1000.000
3037.341,1000.000
3038.342,1000.000
3039.343,1000.000
3040.344,1000.000
3041.345,1000.000
3042.346,1000.000
3043.347,1000.000
3044.348,1000.000
3045.349,1000.000
3046.350,1000.000
3047.351,1000.000
3048.352,1000.000
3049.353,1000.000
3050.354,1000.000
3051.354,1000.000
3052.355,1000.000
3053.356,1000.000
3054.357,1000.000
3055.358,1000.000
3056.359,1000.000
3057.360,1000.000
3058.361,1000.000
3059.362,1000.000
3060.363,1000.000
3061.364,1000.000
3062.365,1000.000
3063.366,1000.000
3064.367,1000.000
3065.368,1000.000
3066.369,1000.000
3067.370,1000.000
3068.371,1000.000
3069.372,1000.000
3070.373,1000.000
3071.374,1000.000
3072.375,1000.000
3073.376,1000.000
3074.377,1000.000
3075.378,1000.000
3076.379,1000.000
3077.380,1000.000
3078.381,1000.000
3079.382,1000.000
3080.383,1000.000
3081.384,1000.000
3082.385,1000.000
3083.386,1000.000
3084.387,1000.000
3085.388,1000.000
3086.389,1000.000
3087.390,1000.000
3088.391,1000.000
3089.392,1000.000
3090.393,1000.000
3091.394,1000.000
3092.395,1000.000
3093.396,1000.000
3094.396,1000.000
3095.397,1000.000
3096.398,1000.000
3097.399,1000.000
3098.400,1000.000
3099.401,1000.000
3100.402,1000.000
3101.403,1000.000
3102.404,1000.000
3103.405,1000.000
3104.406,1000.000
3105.407,1000.000
3106.408,1000.000
3107.409,1000.000
3108.410,1000.000
3109.411,1000.000
3110.412,1000.000
3111.413,1000.000
3112.414,1000.000
3113.415,1000.000
3114.416,1000.000
3115.417,1000.000
3116.418,1000.000
3117.419,1000.000
3118.420,1000.000
3119.421,1000.000
3120.422,1000.000
3121.423,1000.000
3122.424,1000.000
3123.425,1000.000
3124.426,1000.000
3125.427,1000.000
3126.428,1000.000
3127.429,1000.000
3128.430,1000.000
3129.431,1000.000
3130.432,1000.000
3131.433,1000.000
3132.434,1000.000
3133.435,1000.000
3134.436,1000.000
3135.437,1000.000
3136.438,1000.000
3137.438,1000.000
3138.439,1000.000
3139.440,1000.000
3140.441,1000.000
3141.442,1000.000
3142.443,1000.000
3143.444,1000.000
3144.445,1000.000
3145.446,1000.000
3146.447,1000.000
3147.448,1000.000
3148.449,1000.000
3149.450,1000.000
3150.451,1000.000
3151.452,1000.000
3152.453,1000.000
3153.454,1000.000
3154.455,1000.000
3155.456,1000.000
3156.457,1000.000
3157.458,1000.000
3158.459,1000.000
3159.460,1000.000
3160.461,1000.000
3161.462,1000.000
3162.463,1000.000
3163.464,1000.000
3164.465,1000.000
3165.466,1000.000
3166.467,1000.000
3167.468,1000.000
3168.469,1000.000
3169.470,1000.000
3170.471,1000.000
3171.472,1000.000
3172.473,1000.000
3173.474,1000.000
3174.475,1000.000
3175.476,1000.000
3176.477,1000.000
3177.478,1000.000
3178.479,1000.000
3179.479,1000.000
3180.480,1000.000
3181.481,1000.000
3182.482,1000.000
3183.483,1000.000
3184.484,1000.000
3185.485,1000.000
3186.486,1000.000
3187.487,1000.000
3188.488,1000.000
3189.489,1000.000
3190.490,1000.000
3191.491,1000.000
3192.492,1000.000
3193.493,1000.000
3194.494,1000.000
3195.495,1000.000
3196.496,1000.000
3197.497,1000.000
3198.498,1000.000
3199.499,1000.000
3200.500,1000.000
3201.501,1000.000
3202.502,1000.000
3203.503,1000.000
3204.504,1000.000
3205.505,1000.000
3206.506,1000.000
3207.507,1000.000
3208.508,1000.000
3209.509,1000.000
3210.510,1000.000
3211.511,1000.000
3212.512,1000.000
3213.513,1000.000
3214.514,1000.000
3215.515,1000.000
3216.516,1000.000
3217.517,1000.000
3218.518,1000.000
3219.519,1000.000
3220.520,1000.000
3221.521,1000.000
3222.521,1000.000
3223.522,1000.000
3224.523,1000.000
3225.524,1000.000
3226.525,1000.000
3227.526,1000.000
3228.527,1000.000
3229.528,1000.000
3230.529,1000.000
3231.530,1000.000
3232.531,1000.000
3233.532,1000.000
3234.533,1000.000
3235.534,1000.000
3236.535,1000.000
3237.536,1000.000
3238.537,1000.000
3239.538,1000.000
3240.539,1000.000
3241.540,1000.000
3242.541,1000.000
3243.542,1000.000
3244.543,1000.000
3245.544,1000.000
3246.545,1000.000
3247.546,1000.000
3248.547,1000.000
3249.548,1000.000
3250.549,1000.000
3251.550,1000.000
3252.551,1000.000
3253.552,1000.000
3254.553,1000.000
3255.554,1000.000
3256.555,1000.000
3257.556,1000.000
3258.557,1000.000
3259.558,1000.000
3260.559,1000.000
3261.560,1000.000
3262.561,1000.000
3263.562,1000.000
3264.563,1000.000
3265.563,1000.000
3266.564,1000.000
3267.565,1000.000
3268.566,1000.000
3269.567,1000.000
3270.568,1000.000
3271.569,1000.000
3272.570,1000.000
3273.571,1000.000
3274.572,1000.000
3275.573,1000.000
3276.574,1000.000
3277.575,1000.000
3278.576,1000.000
3279.577,1000.000
3280.578,1000.000
3281.579,1000.000
3282.580,1000.000
3283.581,1000.000
3284.582,1000.000
3285.583,1000.000
3286.584,1000.000
3287.585,1000.000
3288.586,1000.000
3289.587,1000.000
3290.588,1000.000
3291.589,1000.000
3292.590,1000.000
3293.591,1000.000
3294.592,1000.000
3295.593,1000.000
3296.594,1000.000
3297.595,1000.000
3298.596,1000.000
3299.597,1000.000
3300.598,1000.000
3301.599,1000.000
3302.600,1000.000
3303.601,1000.000
3304.602,1000.000
3305.603,1000.000
3306.604,1000.000
3307.604,1000.000
3308.605,1000.000
3309.606,1000.000
3310.607,1000.000
3311.608,1000.000
3312.609,1000.000
3313.610,1000.000
3314.611,1000.000
3315.612,1000.000
3316.613,1000.000
3317.614,1000.000
3318.615,1000.000
3319.616,1000.000
3320.617,1000.000
3321.618,1000.000
3322.619,1000.000
3323.620,1000.000
3324.621,1000.000
3325.622,1000.000
3326.623,1000.000
3327.624,1000.000
3328.625,1000.000
3329.626,1000.000
3330.627,1000.000
3331.628,1000.000
3332.629,1000.000
3333.630,1000.000
3334.631,1000.000
3335.632,1000.000
3336.633,1000.000
3337.634,1000.000
3338.635,1000.000
3339.636,1000.000
3340.637,1000.000
3341.638,1000.000
3342.639,1000.000
3343.640,1000.000
3344.641,1000.000
3345.642,1000.000
3346.643,1000.000
3347.644,1000.000
3348.645,1000.000
3349.646,1000.000
3350.646,1000.000
3351.647,1000.000
3352.648,1000.000
3353.649,1000.000
3354.650,1000.000
3355.651,1000.000
3356.652,1000.000
3357.653,1000.000
3358.654,1000.000
3359.655,1000.000
3360.656,1000.000
3361.657,1000.000
3362.658,1000.000
3363.659,1000.000
3364.660,1000.000
3365.661,1000.000
3366.662,1000.000
3367.663,1000.000
3368.664,1000.000
3369.665,1000.000
3370.666,1000.000
3371.667,1000.000
3372.668,1000.000
3373.669,1000.000
3374.670,1000.000
3375.671,1000.000
3376.672,1000.000
3377.673,1000.000
3378.674,1000.000
3379.675,1000.000
3380.676,1000.000
3381.677,1000.000
3382.678,1000.000
3383.679,1000.000
3384.680,1000.000
3385.681,1000.000
3386.682,1000.000
3387.683,1000.000
3388.684,1000.000
3389.685,1000.000
3390.686,1000.000
3391.687,1000.000
3392.688,1000.000
3393.688,1000.000
3394.689,1000.000
3395.690,1000.000
3396.691,1000.000
3397.692,1000.000
3398.693,1000.000
3399.694,1000.000
3400.695,1000.000
3401.696,1000.000
3402.697,1000.000
3403.698,1000.000
3404.699,1000.000
3405.700,1000.000
3406.701,1000.000
3407.702,1000.000
3408.703,1000.000
3409.704,1000.000
3410.705,1000.000
3411.706,1000.000
3412.707,1000.000
3413.708,1000.000
3414.709,1000.000
3415.710,1000.000
3416.711,1000.000
3417.712,1000.000
3418.713,1000.000
3419.714,1000.000
3420.715,1000.000
3421.716,1000.000
3422.717,1000.000
3423.718,1000.000
3424.719,1000.000
3425.720,1000.000
3426.721,1000.000
3427.722,1000.000
3428.723,1000.000
3429.724,1000.000
3430.725,1000.000
3431.726,1000.000
3432.727,1000.000
3433.728,1000.000
3434.729,1000.000
3435.729,1000.000
3436.730,1000.000
3437.731,1000.000
3438.732,1000.000
3439.733,1000.000
3440.734,1000.000
3441.735,1000.000
3442.736,1000.000
3443.737,1000.000
3444.738,1000.000
3445.739,1000.000
3446.740,1000.000
3447.741,1000.000
3448.742,1000.000
3449.743,1000.000
3450.744,1000.000
3451.745,1000.000
3452.746,1000.000
3453.747,1000.000
3454.748,1000.000
3455.749,1000.000
3456.750,1000.000
3457.751,1000.000
3458.752,1000.000
3459.753,1000.000
3460.754,1000.000
3461.755,1000.000
3462.756,1000.000
3463.757,1000.000
3464.758,1000.000
3465.759,1000.000
3466.760,1000.000
3467.761,1000.000
3468.762,1000.000
3469.763,1000.000
3470.764,1000.000
3471.765,1000.000
3472.766,1000.000
3473.767,1000.000
3474.768,1000.000
3475.769,1000.000
3476.770,1000.000
3477.771,1000.000
3478.771,1000.000
3479.772,1000.000
3480.773,1000.000
3481.774,1000.000
3482.775,1000.000
3483.776,1000.000
3484.777,1000.000
3485.778,1000.000
3486.779,1000.000
3487.780,1000.000
3488.781,1000.000
3489.782,1000.000
3490.783,1000.000
3491.784,1000.000
3492.785,1000.000
3493.786,1000.000
3494.787,1000.000
3495.788,1000.000
3496.789,1000.000
3497.790,1000.000
3498.791,1000.000
3499.792,1000.000
3500.793,1000.000
3501.794,1000.000
3502.795,1000.000
3503.796,1000.000
3504.797,1000.000
3505.798,1000.000
3506.799,1000.000
3507.800,1000.000
3508.801,1000.000
3509.802,1000.000
3510.803,1000.000
3511.804,1000.000
3512.805,1000.000
3513.806,1000.000
3514.807,1000.000
3515.808,1000.000
3516.809,1000.000
3517.810,1000.000
3518.811,1000.000
3519.812,1000.000
3520.813,1000.000
3521.813,1000.000
3522.814,1000.000
3523.815,1000.000
3524.816,1000.000
3525.817,1000.000
3526.818,1000.000
3527.819,1000.000
3528.820,1000.000
3529.821,1000.000
3530.822,1000.000
3531.823,1000.000
3532.824,1000.000
3533.825,1000.000
3534.826,1000.000
3535.827,1000.000
3536.828,1000.000
3537.829,1000.000
3538.830,1000.000
3539.831,1000.000
3540.832,1000.000
3541.833,1000.000
3542.834,1000.000
3543.835,1000.000
3544.836,1000.000
3545.837,1000.000
3546.838,1000.000
3547.839,1000.000
3548.840,1000.000
3549.841,1000.000
3550.842,1000.000
3551.843,1000.000
3552.844,1000.000
3553.845,1000.000
3554.846,1000.000
3555.847,1000.000
3556.848,1000.000
3557.849,1000.000
3558.850,1000.000
3559.851,1000.000
3560.852,1000.000
3561.853,1000.000
3562.854,1000.000
3563.854,1000.000
3564.855,1000.000
3565.856,1000.000
3566.857,1000.000
3567.858,1000.000
3568.859,1000.000
3569.860,1000.000
3570.861,1000.000
3571.862,1000.000
3572.863,1000.000
3573.864,1000.000
3574.865,1000.000
3575.866,1000.000
3576.867,1000.000
3577.868,1000.000
3578.869,1000.000
3579.870,1000.000
3580.871,1000.000
3581.872,1000.000
3582.873,1000.000
3583.874,1000.000
3584.875,1000.000
3585.876,1000.000
3586.877,1000.000
3587.878,1000.000
3588.879,1000.000
3589.880,1000.000
3590.881,1000.000
3591.882,1000.000
3592.883,1000.000
3593.884,1000.000
3594.885,1000.000
3595.886,1000.000
3596.887,1000.000
3597.888,1000.000
3598.889,1000.000
3599.890,1000.000
3600.891,1000.000
3601.892,1000.000
3602.893,1000.000
3603.894,1000.000
3604.895,1000.000
3605.896,1000.000
3606.896,1000.000
3607.897,1000.000
3608.898,1000.000
3609.899,1000.000
3610.900,1000.000
3611.901,1000.000
3612.902,1000.000
3613.903,1000.000
3614.904,1000.000
3615.905,1000.000
3616.906,1000.000
3617.907,1000.000
3618.908,1000.000
3619.909,1000.000
3620.910,1000.000
3621.911,1000.000
3622.912,1000.000
3623.913,1000.000
3624.914,1000.000
3625.915,1000.000
3626.916,1000.000
3627.917,1000.000
3628.918,1000.000
3629.919,1000.000
3630.920,1000.000
3631.921,1000.000
3632.922,1000.000
3633.923,1000.000
3634.924,1000.000
3635.925,1000.000
3636.926,1000.000
3637.927,1000.000
3638.928,1000.000
3639.929,1000.000
3640.930,1000.000
3641.931,1000.000
3642.932,1000.000
3643.933,1000.000
3644.934,1000.000
3645.935,1000.000
3646.936,1000.000
3647.937,1000.000
3648.938,1000.000
3649.938,1000.000
3650.939,1000.000
3651.940,1000.000
3652.941,1000.000
3653.942,1000.000
3654.943,1000.000
3655.944,1000.000
3656.945,1000.000
3657.946,1000.000
3658.947,1000.000
3659.948,1000.000
3660.949,1000.000
3661.950,1000.000
3662.951,1000.000
3663.952,1000.000
3664.953,1000.000
3665.954,1000.000
3666.955,1000.000
3667.956,1000.000
3668.957,1000.000
3669.958,1000.000
3670.959,1000.000
3671.960,1000.000
3672.961,1000.000
3673.962,1000.000
3674.963,1000.000
3675.964,1000.000
3676.965,1000.000
3677.966,1000.000
3678.967,1000.000
3679.968,1000.000
3680.969,1000.000
3681.970,1000.000
3682.971,1000.000
3683.972,1000.000
3684.973,1000.000
3685.974,1000.000
3686.975,1000.000
3687.976,1000.000
3688.977,1000.000
3689.978,1000.000
3690.979,1000.000
3691.979,1000.000
3692.980,1000.000
3693.981,1000.000
3694.982,1000.000
3695.983,1000.000
3696.984,1000.000
3697.985,1000.000
3698.986,1000.000
3699.987,1000.000
3700.988,1000.000
3701.989,1000.000
3702.990,1000.000
3703.991,1000.000
3704.992,1000.000
3705.993,1000.000
3706.994,1000.000
3707.995,1000.000
3708.996,1000.000
3709.997,1000.000
3710.998,1000.000
3711.999,1000.000
3713.000,1000.000
3714.001,1000.000
3715.002,1000.000
3716.003,1000.000
3717.004,1000.000
3718.005,1000.000
3719.006,1000.000
3720.007,1000.000
3721.008,1000.000
3722.009,1000.000
3723.010,1000.000
3724.011,1000.000
3725.012,1000.000
3726.013,1000.000
3727.014,1000.000
3728.015,1000.000
3729.016,1000.000
3730.017,1000.000
3731.018,1000.000
3732.019,1000.000
3733.020,1000.000
3734.021,1000.000
3735.021,1000.000
3736.022,1000.000
3737.023,1000.000
3738.024,1000.000
3739.025,1000.000
3740.026,1000.000
3741.027,1000.000
3742.028,1000.000
3743.029,1000.000
3744.030,1000.000
3745.031,1000.000
3746.032,1000.000
3747.033,1000.000
3748.034,1000.000
3749.035,1000.000
3750.036,1000.000
3751.037,1000.000
3752.038,1000.000
3753.039,1000.000
3754.040,1000.000
3755.041,1000.000
3756.042,1000.000
3757.043,1000.000
3758.044,1000.000
3759.045,1000.000
3760.046,1000.000
3761.047,1000.000
3762.048,1000.000
3763.049,1000.000
3764.050,1000.000
3765.051,1000.000
3766.052,1000.000
3767.053,1000.000
3768.054,1000.000
3769.055,1000.000
3770.056,1000.000
3771.057,1000.000
3772.058,1000.000
3773.059,1000.000
3774.060,1000.000
3775.061,1000.000
3776.062,1000.000
3777.063,1000.000
3778.063,1000.000
3779.064,1000.000
3780.065,1000.000
3781.066,1000.000
3782.067,1000.000
3783.068,1000.000
3784.069,1000.000
3785.070,1000.000
3786.071,1000.000
3787.072,1000.000
3788.073,1000.000
3789.074,1000.000
3790.075,1000.000
3791.076,1000.000
3792.077,1000.000
3793.078,1000.000
3794.079,1000.000
3795.080,1000.000
3796.081,1000.000
3797.082,1000.000
3798.083,1000.000
3799.084,1000.000
3800.085,1000.000
3801.086,1000.000
3802.087,1000.000
3803.088,1000.000
3804.089,1000.000
3805.090,1000.000
3806.091,1000.000
3807.092,1000.000
3808.093,1000.000
3809.094,1000.000
3810.095,1000.000
3811.096,1000.000
3812.097,1000.000
3813.098,1000.000
3814.099,1000.000
3815.100,1000.000
3816.101,1000.000
3817.102,1000.000
3818.103,1000.000
3819.104,1000.000
3820.104,1000.000
3821.105,1000.000
3822.106,1000.000
3823.107,1000.000
3824.108,1000.000
3825.109,1000.000
3826.110,1000.000
3827.111,1000.000
3828.112,1000.000
3829.113,1000.000
3830.114,1000.000
3831.115,1000.000
3832.116,1000.000
3833.117,1000.000
3834.118,1000.000
3835.119,1000.000
3836.120,1000.000
3837.121,1000.000
3838.122,1000.000
3839.123,1000.000
3840.124,1000.000
3841.125,1000.000
3842.126,1000.000
3843.127,1000.000
3844.128,1000.000
3845.129,1000.000
3846.130,1000.000
3847.131,1000.000
3848.132,1000.000
3849.133,1000.000
3850.134,1000.000
3851.135,1000.000
3852.136,1000.000
3853.137,1000.000
3854.138,1000.000
3855.139,1000.000
3856.140,1000.000
3857.141,1000.000
3858.142,1000.000
3859.143,1000.000
3860.144,1000.000
3861.145,1000.000
3862.146,1000.000
3863.146,1000.000
3864.147,1000.000
3865.148,1000.000
3866.149,1000.000
3867.150,1000.000
3868.151,1000.000
3869.152,1000.000
3870.153,1000.000
3871.154,1000.000
3872.155,1000.000
3873.156,1000.000
3874.157,1000.000
3875.158,1000.000
3876.159,1000.000
3877.160,1000.000
3878.161,1000.000
3879.162,1000.000
3880.163,1000.000
3881.164,1000.000
3882.165,1000.000
3883.166,1000.000
3884.167,1000.000
3885.168,1000.000
3886.169,1000.000
3887.170,1000.000
3888.171,1000.000
3889.172,1000.000
3890.173,1000.000
3891.174,1000.000
3892.175,1000.000
3893.176,1000.000
3894.177,1000.000
3895.178,1000.000
3896.179,1000.000
3897.180,1000.000
3898.181,1000.000
3899.182,1000.000
3900.183,1000.000
3901.184,1000.000
3902.185,1000.000
3903.186,1000.000
3904.187,1000.000
3905.188,1000.000
3906.188,1000.000
3907.189,1000.000
3908.190,1000.000
3909.191,1000.000
3910.192,1000.000
3911.193,1000.000
3912.194,1000.000
3913.195,1000.000
3914.196,1000.000
3915.197,1000.000
3916.198,1000.000
3917.199,1000.000
3918.200,1000.000
3919.201,1000.000
3920.202,1000.000
3921.203,1000.000
3922.204,1000.000
3923.205,1000.000
3924.206,1000.000
3925.207,1000.000
3926.208,1000.000
3927.209,1000.000
3928.210,1000.000
3929.211,1000.000
3930.212,1000.000
3931.213,1000.000
3932.214,1000.000
3933.215,1000.000
3934.216,1000.000
3935.217,1000.000
3936.218,1000.000
3937.219,1000.000
3938.220,1000.000
3939.221,1000.000
3940.222,1000.000
3941.223,1000.000
3942.224,1000.000
3943.225,1000.000
3944.226,1000.000
3945.227,1000.000
3946.228,1000.000
3947.229,1000.000
3948.229,1000.000
3949.230,1000.000
3950.231,1000.000
3951.232,1000.000
3952.233,1000.000
3953.234,1000.000
3954.235,1000.000
3955.236,1000.000
3956.237,1000.000
3957.238,1000.000
3958.239,1000.000
3959.240,1000.000
3960.241,1000.000
3961.242,1000.000
3962.243,1000.000
3963.244,1000.000
3964.245,1000.000
3965.246,1000.000
3966.247,1000.000
3967.248,1000.000
3968.249,1000.000
3969.250,1000.000
3970.251,1000.000
3971.252,1000.000
3972.253,1000.000
3973.254,1000.000
3974.255,1000.000
3975.256,1000.000
3976.257,1000.000
3977.258,1000.000
3978.259,1000.000
3979.260,1000.000
3980.261,1000.000
3981.262,1000.000
3982.263,1000.000
3983.264,1000.000
3984.265,1000.000
3985.266,1000.000
3986.267,1000.000
3987.268,1000.000
3988.269,1000.000
3989.270,1000.000
3990.271,1000.000
3991.271,1000.000
3992.272,1000.000
3993.273,1000.000
3994.274,1000.000
3995.275,1000.000
3996.276,1000.000
3997.277,1000.000
3998.278,1000.000
3999.279,1000.000
4000.280,1000.000
4001.281,1000.000
4002.282,1000.000
4003.283,1000.000
4004.284,1000.000
4005.285,1000.000
4006.286,1000.000
4007.287,1000.000
4008.288,1000.000
4009.289,1000.000
4010.290,1000.000
4011.291,1000.000
4012.292,1000.000
4013.293,1000.000
4014.294,1000.000
4015.295,1000.000
4016.296,1000.000
4017.297,1000.000
4018.298,1000.000
4019.299,1000.000
4020.300,1000.000
4021.301,1000.000
4022.302,1000.000
4023.303,1000.000
4024.304,1000.000
4025.305,1000.000
4026.306,1000.000
4027.307,1000.000
4028.308,1000.000
4029.309,1000.000
4030.310,1000.000
4031.311,1000.000
4032.312,1000.000
4033.313,1000.000
4034.313,1000.000
4035.314,1000.000
4036.315,1000.000
4037.316,1000.000
4038.317,1000.000
4039.318,1000.000
4040.319,1000.000
4041.320,1000.000
4042.321,1000.000
4043.322,1000.000
4044.323,1000.000
4045.324,1000.000
4046.325,1000.000
4047.326,1000.000
4048.327,1000.000
4049.328,1000.000
4050.329,1000.000
4051.330,1000.000
4052.331,1000.000
4053.332,1000.000
4054.333,1000.000
4055.334,1000.000
4056.335,1000.000
4057.336,1000.000
4058.337,1000.000
4059.338,1000.000
4060.339,1000.000
4061.340,1000.000
4062.341,1000.000
4063.342,1000.000
4064.343,1000.000
4065.344,1000.000
4066.345,1000.000
4067.346,1000.000
4068.347,1000.000
4069.348,1000.000
4070.349,1000.000
4071.350,1000.000
4072.351,1000.000
4073.352,1000.000
4074.353,1000.000
4075.354,1000.000
4076.354,1000.000
4077.355,1000.000
4078.356,1000.000
4079.357,1000.000
4080.358,1000.000
4081.359,1000.000
4082.360,1000.000
4083.361,1000.000
4084.362,1000.000
4085.363,1000.000
4086.364,1000.000
4087.365,1000.000
4088.366,1000.000
4089.367,1000.000
4090.368,1000.000
4091.369,1000.000
4092.370,1000.000
4093.371,1000.000
4094.372,1000.000
4095.373,1000.000
4096.374,1000.000
4097.375,1000.000
4098.376,1000.000
4099.377,1000.000
4100.378,1000.000
4101.379,1000.000
4102.380,1000.000
4103.381,1000.000
4104.382,1000.000
4105.383,1000.000
4106.384,1000.000
4107.385,1000.000
4108.386,1000.000
4109.387,1000.000
4110.388,1000.000
4111.389,1000.000
4112.390,1000.000
4113.391,1000.000
4114.392,1000.000
4115.393,1000.000
4116.394,1000.000
4117.395,1000.000
4118.396,1000.000
4119.396,1000.000
4120.397,1000.000
4121.398,1000.000
4122.399,1000.000
4123.400,1000.000
4124.401,1000.000
4125.402,1000.000
4126.403,1000.000
4127.404,1000.000
4128.405,1000.000
4129.406,1000.000
4130.407,1000.000
4131.408,1000.000
4132.409,1000.000
4133.410,1000.000
4134.411,1000.000
4135.412,1000.000
4136.413,1000.000
4137.414,1000.000
4138.415,1000.000
4139.416,1000.000
4140.417,1000.000
4141.418,1000.000
4142.419,1000.000
4143.420,1000.000
4144.421,1000.000
4145.422,1000.000
4146.423,1000.000
4147.424,1000.000
4148.425,1000.000
4149.426,1000.000
4150.427,1000.000
4151.428,1000.000
4152.429,1000.000
4153.430,1000.000
4154.431,1000.000
4155.432,1000.000
4156.433,1000.000
4157.434,1000.000
4158.435,1000.000
4159.436,1000.000
4160.437,1000.000
4161.438,1000.000
4162.438,1000.000
4163.439,1000.000
4164.440,1000.000
4165.441,1000.000
4166.442,1000.000
4167.443,1000.000
4168.444,1000.000
4169.445,1000.000
4170.446,1000.000
4171.447,1000.000
4172.448,1000.000
4173.449,1000.000
4174.450,1000.000
4175.451,1000.000
4176.452,1000.000
4177.453,1000.000
4178.454,1000.000
4179.455,1000.000
4180.456,1000.000
4181.457,1000.000
4182.458,1000.000
4183.459,1000.000
4184.460,1000.000
4185.461,1000.000
4186.462,1000.000
4187.463,1000.000
4188.464,1000.000
4189.465,1000.000
4190.466,1000.000
4191.467,1000.000
4192.468,1000.000
4193.469,1000.000
4194.470,1000.000
4195.471,1000.000
4196.472,1000.000
4197.473,1000.000
4198.474,1000.000
4199.475,1000.000
4200.476,1000.000
4201.477,1000.000
4202.478,1000.000
4203.479,1000.000
4204.479,1000.000
4205.480,1000.000
4206.481,1000.000
4207.482,1000.000
4208.483,1000.000
4209.484,1000.000
4210.485,1000.000
4211.486,1000.000
4212.487,1000.000
4213.488,1000.000
4214.489,1000.000
4215.490,1000.000
4216.491,1000.000
4217.492,1000.000
4218.493,1000.000
4219.494,1000.000
4220.495,1000.000
4221.496,1000.000
4222.497,1000.000
4223.498,1000.000
4224.499,1000.000
4225.500,1000.000
4226.501,1000.000
4227.502,1000.000
4228.503,1000.000
4229.504,1000.000
4230.505,1000.000
4231.506,1000.000
4232.507,1000.000
4233.508,1000.000
4234.509,1000.000
4235.510,1000.000
4236.511,1000.000
4237.512,1000.000
4238.513,1000.000
4239.514,1000.000
4240.515,1000.000
4241.516,1000.000
4242.517,1000.000
4243.518,1000.000
4244.519,1000.000
4245.520,1000.000
4246.521,1000.000
4247.521,1000.000
4248.522,1000.000
4249.523,1000.000
4250.524,1000.000
4251.525,1000.000
4252.526,1000.000
4253.527,1000.000
4254.528,1000.000
4255.529,1000.000
4256.530,1000.000
4257.531,1000.000
4258.532,1000.000
4259.533,1000.000
4260.534,1000.000
4261.535,1000.000
4262.536,1000.000
4263.537,1000.000
4264.538,1000.000
4265.539,1000.000
4266.540,1000.000
4267.541,1000.000
4268.542,1000.000
4269.543,1000.000
4270.544,1000.000
4271.545,1000.000
4272.546,1000.000
4273.547,1000.000
4274.548,1000.000
4275.549,1000.000
4276.550,1000.000
4277.551,1000.000
4278.552,1000.000
4279.553,1000.000
4280.554,1000.000
4281.555,1000.000
4282.556,1000.000
4283.557,1000.000
4284.558,1000.000
4285.559,1000.000
4286.560,1000.000
4287.561,1000.000
4288.562,1000.000
4289.563,1000.000
4290.563,1000.000
4291.564,1000.000
4292.565,1000.000
4293.566,1000.000
4294.567,1000.000
4295.568,1000.000
4296.569,1000.000
4297.570,1000.000
4298.571,1000.000
4299.572,1000.000
4300.573,1000.000
4301.574,1000.000
4302.575,1000.000
4303.576,1000.000
4304.577,1000.000
4305.578,1000.000
4306.579,1000.000
4307.580,1000.000
4308.581,1000.000
4309.582,1000.000
4310.583,1000.000
4311.584,1000.000
4312.585,1000.000
4313.586,1000.000
4314.587,1000.000
4315.588,1000.000
4316.589,1000.000
4317.590,1000.000
4318.591,1000.000
4319.592,1000.000
4320.593,1000.000
4321.594,1000.000
4322.595,1000.000
4323.596,1000.000
4324.597,1000.000
4325.598,1000.000
4326.599,1000.000
4327.600,1000.000
4328.601,1000.000
4329.602,1000.000
4330.603,1000.000
4331.604,1000.000
4332.604,1000.000
4333.605,1000.000
4334.606,1000.000
4335.607,1000.000
4336.608,1000.000
4337.609,1000.000
4338.610,1000.000
4339.611,1000.000
4340.612,1000.000
4341.613,1000.000
4342.614,1000.000
4343.615,1000.000
4344.616,1000.000
4345.617,1000.000
4346.618,1000.000
4347.619,1000.000
4348.620,1000.000
4349.621,1000.000
4350.622,1000.000
4351.623,1000.000
4352.624,1000.000
4353.625,1000.000
4354.626,1000.000
4355.627,1000.000
4356.628,1000.000
4357.629,1000.000
4358.630,1000.000
4359.631,1000.000
4360.632,1000.000
4361.633,1000.000
4362.634,1000.000
4363.635,1000.000
4364.636,1000.000
4365.637,1000.000
4366.638,1000.000
4367.639,1000.000
4368.640,1000.000
4369.641,1000.000
4370.642,1000.000
4371.643,1000.000
4372.644,1000.000
4373.645,1000.000
4374.646,1000.000
4375.646,1000.000
4376.647,1000.000
4377.648,1000.000
4378.649,1000.000
4379.650,1000.000
4380.651,1000.000
4381.652,1000.000
4382.653,1000.000
4383.654,1000.000
4384.655,1000.000
4385.656,1000.000
4386.657,1000.000
4387.658,1000.000
4388.659,1000.000
4389.660,1000.000
4390.661,1000.000
4391.662,1000.000
4392.663,1000.000
4393.664,1000.000
4394.665,1000.000
4395.666,1000.000
4396.667,1000.000
4397.668,1000.000
4398.669,1000.000
4399.670,1000.000
4400.671,1000.000
4401.672,1000.000
4402.673,1000.000
4403.674,1000.000
4404.675,1000.000
4405.676,1000.000
4406.677,1000.000
4407.678,1000.000
4408.679,1000.000
4409.680,1000.000
4410.681,1000.000
4411.682,1000.000
4412.683,1000.000
4413.684,1000.000
4414.685,1000.000
4415.686,1000.000
4416.687,1000.000
4417.688,1000.000
4418.688,1000.000
4419.689,1000.000
4420.690,1000.000
4421.691,1000.000
4422.692,1000.000
4423.693,1000.000
4424.694,1000.000
4425.695,1000.000
4426.696,1000.000
4427.697,1000.000
4428.698,1000.000
4429.699,1000.000
4430.700,1000.000
4431.701,1000.000
4432.702,1000.000
4433.703,1000.000
4434.704,1000.000
4435.705,1000.000
4436.706,1000.000
4437.707,1000.000
4438.708,1000.000
4439.709,1000.000
4440.710,1000.000
4441.711,1000.000
4442.712,1000.000
4443.713,1000.000
4444.714,1000.000
4445.715,1000.000
4446.716,1000.000
4447.717,1000.000
4448.718,1000.000
4449.719,1000.000
4450.720,1000.000
4451.721,1000.000
4452.722,1000.000
4453.723,1000.000
4454.724,1000.000
4455.725,1000.000
4456.726,1000.000
4457.727,1000.000
4458.728,1000.000
4459.729,1000.000
4460.729,1000.000
4461.730,1000.000
4462.731,1000.000
4463.732,1000.000
4464.733,1000.000
4465.734,1000.000
4466.735,1000.000
4467.736,1000.000
4468.737,1000.000
4469.738,1000.000
4470.739,1000.000
4471.740,1000.000
4472.741,1000.000
4473.742,1000.000
4474.743,1000.000
4475.744,1000.000
4476.745,1000.000
4477.746,1000.000
4478.747,1000.000
4479.748,1000.000
4480.749,1000.000
4481.750,1000.000
4482.751,1000.000
4483.752,1000.000
4484.753,1000.000
4485.754,1000.000
4486.755,1000.000
4487.756,1000.000
4488.757,1000.000
4489.758,1000.000
4490.759,1000.000
4491.760,1000.000
4492.761,1000.000
4493.762,1000.000
4494.763,1000.000
4495.764,1000.000
4496.765,1000.000
4497.766,1000.000
4498.767,1000.000
4499.768,1000.000
4500.769,1000.000
4501.770,1000.000
4502.771,1000.000
4503.771,1000.000
4504.772,1000.000
4505.773,1000.000
4506.774,1000.000
4507.775,1000.000
4508.776,1000.000
4509.777,1000.000
4510.778,1000.000
4511.779,1000.000
4512.780,1000.000
4513.781,1000.000
4514.782,1000.000
4515.783,1000.000
4516.784,1000.000
4517.785,1000.000
4518.786,1000.000
4519.787,1000.000
4520.788,1000.000
4521.789,1000.000
4522.790,1000.000
4523.791,1000.000
4524.792,1000.000
4525.793,1000.000
4526.794,1000.000
4527.795,1000.000
4528.796,1000.000
4529.797,1000.000
4530.798,1000.000
4531.799,1000.000
4532.800,1000.000
4533.801,1000.000
4534.802,1000.000
4535.803,1000.000
4536.804,1000.000
4537.805,1000.000
4538.806,1000.000
4539.807,1000.000
4540.808,1000.000
4541.809,1000.000
4542.810,1000.000
4543.811,1000.000
4544.812,1000.000
4545.813,1000.000
4546.813,1000.000
4547.814,1000.000
4548.815,1000.000
4549.816,1000.000
4550.817,1000.000
4551.818,1000.000
4552.819,1000.000
4553.820,1000.000
4554.821,1000.000
4555.822,1000.000
4556.823,1000.000
4557.824,1000.000
4558.825,1000.000
4559.826,1000.000
4560.827,1000.000
4561.828,1000.000
4562.829,1000.000
4563.830,1000.000
4564.831,1000.000
4565.832,1000.000
4566.833,1000.000
4567.834,1000.000
4568.835,1000.000
4569.836,1000.000
4570.837,1000.000
4571.838,1000.000
4572.839,1000.000
4573.840,1000.000
4574.841,1000.000
4575.842,1000.000
4576.843,1000.000
4577.844,1000.000
4578.845,1000.000
4579.846,1000.000
4580.847,1000.000
4581.848,1000.000
4582.849,1000.000
4583.850,1000.000
4584.851,1000.000
4585.852,1000.000
4586.853,1000.000
4587.854,1000.000
4588.854,1000.000
4589.855,1000.000
4590.856,1000.000
4591.857,1000.000
4592.858,1000.000
4593.859,1000.000
4594.860,1000.000
4595.861,1000.000
4596.862,1000.000
4597.863,1000.000
4598.864,1000.000
4599.865,1000.000
4600.866,1000.000
4601.867,1000.000
4602.868,1000.000
4603.869,1000.000
4604.870,1000.000
4605.871,1000.000
4606.872,1000.000
4607.873,1000.000
4608.874,1000.000
4609.875,1000.000
4610.876,1000.000
4611.877,1000.000
4612.878,1000.000
4613.879,1000.000
4614.880,1000.000
4615.881,1000.000
4616.882,1000.000
4617.883,1000.000
4618.884,1000.000
4619.885,1000.000
4620.886,1000.000
4621.887,1000.000
4622.888,1000.000
4623.889,1000.000
4624.890,1000.000
4625.891,1000.000
4626.892,1000.000
4627.893,1000.000
4628.894,1000.000
4629.895,1000.000
4630.896,1000.000
4631.896,1000.000
4632.897,1000.000
4633.898,1000.000
4634.899,1000.000
4635.900,1000.000
4636.901,1000.000
4637.902,1000.000
4638.903,1000.000
4639.904,1000.000
4640.905,1000.000
4641.906,1000.000
4642.907,1000.000
4643.908,1000.000
4644.909,1000.000
4645.910,1000.000
4646.911,1000.000
4647.912,1000.000
4648.913,1000.000
4649.914,1000.000
4650.915,1000.000
4651.916,1000.000
4652.917,1000.000
4653.918,1000.000
4654.919,1000.000
4655.920,1000.000
4656.921,1000.000
4657.922,1000.000
4658.923,1000.000
4659.924,1000.000
4660.925,1000.000
4661.926,1000.000
4662.927,1000.000
4663.928,1000.000
4664.929,1000.000
4665.930,1000.000
4666.931,1000.000
4667.932,1000.000
4668.933,1000.000
4669.934,1000.000
4670.935,1000.000
4671.936,1000.000
4672.937,1000.000
4673.938,1000.000
4674.938,1000.000
4675.939,1000.000
4676.940,1000.000
4677.941,1000.000
4678.942,1000.000
4679.943,1000.000
4680.944,1000.000
4681.945,1000.000
4682.946,1000.000
4683.947,1000.000
4684.948,1000.000
4685.949,1000.000
4686.950,1000.000
4687.951,1000.000
4688.952,1000.000
4689.953,1000.000
4690.954,1000.000
4691.955,1000.000
4692.956,1000.000
4693.957,1000.000
4694.958,1000.000
4695.959,1000.000
4696.960,1000.000
4697.961,1000.000
4698.962,1000.000
4699.963,1000.000
4700.964,1000.000
4701.965,1000.000
4702.966,1000.000
4703.967,1000.000
4704.968,1000.000
4705.969,1000.000
4706.970,1000.000
4707.971,1000.000
4708.972,1000.000
4709.973,1000.000
4710.974,1000.000
4711.975,1000.000
4712.976,1000.000
4713.977,1000.000
4714.978,1000.000
4715.979,1000.000
4716.979,1000.000
4717.980,1000.000
4718.981,1000.000
4719.982,1000.000
4720.983,1000.000
4721.984,1000.000
4722.985,1000.000
4723.986,1000.000
4724.987,1000.000
4725.988,1000.000
4726.989,1000.000
4727.990,1000.000
4728.991,1000.000
4729.992,1000.000
4730.993,1000.000
4731.994,1000.000
4732.995,1000.000
4733.996,1000.000
4734.997,1000.000
4735.998,1000.000
4736.999,1000.000
4738.000,1000.000
4739.001,1000.000
4740.002,1000.000
4741.003,1000.000
4742.004,1000.000
4743.005,1000.000
4744.006,1000.000
4745.007,1000.000
4746.008,1000.000
4747.009,1000.000
4748.010,1000.000
4749.011,1000.000
4750.012,1000.000
4751.013,1000.000
4752.014,1000.000
4753.015,1000.000
4754.016,1000.000
4755.017,1000.000
4756.018,1000.000
4757.019,1000.000
4758.020,1000.000
4759.021,1000.000
4760.021,1000.000
4761.022,1000.000
4762.023,1000.000
4763.024,1000.000
4764.025,1000.000
4765.026,1000.000
4766.027,1000.000
4767.028,1000.000
4768.029,1000.000
4769.030,1000.000
4770.031,1000.000
4771.032,1000.000
4772.033,1000.000
4773.034,1000.000
4774.035,1000.000
4775.036,1000.000
4776.037,1000.000
4777.038,1000.000
4778.039,1000.000
4779.040,1000.000
4780.041,1000.000
4781.042,1000.000
4782.043,1000.000
4783.044,1000.000
4784.045,1000.000
4785.046,1000.000
4786.047,1000.000
4787.048,1000.000
4788.049,1000.000
4789.050,1000.000
4790.051,1000.000
4791.052,1000.000
4792.053,1000.000
4793.054,1000.000
4794.055,1000.000
4795.056,1000.000
4796.057,1000.000
4797.058,1000.000
4798.059,1000.000
4799.060,1000.000
4800.061,1000.000
4801.062,1000.000
4802.063,1000.000
4803.063,1000.000
4804.064,1000.000
4805.065,1000.000
4806.066,1000.000
4807.067,1000.000
4808.068,1000.000
4809.069,1000.000
4810.070,1000.000
4811.071,1000.000
4812.072,1000.000
4813.073,1000.000
4814.074,1000.000
4815.075,1000.000
4816.076,1000.000
4817.077,1000.000
4818.078,1000.000
4819.079,1000.000
4820.080,1000.000
4821.081,1000.000
4822.082,1000.000
4823.083,1000.000
4824.084,1000.000
4825.085,1000.000
4826.086,1000.000
4827.087,1000.000
4828.088,1000.000
4829.089,1000.000
4830.090,1000.000
4831.091,1000.000
4832.092,1000.000
4833.093,1000.000
4834.094,1000.000
4835.095,1000.000
4836.096,1000.000
4837.097,1000.000
4838.098,1000.000
4839.099,1000.000
4840.100,1000.000
4841.101,1000.000
4842.102,1000.000
4843.103,1000.000
4844.104,1000.000
4845.104,1000.000
4846.105,1000.000
4847.106,1000.000
4848.107,1000.000
4849.108,1000.000
4850.109,1000.000
4851.110,1000.000
4852.111,1000.000
4853.112,1000.000
4854.113,1000.000
4855.114,1000.000
4856.115,1000.000
4857.116,1000.000
4858.117,1000.000
4859.118,1000.000
4860.119,1000.000
4861.120,1000.000
4862.121,1000.000
4863.122,1000.000
4864.123,1000.000
4865.124,1000.000
4866.125,1000.000
4867.126,1000.000
4868.127,1000.000
4869.128,1000.000
4870.129,1000.000
4871.130,1000.000
4872.131,1000.000
4873.132,1000.000
4874.133,1000.000
4875.134,1000.000
4876.135,1000.000
4877.136,1000.000
4878.137,1000.000
4879.138,1000.000
4880.139,1000.000
4881.140,1000.000
4882.141,1000.000
4883.142,1000.000
4884.143,1000.000
4885.144,1000.000
4886.145,1000.000
4887.146,1000.000
4888.146,1000.000
4889.147,1000.000
4890.148,1000.000
4891.149,1000.000
4892.150,1000.000
4893.151,1000.000
4894.152,1000.000
4895.153,1000.000
4896.154,1000.000
4897.155,1000.000
4898.156,1000.000
4899.157,1000.000
4900.158,1000.000
4901.159,1000.000
4902.160,1000.000
4903.161,1000.000
4904.162,1000.000
4905.163,1000.000
4906.164,1000.000
4907.165,1000.000
4908.166,1000.000
4909.167,1000.000
4910.168,1000.000
4911.169,1000.000
4912.170,1000.000
4913.171,1000.000
4914.172,1000.000
4915.173,1000.000
4916.174,1000.000
4917.175,1000.000
4918.176,1000.000
4919.177,1000.000
4920.178,1000.000
4921.179,1000.000
4922.180,1000.000
4923.181,1000.000
4924.182,1000.000
4925.183,1000.000
4926.184,1000.000
4927.185,1000.000
4928.186,1000.000
4929.187,1000.000
4930.188,1000.000
4931.188,1000.000
4932.189,1000.000
4933.190,1000.000
4934.191,1000.000
4935.192,1000.000
4936.193,1000.000
4937.194,1000.000
4938.195,1000.000
4939.196,1000.000
4940.197,1000.000
4941.198,1000.000
4942.199,1000.000
4943.200,1000.000
4944.201,1000.000
4945.202,1000.000
4946.203,1000.000
4947.204,1000.000
4948.205,1000.000
4949.206,1000.000
4950.207,1000.000
4951.208,1000.000
4952.209,1000.000
4953.210,1000.000
4954.211,1000.000
4955.212,1000.000
4956.213,1000.000
4957.214,1000.000
4958.215,1000.000
4959.216,1000.000
4960.217,1000.000
4961.218,1000.000
4962.219,1000.000
4963.220,1000.000
4964.221,1000.000
4965.222,1000.000
4966.223,1000.000
4967.224,1000.000
4968.225,1000.000
4969.226,1000.000
4970.227,1000.000
4971.228,1000.000
4972.229,1000.000
4973.229,1000.000
4974.230,1000.000
4975.231,1000.000
4976.232,1000.000
4977.233,1000.000
4978.234,1000.000
4979.235,1000.000
4980.236,1000.000
4981.237,1000.000
4982.238,1000.000
4983.239,1000.000
4984.240,1000.000
4985.241,1000.000
4986.242,1000.000
4987.243,1000.000
4988.244,1000.000
4989.245,1000.000
4990.246,1000.000
4991.247,1000.000
4992.248,1000.000
4993.249,1000.000
4994.250,1000.000
4995.251,1000.000
4996.252,1000.000
4997.253,1000.000
4998.254,1000.000
4999.255,1000.000
5000.256,1000.000
5001.257,1000.000
5002.258,1000.000
5003.259,1000.000
5004.260,1000.000
5005.261,1000.000
5006.262,1000.000
5007.263,1000.000
5008.264,1000.000
5009.265,1000.000
5010.266,1000.000
5011.267,1000.000
5012.268,1000.000
5013.269,1000.000
5014.270,1000.000
5015.271,1000.000
5016.271,1000.000
5017.272,1000.000
5018.273,1000.000
5019.274,1000.000
5020.275,1000.000
5021.276,1000.000
5022.277,1000.000
5023.278,1000.000
5024.279,1000.000
5025.280,1000.000
5026.281,1000.000
5027.282,1000.000
5028.283,1000.000
5029.284,1000.000
5030.285,1000.000
5031.286,1000.000
5032.287,1000.000
5033.288,1000.000
5034.289,1000.000
5035.290,1000.000
5036.291,1000.000
5037.292,1000.000
5038.293,1000.000
5039.294,1000.000
5040.295,1000.000
5041.296,1000.000
5042.297,1000.000
5043.298,1000.000
5044.299,1000.000
5045.300,1000.000
5046.301,1000.000
5047.302,1000.000
5048.303,1000.000
5049.304,1000.000
5050.305,1000.000
5051.306,1000.000
5052.307,1000.000
5053.308,1000.000
5054.309,1000.000
5055.310,1000.000
5056.311,1000.000
5057.312,1000.000
5058.313,1000.000
5059.313,1000.000
5060.314,1000.000
5061.315,1000.000
5062.316,1000.000
5063.317,1000.000
5064.318,1000.000
5065.319,1000.000
5066.320,1000.000
5067.321,1000.000
5068.322,1000.000
5069.323,1000.000
5070.324,1000.000
5071.325,1000.000
5072.326,1000.000
5073.327,1000.000
5074.328,1000.000
5075.329,1000.000
5076.330,1000.000
5077.331,1000.000
5078.332,1000.000
5079.333,1000.000
5080.334,1000.000
5081.335,1000.000
5082.336,1000.000
5083.337,1000.000
5084.338,1000.000
5085.339,1000.000
5086.340,1000.000
5087.341,1000.000
5088.342,1000.000
5089.343,1000.000
5090.344,1000.000
5091.345,1000.000
5092.346,1000.000
5093.347,1000.000
5094.348,1000.000
5095.349,1000.000
5096.350,1000.000
5097.351,1000.000
5098.352,1000.000
5099.353,1000.000
5100.354,1000.000
5101.354,1000.000
5102.355,1000.000
5103.356,1000.000
5104.357,1000.000
5105.358,1000.000
5106.359,1000.000
5107.360,1000.000
5108.361,1000.000
5109.362,1000.000
5110.363,1000.000
5111.364,1000.000
5112.365,1000.000
5113.366,1000.000
5114.367,1000.000
5115.368,1000.000
5116.369,1000.000
5117.370,1000.000
5118.371,1000.000
5119.372,1000.000
5120.373,1000.000
5121.374,1000.000
5122.375,1000.000
5123.376,1000.000
5124.377,1000.000
5125.378,1000.000
5126.379,1000.000
5127.380,1000.000
5128.381,1000.000
5129.382,1000.000
5130.383,1000.000
5131.384,1000.000
5132.385,1000.000
5133.386,1000.000
5134.387,1000.000
5135.388,1000.000
5136.389,1000.000
5137.390,1000.000
5138.391,1000.000
5139.392,1000.000
5140.393,1000.000
5141.394,1000.000
5142.395,1000.000
5143.396,1000.000
5144.396,1000.000
5145.397,1000.000
5146.398,1000.000
5147.399,1000.000
5148.400,1000.000
5149.401,1000.000
5150.402,1000.000
5151.403,1000.000
5152.404,1000.000
5153.405,1000.000
5154.406,1000.000
5155.407,1000.000
5156.408,1000.000
5157.409,1000.000
5158.410,1000.000
5159.411,1000.000
5160.412,1000.000
5161.413,1000.000
5162.414,1000.000
5163.415,1000.000
5164.416,1000.000
5165.417,1000.000
5166.418,1000.000
5167.419,1000.000
5168.420,1000.000
5169.421,1000.000
5170.422,1000.000
5171.423,1000.000
5172.424,1000.000
5173.425,1000.000
5174.426,1000.000
5175.427,1000.000
5176.428,1000.000
5177.429,1000.000
5178.430,1000.000
5179.431,1000.000
5180.432,1000.000
5181.433,1000.000
5182.434,1000.000
5183.435,1000.000
5184.436,1000.000
5185.437,1000.000
5186.438,1000.000
5187.438,1000.000
5188.439,1000.000
5189.440,1000.000
5190.441,1000.000
5191.442,1000.000
5192.443,1000.000
5193.444,1000.000
5194.445,1000.000
5195.446,1000.000
5196.447,1000.000
5197.448,1000.000
5198.449,1000.000
5199.450,1000.000
5200.451,1000.000
5201.452,1000.000
5202.453,1000.000
5203.454,1000.000
5204.455,1000.000
5205.456,1000.000
5206.457,1000.000
5207.458,1000.000
5208.459,1000.000
5209.460,1000.000
5210.461,1000.000
5211.462,1000.000
5212.463,1000.000
5213.464,1000.000
5214.465,1000.000
5215.466,1000.000
5216.467,1000.000
5217.468,1000.000
5218.469,1000.000
5219.470,1000.000
5220.471,1000.000
5221.472,1000.000
5222.473,1000.000
5223.474,1000.000
5224.475,1000.000
5225.476,1000.000
5226.477,1000.000
5227.478,1000.000
5228.479,1000.000
5229.479,1000.000
5230.480,1000.000
5231.481,1000.000
5232.482,1000.000
5233.483,1000.000
5234.484,1000.000
5235.485,1000.000
5236.486,1000.000
5237.487,1000.000
5238.488,1000.000
5239.489,1000.000
5240.490,1000.000
5241.491,1000.000
5242.492,1000.000
5243.493,1000.000
5244.494,1000.000
5245.495,1000.000
5246.496,1000.000
5247.497,1000.000
5248.498,1000.000
5249.499,1000.000
5250.500,1000.000
5251.501,1000.000
5252.502,1000.000
5253.503,1000.000
5254.504,1000.000
5255.505,1000.000
5256.506,1000.000
5257.507,1000.000
5258.508,1000.000
5259.509,1000.000
5260.510,1000.000
5261.511,1000.000
5262.512,1000.000
5263.513,1000.000
5264.514,1000.000
5265.515,1000.000
5266.516,1000.000
5267.517,1000.000
5268.518,1000.000
5269.519,1000.000
5270.520,1000.000
5271.521,1000.000
5272.521,1000.000
5273.522,1000.000
5274.523,1000.000
5275.524,1000.000
5276.525,1000.000
5277.526,1000.000
5278.527,1000.000
5279.528,1000.000
5280.529,1000.000
5281.530,1000.000
5282.531,1000.000
5283.532,1000.000
5284.533,1000.000
5285.534,1000.000
5286.535,1000.000
5287.536,1000.000
5288.537,1000.000
5289.538,1000.000
5290.539,1000.000
5291.540,1000.000
5292.541,1000.000
5293.542,1000.000
5294.543,1000.000
5295.544,1000.000
5296.545,1000.000
5297.546,1000.000
5298.547,1000.000
5299.548,1000.000
5300.549,1000.000
5301.550,1000.000
5302.551,1000.000
5303.552,1000.000
5304.553,1000.000
5305.554,1000.000
5306.555,1000.000
5307.556,1000.000
5308.557,1000.000
5309.558,1000.000
5310.559,1000.000
5311.560,1000.000
5312.561,1000.000
5313.562,1000.000
5314.563,1000.000
5315.563,1000.000
5316.564,1000.000
5317.565,1000.000
5318.566,1000.000
5319.567,1000.000
5320.568,1000.000
5321.569,1000.000
5322.570,1000.000
5323.571,1000.000
5324.572,1000.000
5325.573,1000.000
5326.574,1000.000
5327.575,1000.000
5328.576,1000.000
5329.577,1000.000
5330.578,1000.000
5331.579,1000.000
5332.580,1000.000
5333.581,1000.000
5334.582,1000.000
5335.583,1000.000
5336.584,1000.000
5337.585,1000.000
5338.586,1000.000
5339.587,1000.000
5340.588,1000.000
5341.589,1000.000
5342.590,1000.000
5343.591,1000.000
5344.592,1000.000
5345.593,1000.000
5346.594,1000.000
5347.595,1000.000
5348.596,1000.000
5349.597,1000.000
5350.598,1000.000
5351.599,1000.000
5352.600,1000.000
5353.601,1000.000
5354.602,1000.000
5355.603,1000.000
5356.604,1000.000
5357.604,1000.000
5358.605,1000.000
5359.606,1000.000
5360.607,1000.000
5361.608,1000.000
5362.609,1000.000
5363.610,1000.000
5364.611,1000.000
5365.612,1000.000
5366.613,1000.000
5367.614,1000.000
5368.615,1000.000
5369.616,1000.000
5370.617,1000.000
5371.618,1000.000
5372.619,1000.000
5373.620,1000.000
5374.621,1000.000
5375.622,1000.000
5376.623,1000.000
5377.624,1000.000
5378.625,1000.000
5379.626,1000.000
5380.627,1000.000
5381.628,1000.000
5382.629,1000.000
5383.630,1000.000
5384.631,1000.000
5385.632,1000.000
5386.633,1000.000
5387.634,1000.000
5388.635,1000.000
5389.636,1000.000
5390.637,1000.000
5391.638,1000.000
5392.639,1000.000
5393.640,1000.000
5394.641,1000.000
5395.642,1000.000
5396.643,1000.000
5397.644,1000.000
5398.645,1000.000
5399.646,1000.000
5400.646,1000.000
5401.647,1000.000
5402.648,1000.000
5403.649,1000.000
5404.650,1000.000
5405.651,1000.000
5406.652,1000.000
5407.653,1000.000
5408.654,1000.000
5409.655,1000.000
5410.656,1000.000
5411.657,1000.000
5412.658,1000.000
5413.659,1000.000
5414.660,1000.000
5415.661,1000.000
5416.662,1000.000
5417.663,1000.000
5418.664,1000.000
5419.665,1000.000
5420.666,1000.000
5421.667,1000.000
5422.668,1000.000
5423.669,1000.000
5424.670,1000.000
5425.671,1000.000
5426.672,1000.000
5427.673,1000.000
5428.674,1000.000
5429.675,1000.000
5430.676,1000.000
5431.677,1000.000
5432.678,1000.000
5433.679,1000.000
5434.680,1000.000
5435.681,1000.000
5436.682,1000.000
5437.683,1000.000
5438.684,1000.000
5439.685,1000.000
5440.686,1000.000
5441.687,1000.000
5442.688,1000.000
5443.688,1000.000
5444.689,1000.000
5445.690,1000.000
5446.691,1000.000
5447.692,1000.000
5448.693,1000.000
5449.694,1000.000
5450.695,1000.000
5451.696,1000.000
5452.697,1000.000
5453.698,1000.000
5454.699,1000.000
5455.700,1000.000
5456.701,1000.000
5457.702,1000.000
5458.703,1000.000
5459.704,1000.000
5460.705,1000.000
5461.706,1000.000
5462.707,1000.000
5463.708,1000.000
5464.709,1000.000
5465.710,1000.000
5466.711,1000.000
5467.712,1000.000
5468.713,1000.000
5469.714,1000.000
5470.715,1000.000
5471.716,1000.000
5472.717,1000.000
5473.718,1000.000
5474.719,1000.000
5475.720,1000.000
5476.721,1000.000
5477.722,1000.000
5478.723,1000.000
5479.724,1000.000
5480.725,1000.000
5481.726,1000.000
5482.727,1000.000
5483.728,1000.000
5484.729,1000.000
5485.729,1000.000
5486.730,1000.000
5487.731,1000.000
5488.732,1000.000
5489.733,1000.000
5490.734,1000.000
5491.735,1000.000
5492.736,1000.000
5493.737,1000.000
5494.738,1000.000
5495.739,1000.000
5496.740,1000.000
5497.741,1000.000
5498.742,1000.000
5499.743,1000.000
5500.744,1000.000
5501.745,1000.000
5502.746,1000.000
5503.747,1000.000
5504.748,1000.000
5505.749,1000.000
5506.750,1000.000
5507.751,1000.000
5508.752,1000.000
5509.753,1000.000
5510.754,1000.000
5511.755,1000.000
5512.756,1000.000
5513.757,1000.000
5514.758,1000.000
5515.759,1000.000
5516.760,1000.000
5517.761,1000.000
5518.762,1000.000
5519.763,1000.000
5520.764,1000.000
5521.765,1000.000
5522.766,1000.000
5523.767,1000.000
5524.768,1000.000
5525.769,1000.000
5526.770,1000.000
5527.771,1000.000
5528.771,1000.000
5529.772,1000.000
5530.773,1000.000
5531.774,1000.000
5532.775,1000.000
5533.776,1000.000
5534.777,1000.000
5535.778,1000.000
5536.779,1000.000
5537.780,1000.000
5538.781,1000.000
5539.782,1000.000
5540.783,1000.000
5541.784,1000.000
5542.785,1000.000
5543.786,1000.000
5544.787,1000.000
5545.788,1000.000
5546.789,1000.000
5547.790,1000.000
5548.791,1000.000
5549.792,1000.000
5550.793,1000.000
5551.794,1000.000
5552.795,1000.000
5553.796,1000.000
5554.797,1000.000
5555.798,1000.000
5556.799,1000.000
5557.800,1000.000
5558.801,1000.000
5559.802,1000.000
5560.803,1000.000
5561.804,1000.000
5562.805,1000.000
5563.806,1000.000
5564.807,1000.000
5565.808,1000.000
5566.809,1000.000
5567.810,1000.000
5568.811,1000.000
5569.812,1000.000
5570.813,1000.000
5571.813,1000.000
5572.814,1000.000
5573.815,1000.000
5574.816,1000.000
5575.817,1000.000
5576.818,1000.000
5577.819,1000.000
5578.820,1000.000
5579.821,1000.000
5580.822,1000.000
5581.823,1000.000
5582.824,1000.000
5583.825,1000.000
5584.826,1000.000
5585.827,1000.000
5586.828,1000.000
5587.829,1000.000
5588.830,1000.000
5589.831,1000.000
5590.832,1000.000
5591.833,1000.000
5592.834,1000.000
5593.835,1000.000
5594.836,1000.000
5595.837,1000.000
5596.838,1000.000
5597.839,1000.000
5598.840,1000.000
5599.841,1000.000
5600.842,1000.000
5601.843,1000.000
5602.844,1000.000
5603.845,1000.000
5604.846,1000.000
5605.847,1000.000
5606.848,1000.000
5607.849,1000.000
5608.850,1000.000
5609.851,1000.000
5610.852,1000.000
5611.853,1000.000
5612.854,1000.000
5613.854,1000.000
5614.855,1000.000
5615.856,1000.000
5616.857,1000.000
5617.858,1000.000
5618.859,1000.000
5619.860,1000.000
5620.861,1000.000
5621.862,1000.000
5622.863,1000.000
5623.864,1000.000
5624.865,1000.000
5625.866,1000.000
5626.867,1000.000
5627.868,1000.000
5628.869,1000.000
5629.870,1000.000
5630.871,1000.000
5631.872,1000.000
5632.873,1000.000
5633.874,1000.000
5634.875,1000.000
5635.876,1000.000
5636.877,1000.000
5637.878,1000.000
5638.879,1000.000
5639.880,1000.000
5640.881,1000.000
5641.882,1000.000
5642.883,1000.000
5643.884,1000.000
5644.885,1000.000
5645.886,1000.000
5646.887,1000.000
5647.888,1000.000
5648.889,1000.000
5649.890,1000.000
5650.891,1000.000
5651.892,1000.000
5652.893,1000.000
5653.894,1000.000
5654.895,1000.000
5655.896,1000.000
5656.896,1000.000
5657.897,1000.000
5658.898,1000.000
5659.899,1000.000
5660.900,1000.000
5661.901,1000.000
5662.902,1000.000
5663.903,1000.000
5664.904,1000.000
5665.905,1000.000
5666.906,1000.000
5667.907,1000.000
5668.908,1000.000
5669.909,1000.000
5670.910,1000.000
5671.911,1000.000
5672.912,1000.000
5673.913,1000.000
5674.914,1000.000
5675.915,1000.000
5676.916,1000.000
5677.917,1000.000
5678.918,1000.000
5679.919,1000.000
5680.920,1000.000
5681.921,1000.000
5682.922,1000.000
5683.923,1000.000
5684.924,1000.000
5685.925,1000.000
5686.926,1000.000
5687.927,1000.000
5688.928,1000.000
5689.929,1000.000
5690.930,1000.000
5691.931,1000.000
5692.932,1000.000
5693.933,1000.000
5694.934,1000.000
5695.935,1000.000
5696.936,1000.000
5697.937,1000.000
5698.938,1000.000
5699.938,1000.000
5700.939,1000.000
5701.940,1000.000
5702.941,1000.000
5703.942,1000.000
5704.943,1000.000
5705.944,1000.000
5706.945,1000.000
5707.946,1000.000
5708.947,1000.000
5709.948,1000.000
5710.949,1000.000
5711.950,1000.000
5712.951,1000.000
5713.952,1000.000
5714.953,1000.000
5715.954,1000.000
5716.955,1000.000
5717.956,1000.000
5718.957,1000.000
5719.958,1000.000
5720.959,1000.000
5721.960,1000.000
5722.961,1000.000
5723.962,1000.000
5724.963,1000.000
5725.964,1000.000
5726.965,1000.000
5727.966,1000.000
5728.967,1000.000
5729.968,1000.000
5730.969,1000.000
5731.970,1000.000
5732.971,1000.000
5733.972,1000.000
5734.973,1000.000
5735.974,1000.000
5736.975,1000.000
5737.976,1000.000
5738.977,1000.000
5739.978,1000.000
5740.979,1000.000
5741.979,1000.000
5742.980,1000.000
5743.981,1000.000
5744.982,1000.000
5745.983,1000.000
5746.984,1000.000
5747.985,1000.000
5748.986,1000.000
5749.987,1000.000
5750.988,1000.000
5751.989,1000.000
5752.990,1000.000
5753.991,1000.000
5754.992,1000.000
5755.993,1000.000
5756.994,1000.000
5757.995,1000.000
5758.996,1000.000
5759.997,1000.000
5760.998,1000.000
5761.999,1000.000
5763.000,1000.000
5764.001,1000.000
5765.002,1000.000
5766.003,1000.000
5767.004,1000.000
5768.005,1000.000
5769.006,1000.000
5770.007,1000.000
5771.008,1000.000
5772.009,1000.000
5773.010,1000.000
5774.011,1000.000
5775.012,1000.000
5776.013,1000.000
5777.014,1000.000
5778.015,1000.000
5779.016,1000.000
5780.017,1000.000
5781.018,1000.000
5782.019,1000.000
5783.020,1000.000
5784.021,1000.000
5785.021,1000.000
5786.022,1000.000
5787.023,1000.000
5788.024,1000.000
5789.025,1000.000
5790.026,1000.000
5791.027,1000.000
5792.028,1000.000
5793.029,1000.000
5794.030,1000.000
5795.031,1000.000
5796.032,1000.000
5797.033,1000.000
5798.034,1000.000
5799.035,1000.000
5800.036,1000.000
5801.037,1000.000
5802.038,1000.000
5803.039,1000.000
5804.040,1000.000
5805.041,1000.000
5806.042,1000.000
5807.043,1000.000
5808.044,1000.000
5809.045,1000.000
5810.046,1000.000
5811.047,1000.000
5812.048,1000.000
5813.049,1000.000
5814.050,1000.000
5815.051,1000.000
5816.052,1000.000
5817.053,1000.000
5818.054,1000.000
5819.055,1000.000
5820.056,1000.000
5821.057,1000.000
5822.058,1000.000
5823.059,1000.000
5824.060,1000.000
5825.061,1000.000
5826.062,1000.000
5827.063,1000.000
5828.063,1000.000
5829.064,1000.000
5830.065,1000.000
5831.066,1000.000
5832.067,1000.000
5833.068,1000.000
5834.069,1000.000
5835.070,1000.000
5836.071,1000.000
5837.072,1000.000
5838.073,1000.000
5839.074,1000.000
5840.075,1000.000
5841.076,1000.000
5842.077,1000.000
5843.078,1000.000
5844.079,1000.000
5845.080,1000.000
5846.081,1000.000
5847.082,1000.000
5848.083,1000.000
5849.084,1000.000
5850.085,1000.000
5851.086,1000.000
5852.087,1000.000
5853.088,1000.000
5854.089,1000.000
5855.090,1000.000
5856.091,1000.000
5857.092,1000.000
5858.093,1000.000
5859.094,1000.000
5860.095,1000.000
5861.096,1000.000
5862.097,1000.000
5863.098,1000.000
5864.099,1000.000
5865.100,1000.000
5866.101,1000.000
5867.102,1000.000
5868.103,1000.000
5869.104,1000.000
5870.104,1000.000
5871.105,1000.000
5872.106,1000.000
5873.107,1000.000
5874.108,1000.000
5875.109,1000.000
5876.110,1000.000
5877.111,1000.000
5878.112,1000.000
5879.113,1000.000
5880.114,1000.000
5881.115,1000.000
5882.116,1000.000
5883.117,1000.000
5884.118,1000.000
5885.119,1000.000
5886.120,1000.000
5887.121,1000.000
5888.122,1000.000
5889.123,1000.000
5890.124,1000.000
5891.125,1000.000
5892.126,1000.000
5893.127,1000.000
5894.128,1000.000
5895.129,1000.000
5896.130,1000.000
5897.131,1000.000
5898.132,1000.000
5899.133,1000.000
5900.134,1000.000
5901.135,1000.000
5902.136,1000.000
5903.137,1000.000
5904.138,1000.000
5905.139,1000.000
5906.140,1000.000
5907.141,1000.000
5908.142,1000.000
5909.143,1000.000
5910.144,1000.000
5911.145,1000.000
5912.146,1000.000
5913.146,1000.000
5914.147,1000.000
5915.148,1000.000
5916.149,1000.000
5917.150,1000.000
5918.151,1000.000
5919.152,1000.000
5920.153,1000.000
5921.154,1000.000
5922.155,1000.000
5923.156,1000.000
5924.157,1000.000
5925.158,1000.000
5926.159,1000.000
5927.160,1000.000
5928.161,1000.000
5929.162,1000.000
5930.163,1000.000
5931.164,1000.000
5932.165,1000.000
5933.166,1000.000
5934.167,1000.000
5935.168,1000.000
5936.169,1000.000
5937.170,1000.000
5938.171,1000.000
5939.172,1000.000
5940.173,1000.000
5941.174,1000.000
5942.175,1000.000
5943.176,1000.000
5944.177,1000.000
5945.178,1000.000
5946.179,1000.000
5947.180,1000.000
5948.181,1000.000
5949.182,1000.000
5950.183,1000.000
5951.184,1000.000
5952.185,1000.000
5953.186,1000.000
5954.187,1000.000
5955.188,1000.000
5956.188,1000.000
5957.189,1000.000
5958.190,1000.000
5959.191,1000.000
5960.192,1000.000
5961.193,1000.000
5962.194,1000.000
5963.195,1000.000
5964.196,1000.000
5965.197,1000.000
5966.198,1000.000
5967.199,1000.000
5968.200,1000.000
5969.201,1000.000
5970.202,1000.000
5971.203,1000.000
5972.204,1000.000
5973.205,1000.000
5974.206,1000.000
5975.207,999.672
5976.208,998.532
5977.209,996.422
5978.210,993.400
5979.211,989.389
5980.212,984.500
5981.213,978.649
5982.214,971.875
5983.215,964.209
5984.216,955.633
5985.217,946.125
5986.218,935.744
5987.219,924.424
5988.220,912.250
5989.221,899.154
5990.222,885.158
5991.223,870.396
5992.224,854.787
5993.225,838.244
5994.226,821.000
5995.227,802.891
5996.228,783.968
5997.229,764.305
5998.229,743.831
5999.230,722.672
6000.231,700.727
6001.232,678.141
6002.233,654.827
6003.234,630.886
6004.235,606.226
6005.236,580.962
6006.237,555.091
6007.238,528.688
6008.239,501.626
6009.240,474.078
6010.241,445.980
6011.242,417.396
6012.243,388.335
6013.244,358.831
6014.245,328.961
6015.246,298.604
6016.247,267.922
6017.248,236.898
6018.249,205.524
6019.250,173.923
6020.251,142.012
6021.252,109.897
6022.253,77.543
6023.254,45.031
6024.255,20.000
6025.256,20.000
6026.257,20.000
6027.258,20.000
6028.259,20.000
6029.260,20.000
6030.261,20.000
6031.262,20.000
6032.263,20.000
6033.264,20.000
6034.265,20.000
6035.266,20.000
6036.267,20.000
6037.268,20.000
6038.269,20.000
6039.270,20.000
6040.271,20.000
6041.271,20.000
6042.272,20.000
6043.273,20.000
6044.274,20.000
6045.275,20.000
6046.276,20.000
6047.277,20.000
6048.278,20.000
6049.279,20.000
6050.280,20.000
6051.281,20.000
6052.282,20.000
6053.283,20.000
6054.284,20.000
6055.285,20.000
6056.286,20.000
6057.287,20.000
6058.288,20.000
6059.289,20.000
6060.290,20.000
6061.291,20.000
6062.292,20.000
6063.293,20.000
6064.294,20.000
6065.295,20.000
6066.296,20.000
6067.297,20.000
6068.298,20.000
6069.299,20.000
6070.300,20.000
6071.301,20.000
6072.302,20.000
6073.303,20.000
6074.304,20.000
6075.305,20.000
6076.306,20.000
6077.307,20.000
6078.308,20.000
6079.309,20.000
6080.310,20.000
6081.311,20.000
6082.312,20.000
6083.313,20.000
6084.313,20.000
6085.314,20.000
6086.315,20.000
6087.316,20.000
6088.317,20.000
6089.318,20.000
6090.319,20.000
6091.320,20.000
6092.321,20.000
6093.322,20.000
6094.323,20.000
6095.324,20.000
6096.325,20.000
6097.326,20.000
6098.327,20.000
6099.328,20.000
6100.329,20.000
6101.330,20.000
6102.331,20.000
6103.332,20.000
6104.333,20.000
6105.334,20.000
6106.335,20.000
6107.336,20.000
6108.337,20.000
6109.338,20.000
6110.339,20.000
6111.340,20.000
6112.341,20.000
6113.342,20.000
6114.343,20.000
6115.344,20.000
6116.345,20.000
6117.346,20.000
6118.347,20.000
6119.348,20.000
6120.349,20.000
6121.350,20.000
6122.351,20.000
6123.352,20.000
6124.353,20.000
6125.354,20.000
6126.354,20.000
6127.355,20.000
6128.356,20.000
6129.357,20.000
6130.358,20.000
6131.359,20.000
6132.360,20.000
6133.361,20.000
6134.362,20.000
6135.363,20.000
6136.364,20.000
6137.365,20.000
6138.366,20.000
6139.367,20.000
6140.368,20.000
6141.369,20.000
6142.370,20.000
6143.371,20.000
6144.372,20.000
6145.373,20.000
6146.374,20.000
6147.375,20.000
6148.376,20.000
6149.377,20.000
6150.378,20.000
6151.379,20.000
6152.380,20.000
6153.381,20.000
6154.382,20.000
6155.383,20.000
6156.384,20.000
6157.385,20.000
6158.386,20.000
6159.387,20.000
6160.388,20.000
6161.389,20.000
6162.390,20.000
6163.391,20.000
6164.392,20.000
6165.393,20.000
6166.394,20.000
6167.395,20.000
6168.396,20.000
6169.396,20.000
6170.397,20.000
6171.398,20.000
6172.399,20.000
6173.400,20.000
6174.401,20.000
6175.402,20.000
6176.403,20.000
6177.404,20.000
6178.405,20.000
6179.406,20.000
6180.407,20.000
6181.408,20.000
6182.409,20.000
6183.410,20.000
6184.411,20.000
6185.412,20.000
6186.413,20.000
6187.414,20.000
6188.415,20.000
6189.416,20.000
6190.417,20.000
6191.418,20.000
6192.419,20.000
6193.420,20.000
6194.421,20.000
6195.422,20.000
6196.423,20.000
6197.424,20.000
6198.425,20.000
6199.426,20.000
6200.427,20.000
6201.428,20.000
6202.429,20.000
6203.430,20.000
6204.431,20.000
6205.432,20.000
6206.433,20.000
6207.434,20.000
6208.435,20.000
6209.436,20.000
6210.437,20.000
6211.438,20.000
6212.438,20.000
6213.439,20.000
6214.440,20.000
6215.441,20.000
6216.442,20.000
6217.443,20.000
6218.444,20.000
6219.445,20.000
6220.446,20.000
6221.447,20.000
6222.448,20.000
6223.449,20.000
6224.450,20.000
6225.451,20.000
6226.452,20.000
6227.453,20.000
6228.454,20.000
6229.455,20.000
6230.456,20.000
6231.457,20.000
6232.458,20.000
6233.459,20.000
6234.460,20.000
6235.461,20.000
6236.462,20.000
6237.463,20.000
6238.464,20.000
6239.465,20.000
6240.466,20.000
6241.467,20.000
6242.468,20.000
6243.469,20.000
6244.470,20.000
6245.471,20.000
6246.472,20.000
6247.473,20.000
6248.474,20.000
6249.475,20.000
6250.476,20.000
6251.477,20.000
6252.478,20.000
6253.479,20.000
6254.479,20.000
6255.480,20.000
6256.481,20.000
6257.482,20.000
6258.483,20.000
6259.484,20.000
6260.485,20.000
6261.486,20.000
6262.487,20.000
6263.488,20.000
6264.489,20.000
6265.490,20.000
6266.491,20.000
6267.492,20.000
6268.493,20.000
6269.494,20.000
6270.495,20.000
6271.496,20.000
6272.497,20.000
6273.498,20.000
6274.499,20.000
6275.500,20.000
6276.501,20.000
6277.502,20.000
6278.503,20.000
6279.504,20.000
6280.505,20.000
6281.506,20.000
6282.507,20.000
6283.508,20.000
6284.509,20.000
6285.510,20.000
6286.511,20.000
6287.512,20.000
6288.513,20.000
6289.514,20.000
6290.515,20.000
6291.516,20.000
6292.517,20.000
6293.518,20.000
6294.519,20.000
6295.520,20.000
6296.521,20.000
6297.521,20.000
6298.522,20.000
6299.523,20.000
6300.524,20.000
6301.525,20.000
6302.526,20.000
6303.527,20.000
6304.528,20.000
6305.529,20.000
6306.530,20.000
6307.531,20.000
6308.532,20.000
6309.533,20.000
6310.534,20.000
6311.535,20.000
6312.536,20.000
6313.537,20.000
6314.538,20.000
6315.539,20.000
6316.540,20.000
6317.541,20.000
6318.542,20.000
6319.543,20.000
6320.544,20.000
6321.545,20.000
6322.546,20.000
6323.547,20.000
6324.548,20.000
6325.549,20.000
6326.550,20.000
6327.551,20.000
6328.552,20.000
6329.553,20.000
6330.554,20.000
6331.555,20.164
6332.556,20.380
6333.557,20.818
6334.558,21.354
6335.559,22.040
6336.560,22.882
6337.561,23.807
6338.562,24.925
6339.563,26.208
6340.563,27.609
6341.564,29.077
6342.565,30.723
6343.566,32.496
6344.567,34.366
6345.568,36.427
6346.569,38.608
6347.570,40.940
6348.571,43.385
6349.572,45.939
6350.573,48.615
6351.574,51.445
6352.575,54.411
6353.576,57.471
6354.577,60.636
6355.578,63.931
6356.579,67.320
6357.580,70.810
6358.581,74.444
6359.582,78.150
6360.583,81.992
6361.584,85.908
6362.585,89.888
6363.586,93.969
6364.587,98.169
6365.588,102.449
6366.589,106.778
6367.590,111.247
6368.591,115.749
6369.592,120.332
6370.593,124.975
6371.594,129.687
6372.595,134.466
6373.596,139.256
6374.597,144.068
6375.598,148.975
6376.599,153.881
6377.600,158.848
6378.601,163.875
6379.602,168.843
6380.603,173.879
6381.604,178.895
6382.604,183.973
6383.605,189.037
6384.606,194.076
6385.607,199.111
6386.608,204.171
6387.609,209.242
6388.610,214.266
6389.611,219.286
6390.612,224.291
6391.613,229.264
6392.614,234.179
6393.615,239.086
6394.616,243.961
6395.617,248.803
6396.618,253.510
6397.619,258.153
6398.620,262.729
6399.621,267.254
6400.622,271.737
6401.623,276.082
6402.624,280.387
6403.625,284.662
6404.626,288.793
6405.627,292.855
6406.628,296.805
6407.629,300.644
6408.630,304.359
6409.631,308.021
6410.632,311.500
6411.633,314.859
6412.634,318.172
6413.635,321.324
6414.636,324.390
6415.637,327.246
6416.638,329.989
6417.639,332.633
6418.640,335.053
6419.641,337.363
6420.642,339.534
6421.643,341.520
6422.644,343.406
6423.645,345.113
6424.646,346.667
6425.646,348.036
6426.647,349.356
6427.648,350.425
6428.649,351.315
6429.650,352.068
6430.651,352.680
6431.652,353.060
6432.653,353.220
6433.654,353.211
6434.655,353.098
6435.656,352.762
6436.657,352.203
6437.658,351.504
6438.659,350.633
6439.660,349.521
6440.661,348.284
6441.662,346.815
6442.663,345.246
6443.664,343.435
6444.665,341.493
6445.666,339.310
6446.667,337.011
6447.668,334.481
6448.669,331.852
6449.670,328.949
6450.671,325.932
6451.672,322.703
6452.673,319.369
6453.674,315.804
6454.675,312.072
6455.676,308.175
6456.677,304.159
6457.678,299.941
6458.679,295.594
6459.680,291.128
6460.681,286.512
6461.682,281.769
6462.683,276.862
6463.684,271.780
6464.685,266.586
6465.686,261.275
6466.687,255.798
6467.688,250.174
6468.688,244.443
6469.689,238.598
6470.690,232.701
6471.691,226.645
6472.692,220.488
6473.693,214.209
6474.694,207.875
6475.695,201.488
6476.696,194.924
6477.697,188.335
6478.698,181.641
6479.699,174.926
6480.700,168.163
6481.701,161.309
6482.702,154.380
6483.703,147.418
6484.704,140.457
6485.705,133.437
6486.706,126.414
6487.707,119.355
6488.708,112.290
6489.709,105.218
6490.710,98.040
6491.711,90.975
6492.712,83.884
6493.713,76.847
6494.714,69.810
6495.715,62.824
6496.716,55.849
6497.717,48.923
6498.718,42.004
6499.719,35.177
6500.720,28.430
6501.721,21.661
6502.722,20.000
6503.723,20.000
6504.724,20.000
6505.725,20.000
6506.726,20.000
6507.727,20.000
6508.728,20.000
6509.729,20.000
6510.729,20.000
6511.730,20.000
6512.731,20.000
6513.732,20.000
6514.733,20.000
6515.734,20.000
6516.735,20.000
6517.736,20.000
6518.737,20.000
6519.738,20.000
6520.739,20.000
6521.740,20.000
6522.741,20.000
6523.742,20.000
6524.743,20.000
6525.744,20.000
6526.745,20.000
6527.746,20.000
6528.747,20.000
6529.748,20.000
6530.749,20.000
6531.750,20.000
6532.751,20.000
6533.752,20.000
6534.753,20.000
6535.754,20.000
6536.755,20.000
6537.756,20.000
6538.757,20.000
6539.758,20.000
6540.759,20.000
6541.760,20.000
6542.761,20.000
6543.762,20.000
6544.763,20.000
6545.764,20.000
6546.765,20.000
6547.766,20.000
6548.767,20.000
6549.768,20.000
6550.769,20.000
6551.770,20.000
6552.771,20.000
6553.771,20.000
6554.772,20.000
6555.773,20.000
6556.774,20.000
6557.775,20.000
6558.776,20.000
6559.777,20.000
6560.778,20.000
6561.779,20.000
6562.780,20.000
6563.781,20.000
6564.782,20.000
6565.783,20.046
6566.784,20.156
6567.785,20.403
6568.786,20.837
6569.787,21.333
6570.788,22.010
6571.789,22.805
6572.790,23.667
6573.791,24.677
6574.792,25.821
6575.793,27.108
6576.794,28.519
6577.795,30.055
6578.796,31.673
6579.797,33.467
6580.798,35.386
6581.799,37.444
6582.800,39.588
6583.801,41.868
6584.802,44.258
6585.803,46.771
6586.804,49.380
6587.805,52.199
6588.806,54.987
6589.807,57.953
6590.808,60.976
6591.809,64.149
6592.810,67.343
6593.811,70.688
6594.812,74.112
6595.813,77.591
6596.813,81.197
6597.814,84.889
6598.815,88.618
6599.816,92.495
6600.817,96.442
6601.818,100.442
6602.819,104.525
6603.820,108.690
6604.821,112.882
6605.822,117.134
6606.823,121.508
6607.824,125.903
6608.825,130.361
6609.826,134.839
6610.827,139.352
6611.828,143.939
6612.829,148.566
6613.830,153.242
6614.831,157.904
6615.832,162.622
6616.833,167.325
6617.834,172.077
6618.835,176.794
6619.836,181.557
6620.837,186.279
6621.838,191.006
6622.839,195.755
6623.840,200.444
6624.841,205.209
6625.842,209.846
6626.843,214.495
6627.844,219.100
6628.845,223.738
6629.846,228.280
6630.847,232.799
6631.848,237.295
6632.849,241.729
6633.850,246.090
6634.851,250.432
6635.852,254.668
6636.853,258.865
6637.854,262.930
6638.854,267.007
6639.855,270.975
6640.856,274.902
6641.857,278.699
6642.858,282.455
6643.859,286.037
6644.860,289.588
6645.861,292.998
6646.862,296.328
6647.863,299.488
6648.864,302.585
6649.865,305.538
6650.866,308.408
6651.867,311.099
6652.868,313.644
6653.869,316.189
6654.870,318.513
6655.871,320.724
6656.872,322.826
6657.873,324.754
6658.874,326.554
6659.875,328.247
6660.876,329.754
6661.877,331.154
6662.878,332.367
6663.879,333.450
6664.880,334.324
6665.881,335.112
6666.882,335.661
6667.883,336.063
6668.884,336.323
6669.885,336.395
6670.886,336.335
6671.887,336.074
6672.888,335.670
6673.889,335.129
6674.890,334.362
6675.891,333.430
6676.892,332.348
6677.893,331.109
6678.894,329.696
6679.895,328.152
6680.896,326.365
6681.896,324.426
6682.897,322.371
6683.898,320.153
6684.899,317.794
6685.900,315.190
6686.901,312.480
6687.902,309.605
6688.903,306.606
6689.904,303.397
6690.905,300.049
6691.906,296.592
6692.907,292.967
6693.908,289.180
6694.909,285.203
6695.910,281.142
6696.911,276.895
6697.912,272.569
6698.913,268.066
6699.914,263.475
6700.915,258.703
6701.916,253.816
6702.917,248.744
6703.918,243.604
6704.919,238.348
6705.920,233.063
6706.921,227.537
6707.922,222.029
6708.923,216.367
6709.924,210.658
6710.925,204.764
6711.926,198.867
6712.927,192.873
6713.928,186.772
6714.929,180.631
6715.930,174.415
6716.931,168.170
6717.932,161.824
6718.933,155.456
6719.934,149.050
6720.935,142.589
6721.936,136.084
6722.937,129.594
6723.938,123.063
6724.938,116.559
6725.939,109.936
6726.940,103.430
6727.941,96.818
6728.942,90.252
6729.943,83.686
6730.944,77.172
6731.945,70.636
6732.946,64.154
6733.947,57.659
6734.948,51.323
6735.949,44.969
6736.950,38.707
6737.951,32.456
6738.952,26.273
6739.953,20.141
6740.954,20.000
6741.955,20.000
6742.956,20.000
6743.957,20.000
6744.958,20.000
6745.959,20.000
6746.960,20.000
6747.961,20.000
6748.962,20.000
6749.963,20.000
6750.964,20.000
6751.965,20.000
6752.966,20.000
6753.967,20.000
6754.968,20.000
6755.969,20.000
6756.970,20.000
6757.971,20.000
6758.972,20.000
6759.973,20.000
6760.974,20.000
6761.975,20.000
6762.976,20.000
6763.977,20.000
6764.978,20.000
6765.979,20.000
6766.979,20.000
6767.980,20.000
6768.981,20.000
6769.982,20.000
6770.983,20.000
6771.984,20.000
6772.985,20.000
6773.986,20.000
6774.987,20.000
6775.988,20.000
6776.989,20.000
6777.990,20.000
6778.991,20.000
6779.992,20.000
6780.993,20.000
6781.994,20.000
6782.995,20.000
6783.996,20.000
6784.997,20.000
6785.998,20.000
6786.999,20.000
6788.000,20.000
6789.001,20.000
6790.002,20.000
6791.003,20.000
6792.004,20.000
6793.005,20.000
6794.006,20.000
6795.007,20.000
6796.008,20.000
6797.009,20.000
6798.010,20.000
6799.011,20.026
6800.012,20.150
6801.013,20.450
6802.014,20.841
6803.015,21.385
6804.016,22.083
6805.017,22.883
6806.018,23.783
6807.019,24.859
6808.020,26.044
6809.021,27.311
6810.021,28.705
6811.022,30.219
6812.023,31.894
6813.024,33.678
6814.025,35.606
6815.026,37.589
6816.027,39.753
6817.028,41.991
6818.029,44.343
6819.030,46.840
6820.031,49.404
6821.032,52.126
6822.033,54.920
6823.034,57.809
6824.035,60.799
6825.036,63.839
6826.037,67.016
6827.038,70.337
6828.039,73.695
6829.040,77.230
6830.041,80.801
6831.042,84.430
6832.043,88.141
6833.044,91.910
6834.045,95.736
6835.046,99.649
6836.047,103.689
6837.048,107.790
6838.049,111.971
6839.050,116.209
6840.051,120.440
6841.052,124.765
6842.053,129.125
6843.054,133.556
6844.055,138.016
6845.056,142.501
6846.057,147.063
6847.058,151.558
6848.059,156.131
6849.060,160.758
6850.061,165.369
6851.062,170.026
6852.063,174.668
6853.063,179.363
6854.064,183.990
6855.065,188.633
6856.066,193.285
6857.067,197.929
6858.068,202.598
6859.069,207.199
6860.070,211.774
6861.071,216.354
6862.072,220.873
6863.073,225.328
6864.074,229.717
6865.075,234.119
6866.076,238.506
6867.077,242.817
6868.078,247.043
6869.079,251.242
6870.080,255.410
6871.081,259.425
6872.082,263.397
6873.083,267.250
6874.084,271.060
6875.085,274.750
6876.086,278.403
6877.087,281.887
6878.088,285.373
6879.089,288.686
6880.090,291.945
6881.091,295.092
6882.092,298.145
6883.093,301.098
6884.094,303.922
6885.095,306.656
6886.096,309.247
6887.097,311.674
6888.098,313.965
6889.099,316.150
6890.100,318.174
6891.101,320.036
6892.102,321.761
6893.103,323.379
6894.104,324.813
6895.104,326.121
6896.105,327.306
6897.106,328.289
6898.107,329.148
6899.108,329.836
6900.109,330.405
6901.110,330.780
6902.111,331.065
6903.112,331.119
6904.113,331.035
6905.114,330.808
6906.115,330.409
6907.116,329.883
6908.117,329.184
6909.118,328.309
6910.119,327.316
6911.120,326.113
6912.121,324.760
6913.122,323.199
6914.123,321.524
6915.124,319.742
6916.125,317.716
6917.126,315.523
6918.127,313.220
6919.128,310.684
6920.129,308.032
6921.130,305.252
6922.131,302.278
6923.132,299.175
6924.133,295.870
6925.134,292.469
6926.135,288.859
6927.136,285.133
6928.137,281.281
6929.138,277.285
6930.139,273.096
6931.140,268.820
6932.141,264.377
6933.142,259.816
6934.143,255.135
6935.144,250.351
6936.145,245.486
6937.146,240.520
6938.146,235.385
6939.147,230.120
6940.148,224.795
6941.149,219.408
6942.150,213.850
6943.151,208.218
6944.152,202.553
6945.153,196.805
6946.154,190.904
6947.155,185.037
6948.156,179.052
6949.157,172.983
6950.158,166.865
6951.159,160.650
6952.160,154.404
6953.161,148.154
6954.162,141.826
6955.163,135.502
6956.164,129.142
6957.165,122.749
6958.166,116.326
6959.167,109.934
6960.168,103.544
6961.169,97.134
6962.170,90.714
6963.171,84.350
6964.172,77.961
6965.173,71.631
6966.174,65.298
6967.175,59.027
6968.176,52.791
6969.177,46.539
6970.178,40.376
6971.179,34.260
6972.180,28.170
6973.181,22.211
6974.182,20.000
6975.183,20.000
6976.184,20.000
6977.185,20.000
6978.186,20.000
6979.187,20.000
6980.188,20.000
6981.188,20.000
6982.189,20.000
6983.190,20.000
6984.191,20.000
6985.192,20.000
6986.193,20.000
6987.194,20.000
6988.195,20.000
6989.196,20.000
6990.197,20.000
6991.198,20.000
6992.199,20.000
6993.200,20.000
6994.201,20.000
6995.202,20.000
6996.203,20.000
6997.204,20.000
6998.205,20.000
6999.206,20.000
7000.207,20.000
7001.208,20.000
7002.209,20.000
7003.210,20.000
7004.211,20.000
7005.212,20.000
7006.213,20.000
7007.214,20.000
7008.215,20.000
7009.216,20.000
7010.217,20.000
7011.218,20.000
7012.219,20.000
7013.220,20.000
7014.221,20.000
7015.222,20.000
7016.223,20.000
7017.224,20.000
7018.225,20.000
7019.226,20.000
7020.227,20.000
7021.228,20.000
7022.229,20.000
7023.229,20.000
7024.230,20.000
7025.231,20.000
7026.232,20.000
7027.233,20.000
7028.234,20.000
7029.235,20.000
7030.236,20.000
7031.237,20.066
7032.238,20.264
7033.239,20.540
7034.240,20.923
7035.241,21.441
7036.242,22.096
7037.243,22.903
7038.244,23.817
7039.245,24.836
7040.246,25.988
7041.247,27.232
7042.248,28.634
7043.249,30.157
7044.250,31.752
7045.251,33.505
7046.252,35.385
7047.253,37.304
7048.254,39.377
7049.255,41.595
7050.256,43.877
7051.257,46.282
7052.258,48.822
7053.259,51.473
7054.260,54.226
7055.261,57.116
7056.262,60.088
7057.263,63.154
7058.264,66.298
7059.265,69.545
7060.266,72.887
7061.267,76.296
7062.268,79.851
7063.269,83.452
7064.270,87.136
7065.271,90.940
7066.271,94.800
7067.272,98.669
7068.273,102.684
7069.274,106.727
7070.275,110.818
7071.276,115.009
7072.277,119.241
7073.278,123.583
7074.279,127.909
7075.280,132.305
7076.281,136.724
7077.282,141.159
7078.283,145.601
7079.284,150.091
7080.285,154.573
7081.286,159.125
7082.287,163.686
7083.288,168.279
7084.289,172.903
7085.290,177.563
7086.291,182.167
7087.292,186.811
7088.293,191.445
7089.294,195.999
7090.295,200.558
7091.296,205.155
7092.297,209.723
7093.298,214.214
7094.299,218.664
7095.300,223.168
7096.301,227.561
7097.302,231.908
7098.303,236.225
7099.304,240.426
7100.305,244.608
7101.306,248.726
7102.307,252.881
7103.308,256.858
7104.309,260.813
7105.310,264.694
7106.311,268.447
7107.312,272.182
7108.313,275.762
7109.313,279.288
7110.314,282.738
7111.315,286.064
7112.316,289.278
7113.317,292.397
7114.318,295.424
7115.319,298.302
7116.320,301.052
7117.321,303.738
7118.322,306.266
7119.323,308.628
7120.324,310.844
7121.325,312.992
7122.326,315.000
7123.327,316.906
7124.328,318.694
7125.329,320.313
7126.330,321.855
7127.331,323.206
7128.332,324.336
7129.333,325.307
7130.334,326.217
7131.335,326.921
7132.336,327.451
7133.337,327.866
7134.338,328.127
7135.339,328.196
7136.340,328.095
7137.341,327.809
7138.342,327.402
7139.343,326.798
7140.344,326.090
7141.345,325.207
7142.346,324.181
7143.347,322.949
7144.348,321.581
7145.349,320.072
7146.350,318.338
7147.351,316.471
7148.352,314.460
7149.353,312.269
7150.354,309.902
7151.354,307.401
7152.355,304.718
7153.356,301.914
7154.357,298.957
7155.358,295.819
7156.359,292.545
7157.360,289.070
7158.361,285.504
7159.362,281.766
7160.363,277.860
7161.364,273.854
7162.365,269.670
7163.366,265.389
7164.367,260.945
7165.368,256.463
7166.369,251.752
7167.370,247.016
7168.371,242.115
7169.372,237.103
7170.373,231.953
7171.374,226.748
7172.375,221.365
7173.376,215.951
7174.377,210.396
7175.378,204.839
7176.379,199.103
7177.380,193.363
7178.381,187.490
7179.382,181.573
7180.383,175.568
7181.384,169.538
7182.385,163.410
7183.386,157.272
7184.387,151.076
7185.388,144.847
7186.389,138.615
7187.390,132.265
7188.391,125.964
7189.392,119.594
7190.393,113.215
7191.394,106.841
7192.395,100.435
7193.396,94.007
7194.396,87.635
7195.397,81.183
7196.398,74.849
7197.399,68.522
7198.400,62.303
7199.401,56.010
7200.402,49.768
7201.403,43.634
7202.404,37.500
7203.405,31.469
7204.406,25.448
7205.407,20.000
7206.408,20.000
7207.409,20.000
7208.410,20.000
7209.411,20.000
7210.412,20.000
7211.413,20.000
7212.414,20.000
7213.415,20.000
7214.416,20.000
7215.417,20.000
7216.418,20.000
7217.419,20.000
7218.420,20.000
7219.421,20.000
7220.422,20.000
7221.423,20.000
7222.424,20.000
7223.425,20.000
7224.426,20.000
7225.427,20.000
7226.428,20.000
7227.429,20.000
7228.430,20.000
7229.431,20.000
7230.432,20.000
7231.433,20.000
7232.434,20.000
7233.435,20.000
7234.436,20.000
7235.437,20.000
7236.438,20.000
7237.438,20.000
7238.439,20.000
7239.440,20.000
7240.441,20.000
7241.442,20.000
7242.443,20.000
7243.444,20.000
7244.445,20.000
7245.446,20.000
7246.447,20.000
7247.448,20.000
7248.449,20.000
7249.450,20.000
7250.451,20.000
7251.452,20.000
7252.453,20.000
7253.454,20.000
7254.455,20.000
7255.456,20.000
7256.457,20.000
7257.458,20.000
7258.459,20.000
7259.460,20.000
7260.461,20.000
7261.462,20.000
7262.463,20.000
7263.464,20.066
7264.465,20.203
7265.466,20.476
7266.467,20.881
7267.468,21.398
7268.469,22.047
7269.470,22.871
7270.471,23.743
7271.472,24.767
7272.473,25.884
7273.474,27.133
7274.475,28.523
7275.476,30.034
7276.477,31.686
7277.478,33.421
7278.479,35.281
7279.479,37.241
7280.480,39.361
7281.481,41.575
7282.482,43.902
7283.483,46.285
7284.484,48.845
7285.485,51.426
7286.486,54.167
7287.487,56.988
7288.488,59.901
7289.489,62.924
7290.490,66.050
7291.491,69.259
7292.492,72.582
7293.493,75.965
7294.494,79.465
7295.495,82.995
7296.496,86.658
7297.497,90.347
7298.498,94.110
7299.499,97.968
7300.500,101.898
7301.501,105.927
7302.502,109.987
7303.503,114.085
7304.504,118.233
7305.505,122.447
7306.506,126.727
7307.507,131.070
7308.508,135.471
7309.509,139.885
7310.510,144.300
7311.511,148.786
7312.512,153.288
7313.513,157.818
7314.514,162.364
7315.515,166.923
7316.516,171.506
7317.517,176.075
7318.518,180.641
7319.519,185.203
7320.520,189.803
7321.521,194.342
7322.521,198.828
7323.522,203.313
7324.523,207.818
7325.524,212.261
7326.525,216.701
7327.526,221.140
7328.527,225.512
7329.528,229.800
7330.529,234.132
7331.530,238.396
7332.531,242.559
7333.532,246.673
7334.533,250.738
7335.534,254.714
7336.535,258.625
7337.536,262.459
7338.537,266.164
7339.538,269.781
7340.539,273.381
7341.540,276.857
7342.541,280.249
7343.542,283.520
7344.543,286.714
7345.544,289.821
7346.545,292.845
7347.546,295.690
7348.547,298.504
7349.548,301.088
7350.549,303.652
7351.550,306.035
7352.551,308.325
7353.552,310.473
7354.553,312.503
7355.554,314.356
7356.555,316.094
7357.556,317.636
7358.557,319.094
7359.558,320.410
7360.559,321.603
7361.560,322.616
7362.561,323.443
7363.562,324.173
7364.563,324.756
7365.563,325.167
7366.564,325.396
7367.565,325.480
7368.566,325.362
7369.567,325.175
7370.568,324.801
7371.569,324.234
7372.570,323.539
7373.571,322.703
7374.572,321.650
7375.573,320.457
7376.574,319.076
7377.575,317.580
7378.576,315.869
7379.577,314.031
7380.578,312.043
7381.579,309.836
7382.580,307.520
7383.581,305.073
7384.582,302.414
7385.583,299.661
7386.584,296.710
7387.585,293.631
7388.586,290.393
7389.587,287.037
7390.588,283.483
7391.589,279.843
7392.590,276.014
7393.591,272.123
7394.592,268.039
7395.593,263.848
7396.594,259.527
7397.595,255.082
7398.596,250.468
7399.597,245.786
7400.598,240.924
7401.599,235.928
7402.600,230.860
7403.601,225.697
7404.602,220.460
7405.603,215.135
7406.604,209.702
7407.604,204.153
7408.605,198.558
7409.606,192.923
7410.607,187.139
7411.608,181.289
7412.609,175.379
7413.610,169.371
7414.611,163.411
7415.612,157.318
7416.613,151.200
7417.614,144.993
7418.615,138.752
7419.616,132.481
7420.617,126.220
7421.618,119.948
7422.619,113.678
7423.620,107.354
7424.621,101.031
7425.622,94.699
7426.623,88.365
7427.624,82.079
7428.625,75.851
7429.626,69.617
7430.627,63.390
7431.628,57.232
7432.629,50.980
7433.630,44.923
7434.631,38.847
7435.632,32.777
7436.633,26.852
7437.634,20.968
7438.635,20.000
7439.636,20.000
7440.637,20.000
7441.638,20.000
7442.639,20.000
7443.640,20.000
7444.641,20.000
7445.642,20.000
7446.643,20.000
7447.644,20.000
7448.645,20.000
7449.646,20.000
7450.646,20.000
7451.647,20.000
7452.648,20.000
7453.649,20.000
7454.650,20.000
7455.651,20.000
7456.652,20.000
7457.653,20.000
7458.654,20.000
7459.655,20.000
7460.656,20.000
7461.657,20.000
7462.658,20.000
7463.659,20.000
7464.660,20.000
7465.661,20.000
7466.662,20.000
7467.663,20.000
7468.664,20.000
7469.665,20.000
7470.666,20.000
7471.667,20.000
7472.668,20.000
7473.669,20.000
7474.670,20.000
7475.671,20.000
7476.672,20.000
7477.673,20.000
7478.674,20.000
7479.675,20.000
7480.676,20.000
7481.677,20.000
7482.678,20.000
7483.679,20.000
7484.680,20.000
7485.681,20.000
7486.682,20.000
7487.683,20.000
7488.684,20.000
7489.685,20.000
7490.686,20.000
7491.687,20.000
7492.688,20.000
7493.688,20.000
7494.689,20.000
7495.690,20.000
7496.691,20.113
7497.692,20.285
7498.693,20.628
7499.694,21.071
7500.695,21.654
7501.696,22.345
7502.697,23.088
7503.698,24.044
7504.699,25.076
7505.700,26.251
7506.701,27.507
7507.702,28.939
7508.703,30.504
7509.704,32.133
7510.705,33.954
7511.706,35.794
7512.707,37.829
7513.708,39.909
7514.709,42.137
7515.710,44.474
7516.711,46.941
7517.712,49.457
7518.713,52.091
7519.714,54.872
7520.715,57.726
7521.716,60.664
7522.717,63.697
7523.718,66.825
7524.719,70.052
7525.720,73.345
7526.721,76.706
7527.722,80.160
7528.723,83.727
7529.724,87.346
7530.725,91.069
7531.726,94.861
7532.727,98.721
7533.728,102.680
7534.729,106.594
7535.729,110.700
7536.730,114.808
7537.731,118.991
7538.732,123.230
7539.733,127.460
7540.734,131.694
7541.735,135.988
7542.736,140.363
7543.737,144.723
7544.738,149.123
7545.739,153.582
7546.740,158.025
7547.741,162.527
7548.742,167.069
7549.743,171.587
7550.744,176.090
7551.745,180.612
7552.746,185.160
7553.747,189.656
7554.748,194.162
7555.749,198.669
7556.750,203.080
7557.751,207.519
7558.752,211.914
7559.753,216.245
7560.754,220.533
7561.755,224.830
7562.756,229.074
7563.757,233.303
7564.758,237.418
7565.759,241.479
7566.760,245.524
7567.761,249.511
7568.762,253.403
7569.763,257.242
7570.764,261.004
7571.765,264.651
7572.766,268.286
7573.767,271.816
7574.768,275.200
7575.769,278.506
7576.770,281.738
7577.771,284.838
7578.771,287.836
7579.772,290.713
7580.773,293.461
7581.774,296.117
7582.775,298.672
7583.776,301.121
7584.777,303.414
7585.778,305.606
7586.779,307.647
7587.780,309.638
7588.781,311.436
7589.782,313.121
7590.783,314.645
7591.784,316.058
7592.785,317.254
7593.786,318.344
7594.787,319.328
7595.788,320.123
7596.789,320.784
7597.790,321.324
7598.791,321.737
7599.792,321.918
7600.793,321.990
7601.794,321.864
7602.795,321.590
7603.796,321.145
7604.797,320.543
7605.798,319.763
7606.799,318.871
7607.800,317.767
7608.801,316.489
7609.802,315.070
7610.803,313.538
7611.804,311.887
7612.805,310.023
7613.806,307.998
7614.807,305.802
7615.808,303.509
7616.809,301.029
7617.810,298.384
7618.811,295.601
7619.812,292.688
7620.813,289.619
7621.813,286.374
7622.814,283.024
7623.815,279.500
7624.816,275.833
7625.817,272.016
7626.818,268.078
7627.819,264.013
7628.820,259.768
7629.821,255.465
7630.822,251.007
7631.823,246.436
7632.824,241.758
7633.825,237.006
7634.826,232.096
7635.827,227.092
7636.828,221.936
7637.829,216.684
7638.830,211.419
7639.831,206.008
7640.832,200.529
7641.833,194.968
7642.834,189.292
7643.835,183.578
7644.836,177.764
7645.837,171.944
7646.838,166.047
7647.839,160.039
7648.840,154.029
7649.841,148.005
7650.842,141.938
7651.843,135.818
7652.844,129.627
7653.845,123.510
7654.846,117.355
7655.847,111.131
7656.848,104.926
7657.849,98.679
7658.850,92.425
7659.851,86.224
7660.852,79.986
7661.853,73.797
7662.854,67.635
7663.854,61.478
7664.855,55.418
7665.856,49.384
7666.857,43.371
7667.858,37.459
7668.859,31.567
7669.860,25.732
7670.861,20.005
7671.862,20.000
7672.863,20.000
7673.864,20.000
7674.865,20.000
7675.866,20.000
7676.867,20.000
7677.868,20.000
7678.869,20.000
7679.870,20.000
7680.871,20.000
7681.872,20.000
7682.873,20.000
7683.874,20.000
7684.875,20.000
7685.876,20.000
7686.877,20.000
7687.878,20.000
7688.879,20.000
7689.880,20.000
7690.881,20.000
7691.882,20.000
7692.883,20.000
7693.884,20.000
7694.885,20.000
7695.886,20.000
7696.887,20.000
7697.888,20.000
7698.889,20.000
7699.890,20.000
7700.891,20.000
7701.892,20.000
7702.893,20.000
7703.894,20.000
7704.895,20.000
7705.896,20.000
7706.896,20.000
7707.897,20.000
7708.898,20.000
7709.899,20.000
7710.900,20.000
7711.901,20.000
7712.902,20.000
7713.903,20.000
7714.904,20.000
7715.905,20.000
7716.906,20.000
7717.907,20.000
7718.908,20.000
7719.909,20.000
7720.910,20.000
7721.911,20.000
7722.912,20.000
7723.913,20.000
7724.914,20.000
7725.915,20.000
7726.916,20.000
7727.917,20.000
7728.918,20.143
7729.919,20.298
7730.920,20.596
7731.921,21.020
7732.922,21.564
7733.923,22.236
7734.924,23.070
7735.925,23.934
7736.926,24.958
7737.927,26.097
7738.928,27.358
7739.929,28.770
7740.930,30.260
7741.931,31.851
7742.932,33.633
7743.933,35.459
7744.934,37.455
7745.935,39.507
7746.936,41.646
7747.937,43.972
7748.938,46.340
7749.938,48.854
7750.939,51.441
7751.940,54.160
7752.941,56.949
7753.942,59.800
7754.943,62.804
7755.944,65.903
7756.945,69.069
7757.946,72.361
7758.947,75.689
7759.948,79.105
7760.949,82.661
7761.950,86.286
7762.951,89.914
7763.952,93.661
7764.953,97.489
7765.954,101.417
7766.955,105.370
7767.956,109.356
7768.957,113.425
7769.958,117.542
7770.959,121.747
7771.960,125.951
7772.961,130.180
7773.962,134.473
7774.963,138.807
7775.964,143.154
7776.965,147.563
7777.966,151.932
7778.967,156.341
7779.968,160.781
7780.969,165.184
7781.970,169.644
7782.971,174.107
7783.972,178.530
7784.973,182.979
7785.974,187.422
7786.975,191.791
7787.976,196.258
7788.977,200.649
7789.978,205.081
7790.979,209.418
7791.979,213.758
7792.980,218.082
7793.981,222.291
7794.982,226.485
7795.983,230.635
7796.984,234.729
7797.985,238.737
7798.986,242.709
7799.987,246.613
7800.988,250.488
7801.989,254.244
7802.990,257.941
7803.991,261.502
7804.992,265.075
7805.993,268.516
7806.994,271.875
7807.995,275.152
7808.996,278.344
7809.997,281.386
7810.998,284.359
7811.999,287.275
7813.000,290.013
7814.001,292.679
7815.002,295.197
7816.003,297.596
7817.004,299.844
7818.005,301.978
7819.006,303.988
7820.007,305.918
7821.008,307.655
7822.009,309.277
7823.010,310.722
7824.011,312.039
7825.012,313.262
7826.013,314.362
7827.014,315.250
7828.015,316.082
7829.016,316.691
7830.017,317.137
7831.018,317.492
7832.019,317.621
7833.020,317.641
7834.021,317.504
7835.021,317.172
7836.022,316.774
7837.023,316.182
7838.024,315.399
7839.025,314.550
7840.026,313.465
7841.027,312.270
7842.028,310.895
7843.029,309.361
7844.030,307.711
7845.031,305.884
7846.032,303.856
7847.033,301.754
7848.034,299.412
7849.035,296.953
7850.036,294.365
7851.037,291.595
7852.038,288.724
7853.039,285.625
7854.040,282.475
7855.041,279.121
7856.042,275.623
7857.043,271.990
7858.044,268.238
7859.045,264.346
7860.046,260.330
7861.047,256.152
7862.048,251.904
7863.049,247.463
7864.050,242.898
7865.051,238.262
7866.052,233.532
7867.053,228.662
7868.054,223.756
7869.055,218.740
7870.056,213.537
7871.057,208.303
7872.058,202.947
7873.059,197.595
7874.060,192.064
7875.061,186.499
7876.062,180.839
7877.063,175.106
7878.063,169.364
7879.064,163.525
7880.065,157.643
7881.066,151.739
7882.067,145.747
7883.068,139.758
7884.069,133.718
7885.070,127.620
7886.071,121.497
7887.072,115.363
7888.073,109.198
7889.074,103.053
7890.075,96.907
7891.076,90.784
7892.077,84.630
7893.078,78.549
7894.079,72.530
7895.080,66.457
7896.081,60.424
7897.082,54.471
7898.083,48.518
7899.084,42.524
7900.085,36.687
7901.086,30.917
7902.087,25.172
7903.088,20.000
7904.089,20.000
7905.090,20.000
7906.091,20.000
7907.092,20.000
7908.093,20.000
7909.094,20.000
7910.095,20.000
7911.096,20.000
7912.097,20.000
7913.098,20.000
7914.099,20.000
7915.100,20.000
7916.101,20.000
7917.102,20.000
7918.103,20.000
7919.104,20.000
7920.104,20.000
7921.105,20.000
7922.106,20.000
7923.107,20.000
7924.108,20.000
7925.109,20.000
7926.110,20.000
7927.111,20.000
7928.112,20.000
7929.113,20.000
7930.114,20.000
7931.115,20.000
7932.116,20.000
7933.117,20.000
7934.118,20.000
7935.119,20.000
7936.120,20.000
7937.121,20.000
7938.122,20.000
7939.123,20.000
7940.124,20.000
7941.125,20.000
7942.126,20.000
7943.127,20.000
7944.128,20.000
7945.129,20.000
7946.130,20.000
7947.131,20.000
7948.132,20.000
7949.133,20.000
7950.134,20.000
7951.135,20.000
7952.136,20.000
7953.137,20.000
7954.138,20.000
7955.139,20.000
7956.140,20.000
7957.141,20.000
7958.142,20.000
7959.143,20.000
7960.144,20.126
7961.145,20.367
7962.146,20.743
7963.146,21.128
7964.147,21.683
7965.148,22.399
7966.149,23.227
7967.150,24.186
7968.151,25.208
7969.152,26.412
7970.153,27.661
7971.154,29.077
7972.155,30.619
7973.156,32.202
7974.157,34.002
7975.158,35.866
7976.159,37.820
7977.160,39.880
7978.161,42.087
7979.162,44.432
7980.163,46.832
7981.164,49.262
7982.165,51.860
7983.166,54.610
7984.167,57.364
7985.168,60.244
7986.169,63.238
7987.170,66.311
7988.171,69.483
7989.172,72.725
7990.173,76.103
7991.174,79.517
7992.175,83.022
7993.176,86.647
7994.177,90.351
7995.178,94.098
7996.179,97.883
7997.180,101.799
7998.181,105.732
7999.182,109.709
8000.183,113.749
8001.184,117.821
8002.185,121.949
8003.186,126.153
8004.187,130.343
8005.188,134.573
8006.188,138.924
8007.189,143.289
8008.190,147.637
8009.191,152.051
8010.192,156.462
8011.193,160.886
8012.194,165.339
8013.195,169.773
8014.196,174.215
8015.197,178.615
8016.198,183.089
8017.199,187.552
8018.200,191.889
8019.201,196.328
8020.202,200.705
8021.203,205.024
8022.204,209.350
8023.205,213.639
8024.206,217.901
8025.207,222.093
8026.208,226.305
8027.209,230.385
8028.210,234.484
8029.211,238.478
8030.212,242.436
8031.213,246.334
8032.214,250.176
8033.215,253.947
8034.216,257.641
8035.217,261.247
8036.218,264.803
8037.219,268.225
8038.220,271.559
8039.221,274.768
8040.222,277.894
8041.223,280.927
8042.224,283.914
8043.225,286.778
8044.226,289.488
8045.227,292.077
8046.228,294.625
8047.229,297.030
8048.229,299.328
8049.230,301.441
8050.231,303.499
8051.232,305.352
8052.233,307.094
8053.234,308.704
8054.235,310.144
8055.236,311.518
8056.237,312.727
8057.238,313.793
8058.239,314.741
8059.240,315.500
8060.241,316.141
8061.242,316.609
8062.243,316.919
8063.244,317.076
8064.245,317.098
8065.246,316.928
8066.247,316.647
8067.248,316.206
8068.249,315.602
8069.250,314.863
8070.251,313.931
8071.252,312.809
8072.253,311.570
8073.254,310.159
8074.255,308.611
8075.256,306.891
8076.257,305.050
8077.258,303.010
8078.259,300.842
8079.260,298.485
8080.261,296.031
8081.262,293.418
8082.263,290.622
8083.264,287.723
8084.265,284.629
8085.266,281.455
8086.267,278.094
8087.268,274.605
8088.269,270.977
8089.270,267.224
8090.271,263.354
8091.271,259.322
8092.272,255.166
8093.273,250.951
8094.274,246.539
8095.275,242.049
8096.276,237.424
8097.277,232.726
8098.278,227.863
8099.279,222.931
8100.280,217.918
8101.281,212.858
8102.282,207.613
8103.283,202.312
8104.284,196.895
8105.285,191.415
8106.286,185.824
8107.287,180.194
8108.288,174.473
8109.289,168.735
8110.290,162.880
8111.291,157.042
8112.292,151.108
8113.293,145.111
8114.294,139.109
8115.295,133.068
8116.296,126.989
8117.297,120.955
8118.298,114.884
8119.299,108.798
8120.300,102.696
8121.301,96.594
8122.302,90.503
8123.303,84.417
8124.304,78.325
8125.305,72.276
8126.306,66.218
8127.307,60.179
8128.308,54.183
8129.309,48.229
8130.310,42.282
8131.311,36.495
8132.312,30.771
8133.313,25.026
8134.313,20.000
8135.314,20.000
8136.315,20.000
8137.316,20.000
8138.317,20.000
8139.318,20.000
8140.319,20.000
8141.320,20.000
8142.321,20.000
8143.322,20.000
8144.323,20.000
8145.324,20.000
8146.325,20.000
8147.326,20.000
8148.327,20.000
8149.328,20.000
8150.329,20.000
8151.330,20.000
8152.331,20.000
8153.332,20.000
8154.333,20.000
8155.334,20.000
8156.335,20.000
8157.336,20.000
8158.337,20.000
8159.338,20.000
8160.339,20.000
8161.340,20.000
8162.341,20.000
8163.342,20.000
8164.343,20.000
8165.344,20.000
8166.345,20.000
8167.346,20.000
8168.347,20.000
8169.348,20.000
8170.349,20.000
8171.350,20.000
8172.351,20.000
8173.352,20.000
8174.353,20.000
8175.354,20.000
8176.354,20.000
8177.355,20.000
8178.356,20.000
8179.357,20.000
8180.358,20.000
8181.359,20.000
8182.360,20.000
8183.361,20.000
8184.362,20.000
8185.363,20.000
8186.364,20.000
8187.365,20.000
8188.366,20.000
8189.367,20.000
8190.368,20.000
8191.369,20.046
8193.338,20.367
8195.291,21.191
8197.244,22.477
8199.197,24.245
8201.150,26.436
8203.104,29.109
8205.057,32.253
8207.010,35.852
8208.963,39.889
8210.916,44.428
8212.869,49.296
8214.822,54.587
8216.775,60.270
8218.729,66.309
8220.682,72.709
8222.635,79.425
8224.588,86.455
8226.541,93.752
8228.494,101.301
8230.447,109.166
8232.400,117.175
8234.354,125.341
8236.307,133.708
8238.260,142.258
8240.213,150.924
8242.166,159.679
8244.119,168.438
8246.072,177.183
8248.025,185.981
8249.979,194.727
8251.932,203.383
8253.885,211.885
8255.838,220.272
8257.791,228.453
8259.744,236.420
8261.697,244.159
8263.650,251.607
8265.604,258.772
8267.557,265.693
8269.510,272.208
8271.463,278.356
8273.416,284.041
8275.369,289.325
8277.322,294.117
8279.275,298.457
8281.229,302.250
8283.182,305.582
8285.135,308.340
8287.088,310.586
8289.041,312.238
8290.994,313.335
8292.947,313.831
8294.900,313.732
8296.854,313.035
8298.807,311.732
8300.760,309.751
8302.713,307.195
8304.666,303.957
8306.619,300.198
8308.572,295.836
8310.525,290.860
8312.479,285.271
8314.432,279.104
8316.385,272.371
8318.338,265.100
8320.291,257.283
8322.244,248.981
8324.197,240.193
8326.150,231.020
8328.104,221.373
8330.057,211.279
8332.010,200.842
8333.963,190.051
8335.916,179.013
8337.869,167.736
8339.822,156.186
8341.775,144.470
8343.729,132.626
8345.682,120.595
8347.635,108.529
8349.588,96.417
8351.541,84.277
8353.494,72.239
8355.447,60.278
8357.400,48.528
8359.354,36.888
8361.307,25.494
8363.260,20.000
8365.213,20.000
8367.166,20.000
8369.119,20.000
8371.072,20.000
8373.025,20.000
8374.979,20.000
8376.932,20.000
8378.885,20.000
8380.838,20.000
8382.791,20.000
8384.744,20.000
8386.697,20.000
8388.650,20.000
8390.604,20.000
8392.557,20.000
8394.510,20.000
8396.463,20.000
8398.416,20.000
8400.369,20.000
8402.322,20.000
8404.275,20.000
8406.229,20.000
8408.182,20.000
8410.135,20.000
8412.088,20.000
8414.041,20.000
8415.994,20.000
8417.947,20.043
8419.900,20.392
8421.854,21.159
8423.807,22.379
8425.760,24.060
8427.713,26.199
8429.666,28.875
8431.619,31.962
8433.572,35.510
8435.525,39.475
8437.479,43.852
8439.432,48.664
8441.385,53.936
8443.338,59.495
8445.291,65.413
8447.244,71.699
8449.197,78.353
8451.150,85.292
8453.104,92.511
8455.057,100.071
8457.010,107.897
8458.963,115.847
8460.916,124.018
8462.869,132.355
8464.822,140.795
8466.775,149.440
8468.729,158.070
8470.682,166.665
8472.635,175.352
8474.588,184.057
8476.541,192.710
8478.494,201.339
8480.447,209.805
8482.400,218.105
8484.354,226.285
8486.307,234.266
8488.260,241.986
8490.213,249.366
8492.166,256.511
8494.119,263.270
8496.072,269.736
8498.025,275.873
8499.979,281.554
8501.932,286.787
8503.885,291.590
8505.838,295.961
8507.791,299.857
8509.744,303.161
8511.697,305.826
8513.650,308.089
8515.604,309.676
8517.557,310.722
8519.510,311.137
8521.463,310.974
8523.416,310.293
8525.369,309.013
8527.322,307.134
8529.275,304.607
8531.229,301.482
8533.182,297.761
8535.135,293.477
8537.088,288.559
8539.041,283.058
8540.994,277.014
8542.947,270.318
8544.900,263.131
8546.854,255.375
8548.807,247.131
8550.760,238.365
8552.713,229.233
8554.666,219.715
8556.619,209.762
8558.572,199.383
8560.525,188.679
8562.479,177.764
8564.432,166.492
8566.385,155.037
8568.338,143.286
8570.291,131.507
8572.244,119.538
8574.197,107.482
8576.150,95.392
8578.104,83.364
8580.057,71.396
8582.010,59.521
8583.963,47.730
8585.916,36.116
8587.869,24.693
8589.822,20.000
8591.775,20.000
8593.729,20.000
8595.682,20.000
8597.635,20.000
8599.588,20.000
8601.541,20.000
8603.494,20.000
8605.447,20.000
8607.400,20.000
8609.354,20.000
8611.307,20.000
8613.260,20.000
8615.213,20.000
8617.166,20.000
8619.119,20.000
8621.072,20.000
8623.025,20.000
8624.979,20.000
8626.932,20.000
8628.885,20.000
8630.838,20.000
8632.791,20.000
8634.744,20.000
8636.697,20.000
8638.650,20.000
8640.604,20.000
8642.557,20.000
8644.510,20.000
8646.463,20.275
8648.416,20.979
8650.369,22.203
8652.322,23.933
8654.275,26.024
8656.229,28.646
8658.182,31.658
8660.135,35.177
8662.088,39.179
8664.041,43.603
8665.994,48.419
8667.947,53.688
8669.900,59.404
8671.854,65.333
8673.807,71.658
8675.760,78.260
8677.713,85.197
8679.666,92.443
8681.619,99.901
8683.572,107.632
8685.525,115.618
8687.479,123.794
8689.432,132.086
8691.385,140.553
8693.338,149.118
8695.291,157.768
8697.244,166.466
8699.197,175.114
8701.150,183.767
8703.104,192.369
8705.057,200.923
8707.010,209.275
8708.963,217.543
8710.916,225.644
8712.869,233.569
8714.822,241.287
8716.775,248.699
8718.729,255.727
8720.682,262.465
8722.635,268.883
8724.588,274.938
8726.541,280.551
8728.494,285.740
8730.447,290.488
8732.400,294.711
8734.354,298.504
8736.307,301.786
8738.260,304.594
8740.213,306.740
8742.166,308.281
8744.119,309.241
8746.072,309.636
8748.025,309.454
8749.979,308.656
8751.932,307.260
8753.885,305.262
8755.838,302.659
8757.791,299.410
8759.744,295.586
8761.697,291.137
8763.650,286.073
8765.604,280.455
8767.557,274.290
8769.510,267.522
8771.463,260.235
8773.416,252.394
8775.369,244.144
8777.322,235.486
8779.275,226.285
8781.229,216.722
8783.182,206.830
8785.135,196.541
8787.088,185.910
8789.041,174.979
8790.994,163.793
8792.947,152.314
8794.900,140.692
8796.854,128.925
8798.807,117.078
8800.760,105.188
8802.713,93.268
8804.666,81.376
8806.619,69.455
8808.572,57.717
8810.525,46.073
8812.479,34.557
8814.432,23.363
8816.385,20.000
8818.338,20.000
8820.291,20.000
8822.244,20.000
8824.197,20.000
8826.150,20.000
8828.104,20.000
8830.057,20.000
8832.010,20.000
8833.963,20.000
8835.916,20.000
8837.869,20.000
8839.822,20.000
8841.775,20.000
8843.729,20.000
8845.682,20.000
8847.635,20.000
8849.588,20.000
8851.541,20.000
8853.494,20.000
8855.447,20.000
8857.400,20.000
8859.354,20.000
8861.307,20.000
8863.260,20.000
8865.213,20.000
8867.166,20.000
8869.119,20.000
8871.072,20.041
8873.025,20.371
8874.979,21.144
8876.932,22.436
8878.885,24.143
8880.838,26.320
8882.791,28.971
8884.744,32.076
8886.697,35.590
8888.650,39.541
8890.604,43.961
8892.557,48.730
8894.510,53.945
8896.463,59.526
8898.416,65.456
8900.369,71.744
8902.322,78.388
8904.275,85.271
8906.229,92.420
8908.182,99.907
8910.135,107.629
8912.088,115.588
8914.041,123.662
8915.994,131.920
8917.947,140.305
8919.900,148.735
8921.854,157.293
8923.807,165.928
8925.760,174.559
8927.713,183.145
8929.666,191.701
8931.619,200.098
8933.572,208.427
8935.525,216.623
8937.479,224.576
8939.432,232.377
8941.385,239.965
8943.338,247.297
8945.291,254.293
8947.244,260.936
8949.197,267.306
8951.150,273.281
8953.104,278.812
8955.057,283.902
8957.010,288.480
8958.963,292.692
8960.916,296.355
8962.869,299.549
8964.822,302.203
8966.775,304.336
8968.729,305.832
8970.682,306.793
8972.635,307.221
8974.588,307.000
8976.541,306.134
8978.494,304.656
8980.447,302.547
8982.400,299.836
8984.354,296.519
8986.307,292.615
8988.260,288.172
8990.213,283.078
8992.166,277.445
8994.119,271.186
8996.072,264.398
8998.025,257.140
8999.979,249.396
9001.932,241.217
9003.885,232.541
9005.838,223.477
9007.791,213.861
9009.744,203.921
9011.697,193.640
9013.650,183.082
9015.604,172.187
9017.557,161.000
9019.510,149.579
9021.463,138.087
9023.416,126.412
9025.369,114.587
9027.322,102.784
9029.275,90.932
9031.229,79.026
9033.182,67.163
9035.135,55.480
9037.088,44.006
9039.041,32.704
9040.994,21.592
9042.947,20.000
9044.900,20.000
9046.854,20.000
9048.807,20.000
9050.760,20.000
9052.713,20.000
9054.666,20.000
9056.619,20.000
9058.572,20.000
9060.525,20.000
9062.479,20.000
9064.432,20.000
9066.385,20.000
9068.338,20.000
9070.291,20.000
9072.244,20.000
9074.197,20.000
9076.150,20.000
9078.104,20.000
9080.057,20.000
9082.010,20.000
9083.963,20.000
9085.916,20.000
9087.869,20.000
9089.822,20.000
9091.775,20.000
9093.729,20.000
9095.682,20.000
9097.635,20.004
9099.588,20.289
9101.541,21.044
9103.494,22.256
9105.447,23.930
9107.400,26.027
9109.354,28.601
9111.307,31.591
9113.260,35.100
9115.213,38.974
9117.166,43.264
9119.119,48.000
9121.072,53.059
9123.025,58.610
9124.979,64.468
9126.932,70.679
9128.885,77.212
9130.838,83.990
9132.791,91.026
9134.744,98.424
9136.697,105.965
9138.650,113.800
9140.604,121.793
9142.557,129.959
9144.510,138.199
9146.463,146.521
9148.416,154.968
9150.369,163.542
9152.322,172.080
9154.275,180.568
9156.229,189.039
9158.182,197.437
9160.135,205.759
9162.088,213.934
9164.041,221.883
9165.994,229.615
9167.947,237.129
9169.900,244.468
9171.854,251.490
9173.807,258.117
9175.760,264.517
9177.713,270.529
9179.666,276.168
9181.619,281.351
9183.572,286.028
9185.525,290.215
9187.479,293.965
9189.432,297.252
9191.385,299.966
9193.338,302.197
9195.291,303.816
9197.244,304.911
9199.197,305.443
9201.150,305.356
9203.104,304.658
9205.057,303.383
9207.010,301.568
9208.963,299.012
9210.916,295.949
9212.869,292.290
9214.822,288.041
9216.775,283.166
9218.729,277.729
9220.682,271.742
9222.635,265.171
9224.588,258.140
9226.541,250.632
9228.494,242.570
9230.447,234.028
9232.400,224.982
9234.354,215.584
9236.307,205.742
9238.260,195.604
9240.213,185.152
9242.166,174.401
9244.119,163.371
9246.072,152.147
9248.025,140.735
9249.979,129.170
9251.932,117.436
9253.885,105.647
9255.838,93.865
9257.791,82.023
9259.744,70.225
9261.697,58.611
9263.650,47.199
9265.604,35.902
9267.557,24.758
9269.510,20.000
9271.463,20.000
9273.416,20.000
9275.369,20.000
9277.322,20.000
9279.275,20.000
9281.229,20.000
9283.182,20.000
9285.135,20.000
9287.088,20.000
9289.041,20.000
9290.994,20.000
9292.947,20.000
9294.900,20.000
9296.854,20.000
9298.807,20.000
9300.760,20.000
9302.713,20.000
9304.666,20.000
9306.619,20.000
9308.572,20.000
9310.525,20.000
9312.479,20.000
9314.432,20.000
9316.385,20.000
9318.338,20.000
9320.291,20.000
9322.244,20.000
9324.197,20.000
9326.150,20.113
9328.104,20.677
9330.057,21.644
9332.010,23.092
9333.963,24.912
9335.916,27.234
9337.869,30.017
9339.822,33.208
9341.775,36.836
9343.729,40.803
9345.682,45.260
9347.635,50.152
9349.588,55.458
9351.541,61.078
9353.494,67.058
9355.447,73.369
9357.400,79.997
9359.354,86.921
9361.307,94.019
9363.260,101.449
9365.213,109.014
9367.166,116.896
9369.119,124.823
9371.072,132.908
9373.025,141.086
9374.979,149.387
9376.932,157.849
9378.885,166.293
9380.838,174.688
9382.791,182.954
9384.744,191.240
9386.697,199.533
9388.650,207.658
9390.604,215.627
9392.557,223.342
9394.510,230.830
9396.463,238.109
9398.416,245.116
9400.369,251.828
9402.322,258.206
9404.275,264.222
9406.229,269.879
9408.182,275.141
9410.135,279.979
9412.088,284.430
9414.041,288.296
9415.994,291.694
9417.947,294.610
9419.900,296.994
9421.854,298.761
9423.807,300.055
9425.760,300.780
9427.713,300.938
9429.666,300.493
9431.619,299.523
9433.572,297.910
9435.525,295.700
9437.479,292.883
9439.432,289.473
9441.385,285.502
9443.338,280.934
9445.291,275.799
9447.244,270.129
9449.197,264.000
9451.150,257.337
9453.104,250.147
9455.057,242.455
9457.010,234.301
9458.963,225.641
9460.916,216.576
9462.869,207.148
9464.822,197.447
9466.775,187.378
9468.729,176.981
9470.682,166.310
9472.635,155.435
9474.588,144.359
9476.541,133.074
9478.494,121.708
9480.447,110.182
9482.400,98.626
9484.354,87.186
9486.307,75.719
9488.260,64.327
9490.213,53.072
9492.166,41.942
9494.119,31.042
9496.072,20.296
9498.025,20.000
9499.979,20.000
9501.932,20.000
9503.885,20.000
9505.838,20.000
9507.791,20.000
9509.744,20.000
9511.697,20.000
9513.650,20.000
9515.604,20.000
9517.557,20.000
9519.510,20.000
9521.463,20.000
9523.416,20.000
9525.369,20.000
9527.322,20.000
9529.275,20.000
9531.229,20.000
9533.182,20.000
9535.135,20.000
9537.088,20.000
9539.041,20.000
9540.994,20.000
9542.947,20.000
9544.900,20.000
9546.854,20.000
9548.807,20.000
9550.760,20.004
9552.713,20.327
9554.666,21.192
9556.619,22.427
9558.572,24.130
9560.525,26.302
9562.479,28.901
9564.432,31.967
9566.385,35.439
9568.338,39.329
9570.291,43.665
9572.244,48.365
9574.197,53.506
9576.150,59.011
9578.104,64.792
9580.057,70.974
9582.010,77.458
9583.963,84.186
9585.916,91.212
9587.869,98.524
9589.822,106.105
9591.775,113.831
9593.729,121.790
9595.682,129.748
9597.635,138.010
9599.588,146.252
9601.541,154.644
9603.494,163.050
9605.447,171.458
9607.400,179.850
9609.354,188.112
9611.307,196.379
9613.260,204.549
9615.213,212.514
9617.166,220.338
9619.119,227.969
9621.072,235.380
9623.025,242.525
9624.979,249.379
9626.932,255.868
9628.885,261.973
9630.838,267.771
9632.791,273.195
9634.744,278.180
9636.697,282.736
9638.650,286.812
9640.604,290.441
9642.557,293.562
9644.510,296.108
9646.463,298.160
9648.416,299.658
9650.369,300.610
9652.322,300.970
9654.275,300.694
9656.229,299.779
9658.182,298.311
9660.135,296.305
9662.088,293.666
9664.041,290.415
9665.994,286.563
9667.947,282.172
9669.900,277.242
9671.854,271.746
9673.807,265.715
9675.760,259.149
9677.713,252.086
9679.666,244.535
9681.619,236.503
9683.572,227.922
9685.525,219.031
9687.479,209.693
9689.432,200.025
9691.385,190.039
9693.338,179.633
9695.291,169.010
9697.244,158.115
9699.197,147.005
9701.150,135.688
9703.104,124.220
9705.057,112.660
9707.010,101.122
9708.963,89.505
9710.916,77.975
9712.869,66.485
9714.822,55.056
9716.775,43.753
9718.729,32.564
9720.682,21.713
9722.635,20.000
9724.588,20.000
9726.541,20.000
9728.494,20.000
9730.447,20.000
9732.400,20.000
9734.354,20.000
9736.307,20.000
9738.260,20.000
9740.213,20.000
9742.166,20.000
9744.119,20.000
9746.072,20.000
9748.025,20.000
9749.979,20.000
9751.932,20.000
9753.885,20.000
9755.838,20.000
9757.791,20.000
9759.744,20.000
9761.697,20.000
9763.650,20.000
9765.604,20.000
9767.557,20.000
9769.510,20.000
9771.463,20.000
9773.416,20.000
9775.369,20.000
9777.322,20.060
9779.275,20.396
9781.229,21.173
9783.182,22.391
9785.135,24.097
9787.088,26.216
9789.041,28.799
9790.994,31.814
9792.947,35.250
9794.900,39.120
9796.854,43.322
9798.807,47.930
9800.760,53.001
9802.713,58.416
9804.666,64.208
9806.619,70.292
9808.572,76.721
9810.525,83.467
9812.479,90.466
9814.432,97.676
9816.385,105.078
9818.338,112.800
9820.291,120.623
9822.244,128.636
9824.197,136.728
9826.150,145.002
9828.104,153.344
9830.057,161.662
9832.010,169.965
9833.963,178.313
9835.916,186.613
9837.869,194.788
9839.822,202.880
9841.775,210.826
9843.729,218.613
9845.682,226.173
9847.635,233.629
9849.588,240.721
9851.541,247.565
9853.494,254.111
9855.447,260.275
9857.400,266.063
9859.354,271.439
9861.307,276.451
9863.260,280.985
9865.213,285.086
9867.166,288.768
9869.119,291.873
9871.072,294.501
9873.025,296.603
9874.979,298.223
9876.932,299.265
9878.885,299.689
9880.838,299.522
9882.791,298.768
9884.744,297.409
9886.697,295.453
9888.650,292.932
9890.604,289.833
9892.557,286.145
9894.510,281.890
9896.463,277.106
9898.416,271.724
9900.369,265.773
9902.322,259.344
9904.275,252.402
9906.229,244.897
9908.182,236.988
9910.135,228.568
9912.088,219.721
9914.041,210.529
9915.994,200.945
9917.947,190.984
9919.900,180.646
9921.854,170.042
9923.807,159.209
9925.760,148.189
9927.713,136.913
9929.666,125.594
9931.619,114.163
9933.572,102.692
9935.525,91.138
9937.479,79.603
9939.432,68.110
9941.385,56.708
9943.338,45.365
9945.291,34.282
9947.244,23.505
9949.197,20.000
9951.150,20.000
9953.104,20.000
9955.057,20.000
9957.010,20.000
9958.963,20.000
9960.916,20.000
9962.869,20.000
9964.822,20.000
9966.775,20.000
9968.729,20.000
9970.682,20.000
9972.635,20.000
9974.588,20.000
9976.541,20.000
9978.494,20.000
9980.447,20.000
9982.400,20.000
9984.354,20.000
9986.307,20.000
9988.260,20.000
9990.213,20.000
9992.166,20.000
9994.119,20.000
9996.072,20.000
9998.025,20.000
9999.979,20.000
10001.930,20.000
10003.880,20.000
10005.840,20.391
10007.790,21.159
10009.740,22.419
10011.700,24.057
10013.650,26.144
10015.600,28.702
10017.560,31.663
10019.510,35.058
10021.460,38.859
10023.420,43.052
10025.370,47.667
10027.320,52.625
10029.280,58.036
10031.230,63.717
10033.180,69.777
10035.130,76.141
10037.090,82.798
10039.040,89.751
10040.990,96.887
10042.950,104.245
10044.900,111.859
10046.850,119.647
10048.810,127.522
10050.760,135.656
10052.710,143.840
10054.670,152.041
10056.620,160.328
10058.570,168.589
10060.530,176.846
10062.480,185.029
10064.430,193.212
10066.380,201.201
10068.340,209.084
10070.290,216.762
10072.240,224.252
10074.200,231.526
10076.150,238.566
10078.100,245.346
10080.060,251.803
10082.010,257.895
10083.960,263.591
10085.920,268.906
10087.870,273.797
10089.820,278.284
10091.780,282.363
10093.730,285.898
10095.680,288.912
10097.630,291.453
10099.590,293.486
10101.540,295.082
10103.490,296.031
10105.450,296.408
10107.400,296.222
10109.350,295.474
10111.310,294.121
10113.260,292.237
10115.210,289.777
10117.170,286.761
10119.120,283.157
10121.070,278.996
10123.030,274.285
10124.980,269.076
10126.930,263.348
10128.880,257.156
10130.840,250.367
10132.790,243.119
10134.740,235.390
10136.700,227.140
10138.650,218.438
10140.600,209.469
10142.560,200.018
10144.510,190.225
10146.460,180.098
10148.420,169.679
10150.370,159.021
10152.320,148.218
10154.280,137.253
10156.230,126.072
10158.180,114.860
10160.130,103.527
10162.090,92.167
10164.040,80.804
10165.990,69.466
10167.950,58.152
10169.900,47.033
10171.850,36.116
10173.810,25.468
10175.760,20.000
10177.710,20.000
10179.670,20.000
10181.620,20.000
10183.570,20.000
10185.530,20.000
10187.480,20.000
10189.430,20.000
10191.380,20.000
10193.340,20.000
10195.290,20.000
10197.240,20.000
10199.200,20.000
10201.150,20.000
10203.100,20.000
10205.060,20.000
10207.010,20.000
10208.960,20.000
10210.920,20.000
10212.870,20.000
10214.820,20.000
10216.780,20.000
10218.730,20.000
10220.680,20.000
10222.630,20.000
10224.590,20.000
10226.540,20.000
10228.490,20.000
10230.450,20.000
10232.400,20.205
10234.350,20.912
10236.310,21.998
10238.260,23.518
10240.210,25.533
10242.170,27.948
10244.120,30.801
10246.070,34.021
10248.030,37.679
10249.980,41.673
10251.930,46.093
10253.880,50.866
10255.840,56.033
10257.790,61.556
10259.740,67.375
10261.700,73.627
10263.650,80.031
10265.600,86.788
10267.560,93.754
10269.510,101.068
10271.460,108.516
10273.420,116.141
10275.370,123.994
10277.320,131.915
10279.280,140.000
10281.230,148.096
10283.180,156.223
10285.130,164.477
10287.090,172.648
10289.040,180.853
10290.990,188.953
10292.950,196.979
10294.900,204.880
10296.850,212.612
10298.810,220.139
10300.760,227.455
10302.710,234.579
10304.670,241.369
10306.620,247.953
10308.570,254.236
10310.530,260.080
10312.480,265.587
10314.430,270.682
10316.380,275.326
10318.340,279.602
10320.290,283.275
10322.240,286.539
10324.200,289.305
10326.150,291.553
10328.100,293.302
10330.060,294.512
10332.010,295.169
10333.960,295.266
10335.920,294.820
10337.870,293.789
10339.820,292.169
10341.780,289.992
10343.730,287.202
10345.680,283.824
10347.630,279.963
10349.590,275.535
10351.540,270.586
10353.490,265.074
10355.450,259.004
10357.400,252.434
10359.350,245.326
10361.310,237.733
10363.260,229.671
10365.210,221.174
10367.170,212.223
10369.120,202.902
10371.070,193.268
10373.030,183.234
10374.980,172.867
10376.930,162.331
10378.880,151.613
10380.840,140.715
10382.790,129.598
10384.740,118.348
10386.700,107.061
10388.650,95.651
10390.600,84.240
10392.560,72.846
10394.510,61.561
10396.460,50.450
10398.420,39.419
10400.370,28.656
10402.320,20.000
10404.280,20.000
10406.230,20.000
10408.180,20.000
10410.130,20.000
10412.090,20.000
10414.040,20.000
10415.990,20.000
10417.950,20.000
10419.900,20.000
10421.850,20.000
10423.810,20.000
10425.760,20.000
10427.710,20.000
10429.670,20.000
10431.620,20.000
10433.570,20.000
10435.530,20.000
10437.480,20.000
10439.430,20.000
10441.380,20.000
10443.340,20.000
10445.290,20.000
10447.240,20.000
10449.200,20.000
10451.150,20.000
10453.100,20.000
10455.060,20.000
10457.010,20.000
10458.960,20.079
10460.920,20.475
10462.870,21.254
10464.820,22.462
10466.780,24.108
10468.730,26.174
10470.680,28.663
10472.630,31.604
10474.590,34.981
10476.540,38.720
10478.490,42.862
10480.450,47.388
10482.400,52.316
10484.350,57.620
10486.310,63.268
10488.260,69.163
10490.210,75.436
10492.170,82.040
10494.120,88.912
10496.070,96.004
10498.030,103.302
10499.980,110.854
10501.930,118.612
10503.880,126.534
10505.840,134.520
10507.790,142.624
10509.740,150.721
10511.700,158.910
10513.650,167.120
10515.600,175.402
10517.560,183.578
10519.510,191.642
10521.460,199.650
10523.420,207.508
10525.370,215.203
10527.320,222.652
10529.280,229.881
10531.230,236.870
10533.180,243.631
10535.130,250.070
10537.090,256.133
10539.040,261.936
10540.990,267.271
10542.950,272.225
10544.900,276.755
10546.850,280.795
10548.810,284.289
10550.760,287.344
10552.710,289.922
10554.670,292.012
10556.620,293.489
10558.570,294.486
10560.530,294.965
10562.480,294.846
10564.430,294.178
10566.380,292.854
10568.340,291.016
10570.290,288.537
10572.240,285.506
10574.200,281.869
10576.150,277.719
10578.100,272.946
10580.060,267.674
10582.010,261.744
10583.960,255.401
10585.920,248.549
10587.870,241.096
10589.820,233.166
10591.780,224.811
10593.730,216.053
10595.680,206.869
10597.630,197.305
10599.590,187.484
10601.540,177.320
10603.490,166.850
10605.450,156.240
10607.400,145.347
10609.350,134.350
10611.310,123.122
10613.260,111.726
10615.210,100.407
10617.170,88.953
10619.120,77.485
10621.070,66.162
10623.030,54.972
10624.980,43.845
10626.930,32.957
10628.880,22.250
10630.840,20.000
10632.790,20.000
10634.740,20.000
10636.700,20.000
10638.650,20.000
10640.600,20.000
10642.560,20.000
10644.510,20.000
10646.460,20.000
10648.420,20.000
10650.370,20.000
10652.320,20.000
10654.280,20.000
10656.230,20.000
10658.180,20.000
10660.130,20.000
10662.090,20.000
10664.040,20.000
10665.990,20.000
10667.950,20.000
10669.900,20.000
10671.850,20.000
10673.810,20.000
10675.760,20.000
10677.710,20.000
10679.670,20.000
10681.620,20.000
10683.570,20.000
10685.530,20.000
10687.480,20.087
10689.430,20.566
10691.380,21.406
10693.340,22.778
10695.290,24.527
10697.240,26.680
10699.200,29.320
10701.150,32.343
10703.100,35.823
10705.060,39.690
10707.010,43.896
10708.960,48.542
10710.920,53.515
10712.870,58.833
10714.820,64.465
10716.780,70.484
10718.730,76.720
10720.680,83.372
10722.630,90.135
10724.590,97.201
10726.540,104.445
10728.490,111.904
10730.450,119.565
10732.400,127.363
10734.350,135.331
10736.310,143.270
10738.260,151.232
10740.210,159.290
10742.170,167.350
10744.120,175.430
10746.070,183.412
10748.030,191.308
10749.980,199.088
10751.930,206.774
10753.880,214.279
10755.840,221.549
10757.790,228.555
10759.740,235.301
10761.700,241.752
10763.650,247.952
10765.600,253.826
10767.560,259.313
10769.510,264.386
10771.460,269.126
10773.420,273.404
10775.370,277.233
10777.320,280.526
10779.280,283.444
10781.230,285.792
10783.180,287.570
10785.130,288.912
10787.090,289.688
10789.040,289.926
10790.990,289.625
10792.950,288.785
10794.900,287.348
10796.850,285.379
10798.810,282.869
10800.760,279.762
10802.710,276.100
10804.670,271.939
10806.620,267.164
10808.570,261.797
10810.530,255.949
10812.480,249.563
10814.430,242.674
10816.380,235.346
10818.340,227.516
10820.290,219.314
10822.240,210.797
10824.200,201.781
10826.150,192.432
10828.100,182.841
10830.060,172.895
10832.010,162.678
10833.960,152.295
10835.920,141.671
10837.870,130.836
10839.820,119.852
10841.780,108.797
10843.730,97.671
10845.680,86.522
10847.630,75.454
10849.590,64.523
10851.540,53.651
10853.490,42.890
10855.450,32.254
10857.400,21.915
10859.350,20.000
10861.310,20.000
10863.260,20.000
10865.210,20.000
10867.170,20.000
10869.120,20.000
10871.070,20.000
10873.030,20.000
10874.980,20.000
10876.930,20.000
10878.880,20.000
10880.840,20.000
10882.790,20.000
10884.740,20.000
10886.700,20.000
10888.650,20.000
10890.600,20.000
10892.560,20.000
10894.510,20.000
10896.460,20.000
10898.420,20.000
10900.370,20.000
10902.320,20.000
10904.280,20.000
10906.230,20.000
10908.180,20.000
10910.130,20.000
10912.090,20.000
10914.040,20.069
10915.990,20.548
10917.950,21.432
10919.900,22.763
10921.850,24.525
10923.810,26.734
10925.760,29.394
10927.710,32.414
10929.670,35.812
10931.620,39.704
10933.570,43.907
10935.530,48.492
10937.480,53.423
10939.430,58.727
10941.380,64.401
10943.340,70.403
10945.290,76.685
10947.240,83.243
10949.200,90.030
10951.150,97.105
10953.100,104.289
10955.060,111.741
10957.010,119.370
10958.960,127.201
10960.920,135.041
10962.870,143.046
10964.820,151.063
10966.780,159.104
10968.730,167.232
10970.680,175.264
10972.630,183.242
10974.590,191.145
10976.540,198.938
10978.490,206.687
10980.450,214.213
10982.400,221.514
10984.350,228.604
10986.310,235.428
10988.260,241.941
10990.210,248.206
10992.170,254.085
10994.120,259.615
10996.070,264.857
10998.030,269.623
10999.980,273.984
11001.930,277.858
11003.880,281.282
11005.840,284.232
11007.790,286.630
11009.740,288.566
11011.700,289.965
11013.650,290.845
11015.600,291.145
11017.560,290.889
11019.510,290.084
11021.460,288.748
11023.420,286.880
11025.370,284.457
11027.320,281.516
11029.280,277.984
11031.230,273.924
11033.180,269.281
11035.130,264.082
11037.090,258.338
11039.040,252.155
11040.990,245.416
11042.950,238.225
11044.900,230.568
11046.850,222.432
11048.810,213.906
11050.760,205.091
11052.710,195.836
11054.670,186.274
11056.620,176.401
11058.570,166.208
11060.530,155.812
11062.480,145.231
11064.430,134.359
11066.380,123.396
11068.340,112.359
11070.290,101.167
11072.240,90.038
11074.200,78.927
11076.150,67.925
11078.100,57.037
11080.060,46.209
11082.010,35.521
11083.960,25.056
11085.920,20.000
11087.870,20.000
11089.820,20.000
11091.780,20.000
11093.730,20.000
11095.680,20.000
11097.630,20.000
11099.590,20.000
11101.540,20.000
11103.490,20.000
11105.450,20.000
11107.400,20.000
11109.350,20.000
11111.310,20.000
11113.260,20.000
11115.210,20.000
11117.170,20.000
11119.120,20.000
11121.070,20.000
11123.030,20.000
11124.980,20.000
11126.930,20.000
11128.880,20.000
11130.840,20.000
11132.790,20.000
11134.740,20.000
11136.700,20.000
11138.650,20.000
11140.600,20.030
11142.560,20.415
11144.510,21.235
11146.460,22.515
11148.420,24.209
11150.370,26.372
11152.320,28.899
11154.280,31.839
11156.230,35.245
11158.180,38.980
11160.130,43.104
11162.090,47.624
11164.040,52.521
11165.990,57.860
11167.950,63.479
11169.900,69.368
11171.850,75.566
11173.810,82.088
11175.760,88.849
11177.710,95.865
11179.670,103.042
11181.620,110.429
11183.570,118.073
11185.530,125.790
11187.480,133.627
11189.430,141.572
11191.380,149.553
11193.340,157.608
11195.290,165.673
11197.240,173.669
11199.200,181.639
11201.150,189.466
11203.100,197.265
11205.060,204.967
11207.010,212.437
11208.960,219.703
11210.920,226.811
11212.870,233.620
11214.820,240.092
11216.780,246.298
11218.730,252.170
11220.680,257.680
11222.630,262.891
11224.590,267.578
11226.540,271.924
11228.490,275.868
11230.450,279.256
11232.400,282.195
11234.350,284.596
11236.310,286.508
11238.260,287.845
11240.210,288.694
11242.170,288.996
11244.120,288.732
11246.070,287.895
11248.030,286.565
11249.980,284.619
11251.930,282.197
11253.880,279.133
11255.840,275.580
11257.790,271.424
11259.740,266.803
11261.700,261.597
11263.650,255.871
11265.600,249.582
11267.560,242.831
11269.510,235.555
11271.460,227.860
11273.420,219.698
11275.370,211.187
11277.320,202.335
11279.280,193.142
11281.230,183.547
11283.180,173.588
11285.130,163.401
11287.090,152.932
11289.040,142.292
11290.990,131.464
11292.950,120.503
11294.900,109.443
11296.850,98.320
11298.810,87.217
11300.760,76.181
11302.710,65.148
11304.670,54.202
11306.620,43.392
11308.570,32.723
11310.530,22.296
11312.480,20.000
11314.430,20.000
11316.380,20.000
11318.340,20.000
11320.290,20.000
11322.240,20.000
11324.200,20.000
11326.150,20.000
11328.100,20.000
11330.060,20.000
11332.010,20.000
11333.960,20.000
11335.920,20.000
11337.870,20.000
11339.820,20.000
11341.780,20.000
11343.730,20.000
11345.680,20.000
11347.630,20.000
11349.590,20.000
11351.540,20.000
11353.490,20.000
11355.450,20.000
11357.400,20.000
11359.350,20.000
11361.310,20.000
11363.260,20.000
11365.210,20.000
11367.170,20.082
11369.120,20.504
11371.070,21.375
11373.030,22.702
11374.980,24.425
11376.930,26.656
11378.880,29.252
11380.840,32.264
11382.790,35.676
11384.740,39.545
11386.700,43.771
11388.650,48.361
11390.600,53.315
11392.560,58.630
11394.510,64.223
11396.460,70.163
11398.420,76.449
11400.370,82.977
11402.320,89.785
11404.280,96.775
11406.230,103.989
11408.180,111.470
11410.130,119.022
11412.090,126.736
11414.040,134.541
11415.990,142.477
11417.950,150.443
11419.900,158.499
11421.850,166.516
11423.810,174.521
11425.760,182.429
11427.710,190.232
11429.670,197.988
11431.620,205.553
11433.570,213.002
11435.530,220.226
11437.480,227.251
11439.430,233.946
11441.380,240.416
11443.340,246.502
11445.290,252.278
11447.240,257.779
11449.200,262.809
11451.150,267.418
11453.100,271.695
11455.060,275.496
11457.010,278.859
11458.960,281.689
11460.920,283.973
11462.870,285.805
11464.820,287.017
11466.780,287.731
11468.730,287.963
11470.680,287.651
11472.630,286.758
11474.590,285.297
11476.540,283.233
11478.490,280.662
11480.450,277.488
11482.400,273.737
11484.350,269.441
11486.310,264.603
11488.260,259.272
11490.210,253.388
11492.170,246.959
11494.120,240.129
11496.070,232.747
11498.030,224.987
11499.980,216.817
11501.930,208.255
11503.880,199.240
11505.840,189.953
11507.790,180.258
11509.740,170.276
11511.700,160.086
11513.650,149.613
11515.600,138.907
11517.560,128.067
11519.510,117.094
11521.460,106.089
11523.420,95.014
11525.370,83.979
11527.320,72.923
11529.280,61.997
11531.230,51.108
11533.180,40.334
11535.130,29.707
11537.090,20.000
11539.040,20.000
11540.990,20.000
11542.950,20.000
11544.900,20.000
11546.850,20.000
11548.810,20.000
11550.760,20.000
11552.710,20.000
11554.670,20.000
11556.620,20.000
11558.570,20.000
11560.530,20.000
11562.480,20.000
11564.430,20.000
11566.380,20.000
11568.340,20.000
11570.290,20.000
11572.240,20.000
11574.200,20.000
11576.150,20.000
11578.100,20.000
11580.060,20.000
11582.010,20.000
11583.960,20.000
11585.920,20.000
11587.870,20.000
11589.820,20.000
11591.780,20.000
11593.730,20.040
11595.680,20.429
11597.630,21.284
11599.590,22.589
11601.540,24.271
11603.490,26.405
11605.450,28.998
11607.400,31.974
11609.350,35.279
11611.310,39.020
11613.260,43.121
11615.210,47.604
11617.170,52.448
11619.120,57.618
11621.070,63.141
11623.030,69.044
11624.980,75.163
11626.930,81.645
11628.880,88.253
11630.840,95.111
11632.790,102.238
11634.740,109.594
11636.700,117.065
11638.650,124.651
11640.600,132.344
11642.560,140.128
11644.510,147.965
11646.460,155.822
11648.420,163.740
11650.370,171.642
11652.320,179.411
11654.280,187.119
11656.230,194.688
11658.180,202.164
11660.130,209.498
11662.090,216.604
11664.040,223.480
11665.990,230.086
11667.950,236.469
11669.900,242.501
11671.850,248.209
11673.810,253.594
11675.760,258.504
11677.710,263.078
11679.670,267.231
11681.620,271.021
11683.570,274.328
11685.530,277.166
11687.480,279.470
11689.430,281.219
11691.380,282.492
11693.340,283.195
11695.290,283.434
11697.240,283.129
11699.200,282.313
11701.150,280.920
11703.100,278.893
11705.060,276.405
11707.010,273.297
11708.960,269.666
11710.920,265.443
11712.870,260.723
11714.820,255.464
11716.780,249.685
11718.730,243.431
11720.680,236.658
11722.630,229.536
11724.590,221.914
11726.540,213.952
11728.490,205.546
11730.450,196.725
11732.400,187.598
11734.350,178.061
11736.310,168.266
11738.260,158.293
11740.210,147.980
11742.170,137.449
11744.120,126.812
11746.070,116.082
11748.030,105.337
11749.980,94.517
11751.930,83.660
11753.880,72.808
11755.840,62.025
11757.790,51.307
11759.740,40.732
11761.700,30.340
11763.650,20.231
11765.600,20.000
11767.560,20.000
11769.510,20.000
11771.460,20.000
11773.420,20.000
11775.370,20.000
11777.320,20.000
11779.280,20.000
11781.230,20.000
11783.180,20.000
11785.130,20.000
11787.090,20.000
11789.040,20.000
11790.990,20.000
11792.950,20.000
11794.900,20.000
11796.850,20.000
11798.810,20.000
11800.760,20.000
11802.710,20.000
11804.670,20.000
11806.620,20.000
11808.570,20.000
11810.530,20.000
11812.480,20.000
11814.430,20.000
11816.380,20.000
11818.340,20.000
11820.290,20.135
11822.240,20.539
11824.200,21.486
11826.150,22.743
11828.100,24.482
11830.060,26.620
11832.010,29.169
11833.960,32.176
11835.920,35.519
11837.870,39.236
11839.820,43.308
11841.780,47.843
11843.730,52.674
11845.680,57.855
11847.630,63.483
11849.590,69.441
11851.540,75.710
11853.490,82.210
11855.450,88.938
11857.400,95.910
11859.350,103.127
11861.310,110.495
11863.260,118.019
11865.210,125.768
11867.170,133.505
11869.120,141.418
11871.070,149.312
11873.030,157.316
11874.980,165.313
11876.930,173.250
11878.880,181.169
11880.840,188.926
11882.790,196.612
11884.740,204.178
11886.700,211.672
11888.650,218.819
11890.600,225.820
11892.560,232.480
11894.510,238.902
11896.460,245.072
11898.420,250.871
11900.370,256.287
11902.320,261.322
11904.280,265.959
11906.230,270.221
11908.180,274.031
11910.130,277.366
11912.090,280.205
11914.040,282.520
11915.990,284.376
11917.950,285.687
11919.900,286.485
11921.850,286.660
11923.810,286.358
11925.760,285.453
11927.710,284.022
11929.670,282.072
11931.620,279.551
11933.570,276.455
11935.530,272.815
11937.480,268.645
11939.430,263.873
11941.380,258.642
11943.340,252.852
11945.290,246.600
11947.240,239.768
11949.200,232.535
11951.150,224.791
11953.100,216.697
11955.060,208.254
11957.010,199.387
11958.960,190.170
11960.920,180.557
11962.870,170.693
11964.820,160.521
11966.780,150.123
11968.730,139.521
11970.680,128.699
11972.630,117.890
11974.590,107.000
11976.540,96.074
11978.490,85.032
11980.450,74.063
11982.400,63.150
11984.350,52.284
11986.310,41.543
11988.260,31.025
11990.210,20.729
11992.170,20.000
11994.120,20.000
11996.070,20.000
11998.030,20.000
11999.980,20.000
12001.930,20.000
12003.880,20.000
12005.840,20.000
12007.790,20.000
12009.740,20.000
12011.700,20.000
12013.650,20.000
12015.600,20.000
12017.560,20.000
12019.510,20.000
12021.460,20.000
12023.420,20.000
12025.370,20.000
12027.320,20.000
12029.280,20.000
12031.230,20.000
12033.180,20.000
12035.130,20.000
12037.090,20.000
12039.040,20.000
12040.990,20.000
12042.950,20.000
12044.900,20.000
12046.850,20.011
12048.810,20.407
12050.760,21.108
12052.710,22.313
12054.670,23.895
12056.620,25.902
12058.570,28.344
12060.530,31.159
12062.480,34.371
12064.430,37.928
12066.380,41.882
12068.340,46.256
12070.290,51.033
12072.240,56.131
12074.200,61.653
12076.150,67.443
12078.100,73.534
12080.060,79.947
12082.010,86.625
12083.960,93.543
12085.920,100.590
12087.870,107.821
12089.820,115.308
12091.780,122.950
12093.730,130.649
12095.680,138.467
12097.630,146.306
12099.590,154.212
12101.540,162.169
12103.490,170.072
12105.450,177.960
12107.400,185.753
12109.350,193.360
12111.310,200.936
12113.260,208.313
12115.210,215.535
12117.170,222.489
12119.120,229.250
12121.070,235.691
12123.030,241.921
12124.980,247.760
12126.930,253.211
12128.880,258.289
12130.840,263.013
12132.790,267.285
12134.740,271.201
12136.700,274.665
12138.650,277.582
12140.600,280.022
12142.560,281.975
12144.510,283.402
12146.460,284.348
12148.420,284.594
12150.370,284.385
12152.320,283.615
12154.280,282.393
12156.230,280.515
12158.180,278.131
12160.130,275.211
12162.090,271.751
12164.040,267.719
12165.990,263.189
12167.950,258.096
12169.900,252.506
12171.850,246.434
12173.810,239.867
12175.760,232.773
12177.710,225.316
12179.670,217.344
12181.620,209.094
12183.570,200.454
12185.530,191.395
12187.480,181.963
12189.430,172.235
12191.380,162.262
12193.340,151.977
12195.290,141.527
12197.240,130.869
12199.200,120.180
12201.150,109.444
12203.100,98.595
12205.060,87.741
12207.010,76.782
12208.960,65.940
12210.920,55.190
12212.870,44.509
12214.820,34.015
12216.780,23.798
12218.730,20.000
12220.680,20.000
12222.630,20.000
12224.590,20.000
12226.540,20.000
12228.490,20.000
12230.450,20.000
12232.400,20.000
12234.350,20.000
12236.310,20.000
12238.260,20.000
12240.210,20.000
12242.170,20.000
12244.120,20.000
12246.070,20.000
12248.030,20.000
12249.980,20.000
12251.930,20.000
12253.880,20.000
12255.840,20.000
12257.790,20.000
12259.740,20.000
12261.700,20.000
12263.650,20.000
12265.600,20.000
12267.560,20.000
12269.510,20.000
12271.460,20.000
12273.420,20.003
12275.370,20.312
12277.320,21.076
12279.280,22.223
12281.230,23.803
12283.180,25.797
12285.130,28.168
12287.090,30.943
12289.040,34.113
12290.990,37.709
12292.950,41.652
12294.900,46.048
12296.850,50.761
12298.810,55.884
12300.760,61.297
12302.710,67.014
12304.670,72.976
12306.620,79.421
12308.570,86.030
12310.530,92.870
12312.480,99.868
12314.430,107.066
12316.380,114.469
12318.340,122.012
12320.290,129.632
12322.240,137.419
12324.200,145.214
12326.150,153.031
12328.100,160.879
12330.060,168.738
12332.010,176.553
12333.960,184.238
12335.920,191.757
12337.870,199.287
12339.820,206.592
12341.780,213.725
12343.730,220.656
12345.680,227.322
12347.630,233.727
12349.590,239.896
12351.540,245.660
12353.490,251.102
12355.450,256.133
12357.400,260.814
12359.350,265.024
12361.310,268.896
12363.260,272.272
12365.210,275.197
12367.170,277.602
12369.120,279.609
12371.070,281.006
12373.030,281.904
12374.980,282.225
12376.930,281.991
12378.880,281.222
12380.840,279.979
12382.790,278.185
12384.740,275.808
12386.700,272.938
12388.650,269.482
12390.600,265.554
12392.560,261.105
12394.510,256.066
12396.460,250.584
12398.420,244.525
12400.370,237.992
12402.320,230.986
12404.280,223.549
12406.230,215.647
12408.180,207.381
12410.130,198.745
12412.090,189.776
12414.040,180.389
12415.990,170.690
12417.950,160.816
12419.900,150.583
12421.850,140.203
12423.810,129.715
12425.760,119.092
12427.710,108.421
12429.670,97.661
12431.620,86.828
12433.570,75.955
12435.530,65.240
12437.480,54.531
12439.430,43.948
12441.380,33.553
12443.340,23.473
12445.290,20.000
12447.240,20.000
12449.200,20.000
12451.150,20.000
12453.100,20.000
12455.060,20.000
12457.010,20.000
12458.960,20.000
12460.920,20.000
12462.870,20.000
12464.820,20.000
12466.780,20.000
12468.730,20.000
12470.680,20.000
12472.630,20.000
12474.590,20.000
12476.540,20.000
12478.490,20.000
12480.450,20.000
12482.400,20.000
12484.350,20.000
12486.310,20.000
12488.260,20.000
12490.210,20.000
12492.170,20.000
12494.120,20.000
12496.070,20.000
12498.030,20.000
12499.980,20.069
12501.930,20.476
12503.880,21.336
12505.840,22.567
12507.790,24.259
12509.740,26.354
12511.700,28.855
12513.650,31.707
12515.600,34.988
12517.560,38.674
12519.510,42.698
12521.460,47.173
12523.420,51.943
12525.370,57.072
12527.320,62.486
12529.280,68.319
12531.230,74.393
12533.180,80.829
12535.130,87.462
12537.090,94.257
12539.040,101.297
12540.990,108.604
12542.950,115.979
12544.900,123.490
12546.850,131.170
12548.810,138.960
12550.760,146.716
12552.710,154.556
12554.670,162.405
12556.620,170.242
12558.570,177.960
12560.530,185.616
12562.480,193.193
12564.430,200.599
12566.380,207.873
12568.340,214.954
12570.290,221.763
12572.240,228.361
12574.200,234.782
12576.150,240.789
12578.100,246.497
12580.060,251.871
12582.010,256.852
12583.960,261.400
12585.920,265.589
12587.870,269.305
12589.820,272.588
12591.780,275.376
12593.730,277.704
12595.680,279.586
12597.630,280.935
12599.590,281.643
12601.540,281.906
12603.490,281.625
12605.450,280.789
12607.400,279.404
12609.350,277.541
12611.310,275.054
12613.260,272.092
12615.210,268.565
12617.170,264.590
12619.120,260.057
12621.070,254.948
12623.030,249.385
12624.980,243.236
12626.930,236.646
12628.880,229.544
12630.840,222.020
12632.790,214.113
12634.740,205.750
12636.700,197.028
12638.650,187.949
12640.600,178.503
12642.560,168.741
12644.510,158.757
12646.460,148.573
12648.420,138.215
12650.370,127.694
12652.320,117.031
12654.280,106.354
12656.230,95.530
12658.180,84.652
12660.130,73.817
12662.090,63.067
12664.040,52.364
12665.990,41.797
12667.950,31.413
12669.900,21.376
12671.850,20.000
12673.810,20.000
12675.760,20.000
12677.710,20.000
12679.670,20.000
12681.620,20.000
12683.570,20.000
12685.530,20.000
12687.480,20.000
12689.430,20.000
12691.380,20.000
12693.340,20.000
12695.290,20.000
12697.240,20.000
12699.200,20.000
12701.150,20.000
12703.100,20.000
12705.060,20.000
12707.010,20.000
12708.960,20.000
12710.920,20.000
12712.870,20.000
12714.820,20.000
12716.780,20.000
12718.730,20.000
12720.680,20.000
12722.630,20.000
12724.590,20.000
12726.540,20.003
12728.490,20.292
12730.450,21.022
12732.400,22.148
12734.350,23.637
12736.310,25.629
12738.260,27.989
12740.210,30.734
12742.170,33.962
12744.120,37.515
12746.070,41.420
12748.030,45.677
12749.980,50.287
12751.930,55.258
12753.880,60.563
12755.840,66.243
12757.790,72.207
12759.740,78.479
12761.700,84.908
12763.650,91.562
12765.600,98.478
12767.560,105.649
12769.510,112.928
12771.460,120.318
12773.420,127.921
12775.370,135.532
12777.320,143.211
12779.280,150.979
12781.230,158.769
12783.180,166.586
12785.130,174.223
12787.090,181.811
12789.040,189.340
12790.990,196.743
12792.950,204.016
12794.900,211.094
12796.850,217.855
12798.810,224.500
12800.760,230.857
12802.710,236.959
12804.670,242.733
12806.620,248.145
12808.570,253.168
12810.530,257.786
12812.480,262.053
12814.430,265.881
12816.380,269.215
12818.340,272.149
12820.290,274.586
12822.240,276.543
12824.200,277.963
12826.150,278.869
12828.100,279.242
12830.060,279.135
12832.010,278.484
12833.960,277.277
12835.920,275.506
12837.870,273.221
12839.820,270.332
12841.780,266.969
12843.730,262.969
12845.680,258.441
12847.630,253.394
12849.590,247.894
12851.540,241.822
12853.490,235.344
12855.450,228.356
12857.400,220.975
12859.350,213.129
12861.310,204.924
12863.260,196.252
12865.210,187.271
12867.170,177.935
12869.120,168.255
12871.070,158.397
12873.030,148.384
12874.980,138.137
12876.930,127.711
12878.880,117.157
12880.840,106.554
12882.790,95.849
12884.740,85.058
12886.700,74.317
12888.650,63.594
12890.600,52.968
12892.560,42.493
12894.510,32.266
12896.460,22.228
12898.420,20.000
12900.370,20.000
12902.320,20.000
12904.280,20.000
12906.230,20.000
12908.180,20.000
12910.130,20.000
12912.090,20.000
12914.040,20.000
12915.990,20.000
12917.950,20.000
12919.900,20.000
12921.850,20.000
12923.810,20.000
12925.760,20.000
12927.710,20.000
12929.670,20.000
12931.620,20.000
12933.570,20.000
12935.530,20.000
12937.480,20.000
12939.430,20.000
12941.380,20.000
12943.340,20.000
12945.290,20.000
12947.240,20.000
12949.200,20.000
12951.150,20.000
12953.100,20.000
12955.060,20.203
12957.010,20.778
12958.960,21.774
12960.920,23.149
12962.870,24.910
12964.820,27.048
12966.780,29.613
12968.730,32.581
12970.680,35.908
12972.630,39.592
12974.590,43.651
12976.540,48.120
12978.490,52.938
12980.450,58.071
12982.400,63.556
12984.350,69.380
12986.310,75.476
12988.260,81.682
12990.210,88.235
12992.170,94.961
12994.120,101.951
12996.070,109.020
12998.030,116.323
12999.980,123.773
13001.930,131.295
13003.880,138.842
13005.840,146.516
13007.790,154.162
13009.740,161.837
13011.700,169.496
13013.650,177.027
13015.600,184.449
13017.560,191.871
13019.510,199.064
13021.460,206.132
13023.420,212.949
13025.370,219.497
13027.320,225.893
13029.280,232.003
13031.230,237.854
13033.180,243.322
13035.130,248.418
13037.090,253.143
13039.040,257.475
13040.990,261.420
13042.950,264.914
13044.900,267.946
13046.850,270.594
13048.810,272.731
13050.760,274.328
13052.710,275.367
13054.670,275.996
13056.620,276.029
13058.570,275.638
13060.530,274.699
13062.480,273.224
13064.430,271.127
13066.380,268.484
13068.340,265.398
13070.290,261.670
13072.240,257.387
13074.200,252.633
13076.150,247.361
13078.100,241.576
13080.060,235.333
13082.010,228.596
13083.960,221.465
13085.920,213.959
13087.870,206.046
13089.820,197.649
13091.780,188.959
13093.730,179.893
13095.680,170.522
13097.630,160.880
13099.590,151.190
13101.540,141.213
13103.490,131.011
13105.450,120.719
13107.400,110.246
13109.350,99.780
13111.310,89.247
13113.260,78.622
13115.210,68.088
13117.170,57.629
13119.120,47.297
13121.070,37.169
13123.030,27.226
13124.980,20.000
13126.930,20.000
13128.880,20.000
13130.840,20.000
13132.790,20.000
13134.740,20.000
13136.700,20.000
13138.650,20.000
13140.600,20.000
13142.560,20.000
13144.510,20.000
13146.460,20.000
13148.420,20.000
13150.370,20.000
13152.320,20.000
13154.280,20.000
13156.230,20.000
13158.180,20.000
13160.130,20.000
13162.090,20.000
13164.040,20.000
13165.990,20.000
13167.950,20.000
13169.900,20.000
13171.850,20.000
13173.810,20.000
13175.760,20.000
13177.710,20.000
13179.670,20.000
13181.620,20.220
13183.570,20.847
13185.530,21.876
13187.480,23.202
13189.430,25.043
13191.380,27.211
13193.340,29.800
13195.290,32.753
13197.240,36.119
13199.200,39.867
13201.150,43.998
13203.100,48.478
13205.060,53.331
13207.010,58.564
13208.960,64.163
13210.920,69.944
13212.870,76.028
13214.820,82.352
13216.780,88.976
13218.730,95.765
13220.680,102.767
13222.630,109.948
13224.590,117.357
13226.540,124.820
13228.490,132.390
13230.450,140.012
13232.400,147.711
13234.350,155.481
13236.310,163.197
13238.260,170.876
13240.210,178.506
13242.170,186.026
13244.120,193.385
13246.070,200.712
13248.030,207.804
13249.980,214.656
13251.930,221.336
13253.880,227.738
13255.840,233.902
13257.790,239.808
13259.740,245.345
13261.700,250.488
13263.650,255.269
13265.600,259.656
13267.560,263.615
13269.510,267.164
13271.460,270.256
13273.420,272.899
13275.370,274.973
13277.320,276.550
13279.280,277.670
13281.230,278.262
13283.180,278.363
13285.130,277.959
13287.090,277.004
13289.040,275.434
13290.990,273.262
13292.950,270.625
13294.900,267.467
13296.850,263.734
13298.810,259.494
13300.760,254.715
13302.710,249.482
13304.670,243.605
13306.620,237.272
13308.570,230.475
13310.530,223.239
13312.480,215.645
13314.430,207.676
13316.380,199.309
13318.340,190.544
13320.290,181.373
13322.240,171.953
13324.200,162.314
13326.150,152.385
13328.100,142.381
13330.060,132.124
13332.010,121.696
13333.960,111.200
13335.920,100.588
13337.870,89.928
13339.820,79.245
13341.780,68.583
13343.730,58.032
13345.680,47.588
13347.630,37.384
13349.590,27.339
13351.540,20.000
13353.490,20.000
13355.450,20.000
13357.400,20.000
13359.350,20.000
13361.310,20.000
13363.260,20.000
13365.210,20.000
13367.170,20.000
13369.120,20.000
13371.070,20.000
13373.030,20.000
13374.980,20.000
13376.930,20.000
13378.880,20.000
13380.840,20.000
13382.790,20.000
13384.740,20.000
13386.700,20.000
13388.650,20.000
13390.600,20.000
13392.560,20.000
13394.510,20.000
13396.460,20.000
13398.420,20.000
13400.370,20.000
13402.320,20.000
13404.280,20.000
13406.230,20.000
13408.180,20.068
13410.130,20.480
13412.090,21.328
13414.040,22.526
13415.990,24.095
13417.950,26.083
13419.900,28.467
13421.850,31.213
13423.810,34.376
13425.760,37.917
13427.710,41.880
13429.670,46.160
13431.620,50.832
13433.570,55.844
13435.530,61.102
13437.480,66.758
13439.430,72.681
13441.380,78.943
13443.340,85.428
13445.290,92.102
13447.240,98.928
13449.200,105.992
13451.150,113.248
13453.100,120.637
13455.060,128.157
13457.010,135.698
13458.960,143.353
13460.920,151.008
13462.870,158.718
13464.820,166.374
13466.780,173.967
13468.730,181.520
13470.680,188.858
13472.630,196.192
13474.590,203.323
13476.540,210.227
13478.490,216.916
13480.450,223.376
13482.400,229.619
13484.350,235.554
13486.310,241.204
13488.260,246.440
13490.210,251.390
13492.170,255.884
13494.120,259.968
13496.070,263.646
13498.030,266.934
13499.980,269.749
13501.930,271.965
13503.880,273.783
13505.840,275.057
13507.790,275.820
13509.740,276.155
13511.700,275.896
13513.650,275.164
13515.600,273.811
13517.560,271.949
13519.510,269.562
13521.460,266.643
13523.420,263.148
13525.370,259.191
13527.320,254.592
13529.280,249.607
13531.230,244.045
13533.180,238.010
13535.130,231.464
13537.090,224.494
13539.040,217.058
13540.990,209.281
13542.950,201.131
13544.900,192.550
13546.850,183.641
13548.810,174.413
13550.760,164.910
13552.710,155.236
13554.670,145.322
13556.620,135.182
13558.570,124.820
13560.530,114.442
13562.480,103.903
13564.430,93.353
13566.380,82.735
13568.340,72.098
13570.290,61.596
13572.240,51.239
13574.200,40.936
13576.150,30.876
13578.100,21.012
13580.060,20.000
13582.010,20.000
13583.960,20.000
13585.920,20.000
13587.870,20.000
13589.820,20.000
13591.780,20.000
13593.730,20.000
13595.680,20.000
13597.630,20.000
13599.590,20.000
13601.540,20.000
13603.490,20.000
13605.450,20.000
13607.400,20.000
13609.350,20.000
13611.310,20.000
13613.260,20.000
13615.210,20.000
13617.170,20.000
13619.120,20.000
13621.070,20.000
13623.030,20.000
13624.980,20.000
13626.930,20.000
13628.880,20.000
13630.840,20.000
13632.790,20.000
13634.740,20.000
13636.700,20.255
13638.650,20.893
13640.600,21.871
13642.560,23.306
13644.510,25.066
13646.460,27.296
13648.420,29.840
13650.370,32.817
13652.320,36.093
13654.280,39.865
13656.230,43.939
13658.180,48.451
13660.130,53.234
13662.090,58.273
13664.040,63.682
13665.990,69.417
13667.950,75.426
13669.900,81.720
13671.850,88.198
13673.810,94.855
13675.760,101.786
13677.710,108.888
13679.670,116.120
13681.620,123.543
13683.570,130.969
13685.530,138.498
13687.480,146.086
13689.430,153.672
13691.380,161.309
13693.340,168.910
13695.290,176.397
13697.240,183.800
13699.200,191.131
13701.150,198.288
13703.100,205.273
13705.060,212.101
13707.010,218.605
13708.960,224.895
13710.920,230.982
13712.870,236.768
13714.820,242.189
13716.780,247.297
13718.730,251.988
13720.680,256.256
13722.630,260.154
13724.590,263.653
13726.540,266.760
13728.490,269.321
13730.450,271.359
13732.400,272.918
13734.350,274.008
13736.310,274.542
13738.260,274.627
13740.210,274.148
13742.170,273.131
13744.120,271.596
13746.070,269.512
13748.030,266.963
13749.980,263.834
13751.930,260.173
13753.880,255.946
13755.840,251.258
13757.790,246.041
13759.740,240.328
13761.700,234.107
13763.650,227.399
13765.600,220.302
13767.560,212.796
13769.510,204.910
13771.460,196.658
13773.420,188.048
13775.370,179.145
13777.320,169.805
13779.280,160.384
13781.230,150.652
13783.180,140.720
13785.130,130.611
13787.090,120.376
13789.040,110.022
13790.990,99.588
13792.950,89.080
13794.900,78.512
13796.850,68.067
13798.810,57.715
13800.760,47.521
13802.710,37.427
13804.670,27.534
13806.620,20.000
13808.570,20.000
13810.530,20.000
13812.480,20.000
13814.430,20.000
13816.380,20.000
13818.340,20.000
13820.290,20.000
13822.240,20.000
13824.200,20.000
13826.150,20.000
13828.100,20.000
13830.060,20.000
13832.010,20.000
13833.960,20.000
13835.920,20.000
13837.870,20.000
13839.820,20.000
13841.780,20.000
13843.730,20.000
13845.680,20.000
13847.630,20.000
13849.590,20.000
13851.540,20.000
13853.490,20.000
13855.450,20.000
13857.400,20.000
13859.350,20.000
13861.310,20.000
13863.260,20.160
13865.210,20.750
13867.170,21.712
13869.120,23.025
13871.070,24.822
13873.030,26.895
13874.980,29.459
13876.930,32.420
13878.880,35.717
13880.840,39.414
13882.790,43.428
13884.740,47.798
13886.700,52.474
13888.650,57.491
13890.600,62.818
13892.560,68.587
13894.510,74.502
13896.460,80.793
13898.420,87.159
13900.370,93.792
13902.320,100.673
13904.280,107.802
13906.230,115.057
13908.180,122.465
13910.130,129.919
13912.090,137.464
13914.040,145.052
13915.990,152.727
13917.950,160.372
13919.900,168.004
13921.850,175.588
13923.810,183.080
13925.760,190.431
13927.710,197.688
13929.670,204.797
13931.620,211.669
13933.570,218.291
13935.530,224.703
13937.480,230.860
13939.430,236.721
13941.380,242.328
13943.340,247.543
13945.290,252.367
13947.240,256.750
13949.200,260.782
13951.150,264.481
13953.100,267.646
13955.060,270.346
13957.010,272.502
13958.960,274.219
13960.920,275.404
13962.870,276.147
13964.820,276.270
13966.780,275.921
13968.730,275.063
13970.680,273.666
13972.630,271.717
13974.590,269.275
13976.540,266.278
13978.490,262.770
13980.450,258.754
13982.400,254.114
13984.350,249.045
13986.310,243.420
13988.260,237.350
13990.210,230.769
13992.170,223.676
13994.120,216.243
13996.070,208.410
13998.030,200.152
13999.980,191.604
14001.930,182.691
14003.880,173.437
14005.840,163.934
14007.790,154.301
14009.740,144.318
14011.700,134.183
14013.650,123.879
14015.600,113.501
14017.560,103.034
14019.510,92.490
14021.460,81.891
14023.420,71.288
14025.370,60.829
14027.320,50.532
14029.280,40.350
14031.230,30.286
14033.180,20.544
14035.130,20.000
14037.090,20.000
14039.040,20.000
14040.990,20.000
14042.950,20.000
14044.900,20.000
14046.850,20.000
14048.810,20.000
14050.760,20.000
14052.710,20.000
14054.670,20.000
14056.620,20.000
14058.570,20.000
14060.530,20.000
14062.480,20.000
14064.430,20.000
14066.380,20.000
14068.340,20.000
14070.290,20.000
14072.240,20.000
14074.200,20.000
14076.150,20.000
14078.100,20.000
14080.060,20.000
14082.010,20.000
14083.960,20.000
14085.920,20.000
14087.870,20.000
14089.820,20.066
14091.780,20.452
14093.730,21.179
14095.680,22.327
14097.630,23.873
14099.590,25.840
14101.540,28.225
14103.490,30.906
14105.450,34.010
14107.400,37.502
14109.350,41.354
14111.310,45.480
14113.260,50.000
14115.210,54.905
14117.170,60.100
14119.120,65.648
14121.070,71.503
14123.030,77.565
14124.980,83.838
14126.930,90.332
14128.880,97.105
14130.840,104.108
14132.790,111.249
14134.740,118.570
14136.700,126.008
14138.650,133.447
14140.600,140.971
14142.560,148.533
14144.510,156.141
14146.460,163.759
14148.420,171.295
14150.370,178.753
14152.320,186.133
14154.280,193.338
14156.230,200.432
14158.180,207.377
14160.130,214.023
14162.090,220.461
14164.040,226.635
14165.990,232.545
14167.950,238.213
14169.900,243.545
14171.850,248.473
14173.810,252.953
14175.760,257.080
14177.710,260.824
14179.670,264.164
14181.620,266.988
14183.570,269.369
14185.530,271.221
14187.480,272.588
14189.430,273.432
14191.380,273.768
14193.340,273.590
14195.290,272.912
14197.240,271.657
14199.200,269.949
14201.150,267.676
14203.100,264.838
14205.060,261.537
14207.010,257.663
14208.960,253.365
14210.920,248.457
14212.870,243.061
14214.820,237.205
14216.780,230.834
14218.730,223.971
14220.680,216.809
14222.630,209.198
14224.590,201.201
14226.540,192.812
14228.490,184.083
14230.450,175.042
14232.400,165.746
14234.350,156.209
14236.310,146.477
14238.260,136.475
14240.210,126.341
14242.170,115.977
14244.120,105.643
14246.070,95.206
14248.030,84.690
14249.980,74.128
14251.930,63.755
14253.880,53.524
14255.840,43.389
14257.790,33.385
14259.740,23.564
14261.700,20.000
14263.650,20.000
14265.600,20.000
14267.560,20.000
14269.510,20.000
14271.460,20.000
14273.420,20.000
14275.370,20.000
14277.320,20.000
14279.280,20.000
14281.230,20.000
14283.180,20.000
14285.130,20.000
14287.090,20.000
14289.040,20.000
14290.990,20.000
14292.950,20.000
14294.900,20.000
14296.850,20.000
14298.810,20.000
14300.760,20.000
14302.710,20.000
14304.670,20.000
14306.620,20.000
14308.570,20.000
14310.530,20.000
14312.480,20.000
14314.430,20.000
14316.380,20.000
14318.340,20.214
14320.290,20.797
14322.240,21.783
14324.200,23.164
14326.150,24.915
14328.100,27.068
14330.060,29.636
14332.010,32.500
14333.960,35.789
14335.920,39.405
14337.870,43.404
14339.820,47.717
14341.780,52.463
14343.730,57.464
14345.680,62.872
14347.630,68.538
14349.590,74.445
14351.540,80.593
14353.490,86.914
14355.450,93.557
14357.400,100.370
14359.350,107.386
14361.310,114.536
14363.260,121.844
14365.210,129.237
14367.170,136.669
14369.120,144.150
14371.070,151.669
14373.030,159.203
14374.980,166.700
14376.930,174.109
14378.880,181.479
14380.840,188.627
14382.790,195.729
14384.740,202.695
14386.700,209.400
14388.650,215.859
14390.600,222.076
14392.560,228.057
14394.510,233.742
14396.460,239.201
14398.420,244.199
14400.370,248.852
14402.320,253.102
14404.280,256.957
14406.230,260.421
14408.180,263.449
14410.130,266.006
14412.090,268.062
14414.040,269.634
14415.990,270.695
14417.950,271.223
14419.900,271.279
14421.850,270.769
14423.810,269.769
14425.760,268.254
14427.710,266.193
14429.670,263.633
14431.620,260.481
14433.570,256.916
14435.530,252.821
14437.480,248.182
14439.430,243.020
14441.380,237.367
14443.340,231.236
14445.290,224.630
14447.240,217.721
14449.200,210.312
14451.150,202.572
14453.100,194.368
14455.060,185.914
14457.010,177.044
14458.960,168.000
14460.920,158.653
14462.870,149.132
14464.820,139.349
14466.780,129.311
14468.730,119.206
14470.680,108.997
14472.630,98.698
14474.590,88.372
14476.540,77.959
14478.490,67.624
14480.450,57.493
14482.400,47.440
14484.350,37.468
14486.310,27.676
14488.260,20.000
14490.210,20.000
14492.170,20.000
14494.120,20.000
14496.070,20.000
14498.030,20.000
14499.980,20.000
14501.930,20.000
14503.880,20.000
14505.840,20.000
14507.790,20.000
14509.740,20.000
14511.700,20.000
14513.650,20.000
14515.600,20.000
14517.560,20.000
14519.510,20.000
14521.460,20.000
14523.420,20.000
14525.370,20.000
14527.320,20.000
14529.280,20.000
14531.230,20.000
14533.180,20.000
14535.130,20.000
14537.090,20.000
14539.040,20.000
14540.990,20.000
14542.950,20.000
14544.900,20.096
14546.850,20.553
14548.810,21.373
14550.760,22.600
14552.710,24.211
14554.670,26.152
14556.620,28.493
14558.570,31.237
14560.530,34.384
14562.480,37.865
14564.430,41.716
14566.380,45.937
14568.340,50.565
14570.290,55.451
14572.240,60.716
14574.200,66.269
14576.150,72.119
14578.100,78.074
14580.060,84.362
14582.010,90.866
14583.960,97.588
14585.920,104.478
14587.870,111.627
14589.820,118.886
14591.780,126.164
14593.730,133.547
14595.680,140.965
14597.630,148.459
14599.590,155.955
14601.540,163.482
14603.490,170.863
14605.450,178.238
14607.400,185.445
14609.350,192.563
14611.310,199.593
14613.260,206.307
14615.210,212.828
14617.170,219.145
14619.120,225.179
14621.070,230.955
14623.030,236.452
14624.980,241.620
14626.930,246.385
14628.880,250.779
14630.840,254.752
14632.790,258.354
14634.740,261.498
14636.700,264.219
14638.650,266.467
14640.600,268.219
14642.560,269.428
14644.510,270.187
14646.460,270.397
14648.420,270.161
14650.370,269.311
14652.320,267.999
14654.280,266.150
14656.230,263.783
14658.180,260.855
14660.130,257.445
14662.090,253.531
14664.040,249.082
14665.990,244.156
14667.950,238.678
14669.900,232.758
14671.850,226.394
14673.810,219.531
14675.760,212.307
14677.710,204.707
14679.670,196.645
14681.620,188.274
14683.570,179.576
14685.530,170.561
14687.480,161.316
14689.430,151.840
14691.380,142.155
14693.340,132.263
14695.290,122.164
14697.240,111.976
14699.200,101.756
14701.150,91.462
14703.100,81.024
14705.060,70.654
14707.010,60.455
14708.960,50.405
14710.920,40.421
14712.870,30.571
14714.820,20.947
14716.780,20.000
14718.730,20.000
14720.680,20.000
14722.630,20.000
14724.590,20.000
14726.540,20.000
14728.490,20.000
14730.450,20.000
14732.400,20.000
14734.350,20.000
14736.310,20.000
14738.260,20.000
14740.210,20.000
14742.170,20.000
14744.120,20.000
14746.070,20.000
14748.030,20.000
14749.980,20.000
14751.930,20.000
14753.880,20.000
14755.840,20.000
14757.790,20.000
14759.740,20.000
14761.700,20.000
14763.650,20.000
14765.600,20.000
14767.560,20.000
14769.510,20.000
14771.460,20.012
14773.420,20.326
14775.370,21.081
14777.320,22.170
14779.280,23.671
14781.230,25.573
14783.180,27.870
14785.130,30.523
14787.090,33.545
14789.040,36.966
14790.990,40.824
14792.950,45.009
14794.900,49.543
14796.850,54.462
14798.810,59.604
14800.760,65.112
14802.710,70.895
14804.670,76.803
14806.620,83.054
14808.570,89.563
14810.530,96.268
14812.480,103.096
14814.430,110.224
14816.380,117.520
14818.340,124.842
14820.290,132.246
14822.240,139.711
14824.200,147.307
14826.150,154.905
14828.100,162.432
14830.060,169.917
14832.010,177.384
14833.960,184.690
14835.920,191.945
14837.870,199.068
14839.820,205.932
14841.780,212.604
14843.730,219.016
14845.680,225.176
14847.630,231.151
14849.590,236.750
14851.540,242.072
14853.490,247.004
14855.450,251.547
14857.400,255.746
14859.350,259.522
14861.310,262.793
14863.260,265.711
14865.210,268.117
14867.170,270.029
14869.120,271.434
14871.070,272.354
14873.030,272.772
14874.980,272.643
14876.930,271.982
14878.880,270.887
14880.840,269.177
14882.790,266.947
14884.740,264.155
14886.700,260.854
14888.650,257.024
14890.600,252.721
14892.560,247.847
14894.510,242.514
14896.460,236.709
14898.420,230.376
14900.370,223.575
14902.320,216.360
14904.280,208.789
14906.230,200.828
14908.180,192.451
14910.130,183.742
14912.090,174.742
14914.040,165.476
14915.990,155.964
14917.950,146.208
14919.900,136.291
14921.850,126.132
14923.810,115.878
14925.760,105.547
14927.710,95.112
14929.670,84.658
14931.620,74.174
14933.570,63.767
14935.530,53.583
14937.480,43.428
14939.430,33.463
14941.380,23.609
14943.340,20.000
14945.290,20.000
14947.240,20.000
14949.200,20.000
14951.150,20.000
14953.100,20.000
14955.060,20.000
14957.010,20.000
14958.960,20.000
14960.920,20.000
14962.870,20.000
14964.820,20.000
14966.780,20.000
14968.730,20.000
14970.680,20.000
14972.630,20.000
14974.590,20.000
14976.540,20.000
14978.490,20.000
14980.450,20.000
14982.400,20.000
14984.350,20.000
14986.310,20.000
14988.260,20.000
14990.210,20.000
14992.170,20.000
14994.120,20.000
14996.070,20.000
14998.030,20.000
14999.980,20.236
15001.930,20.778
15003.880,21.801
15005.840,23.205
15007.790,24.983
15009.740,27.215
15011.700,29.771
15013.650,32.708
15015.600,36.075
15017.560,39.832
15019.510,43.909
15021.460,48.370
15023.420,53.217
15025.370,58.333
15027.320,63.810
15029.280,69.449
15031.230,75.312
15033.180,81.483
15035.130,87.895
15037.090,94.483
15039.040,101.271
15040.990,108.328
15042.950,115.527
15044.900,122.826
15046.850,130.125
15048.810,137.521
15050.760,145.024
15052.710,152.574
15054.670,160.106
15056.620,167.528
15058.570,174.899
15060.530,182.167
15062.480,189.369
15064.430,196.432
15066.380,203.298
15068.340,209.914
15070.290,216.310
15072.240,222.518
15074.200,228.441
15076.150,234.063
15078.100,239.397
15080.060,244.289
15082.010,248.876
15083.960,253.113
15085.920,256.904
15087.870,260.260
15089.820,263.169
15091.780,265.709
15093.730,267.621
15095.680,269.130
15097.630,270.084
15099.590,270.588
15101.540,270.547
15103.490,270.057
15105.450,268.990
15107.400,267.445
15109.350,265.299
15111.310,262.582
15113.260,259.400
15115.210,255.703
15117.170,251.488
15119.120,246.770
15121.070,241.584
15123.030,235.847
15124.980,229.658
15126.930,223.005
15128.880,215.944
15130.840,208.506
15132.790,200.697
15134.740,192.521
15136.700,183.945
15138.650,175.080
15140.600,165.890
15142.560,156.518
15144.510,146.968
15146.460,137.143
15148.420,127.146
15150.370,117.028
15152.320,106.777
15154.280,96.486
15156.230,86.136
15158.180,75.738
15160.130,65.438
15162.090,55.329
15164.040,45.269
15165.990,35.372
15167.950,25.566
15169.900,20.000
15171.850,20.000
15173.810,20.000
15175.760,20.000
15177.710,20.000
15179.670,20.000
15181.620,20.000
15183.570,20.000
15185.530,20.000
15187.480,20.000
15189.430,20.000
15191.380,20.000
15193.340,20.000
15195.290,20.000
15197.240,20.000
15199.200,20.000
15201.150,20.000
15203.100,20.000
15205.060,20.000
15207.010,20.000
15208.960,20.000
15210.920,20.000
15212.870,20.000
15214.820,20.000
15216.780,20.000
15218.730,20.000
15220.680,20.000
15222.630,20.000
15224.590,20.000
15226.540,20.175
15228.490,20.733
15230.450,21.670
15232.400,22.963
15234.350,24.735
15236.310,26.855
15238.260,29.341
15240.210,32.240
15242.170,35.558
15244.120,39.219
15246.070,43.314
15248.030,47.629
15249.980,52.348
15251.930,57.428
15253.880,62.732
15255.840,68.252
15257.790,74.145
15259.740,80.233
15261.700,86.525
15263.650,93.063
15265.600,99.752
15267.560,106.688
15269.510,113.799
15271.460,120.996
15273.420,128.238
15275.370,135.594
15277.320,143.013
15279.280,150.491
15281.230,157.938
15283.180,165.289
15285.130,172.584
15287.090,179.805
15289.040,186.931
15290.990,193.959
15292.950,200.777
15294.900,207.362
15296.850,213.772
15298.810,219.904
15300.760,225.817
15302.710,231.471
15304.670,236.723
15306.620,241.673
15308.570,246.230
15310.530,250.461
15312.480,254.289
15314.430,257.661
15316.380,260.617
15318.340,263.123
15320.290,265.148
15322.240,266.680
15324.200,267.703
15326.150,268.244
15328.100,268.224
15330.060,267.832
15332.010,266.836
15333.960,265.342
15335.920,263.297
15337.870,260.708
15339.820,257.547
15341.780,253.947
15343.730,249.781
15345.680,245.143
15347.630,239.998
15349.590,234.418
15351.540,228.313
15353.490,221.792
15355.450,214.859
15357.400,207.584
15359.350,199.848
15361.310,191.822
15363.260,183.348
15365.210,174.610
15367.170,165.539
15369.120,156.289
15371.070,146.791
15373.030,137.134
15374.980,127.255
15376.930,117.195
15378.880,107.073
15380.840,96.862
15382.790,86.573
15384.740,76.263
15386.700,66.076
15388.650,55.971
15390.600,46.031
15392.560,36.173
15394.510,26.437
15396.460,20.000
15398.420,20.000
15400.370,20.000
15402.320,20.000
15404.280,20.000
15406.230,20.000
15408.180,20.000
15410.130,20.000
15412.090,20.000
15414.040,20.000
15415.990,20.000
15417.950,20.000
15419.900,20.000
15421.850,20.000
15423.810,20.000
15425.760,20.000
15427.710,20.000
15429.670,20.000
15431.620,20.000
15433.570,20.000
15435.530,20.000
15437.480,20.000
15439.430,20.000
15441.380,20.000
15443.340,20.000
15445.290,20.000
15447.240,20.000
15449.200,20.000
15451.150,20.000
15453.100,20.163
15455.060,20.756
15457.010,21.675
15458.960,23.027
15460.920,24.771
15462.870,26.899
15464.820,29.422
15466.780,32.366
15468.730,35.664
15470.680,39.361
15472.630,43.367
15474.590,47.707
15476.540,52.433
15478.490,57.435
15480.450,62.697
15482.400,68.305
15484.350,74.136
15486.310,80.211
15488.260,86.449
15490.210,92.957
15492.170,99.708
15494.120,106.656
15496.070,113.689
15498.030,120.822
15499.980,128.038
15501.930,135.387
15503.880,142.761
15505.840,150.214
15507.790,157.595
15509.740,164.971
15511.700,172.229
15513.650,179.426
15515.600,186.509
15517.560,193.522
15519.510,200.264
15521.460,206.862
15523.420,213.199
15525.370,219.316
15527.320,225.167
15529.280,230.756
15531.230,236.005
15533.180,240.867
15535.130,245.439
15537.090,249.579
15539.040,253.401
15540.990,256.764
15542.950,259.646
15544.900,262.115
15546.850,264.117
15548.810,265.654
15550.760,266.611
15552.710,267.114
15554.670,267.122
15556.620,266.639
15558.570,265.657
15560.530,264.160
15562.480,262.103
15564.430,259.527
15566.380,256.430
15568.340,252.833
15570.290,248.717
15572.240,244.070
15574.200,238.969
15576.150,233.403
15578.100,227.350
15580.060,220.903
15582.010,214.004
15583.960,206.685
15585.920,199.047
15587.870,191.057
15589.820,182.641
15591.780,173.961
15593.730,164.964
15595.680,155.727
15597.630,146.350
15599.590,136.714
15601.540,126.881
15603.490,116.948
15605.450,106.784
15607.400,96.669
15609.350,86.426
15611.310,76.254
15613.260,66.083
15615.210,56.092
15617.170,46.212
15619.120,36.363
15621.070,26.728
15623.030,20.000
15624.980,20.000
15626.930,20.000
15628.880,20.000
15630.840,20.000
15632.790,20.000
15634.740,20.000
15636.700,20.000
15638.650,20.000
15640.600,20.000
15642.560,20.000
15644.510,20.000
15646.460,20.000
15648.420,20.000
15650.370,20.000
15652.320,20.000
15654.280,20.000
15656.230,20.000
15658.180,20.000
15660.130,20.000
15662.090,20.000
15664.040,20.000
15665.990,20.000
15667.950,20.000
15669.900,20.000
15671.850,20.000
15673.810,20.000
15675.760,20.000
15677.710,20.000
15679.670,20.085
15681.620,20.585
15683.570,21.474
15685.530,22.808
15687.480,24.557
15689.430,26.735
15691.380,29.244
15693.340,32.115
15695.290,35.407
15697.240,39.020
15699.200,42.996
15701.150,47.261
15703.100,51.906
15705.060,56.876
15707.010,62.145
15708.960,67.718
15710.920,73.513
15712.870,79.564
15714.820,85.840
15716.780,92.364
15718.730,99.136
15720.680,106.078
15722.630,113.089
15724.590,120.228
15726.540,127.486
15728.490,134.852
15730.450,142.237
15732.400,149.642
15734.350,157.098
15736.310,164.510
15738.260,171.807
15740.210,178.998
15742.170,186.117
15744.120,193.129
15746.070,199.976
15748.030,206.588
15749.980,212.988
15751.930,219.113
15753.880,225.035
15755.840,230.707
15757.790,235.996
15759.740,240.970
15761.700,245.607
15763.650,249.885
15765.600,253.729
15767.560,257.174
15769.510,260.166
15771.460,262.703
15773.420,264.768
15775.370,266.332
15777.320,267.426
15779.280,268.024
15781.230,268.101
15783.180,267.703
15785.130,266.817
15787.090,265.377
15789.040,263.492
15790.990,261.018
15792.950,258.006
15794.900,254.580
15796.850,250.610
15798.810,246.108
15800.760,241.144
15802.710,235.713
15804.670,229.741
15806.620,223.342
15808.570,216.606
15810.530,209.353
15812.480,201.790
15814.430,193.801
15816.380,185.541
15818.340,176.902
15820.290,167.965
15822.240,158.768
15824.200,149.365
15826.150,139.795
15828.100,129.979
15830.060,119.994
15832.010,109.893
15833.960,99.697
15835.920,89.515
15837.870,79.235
15839.820,69.067
15841.780,58.988
15843.730,48.998
15845.680,39.100
15847.630,29.350
15849.590,20.000
15851.540,20.000
15853.490,20.000
15855.450,20.000
15857.400,20.000
15859.350,20.000
15861.310,20.000
15863.260,20.000
15865.210,20.000
15867.170,20.000
15869.120,20.000
15871.070,20.000
15873.030,20.000
15874.980,20.000
15876.930,20.000
15878.880,20.000
15880.840,20.000
15882.790,20.000
15884.740,20.000
15886.700,20.000
15888.650,20.000
15890.600,20.000
15892.560,20.000
15894.510,20.000
15896.460,20.000
15898.420,20.000
15900.370,20.000
15902.320,20.000
15904.280,20.000
15906.230,20.092
15908.180,20.571
15910.130,21.448
15912.090,22.710
15914.040,24.368
15915.990,26.416
15917.950,28.842
15919.900,31.674
15921.850,34.799
15923.810,38.322
15925.760,42.190
15927.710,46.439
15929.670,50.963
15931.620,55.868
15933.570,61.082
15935.530,66.599
15937.480,72.294
15939.430,78.237
15941.380,84.476
15943.340,90.953
15945.290,97.652
15947.240,104.525
15949.200,111.524
15951.150,118.633
15953.100,125.821
15955.060,133.124
15957.010,140.516
15958.960,147.899
15960.920,155.303
15962.870,162.680
15964.820,170.039
15966.780,177.225
15968.730,184.384
15970.680,191.383
15972.630,198.239
15974.590,204.879
15976.540,211.359
15978.490,217.554
15980.450,223.506
15982.400,229.197
15984.350,234.546
15986.310,239.590
15988.260,244.256
15990.210,248.582
15992.170,252.486
15994.120,255.963
15996.070,259.090
15998.030,261.668
15999.980,263.859
16001.930,265.510
16003.880,266.652
16005.840,267.340
16007.790,267.562
16009.740,267.244
16011.700,266.449
16013.650,265.141
16015.600,263.303
16017.560,260.943
16019.510,258.080
16021.460,254.674
16023.420,250.801
16025.370,246.359
16027.320,241.511
16029.280,236.092
16031.230,230.221
16033.180,223.893
16035.130,217.198
16037.090,210.009
16039.040,202.533
16040.990,194.580
16042.950,186.272
16044.900,177.752
16046.850,168.834
16048.810,159.687
16050.760,150.329
16052.710,140.768
16054.670,130.950
16056.620,120.987
16058.570,110.886
16060.530,100.678
16062.480,90.479
16064.430,80.253
16066.380,70.099
16068.340,59.943
16070.290,49.964
16072.240,40.103
16074.200,30.323
16076.150,20.759
16078.100,20.000
16080.060,20.000
16082.010,20.000
16083.960,20.000
16085.920,20.000
16087.870,20.000
16089.820,20.000
16091.780,20.000
16093.730,20.000
16095.680,20.000
16097.630,20.000
16099.590,20.000
16101.540,20.000
16103.490,20.000
16105.450,20.000
16107.400,20.000
16109.350,20.000
16111.310,20.000
16113.260,20.000
16115.210,20.000
16117.170,20.000
16119.120,20.000
16121.070,20.000
16123.030,20.000
16124.980,20.000
16126.930,20.000
16128.880,20.000
16130.840,20.000
16132.790,20.019
16134.740,20.443
16136.700,21.244
16138.650,22.443
16140.600,24.020
16142.560,25.981
16144.510,28.300
16146.460,30.995
16148.420,34.077
16150.370,37.554
16152.320,41.357
16154.280,45.465
16156.230,49.930
16158.180,54.740
16160.130,59.899
16162.090,65.323
16164.040,70.990
16165.990,76.953
16167.950,83.108
16169.900,89.515
16171.850,96.201
16173.810,103.039
16175.760,109.967
16177.710,117.037
16179.670,124.216
16181.620,131.514
16183.570,138.858
16185.530,146.250
16187.480,153.599
16189.430,161.009
16191.380,168.255
16193.340,175.476
16195.290,182.688
16197.240,189.669
16199.200,196.532
16201.150,203.154
16203.100,209.651
16205.060,215.852
16207.010,221.835
16208.960,227.557
16210.920,232.918
16212.870,237.979
16214.820,242.725
16216.780,247.045
16218.730,251.014
16220.680,254.566
16222.630,257.729
16224.590,260.418
16226.540,262.615
16228.490,264.375
16230.450,265.555
16232.400,266.305
16234.350,266.596
16236.310,266.387
16238.260,265.648
16240.210,264.406
16242.170,262.643
16244.120,260.375
16246.070,257.611
16248.030,254.293
16249.980,250.438
16251.930,246.110
16253.880,241.333
16255.840,236.027
16257.790,230.274
16259.740,224.057
16261.700,217.378
16263.650,210.331
16265.600,202.873
16267.560,195.022
16269.510,186.843
16271.460,178.390
16273.420,169.619
16275.370,160.523
16277.320,151.270
16279.280,141.732
16281.230,132.003
16283.180,122.121
16285.130,112.092
16287.090,101.954
16289.040,91.837
16290.990,81.664
16292.950,71.538
16294.900,61.466
16296.850,51.494
16298.810,41.590
16300.760,31.894
16302.710,22.355
16304.670,20.000
16306.620,20.000
16308.570,20.000
16310.530,20.000
16312.480,20.000
16314.430,20.000
16316.380,20.000
16318.340,20.000
16320.290,20.000
16322.240,20.000
16324.200,20.000
16326.150,20.000
16328.100,20.000
16330.060,20.000
16332.010,20.000
16333.960,20.000
16335.920,20.000
16337.870,20.000
16339.820,20.000
16341.780,20.000
16343.730,20.000
16345.680,20.000
16347.630,20.000
16349.590,20.000
16351.540,20.000
16353.490,20.000
16355.450,20.000
16357.400,20.000
16359.350,20.002
16361.310,20.339
16363.260,21.045
16365.210,22.112
16367.170,23.622
16369.120,25.462
16371.070,27.691
16373.030,30.310
16374.980,33.241
16376.930,36.561
16378.880,40.266
16380.840,44.309
16382.790,48.694
16384.740,53.411
16386.700,58.458
16388.650,63.713
16390.600,69.253
16392.560,75.087
16394.510,81.136
16396.460,87.512
16398.420,94.066
16400.370,100.750
16402.320,107.596
16404.280,114.616
16406.230,121.665
16408.180,128.841
16410.130,136.152
16412.090,143.441
16414.040,150.787
16415.990,158.072
16417.950,165.353
16419.900,172.562
16421.850,179.641
16423.810,186.645
16425.760,193.524
16427.710,200.178
16429.670,206.641
16431.620,212.847
16433.570,218.894
16435.530,224.641
16437.480,230.121
16439.430,235.223
16441.380,240.029
16443.340,244.454
16445.290,248.496
16447.240,252.158
16449.200,255.434
16451.150,258.225
16453.100,260.605
16455.060,262.440
16457.010,263.849
16458.960,264.705
16460.920,265.180
16462.870,265.088
16464.820,264.535
16466.780,263.469
16468.730,261.898
16470.680,259.789
16472.630,257.178
16474.590,254.061
16476.540,250.414
16478.490,246.342
16480.450,241.746
16482.400,236.664
16484.350,231.106
16486.310,225.094
16488.260,218.572
16490.210,211.683
16492.170,204.416
16494.120,196.762
16496.070,188.731
16498.030,180.459
16499.980,171.811
16501.930,162.846
16503.880,153.695
16505.840,144.283
16507.790,134.703
16509.740,124.915
16511.700,114.967
16513.650,104.939
16515.600,94.815
16517.560,84.719
16519.510,74.590
16521.460,64.582
16523.420,54.613
16525.370,44.770
16527.320,35.034
16529.280,25.497
16531.230,20.000
16533.180,20.000
16535.130,20.000
16537.090,20.000
16539.040,20.000
16540.990,20.000
16542.950,20.000
16544.900,20.000
16546.850,20.000
16548.810,20.000
16550.760,20.000
16552.710,20.000
16554.670,20.000
16556.620,20.000
16558.570,20.000
16560.530,20.000
16562.480,20.000
16564.430,20.000
16566.380,20.000
16568.340,20.000
16570.290,20.000
16572.240,20.000
16574.200,20.000
16576.150,20.000
16578.100,20.000
16580.060,20.000
16582.010,20.000
16583.960,20.000
16585.920,20.000
16587.870,20.251
16589.820,20.832
16591.780,21.844
16593.730,23.203
16595.680,24.981
16597.630,27.097
16599.590,29.590
16601.540,32.511
16603.490,35.782
16605.450,39.360
16607.400,43.332
16609.350,47.631
16611.310,52.249
16613.260,57.134
16615.210,62.301
16617.170,67.786
16619.120,73.553
16621.070,79.524
16623.030,85.756
16624.980,92.207
16626.930,98.828
16628.880,105.655
16630.840,112.596
16632.790,119.728
16634.740,126.812
16636.700,134.065
16638.650,141.324
16640.600,148.635
16642.560,155.879
16644.510,163.160
16646.460,170.326
16648.420,177.422
16650.370,184.459
16652.320,191.295
16654.280,198.019
16656.230,204.447
16658.180,210.723
16660.130,216.749
16662.090,222.529
16664.040,228.051
16665.990,233.219
16667.950,238.035
16669.900,242.522
16671.850,246.631
16673.810,250.375
16675.760,253.725
16677.710,256.615
16679.670,259.100
16681.620,261.045
16683.570,262.560
16685.530,263.533
16687.480,264.068
16689.430,264.141
16691.380,263.695
16693.340,262.716
16695.290,261.257
16697.240,259.359
16699.200,256.828
16701.150,253.777
16703.100,250.258
16705.060,246.266
16707.010,241.692
16708.960,236.740
16710.920,231.336
16712.870,225.416
16714.820,219.113
16716.780,212.310
16718.730,205.157
16720.680,197.591
16722.630,189.738
16724.590,181.476
16726.540,172.983
16728.490,164.201
16730.450,155.117
16732.400,145.823
16734.350,136.349
16736.310,126.620
16738.260,116.744
16740.210,106.812
16742.170,96.751
16744.120,86.732
16746.070,76.733
16748.030,66.733
16749.980,56.801
16751.930,46.993
16753.880,37.279
16755.840,27.786
16757.790,20.000
16759.740,20.000
16761.700,20.000
16763.650,20.000
16765.600,20.000
16767.560,20.000
16769.510,20.000
16771.460,20.000
16773.420,20.000
16775.370,20.000
16777.320,20.000
16779.280,20.000
16781.230,20.000
16783.180,20.000
16785.130,20.000
16787.090,20.000
16789.040,20.000
16790.990,20.000
16792.950,20.000
16794.900,20.000
16796.850,20.000
16798.810,20.000
16800.760,20.000
16802.710,20.000
16804.670,20.000
16806.620,20.000
16808.570,20.000
16810.530,20.000
16812.480,20.000
16814.430,20.222
16816.380,20.851
16818.340,21.805
16820.290,23.175
16822.240,24.963
16824.200,27.147
16826.150,29.700
16828.100,32.588
16830.060,35.886
16832.010,39.519
16833.960,43.527
16835.920,47.833
16837.870,52.436
16839.820,57.284
16841.780,62.525
16843.730,68.016
16845.680,73.778
16847.630,79.819
16849.590,86.070
16851.540,92.520
16853.490,99.146
16855.450,105.957
16857.400,112.910
16859.350,119.953
16861.310,127.076
16863.260,134.295
16865.210,141.587
16867.170,148.807
16869.120,156.114
16871.070,163.300
16873.030,170.449
16874.980,177.566
16876.930,184.534
16878.880,191.375
16880.840,198.019
16882.790,204.506
16884.740,210.734
16886.700,216.738
16888.650,222.481
16890.600,228.005
16892.560,233.126
16894.510,237.928
16896.460,242.406
16898.420,246.467
16900.370,250.156
16902.320,253.468
16904.280,256.303
16906.230,258.740
16908.180,260.643
16910.130,262.093
16912.090,263.053
16914.040,263.545
16915.990,263.581
16917.950,263.096
16919.900,262.078
16921.850,260.588
16923.810,258.517
16925.760,255.961
16927.710,252.897
16929.670,249.358
16931.620,245.221
16933.570,240.713
16935.530,235.648
16937.480,230.156
16939.430,224.222
16941.380,217.809
16943.340,210.954
16945.290,203.808
16947.240,196.228
16949.200,188.298
16951.150,180.037
16953.100,171.460
16955.060,162.650
16957.010,153.589
16958.960,144.213
16960.920,134.684
16962.870,125.000
16964.820,115.112
16966.780,105.115
16968.730,95.065
16970.680,85.064
16972.630,75.024
16974.590,65.033
16976.540,55.110
16978.490,45.339
16980.450,35.628
16982.400,26.103
16984.350,20.000
16986.310,20.000
16988.260,20.000
16990.210,20.000
16992.170,20.000
16994.120,20.000
16996.070,20.000
16998.030,20.000
16999.980,20.000
17001.930,20.000
17003.880,20.000
17005.840,20.000
17007.790,20.000
17009.740,20.000
17011.700,20.000
17013.650,20.000
17015.600,20.000
17017.560,20.000
17019.510,20.000
17021.460,20.000
17023.420,20.000
17025.370,20.000
17027.320,20.000
17029.280,20.000
17031.230,20.000
17033.180,20.000
17035.130,20.000
17037.090,20.000
17039.040,20.003
17040.990,20.236
17042.950,20.862
17044.900,21.851
17046.850,23.258
17048.810,25.062
17050.760,27.248
17052.710,29.819
17054.670,32.761
17056.620,36.137
17058.570,39.863
17060.530,43.883
17062.480,48.187
17064.430,52.799
17066.380,57.732
17068.340,62.997
17070.290,68.528
17072.240,74.336
17074.200,80.429
17076.150,86.670
17078.100,93.144
17080.060,99.794
17082.010,106.666
17083.960,113.633
17085.920,120.728
17087.870,127.912
17089.820,135.125
17091.780,142.425
17093.730,149.683
17095.680,156.951
17097.630,164.182
17099.590,171.388
17101.540,178.474
17103.490,185.422
17105.450,192.289
17107.400,198.919
17109.350,205.340
17111.310,211.528
17113.260,217.529
17115.210,223.251
17117.170,228.739
17119.120,233.816
17121.070,238.586
17123.030,243.029
17124.980,247.008
17126.930,250.637
17128.880,253.887
17130.840,256.750
17132.790,259.038
17134.740,260.926
17136.700,262.279
17138.650,263.186
17140.600,263.627
17142.560,263.566
17144.510,263.008
17146.460,261.883
17148.420,260.317
17150.370,258.190
17152.320,255.592
17154.280,252.443
17156.230,248.827
17158.180,244.731
17160.130,240.094
17162.090,234.990
17164.040,229.414
17165.990,223.399
17167.950,216.949
17169.900,210.001
17171.850,202.703
17173.810,195.117
17175.760,187.102
17177.710,178.765
17179.670,170.216
17181.620,161.351
17183.570,152.203
17185.530,142.811
17187.480,133.215
17189.430,123.455
17191.380,113.590
17193.340,103.562
17195.290,93.582
17197.240,83.531
17199.200,73.546
17201.150,63.513
17203.100,53.631
17205.060,43.820
17207.010,34.140
17208.960,24.673
17210.920,20.000
17212.870,20.000
17214.820,20.000
17216.780,20.000
17218.730,20.000
17220.680,20.000
17222.630,20.000
17224.590,20.000
17226.540,20.000
17228.490,20.000
17230.450,20.000
17232.400,20.000
17234.350,20.000
17236.310,20.000
17238.260,20.000
17240.210,20.000
17242.170,20.000
17244.120,20.000
17246.070,20.000
17248.030,20.000
17249.980,20.000
17251.930,20.000
17253.880,20.000
17255.840,20.000
17257.790,20.000
17259.740,20.000
17261.700,20.000
17263.650,20.000
17265.600,20.004
17267.560,20.292
17269.510,20.933
17271.460,21.950
17273.420,23.328
17275.370,25.157
17277.320,27.371
17279.280,29.983
17281.230,32.935
17283.180,36.313
17285.130,39.973
17287.090,43.946
17289.040,48.244
17290.990,52.843
17292.950,57.817
17294.900,63.034
17296.850,68.499
17298.810,74.309
17300.760,80.341
17302.710,86.538
17304.670,92.981
17306.620,99.623
17308.570,106.436
17310.530,113.396
17312.480,120.379
17314.430,127.518
17316.380,134.743
17318.340,141.908
17320.290,149.211
17322.240,156.456
17324.200,163.613
17326.150,170.748
17328.100,177.786
17330.060,184.740
17332.010,191.549
17333.960,198.160
17335.920,204.570
17337.870,210.777
17339.820,216.728
17341.780,222.452
17343.730,227.875
17345.680,232.975
17347.630,237.776
17349.590,242.184
17351.540,246.195
17353.490,249.784
17355.450,253.066
17357.400,255.865
17359.350,258.195
17361.310,260.063
17363.260,261.508
17365.210,262.418
17367.170,262.931
17369.120,262.822
17371.070,262.350
17373.030,261.239
17374.980,259.713
17376.930,257.579
17378.880,254.971
17380.840,251.945
17382.790,248.379
17384.740,244.287
17386.700,239.734
17388.650,234.680
17390.600,229.128
17392.560,223.123
17394.510,216.680
17396.460,209.836
17398.420,202.641
17400.370,195.021
17402.320,187.061
17404.280,178.805
17406.230,170.242
17408.180,161.412
17410.130,152.319
17412.090,142.966
17414.040,133.399
17415.990,123.697
17417.950,113.815
17419.900,103.890
17421.850,93.938
17423.810,83.929
17425.760,73.921
17427.710,64.009
17429.670,54.116
17431.620,44.338
17433.570,34.699
17435.530,25.307
17437.480,20.000
17439.430,20.000
17441.380,20.000
17443.340,20.000
17445.290,20.000
17447.240,20.000
17449.200,20.000
17451.150,20.000
17453.100,20.000
17455.060,20.000
17457.010,20.000
17458.960,20.000
17460.920,20.000
17462.870,20.000
17464.820,20.000
17466.780,20.000
17468.730,20.000
17470.680,20.000
17472.630,20.000
17474.590,20.000
17476.540,20.000
17478.490,20.000
17480.450,20.000
17482.400,20.000
17484.350,20.000
17486.310,20.000
17488.260,20.000
17490.210,20.000
17492.170,20.037
17494.120,20.354
17496.070,21.009
17498.030,22.072
17499.980,23.436
17501.930,25.279
17503.880,27.552
17505.840,30.192
17507.790,33.148
17509.740,36.494
17511.700,40.164
17513.650,44.173
17515.600,48.462
17517.560,53.128
17519.510,58.125
17521.460,63.394
17523.420,68.914
17525.370,74.769
17527.320,80.793
17529.280,87.000
17531.230,93.424
17533.180,100.054
17535.130,106.883
17537.090,113.804
17539.040,120.869
17540.990,128.030
17542.950,135.204
17544.900,142.418
17546.850,149.648
17548.810,156.880
17550.760,164.045
17552.710,171.175
17554.670,178.205
17556.620,185.170
17558.570,191.985
17560.530,198.555
17562.480,204.907
17564.430,211.133
17566.380,217.040
17568.340,222.746
17570.290,228.138
17572.240,233.234
17574.200,237.972
17576.150,242.357
17578.100,246.325
17580.060,249.915
17582.010,253.098
17583.960,255.908
17585.920,258.225
17587.870,260.030
17589.820,261.432
17591.780,262.332
17593.730,262.730
17595.680,262.687
17597.630,262.122
17599.590,260.980
17601.540,259.336
17603.490,257.240
17605.450,254.557
17607.400,251.428
17609.350,247.828
17611.310,243.711
17613.260,239.111
17615.210,233.998
17617.170,228.432
17619.120,222.436
17621.070,215.945
17623.030,209.062
17624.980,201.795
17626.930,194.178
17628.880,186.189
17630.840,177.885
17632.790,169.297
17634.740,160.480
17636.700,151.373
17638.650,141.992
17640.600,132.412
17642.560,122.693
17644.510,112.803
17646.460,102.951
17648.420,92.945
17650.370,82.958
17652.320,73.014
17654.280,63.023
17656.230,53.179
17658.180,43.382
17660.130,33.776
17662.090,24.368
17664.040,20.000
17665.990,20.000
17667.950,20.000
17669.900,20.000
17671.850,20.000
17673.810,20.000
17675.760,20.000
17677.710,20.000
17679.670,20.000
17681.620,20.000
17683.570,20.000
17685.530,20.000
17687.480,20.000
17689.430,20.000
17691.380,20.000
17693.340,20.000
17695.290,20.000
17697.240,20.000
17699.200,20.000
17701.150,20.000
17703.100,20.000
17705.060,20.000
17707.010,20.000
17708.960,20.000
17710.920,20.000
17712.870,20.000
17714.820,20.000
17716.780,20.000
17718.730,20.086
17720.680,20.401
17722.630,21.087
17724.590,22.173
17726.540,23.628
17728.490,25.457
17730.450,27.693
17732.400,30.276
17734.350,33.267
17736.310,36.597
17738.260,40.295
17740.210,44.341
17742.170,48.764
17744.120,53.490
17746.070,58.535
17748.030,63.802
17749.980,69.364
17751.930,75.181
17753.880,81.251
17755.840,87.528
17757.790,93.979
17759.740,100.684
17761.700,107.491
17763.650,114.460
17765.600,121.474
17767.560,128.663
17769.510,135.889
17771.460,143.109
17773.420,150.371
17775.370,157.581
17777.320,164.778
17779.280,171.830
17781.230,178.852
17783.180,185.731
17785.130,192.539
17787.090,199.115
17789.040,205.436
17790.990,211.598
17792.950,217.472
17794.900,223.121
17796.850,228.437
17798.810,233.475
17800.760,238.161
17802.710,242.463
17804.670,246.357
17806.620,249.909
17808.570,253.067
17810.530,255.711
17812.480,257.877
17814.430,259.680
17816.380,260.961
17818.340,261.815
17820.290,262.168
17822.240,261.996
17824.200,261.334
17826.150,260.098
17828.100,258.336
17830.060,256.154
17832.010,253.461
17833.960,250.244
17835.920,246.583
17837.870,242.402
17839.820,237.723
17841.780,232.554
17843.730,226.848
