time_s,temperature_C
2.000,1000.000
4.000,1000.000
6.000,1000.000
8.000,1000.000
9.000,1000.000
10.000,1000.000
11.000,1000.000
12.000,1000.000
13.000,1000.000
14.000,1000.000
15.000,1000.000
16.000,1000.000
17.000,1000.000
18.000,1000.000
19.000,1000.000
20.000,1000.000
21.000,1000.000
22.000,1000.000
23.000,1000.000
24.000,1000.000
25.000,1000.000
26.000,1000.000
27.000,1000.000
28.000,1000.000
29.000,1000.000
30.001,1000.000
31.001,1000.000
32.001,1000.000
33.001,1000.000
34.001,1000.000
35.001,1000.000
36.001,1000.000
37.001,1000.000
38.001,1000.000
39.001,1000.000
40.001,1000.000
41.001,1000.000
42.001,1000.000
43.001,1000.000
44.001,1000.000
45.001,1000.000
46.001,1000.000
47.001,1000.000
48.001,1000.000
49.001,1000.000
50.001,1000.000
51.001,1000.000
52.001,1000.000
53.001,1000.000
54.001,1000.000
55.001,1000.000
56.001,1000.000
57.001,1000.000
58.001,1000.000
59.001,1000.000
60.001,1000.000
61.001,1000.000
62.001,1000.000
63.001,1000.000
64.001,1000.000
66.001,1000.000
68.001,1000.000
70.000,1000.000
72.000,1000.000
74.000,1000.000
75.999,1000.000
77.999,1000.000
79.999,1000.000
81.998,1000.000
83.998,1000.000
85.998,1000.000
87.997,1000.000
89.997,1000.000
91.997,1000.000
93.996,1000.000
95.996,1000.000
97.996,1000.000
99.995,1000.000
101.995,1000.000
103.995,1000.000
105.994,1000.000
107.994,1000.000
109.994,1000.000
111.993,1000.000
113.993,1000.000
115.993,1000.000
117.992,1000.000
119.992,1000.000
121.992,1000.000
123.991,1000.000
125.991,1000.000
127.991,1000.000
128.991,1000.000
129.991,1000.000
130.991,1000.000
131.991,1000.000
132.992,1000.000
133.992,1000.000
134.992,1000.000
135.992,1000.000
136.992,1000.000
137.993,1000.000
138.993,1000.000
139.993,1000.000
140.993,1000.000
141.994,1000.000
142.994,1000.000
143.994,1000.000
144.994,1000.000
145.994,1000.000
146.995,1000.000
147.995,1000.000
148.995,1000.000
149.995,1000.000
150.995,1000.000
151.996,1000.000
152.996,1000.000
153.996,1000.000
154.996,1000.000
155.997,1000.000
156.997,1000.000
157.997,1000.000
158.997,1000.000
159.997,1000.000
160.998,1000.000
161.998,1000.000
162.998,1000.000
163.998,1000.000
164.998,1000.000
165.999,1000.000
166.999,1000.000
167.999,1000.000
168.999,1000.000
170.000,1000.000
171.000,1000.000
172.000,1000.000
173.000,1000.000
174.000,1000.000
175.001,1000.000
176.001,1000.000
177.001,1000.000
178.001,1000.000
179.001,1000.000
180.002,1000.000
181.002,1000.000
182.002,1000.000
183.002,1000.000
184.003,1000.000
185.003,1000.000
186.003,1000.000
187.003,1000.000
188.003,1000.000
189.004,1000.000
190.004,1000.000
191.004,1000.000
192.004,1000.000
193.004,1000.000
194.005,1000.000
195.005,1000.000
196.005,1000.000
197.005,1000.000
198.006,1000.000
199.006,1000.000
200.006,1000.000
201.006,1000.000
202.006,1000.000
203.007,1000.000
204.007,1000.000
205.007,1000.000
206.007,1000.000
207.007,1000.000
208.008,1000.000
209.008,1000.000
210.008,1000.000
211.008,1000.000
212.009,1000.000
213.009,1000.000
214.009,1000.000
215.009,1000.000
216.009,1000.000
217.010,1000.000
218.010,1000.000
219.010,1000.000
220.010,1000.000
221.010,1000.000
222.011,1000.000
223.011,1000.000
224.011,1000.000
225.011,1000.000
226.012,1000.000
227.012,1000.000
228.012,1000.000
229.012,1000.000
230.012,1000.000
231.013,1000.000
232.013,1000.000
233.013,1000.000
234.013,1000.000
235.013,1000.000
236.014,1000.000
237.014,1000.000
238.014,1000.000
239.014,1000.000
240.015,1000.000
241.015,1000.000
242.015,1000.000
243.015,1000.000
244.015,1000.000
245.016,1000.000
246.016,1000.000
247.016,1000.000
248.016,1000.000
249.016,1000.000
250.017,1000.000
251.017,1000.000
252.017,1000.000
253.017,1000.000
254.017,1000.000
255.018,1000.000
256.018,1000.000
258.017,1000.000
260.016,1000.000
262.015,1000.000
264.014,1000.000
266.012,1000.000
268.011,1000.000
270.010,1000.000
272.009,1000.000
274.008,1000.000
276.007,1000.000
278.006,1000.000
280.005,1000.000
282.004,1000.000
284.003,1000.000
286.001,1000.000
288.000,1000.000
289.999,1000.000
291.998,1000.000
293.997,1000.000
295.996,1000.000
297.995,1000.000
299.994,1000.000
301.993,1000.000
303.992,1000.000
305.990,1000.000
307.989,1000.000
309.988,1000.000
311.987,1000.000
313.986,1000.000
315.985,1000.000
317.984,1000.000
319.983,1000.000
321.982,1000.000
323.981,1000.000
325.979,1000.000
327.978,1000.000
329.977,1000.000
331.976,1000.000
333.975,1000.000
335.974,1000.000
337.973,1000.000
339.972,1000.000
341.971,1000.000
343.970,1000.000
345.968,1000.000
347.967,1000.000
349.966,1000.000
351.965,1000.000
353.964,1000.000
355.963,1000.000
357.962,1000.000
359.961,1000.000
361.960,1000.000
363.959,1000.000
365.957,1000.000
367.956,1000.000
369.955,1000.000
371.954,1000.000
373.953,1000.000
375.952,1000.000
377.951,1000.000
379.950,1000.000
381.949,1000.000
383.948,1000.000
385.946,1000.000
387.945,1000.000
389.944,1000.000
391.943,1000.000
393.942,1000.000
395.941,1000.000
397.940,1000.000
399.939,1000.000
401.938,1000.000
403.937,1000.000
405.936,1000.000
407.934,1000.000
409.933,1000.000
411.932,1000.000
413.931,1000.000
415.930,1000.000
417.929,1000.000
419.928,1000.000
421.927,1000.000
423.926,1000.000
425.925,1000.000
427.923,1000.000
429.922,1000.000
431.921,1000.000
433.920,1000.000
435.919,1000.000
437.918,1000.000
439.917,1000.000
441.916,1000.000
443.915,1000.000
445.914,1000.000
447.912,1000.000
449.911,1000.000
451.910,1000.000
453.909,1000.000
455.908,1000.000
457.907,1000.000
459.906,1000.000
461.905,1000.000
463.904,1000.000
465.903,1000.000
467.901,1000.000
469.900,1000.000
471.899,1000.000
473.898,1000.000
475.897,1000.000
477.896,1000.000
479.895,1000.000
481.894,1000.000
483.893,1000.000
485.892,1000.000
487.890,1000.000
489.889,1000.000
491.888,1000.000
493.887,1000.000
495.886,1000.000
497.885,1000.000
499.884,1000.000
501.883,1000.000
503.882,1000.000
505.881,1000.000
507.879,1000.000
509.878,1000.000
511.877,1000.000
512.878,1000.000
513.879,1000.000
514.880,1000.000
515.881,1000.000
516.882,1000.000
517.883,1000.000
518.884,1000.000
519.885,1000.000
520.886,1000.000
521.887,1000.000
522.888,1000.000
523.889,1000.000
524.890,1000.000
525.891,1000.000
526.892,1000.000
527.893,1000.000
528.894,1000.000
529.895,1000.000
530.896,1000.000
531.897,1000.000
532.898,1000.000
533.899,1000.000
534.900,1000.000
535.901,1000.000
536.901,1000.000
537.902,1000.000
538.903,1000.000
539.904,1000.000
540.905,1000.000
541.906,1000.000
542.907,1000.000
543.908,1000.000
544.909,1000.000
545.910,1000.000
546.911,1000.000
547.912,1000.000
548.913,1000.000
549.914,1000.000
550.915,1000.000
551.916,1000.000
552.917,1000.000
553.918,1000.000
554.919,1000.000
555.920,1000.000
556.921,1000.000
557.922,1000.000
558.923,1000.000
559.924,1000.000
560.925,1000.000
561.926,1000.000
562.927,1000.000
563.928,1000.000
564.929,1000.000
565.930,1000.000
566.931,1000.000
567.932,1000.000
568.933,1000.000
569.934,1000.000
570.935,1000.000
571.936,1000.000
572.937,1000.000
573.938,1000.000
574.939,1000.000
575.940,1000.000
576.941,1000.000
577.942,1000.000
578.942,1000.000
579.943,1000.000
580.944,1000.000
581.945,1000.000
582.946,1000.000
583.947,1000.000
584.948,1000.000
585.949,1000.000
586.950,1000.000
587.951,1000.000
588.952,1000.000
589.953,1000.000
590.954,1000.000
591.955,1000.000
592.956,1000.000
593.957,1000.000
594.958,1000.000
595.959,1000.000
596.960,1000.000
597.961,1000.000
598.962,1000.000
599.963,1000.000
600.964,1000.000
601.965,1000.000
602.966,1000.000
603.967,1000.000
604.968,1000.000
605.969,1000.000
606.970,1000.000
607.971,1000.000
608.972,1000.000
609.973,1000.000
610.974,1000.000
611.975,1000.000
612.976,1000.000
613.977,1000.000
614.978,1000.000
615.979,1000.000
616.980,1000.000
617.981,978.516
618.982,955.313
619.983,930.013
620.984,902.640
621.984,873.176
622.985,841.633
623.986,808.085
624.987,772.563
625.988,735.113
626.989,695.800
627.990,654.684
628.991,611.829
629.992,567.319
630.993,521.223
631.994,473.636
632.995,424.631
633.996,374.317
634.997,322.818
635.998,270.198
636.999,216.582
638.000,162.079
639.001,106.806
640.002,50.872
641.003,20.000
642.004,20.000
643.005,20.000
644.006,20.000
645.007,20.000
646.008,20.000
647.009,20.000
648.010,20.000
649.011,20.000
650.012,20.000
651.013,20.000
652.014,20.000
653.015,20.000
654.016,20.000
655.017,20.000
656.018,20.000
657.019,20.000
658.020,20.000
659.021,20.000
660.022,20.000
661.023,20.000
662.024,20.000
663.025,20.000
664.026,20.000
665.026,20.000
666.027,20.000
667.028,20.000
668.029,20.000
669.030,20.000
670.031,20.000
671.032,20.000
672.033,20.000
673.034,20.000
674.035,20.000
675.036,20.000
676.037,20.000
677.038,20.000
678.039,20.000
679.040,20.000
680.041,20.000
681.042,20.000
682.043,20.000
683.044,20.000
684.045,20.000
685.046,20.000
686.047,20.000
687.048,20.000
688.049,20.000
689.050,20.000
690.051,20.000
691.052,20.000
692.053,20.000
693.054,20.000
694.055,20.000
695.056,20.000
696.057,20.000
697.058,20.000
698.059,20.000
699.060,20.000
700.061,20.000
701.062,20.000
702.063,20.000
703.064,20.000
704.065,20.000
705.066,20.000
706.067,20.000
707.067,20.000
708.068,20.000
709.069,20.000
710.070,20.000
711.071,20.000
712.072,20.000
713.073,20.000
714.074,20.000
715.075,20.000
716.076,20.000
717.077,20.000
718.078,20.000
719.079,20.000
720.080,20.000
721.081,20.000
722.082,20.000
723.083,20.000
724.084,20.000
725.085,20.000
726.086,20.000
727.087,20.000
728.088,20.000
729.089,20.000
730.090,20.000
731.091,20.000
732.092,20.000
733.093,20.000
734.094,20.000
735.095,20.000
736.096,20.000
737.097,20.000
738.098,20.000
739.099,20.000
740.100,20.000
741.101,20.000
742.102,20.000
743.103,20.000
744.104,20.000
745.105,20.000
746.106,20.000
747.107,20.000
748.108,20.000
749.109,20.000
750.109,20.000
751.110,20.000
752.111,20.000
753.112,20.000
754.113,20.000
755.114,20.000
756.115,20.000
757.116,20.000
758.117,20.000
759.118,20.000
760.119,20.000
761.120,20.000
762.121,20.000
763.122,20.000
764.123,20.000
765.124,20.000
766.125,20.000
767.126,20.000
768.127,20.000
769.128,20.000
770.129,20.000
771.130,20.000
772.131,20.000
773.132,20.000
774.133,20.000
775.134,20.000
776.135,20.000
777.136,20.000
778.137,20.000
779.138,20.000
780.139,20.000
781.140,20.000
782.141,20.000
783.142,20.000
784.143,20.000
785.144,20.000
786.145,20.000
787.146,20.000
788.147,20.000
789.148,20.000
790.149,20.000
791.150,20.000
792.151,20.000
793.151,20.000
794.152,20.000
795.153,20.000
796.154,20.000
797.155,20.000
798.156,20.000
799.157,20.000
800.158,20.000
801.159,20.000
802.160,20.000
803.161,20.000
804.162,20.000
805.163,20.000
806.164,20.000
807.165,20.000
808.166,20.000
809.167,20.000
810.168,20.000
811.169,20.000
812.170,20.000
813.171,20.000
814.172,20.000
815.173,20.364
816.174,23.117
817.175,26.381
818.176,30.125
819.177,34.378
820.178,39.145
821.179,44.381
822.180,50.103
823.181,56.319
824.182,63.007
825.183,70.155
826.184,77.788
827.185,85.810
828.186,94.323
829.187,103.215
830.188,112.520
831.189,122.215
832.190,132.278
833.191,142.696
834.192,153.456
835.192,164.542
836.193,175.939
837.194,187.608
838.195,199.519
839.196,211.652
840.197,223.994
841.198,236.522
842.199,249.201
843.200,262.001
844.201,274.904
845.202,287.875
846.203,300.889
847.204,313.917
848.205,326.934
849.206,339.908
850.207,352.830
851.208,365.609
852.209,378.270
853.210,390.783
854.211,403.082
855.212,415.172
856.213,427.012
857.214,438.568
858.215,449.801
859.216,460.738
860.217,471.279
861.218,481.418
862.219,491.138
863.220,500.426
864.221,509.231
865.222,517.533
866.223,525.324
867.224,532.557
868.225,539.230
869.226,545.303
870.227,550.785
871.228,555.624
872.229,559.831
873.230,563.365
874.231,566.219
875.232,568.381
876.233,569.848
877.234,570.578
878.234,570.586
879.235,569.875
880.236,568.406
881.237,566.192
882.238,563.238
883.239,559.527
884.240,555.059
885.241,549.836
886.242,543.873
887.243,537.170
888.244,529.715
889.245,521.529
890.246,512.631
891.247,503.027
892.248,492.713
893.249,481.721
894.250,470.069
895.251,457.760
896.252,444.829
897.253,431.274
898.254,417.168
899.255,402.475
900.256,387.246
901.257,371.519
902.258,355.327
903.259,338.673
904.260,321.569
905.261,304.115
906.262,286.305
907.263,268.166
908.264,249.714
909.265,231.056
910.266,212.186
911.267,193.161
912.268,173.995
913.269,154.733
914.270,135.424
915.271,116.098
916.272,96.801
917.273,77.584
918.274,58.499
919.275,39.555
920.276,20.819
921.276,20.000
922.277,20.000
923.278,20.000
924.279,20.000
925.280,20.000
926.281,20.000
927.282,20.000
928.283,20.000
929.284,20.000
930.285,20.000
931.286,20.000
932.287,20.000
933.288,20.000
934.289,20.000
935.290,20.000
936.291,20.000
937.292,20.000
938.293,20.000
939.294,20.000
940.295,20.000
941.296,20.000
942.297,20.000
943.298,20.000
944.299,20.000
945.300,20.000
946.301,20.000
947.302,20.000
948.303,20.000
949.304,20.000
950.305,20.000
951.306,20.000
952.307,20.000
953.308,20.000
954.309,20.000
955.310,20.000
956.311,20.000
957.312,20.000
958.313,20.000
959.314,20.000
960.315,20.000
961.316,20.000
962.317,20.000
963.317,20.000
964.318,20.000
965.319,20.302
966.320,20.905
967.321,21.901
968.322,23.314
969.323,25.122
970.324,27.324
971.325,29.944
972.326,32.969
973.327,36.390
974.328,40.223
975.329,44.473
976.330,49.095
977.331,54.122
978.332,59.551
979.333,65.336
980.334,71.534
981.335,78.073
982.336,84.982
983.337,92.229
984.338,99.827
985.339,107.733
986.340,115.990
987.341,124.519
988.342,133.353
989.343,142.453
990.344,151.802
991.345,161.405
992.346,171.212
993.347,181.230
994.348,191.417
995.349,201.776
996.350,212.285
997.351,222.911
998.352,233.614
999.353,244.422
1000.354,255.292
1001.355,266.186
1002.356,277.087
1003.357,287.982
1004.357,298.846
1005.358,309.623
1006.359,320.319
1007.360,330.927
1008.361,341.378
1009.362,351.688
1010.363,361.793
1011.364,371.713
1012.365,381.403
1013.366,390.826
1014.367,399.977
1015.368,408.813
1016.369,417.358
1017.370,425.539
1018.371,433.371
1019.372,440.787
1020.373,447.798
1021.374,454.418
1022.375,460.568
1023.376,466.230
1024.377,471.447
1025.378,476.156
1026.379,480.341
1027.380,484.002
1028.381,487.125
1029.382,489.678
1030.383,491.670
1031.384,493.107
1032.385,493.928
1033.386,494.178
1034.387,493.809
1035.388,492.842
1036.389,491.258
1037.390,489.072
1038.391,486.272
1039.392,482.838
1040.393,478.803
1041.394,474.160
1042.395,468.887
1043.396,463.010
1044.396,456.549
1045.397,449.486
1046.398,441.850
1047.399,433.627
1048.400,424.861
1049.401,415.531
1050.402,405.676
1051.403,395.330
1052.404,384.451
1053.405,373.113
1054.406,361.310
1055.407,349.081
1056.408,336.404
1057.409,323.352
1058.410,309.913
1059.411,296.122
1060.412,282.013
1061.413,267.603
1062.414,252.950
1063.415,238.036
1064.416,222.937
1065.417,207.647
1066.418,192.218
1067.419,176.685
1068.420,161.068
1069.421,145.412
1070.422,129.727
1071.423,114.075
1072.424,98.468
1073.425,82.949
1074.426,67.565
1075.427,52.353
1076.428,37.304
1077.429,22.496
1078.430,20.000
1079.431,20.000
1080.432,20.000
1081.433,20.000
1082.434,20.000
1083.435,20.000
1084.436,20.000
1085.437,20.000
1086.438,20.000
1087.438,20.000
1088.439,20.000
1089.440,20.000
1090.441,20.000
1091.442,20.000
1092.443,20.000
1093.444,20.000
1094.445,20.000
1095.446,20.000
1096.447,20.000
1097.448,20.000
1098.449,20.000
1099.450,20.000
1100.451,20.000
1101.452,20.000
1102.453,20.000
1103.454,20.000
1104.455,20.000
1105.456,20.000
1106.457,20.000
1107.458,20.000
1108.459,20.000
1109.460,20.000
1110.461,20.000
1111.462,20.000
1112.463,20.000
1113.464,20.016
1114.465,20.408
1115.466,21.191
1116.467,22.374
1117.468,23.956
1118.469,25.925
1119.470,28.302
1120.471,31.077
1121.472,34.232
1122.473,37.771
1123.474,41.733
1124.475,46.055
1125.476,50.772
1126.477,55.876
1127.478,61.341
1128.479,67.174
1129.479,73.361
1130.480,79.898
1131.481,86.789
1132.482,94.007
1133.483,101.570
1134.484,109.419
1135.485,117.563
1136.486,126.004
1137.487,134.717
1138.488,143.675
1139.489,152.894
1140.490,162.310
1141.491,171.940
1142.492,181.765
1143.493,191.735
1144.494,201.868
1145.495,212.115
1146.496,222.478
1147.497,232.934
1148.498,243.432
1149.499,253.988
1150.500,264.558
1151.501,275.134
1152.502,285.652
1153.503,296.165
1154.504,306.579
1155.505,316.909
1156.506,327.111
1157.507,337.178
1158.508,347.058
1159.509,356.778
1160.510,366.279
1161.511,375.544
1162.512,384.535
1163.513,393.248
1164.514,401.679
1165.515,409.790
1166.516,417.531
1167.517,424.924
1168.518,431.906
1169.519,438.518
1170.520,444.705
1171.521,450.426
1172.521,455.708
1173.522,460.506
1174.523,464.807
1175.524,468.633
1176.525,471.922
1177.526,474.683
1178.527,476.902
1179.528,478.561
1180.529,479.662
1181.530,480.197
1182.531,480.153
1183.532,479.530
1184.533,478.297
1185.534,476.498
1186.535,474.088
1187.536,471.094
1188.537,467.489
1189.538,463.303
1190.539,458.521
1191.540,453.162
1192.541,447.203
1193.542,440.662
1194.543,433.602
1195.544,425.929
1196.545,417.754
1197.546,409.027
1198.547,399.775
1199.548,390.014
1200.549,379.789
1201.550,369.054
1202.551,357.887
1203.552,346.274
1204.553,334.261
1205.554,321.834
1206.555,309.050
1207.556,295.930
1208.557,282.457
1209.558,268.708
1210.559,254.698
1211.560,240.447
1212.561,225.965
1213.562,211.315
1214.563,196.513
1215.563,181.589
1216.564,166.561
1217.565,151.498
1218.566,136.387
1219.567,121.287
1220.568,106.213
1221.569,91.227
1222.570,76.313
1223.571,61.570
1224.572,46.958
1225.573,32.583
1226.574,20.000
1227.575,20.000
1228.576,20.000
1229.577,20.000
1230.578,20.000
1231.579,20.000
1232.580,20.000
1233.581,20.000
1234.582,20.000
1235.583,20.000
1236.584,20.000
1237.585,20.000
1238.586,20.000
1239.587,20.000
1240.588,20.000
1241.589,20.000
1242.590,20.000
1243.591,20.000
1244.592,20.000
1245.593,20.000
1246.594,20.000
1247.595,20.000
1248.596,20.000
1249.597,20.000
1250.598,20.000
1251.599,20.000
1252.600,20.000
1253.601,20.000
1254.602,20.000
1255.603,20.000
1256.604,20.000
1257.604,20.000
1258.605,20.000
1259.606,20.000
1260.607,20.000
1261.608,20.096
1262.609,20.566
1263.610,21.422
1264.611,22.676
1265.612,24.315
1266.613,26.337
1267.614,28.763
1268.615,31.578
1269.616,34.789
1270.617,38.372
1271.618,42.340
1272.619,46.690
1273.620,51.423
1274.621,56.544
1275.622,62.036
1276.623,67.857
1277.624,74.035
1278.625,80.578
1279.626,87.452
1280.627,94.668
1281.628,102.186
1282.629,109.997
1283.630,118.126
1284.631,126.512
1285.632,135.134
1286.633,144.049
1287.634,153.186
1288.635,162.525
1289.636,172.073
1290.637,181.775
1291.638,191.679
1292.639,201.682
1293.640,211.803
1294.641,222.043
1295.642,232.360
1296.643,242.720
1297.644,253.131
1298.645,263.568
1299.646,273.969
1300.646,284.359
1301.647,294.699
1302.648,304.949
1303.649,315.098
1304.650,325.148
1305.651,335.037
1306.652,344.719
1307.653,354.273
1308.654,363.576
1309.655,372.665
1310.656,381.468
1311.657,390.009
1312.658,398.243
1313.659,406.166
1314.660,413.728
1315.661,420.921
1316.662,427.752
1317.663,434.162
1318.664,440.150
1319.665,445.721
1320.666,450.805
1321.667,455.453
1322.668,459.604
1323.669,463.254
1324.670,466.377
1325.671,468.989
1326.672,471.046
1327.673,472.578
1328.674,473.547
1329.675,473.960
1330.676,473.787
1331.677,473.047
1332.678,471.727
1333.679,469.811
1334.680,467.330
1335.681,464.270
1336.682,460.605
1337.683,456.351
1338.684,451.520
1339.685,446.106
1340.686,440.143
1341.687,433.593
1342.688,426.493
1343.688,418.832
1344.689,410.654
1345.690,401.944
1346.691,392.737
1347.692,383.013
1348.693,372.828
1349.694,362.174
1350.695,351.084
1351.696,339.542
1352.697,327.643
1353.698,315.322
1354.699,302.670
1355.700,289.647
1356.701,276.352
1357.702,262.758
1358.703,248.896
1359.704,234.816
1360.705,220.532
1361.706,206.084
1362.707,191.472
1363.708,176.751
1364.709,161.951
1365.710,147.080
1366.711,132.216
1367.712,117.339
1368.713,102.521
1369.714,87.773
1370.715,73.137
1371.716,58.651
1372.717,44.334
1373.718,30.211
1374.719,20.000
1375.720,20.000
1376.721,20.000
1377.722,20.000
1378.723,20.000
1379.724,20.000
1380.725,20.000
1381.726,20.000
1382.727,20.000
1383.728,20.000
1384.729,20.000
1385.729,20.000
1386.730,20.000
1387.731,20.000
1388.732,20.000
1389.733,20.000
1390.734,20.000
1391.735,20.000
1392.736,20.000
1393.737,20.000
1394.738,20.000
1395.739,20.000
1396.740,20.000
1397.741,20.000
1398.742,20.000
1399.743,20.000
1400.744,20.000
1401.745,20.000
1402.746,20.000
1403.747,20.000
1404.748,20.000
1405.749,20.000
1406.750,20.000
1407.751,20.000
1408.752,20.000
1409.753,20.345
1410.754,20.979
1411.755,21.991
1412.756,23.396
1413.757,25.182
1414.758,27.353
1415.759,29.920
1416.760,32.856
1417.761,36.194
1418.762,39.916
1419.763,44.004
1420.764,48.462
1421.765,53.321
1422.766,58.535
1423.767,64.121
1424.768,70.040
1425.769,76.285
1426.770,82.898
1427.771,89.837
1428.771,97.089
1429.772,104.668
1430.773,112.532
1431.774,120.661
1432.775,129.078
1433.776,137.728
1434.777,146.645
1435.778,155.761
1436.779,165.099
1437.780,174.606
1438.781,184.280
1439.782,194.110
1440.783,204.102
1441.784,214.180
1442.785,224.360
1443.786,234.602
1444.787,244.880
1445.788,255.197
1446.789,265.519
1447.790,275.817
1448.791,286.088
1449.792,296.291
1450.793,306.404
1451.794,316.406
1452.795,326.301
1453.796,336.023
1454.797,345.585
1455.798,354.939
1456.799,364.077
1457.800,372.953
1458.801,381.577
1459.802,389.916
1460.803,397.938
1461.804,405.663
1462.805,412.996
1463.806,420.004
1464.807,426.594
1465.808,432.797
1466.809,438.566
1467.810,443.900
1468.811,448.770
1469.812,453.174
1470.813,457.108
1471.813,460.522
1472.814,463.412
1473.815,465.791
1474.816,467.637
1475.817,468.928
1476.818,469.679
1477.819,469.854
1478.820,469.461
1479.821,468.516
1480.822,466.993
1481.823,464.876
1482.824,462.166
1483.825,458.904
1484.826,455.051
1485.827,450.638
1486.828,445.635
1487.829,440.065
1488.830,433.921
1489.831,427.245
1490.832,419.992
1491.833,412.211
1492.834,403.906
1493.835,395.078
1494.836,385.761
1495.837,375.978
1496.838,365.716
1497.839,354.974
1498.840,343.820
1499.841,332.270
1500.842,320.330
1501.843,308.005
1502.844,295.349
1503.845,282.360
1504.846,269.085
1505.847,255.522
1506.848,241.723
1507.849,227.706
1508.850,213.500
1509.851,199.122
1510.852,184.616
1511.853,170.022
1512.854,155.340
1513.854,140.621
1514.855,125.915
1515.856,111.208
1516.857,96.557
1517.858,82.015
1518.859,67.563
1519.860,53.285
1520.861,39.183
1521.862,25.317
1522.863,20.000
1523.864,20.000
1524.865,20.000
1525.866,20.000
1526.867,20.000
1527.868,20.000
1528.869,20.000
1529.870,20.000
1530.871,20.000
1531.872,20.000
1532.873,20.000
1533.874,20.000
1534.875,20.000
1535.876,20.000
1536.877,20.000
1537.878,20.000
1538.879,20.000
1539.880,20.000
1540.881,20.000
1541.882,20.000
1542.883,20.000
1543.884,20.000
1544.885,20.000
1545.886,20.000
1546.887,20.000
1547.888,20.000
1548.889,20.000
1549.890,20.000
1550.891,20.000
1551.892,20.000
1552.893,20.000
1553.894,20.000
1554.895,20.000
1555.896,20.000
1556.896,20.085
1557.897,20.528
1558.898,21.333
1559.899,22.555
1560.900,24.140
1561.901,26.105
1562.902,28.473
1563.903,31.216
1564.904,34.344
1565.905,37.858
1566.906,41.723
1567.907,45.997
1568.908,50.616
1569.909,55.628
1570.910,60.979
1571.911,66.729
1572.912,72.788
1573.913,79.210
1574.914,85.947
1575.915,93.029
1576.916,100.384
1577.917,108.055
1578.918,116.031
1579.919,124.273
1580.920,132.757
1581.921,141.499
1582.922,150.459
1583.923,159.640
1584.924,169.008
1585.925,178.575
1586.926,188.275
1587.927,198.140
1588.928,208.120
1589.929,218.213
1590.930,228.357
1591.931,238.562
1592.932,248.810
1593.933,259.081
1594.934,269.359
1595.935,279.590
1596.936,289.759
1597.937,299.874
1598.938,309.885
1599.938,319.783
1600.939,329.535
1601.940,339.139
1602.941,348.536
1603.942,357.736
1604.943,366.703
1605.944,375.410
1606.945,383.847
1607.946,391.992
1608.947,399.811
1609.948,407.287
1610.949,414.424
1611.950,421.182
1612.951,427.560
1613.952,433.505
1614.953,439.025
1615.954,444.107
1616.955,448.723
1617.956,452.859
1618.957,456.489
1619.958,459.645
1620.959,462.273
1621.960,464.349
1622.961,465.904
1623.962,466.932
1624.963,467.388
1625.964,467.275
1626.965,466.605
1627.966,465.386
1628.967,463.565
1629.968,461.174
1630.969,458.217
1631.970,454.657
1632.971,450.543
1633.972,445.842
1634.973,440.574
1635.974,434.756
1636.975,428.367
1637.976,421.449
1638.977,413.965
1639.978,405.988
1640.979,397.460
1641.979,388.447
1642.980,378.934
1643.981,368.957
1644.982,358.535
1645.983,347.655
1646.984,336.354
1647.985,324.676
1648.986,312.615
1649.987,300.186
1650.988,287.401
1651.989,274.348
1652.990,260.976
1653.991,247.373
1654.992,233.525
1655.993,219.480
1656.994,205.254
1657.995,190.898
1658.996,176.409
1659.997,161.861
1660.998,147.230
1661.999,132.580
1663.000,117.934
1664.001,103.341
1665.002,88.816
1666.003,74.394
1667.004,60.118
1668.005,46.010
1669.006,32.094
1670.007,20.000
1671.008,20.000
1672.009,20.000
1673.010,20.000
1674.011,20.000
1675.012,20.000
1676.013,20.000
1677.014,20.000
1678.015,20.000
1679.016,20.000
1680.017,20.000
1681.018,20.000
1682.019,20.000
1683.020,20.000
1684.021,20.000
1685.021,20.000
1686.022,20.000
1687.023,20.000
1688.024,20.000
1689.025,20.000
1690.026,20.000
1691.027,20.000
1692.028,20.000
1693.029,20.000
1694.030,20.000
1695.031,20.000
1696.032,20.000
1697.033,20.000
1698.034,20.000
1699.035,20.000
1700.036,20.000
1701.037,20.000
1702.038,20.000
1703.039,20.000
1704.040,20.000
1705.041,20.376
1706.042,21.034
1707.043,22.059
1708.044,23.468
1709.045,25.243
1710.046,27.424
1711.047,30.032
1712.048,32.957
1713.049,36.272
1714.050,39.946
1715.051,44.036
1716.052,48.508
1717.053,53.328
1718.054,58.514
1719.055,64.053
1720.056,69.927
1721.057,76.169
1722.058,82.734
1723.059,89.635
1724.060,96.836
1725.061,104.338
1726.062,112.147
1727.063,120.202
1728.063,128.542
1729.064,137.147
1730.065,145.962
1731.066,155.026
1732.067,164.263
1733.068,173.701
1734.069,183.299
1735.070,193.035
1736.071,202.930
1737.072,212.899
1738.073,222.982
1739.074,233.139
1740.075,243.305
1741.076,253.512
1742.077,263.738
1743.078,273.948
1744.079,284.110
1745.080,294.205
1746.081,304.215
1747.082,314.129
1748.083,323.904
1749.084,333.504
1750.085,342.963
1751.086,352.204
1752.087,361.234
1753.088,370.014
1754.089,378.534
1755.090,386.785
1756.091,394.715
1757.092,402.314
1758.093,409.572
1759.094,416.489
1760.095,422.987
1761.096,429.112
1762.097,434.808
1763.098,440.066
1764.099,444.859
1765.100,449.200
1766.101,453.061
1767.102,456.425
1768.103,459.269
1769.104,461.590
1770.104,463.378
1771.105,464.635
1772.106,465.334
1773.107,465.500
1774.108,465.079
1775.109,464.101
1776.110,462.563
1777.111,460.434
1778.112,457.746
1779.113,454.471
1780.114,450.641
1781.115,446.217
1782.116,441.234
1783.117,435.680
1784.118,429.574
1785.119,422.918
1786.120,415.723
1787.121,408.002
1788.122,399.760
1789.123,391.023
1790.124,381.776
1791.125,372.044
1792.126,361.857
1793.127,351.262
1794.128,340.224
1795.129,328.773
1796.130,316.934
1797.131,304.724
1798.132,292.160
1799.133,279.292
1800.134,266.132
1801.135,252.713
1802.136,239.026
1803.137,225.149
1804.138,211.056
1805.139,196.839
1806.140,182.481
1807.141,168.010
1808.142,153.492
1809.143,138.926
1810.144,124.364
1811.145,109.820
1812.146,95.314
1813.146,80.935
1814.147,66.639
1815.148,52.519
1816.149,38.597
1817.150,24.881
1818.151,20.000
1819.152,20.000
1820.153,20.000
1821.154,20.000
1822.155,20.000
1823.156,20.000
1824.157,20.000
1825.158,20.000
1826.159,20.000
1827.160,20.000
1828.161,20.000
1829.162,20.000
1830.163,20.000
1831.164,20.000
1832.165,20.000
1833.166,20.000
1834.167,20.000
1835.168,20.000
1836.169,20.000
1837.170,20.000
1838.171,20.000
1839.172,20.000
1840.173,20.000
1841.174,20.000
1842.175,20.000
1843.176,20.000
1844.177,20.000
1845.178,20.000
1846.179,20.000
1847.180,20.000
1848.181,20.000
1849.182,20.000
1850.183,20.000
1851.184,20.000
1852.185,20.231
1853.186,20.723
1854.187,21.597
1855.188,22.863
1856.188,24.500
1857.189,26.519
1858.190,28.944
1859.191,31.714
1860.192,34.894
1861.193,38.446
1862.194,42.365
1863.195,46.642
1864.196,51.310
1865.197,56.342
1866.198,61.721
1867.199,67.440
1868.200,73.519
1869.201,79.915
1870.202,86.666
1871.203,93.719
1872.204,101.090
1873.205,108.761
1874.206,116.721
1875.207,124.929
1876.208,133.401
1877.209,142.090
1878.210,151.036
1879.211,160.187
1880.212,169.535
1881.213,179.031
1882.214,188.695
1883.215,198.500
1884.216,208.421
1885.217,218.436
1886.218,228.525
1887.219,238.678
1888.220,248.847
1889.221,259.057
1890.222,269.232
1891.223,279.380
1892.224,289.479
1893.225,299.491
1894.226,309.404
1895.227,319.200
1896.228,328.860
1897.229,338.370
1898.229,347.670
1899.230,356.763
1900.231,365.615
1901.232,374.219
1902.233,382.555
1903.234,390.595
1904.235,398.318
1905.236,405.700
1906.237,412.732
1907.238,419.383
1908.239,425.644
1909.240,431.480
1910.241,436.908
1911.242,441.867
1912.243,446.371
1913.244,450.391
1914.245,453.930
1915.246,456.981
1916.247,459.519
1917.248,461.498
1918.249,462.973
1919.250,463.903
1920.251,464.260
1921.252,464.070
1922.253,463.320
1923.254,462.004
1924.255,460.115
1925.256,457.654
1926.257,454.602
1927.258,451.008
1928.259,446.830
1929.260,442.088
1930.261,436.749
1931.262,430.897
1932.263,424.469
1933.264,417.518
1934.265,410.018
1935.266,402.005
1936.267,393.472
1937.268,384.434
1938.269,374.937
1939.270,364.962
1940.271,354.531
1941.271,343.658
1942.272,332.387
1943.273,320.728
1944.274,308.718
1945.275,296.346
1946.276,283.615
1947.277,270.626
1948.278,257.323
1949.279,243.795
1950.280,230.035
1951.281,216.095
1952.282,201.960
1953.283,187.693
1954.284,173.331
1955.285,158.870
1956.286,144.372
1957.287,129.855
1958.288,115.344
1959.289,100.871
1960.290,86.503
1961.291,72.219
1962.292,58.080
1963.293,44.113
1964.294,30.347
1965.295,20.000
1966.296,20.000
1967.297,20.000
1968.298,20.000
1969.299,20.000
1970.300,20.000
1971.301,20.000
1972.302,20.000
1973.303,20.000
1974.304,20.000
1975.305,20.000
1976.306,20.000
1977.307,20.000
1978.308,20.000
1979.309,20.000
1980.310,20.000
1981.311,20.000
1982.312,20.000
1983.313,20.000
1984.313,20.000
1985.314,20.000
1986.315,20.000
1987.316,20.000
1988.317,20.000
1989.318,20.000
1990.319,20.000
1991.320,20.000
1992.321,20.000
1993.322,20.000
1994.323,20.000
1995.324,20.000
1996.325,20.000
1997.326,20.000
1998.327,20.000
1999.328,20.048
2000.329,20.413
2001.330,21.150
2002.331,22.265
2003.332,23.773
2004.333,25.674
2005.334,27.948
2006.335,30.599
2007.336,33.618
2008.337,37.028
2009.338,40.817
2010.339,44.973
2011.340,49.509
2012.341,54.406
2013.342,59.669
2014.343,65.291
2015.344,71.250
2016.345,77.541
2017.346,84.168
2018.347,91.141
2019.348,98.410
2020.349,105.967
2021.350,113.813
2022.351,121.917
2023.352,130.289
2024.353,138.906
2025.354,147.760
2026.354,156.829
2027.355,166.078
2028.356,175.508
2029.357,185.109
2030.358,194.850
2031.359,204.733
2032.360,214.673
2033.361,224.756
2034.362,234.858
2035.363,245.011
2036.364,255.190
2037.365,265.379
2038.366,275.529
2039.367,285.622
2040.368,295.657
2041.369,305.596
2042.370,315.421
2043.371,325.106
2044.372,334.645
2045.373,344.014
2046.374,353.169
2047.375,362.098
2048.376,370.783
2049.377,379.212
2050.378,387.347
2051.379,395.154
2052.380,402.631
2053.381,409.774
2054.382,416.545
2055.383,422.920
2056.384,428.896
2057.385,434.437
2058.386,439.566
2059.387,444.213
2060.388,448.400
2061.389,452.106
2062.390,455.330
2063.391,458.025
2064.392,460.196
2065.393,461.840
2066.394,462.948
2067.395,463.502
2068.396,463.519
2069.396,462.951
2070.397,461.833
2071.398,460.156
2072.399,457.895
2073.400,455.060
2074.401,451.665
2075.402,447.697
2076.403,443.127
2077.404,438.030
2078.405,432.342
2079.406,426.121
2080.407,419.357
2081.408,412.055
2082.409,404.228
2083.410,395.885
2084.411,387.047
2085.412,377.709
2086.413,367.913
2087.414,357.673
2088.415,346.978
2089.416,335.852
2090.417,324.338
2091.418,312.441
2092.419,300.188
2093.420,287.610
2094.421,274.730
2095.422,261.549
2096.423,248.111
2097.424,234.438
2098.425,220.570
2099.426,206.507
2100.427,192.321
2101.428,177.986
2102.429,163.582
2103.430,149.095
2104.431,134.605
2105.432,120.107
2106.433,105.624
2107.434,91.240
2108.435,76.936
2109.436,62.763
2110.437,48.738
2111.438,34.909
2112.438,21.333
2113.439,20.000
2114.440,20.000
2115.441,20.000
2116.442,20.000
2117.443,20.000
2118.444,20.000
2119.445,20.000
2120.446,20.000
2121.447,20.000
2122.448,20.000
2123.449,20.000
2124.450,20.000
2125.451,20.000
2126.452,20.000
2127.453,20.000
2128.454,20.000
2129.455,20.000
2130.456,20.000
2131.457,20.000
2132.458,20.000
2133.459,20.000
2134.460,20.000
2135.461,20.000
2136.462,20.000
2137.463,20.000
2138.464,20.000
2139.465,20.000
2140.466,20.000
2141.467,20.000
2142.468,20.000
2143.469,20.000
2144.470,20.000
2145.471,20.000
2146.472,20.000
2147.473,20.288
2148.474,20.899
2149.475,21.889
2150.476,23.260
2151.477,25.017
2152.478,27.154
2153.479,29.664
2154.479,32.558
2155.480,35.820
2156.481,39.461
2157.482,43.501
2158.483,47.874
2159.484,52.631
2160.485,57.759
2161.486,63.231
2162.487,69.027
2163.488,75.178
2164.489,81.672
2165.490,88.509
2166.491,95.624
2167.492,103.058
2168.493,110.798
2169.494,118.803
2170.495,127.074
2171.496,135.580
2172.497,144.336
2173.498,153.308
2174.499,162.486
2175.500,171.849
2176.501,181.357
2177.502,191.033
2178.503,200.838
2179.504,210.763
2180.505,220.776
2181.506,230.842
2182.507,240.961
2183.508,251.122
2184.509,261.278
2185.510,271.421
2186.511,281.519
2187.512,291.566
2188.513,301.524
2189.514,311.376
2190.515,321.117
2191.516,330.687
2192.517,340.109
2193.518,349.303
2194.519,358.326
2195.520,367.081
2196.521,375.588
2197.521,383.809
2198.522,391.726
2199.523,399.332
2200.524,406.577
2201.525,413.447
2202.526,419.969
2203.527,426.088
2204.528,431.791
2205.529,437.045
2206.530,441.882
2207.531,446.219
2208.532,450.111
2209.533,453.498
2210.534,456.387
2211.535,458.744
2212.536,460.589
2213.537,461.910
2214.538,462.672
2215.539,462.874
2216.540,462.541
2217.541,461.630
2218.542,460.166
2219.543,458.105
2220.544,455.507
2221.545,452.307
2222.546,448.543
2223.547,444.200
2224.548,439.303
2225.549,433.848
2226.550,427.853
2227.551,421.285
2228.552,414.184
2229.553,406.569
2230.554,398.441
2231.555,389.791
2232.556,380.641
2233.557,371.045
2234.558,360.983
2235.559,350.479
2236.560,339.527
2237.561,328.189
2238.562,316.429
2239.563,304.350
2240.563,291.923
2241.564,279.169
2242.565,266.126
2243.566,252.807
2244.567,239.242
2245.568,225.494
2246.569,211.518
2247.570,197.381
2248.571,183.124
2249.572,168.781
2250.573,154.348
2251.574,139.873
2252.575,125.400
2253.576,110.944
2254.577,96.546
2255.578,82.236
2256.579,68.031
2257.580,53.987
2258.581,40.141
2259.582,26.487
2260.583,20.000
2261.584,20.000
2262.585,20.000
2263.586,20.000
2264.587,20.000
2265.588,20.000
2266.589,20.000
2267.590,20.000
2268.591,20.000
2269.592,20.000
2270.593,20.000
2271.594,20.000
2272.595,20.000
2273.596,20.000
2274.597,20.000
2275.598,20.000
2276.599,20.000
2277.600,20.000
2278.601,20.000
2279.602,20.000
2280.603,20.000
2281.604,20.000
2282.604,20.000
2283.605,20.000
2284.606,20.000
2285.607,20.000
2286.608,20.000
2287.609,20.000
2288.610,20.000
2289.611,20.000
2290.612,20.000
2291.613,20.000
2292.614,20.000
2293.615,20.000
2294.616,20.176
2295.617,20.662
2296.618,21.514
2297.619,22.767
2298.620,24.375
2299.621,26.396
2300.622,28.753
2301.623,31.528
2302.624,34.673
2303.625,38.196
2304.626,42.062
2305.627,46.312
2306.628,50.949
2307.629,55.937
2308.630,61.304
2309.631,67.014
2310.632,73.041
2311.633,79.407
2312.634,86.119
2313.635,93.136
2314.636,100.462
2315.637,108.085
2316.638,115.982
2317.639,124.150
2318.640,132.586
2319.641,141.265
2320.642,150.144
2321.643,159.265
2322.644,168.576
2323.645,178.048
2324.646,187.665
2325.646,197.427
2326.647,207.295
2327.648,217.272
2328.649,227.299
2329.650,237.414
2330.651,247.527
2331.652,257.701
2332.653,267.840
2333.654,277.981
2334.655,288.020
2335.656,297.999
2336.657,307.906
2337.658,317.664
2338.659,327.289
2339.660,336.753
2340.661,346.037
2341.662,355.095
2342.663,363.918
2343.664,372.508
2344.665,380.816
2345.666,388.820
2346.667,396.518
2347.668,403.877
2348.669,410.877
2349.670,417.518
2350.671,423.751
2351.672,429.580
2352.673,434.969
2353.674,439.958
2354.675,444.463
2355.676,448.489
2356.677,452.038
2357.678,455.089
2358.679,457.633
2359.680,459.631
2360.681,461.129
2361.682,462.069
2362.683,462.455
2363.684,462.301
2364.685,461.572
2365.686,460.291
2366.687,458.440
2367.688,455.994
2368.688,453.008
2369.689,449.441
2370.690,445.305
2371.691,440.590
2372.692,435.336
2373.693,429.516
2374.694,423.152
2375.695,416.240
2376.696,408.791
2377.697,400.842
2378.698,392.371
2379.699,383.408
2380.700,373.967
2381.701,364.039
2382.702,353.677
2383.703,342.871
2384.704,331.680
2385.705,320.068
2386.706,308.111
2387.707,295.798
2388.708,283.140
2389.709,270.182
2390.710,256.971
2391.711,243.503
2392.712,229.795
2393.713,215.894
2394.714,201.825
2395.715,187.613
2396.716,173.304
2397.717,158.924
2398.718,144.478
2399.719,130.017
2400.720,115.557
2401.721,101.153
2402.722,86.826
2403.723,72.600
2404.724,58.513
2405.725,44.587
2406.726,30.876
2407.727,20.000
2408.728,20.000
2409.729,20.000
2410.729,20.000
2411.730,20.000
2412.731,20.000
2413.732,20.000
2414.733,20.000
2415.734,20.000
2416.735,20.000
2417.736,20.000
2418.737,20.000
2419.738,20.000
2420.739,20.000
2421.740,20.000
2422.741,20.000
2423.742,20.000
2424.743,20.000
2425.744,20.000
2426.745,20.000
2427.746,20.000
2428.747,20.000
2429.748,20.000
2430.749,20.000
2431.750,20.000
2432.751,20.000
2433.752,20.000
2434.753,20.000
2435.754,20.000
2436.755,20.000
2437.756,20.000
2438.757,20.000
2439.758,20.000
2440.759,20.000
2441.760,20.000
2442.761,20.473
2443.762,21.221
2444.763,22.331
2445.764,23.849
2446.765,25.714
2447.766,27.977
2448.767,30.614
2449.768,33.623
2450.769,37.003
2451.770,40.769
2452.771,44.914
2453.771,49.428
2454.772,54.306
2455.773,59.555
2456.774,65.145
2457.775,71.067
2458.776,77.322
2459.777,83.916
2460.778,90.829
2461.779,98.057
2462.780,105.579
2463.781,113.396
2464.782,121.474
2465.783,129.816
2466.784,138.384
2467.785,147.201
2468.786,156.229
2469.787,165.465
2470.788,174.867
2471.789,184.458
2472.790,194.163
2473.791,203.998
2474.792,213.932
2475.793,223.941
2476.794,234.018
2477.795,244.148
2478.796,254.293
2479.797,264.433
2480.798,274.540
2481.799,284.611
2482.800,294.598
2483.801,304.522
2484.802,314.305
2485.803,323.997
2486.804,333.502
2487.805,342.822
2488.806,351.949
2489.807,360.861
2490.808,369.507
2491.809,377.908
2492.810,386.010
2493.811,393.799
2494.812,401.262
2495.813,408.401
2496.813,415.136
2497.814,421.500
2498.815,427.448
2499.816,432.986
2500.817,438.087
2501.818,442.734
2502.819,446.916
2503.820,450.614
2504.821,453.820
2505.822,456.504
2506.823,458.688
2507.824,460.347
2508.825,461.449
2509.826,462.018
2510.827,462.045
2511.828,461.487
2512.829,460.388
2513.830,458.707
2514.831,456.459
2515.832,453.648
2516.833,450.263
2517.834,446.314
2518.835,441.807
2519.836,436.734
2520.837,431.096
2521.838,424.920
2522.839,418.178
2523.840,410.906
2524.841,403.135
2525.842,394.821
2526.843,386.038
2527.844,376.757
2528.845,367.016
2529.846,356.823
2530.847,346.177
2531.848,335.118
2532.849,323.652
2533.850,311.811
2534.851,299.627
2535.852,287.086
2536.853,274.253
2537.854,261.129
2538.854,247.746
2539.855,234.107
2540.856,220.303
2541.857,206.318
2542.858,192.177
2543.859,177.891
2544.860,163.532
2545.861,149.103
2546.862,134.680
2547.863,120.219
2548.864,105.811
2549.865,91.476
2550.866,77.225
2551.867,63.100
2552.868,49.132
2553.869,35.360
2554.870,21.829
2555.871,20.000
2556.872,20.000
2557.873,20.000
2558.874,20.000
2559.875,20.000
2560.876,20.000
2561.877,20.000
2562.878,20.000
2563.879,20.000
2564.880,20.000
2565.881,20.000
2566.882,20.000
2567.883,20.000
2568.884,20.000
2569.885,20.000
2570.886,20.000
2571.887,20.000
2572.888,20.000
2573.889,20.000
2574.890,20.000
2575.891,20.000
2576.892,20.000
2577.893,20.000
2578.894,20.000
2579.895,20.000
2580.896,20.000
2581.896,20.000
2582.897,20.000
2583.898,20.000
2584.899,20.000
2585.900,20.000
2586.901,20.000
2587.902,20.000
2588.903,20.000
2589.904,20.340
2590.905,20.965
2591.906,21.964
2592.907,23.348
2593.908,25.098
2594.909,27.238
2595.910,29.768
2596.911,32.658
2597.912,35.947
2598.913,39.596
2599.914,43.619
2600.915,48.005
2601.916,52.765
2602.917,57.873
2603.918,63.335
2604.919,69.149
2605.920,75.317
2606.921,81.803
2607.922,88.599
2608.923,95.732
2609.924,103.176
2610.925,110.880
2611.926,118.869
2612.927,127.137
2613.928,135.635
2614.929,144.376
2615.930,153.350
2616.931,162.523
2617.932,171.884
2618.933,181.414
2619.934,191.056
2620.935,200.850
2621.936,210.741
2622.937,220.712
2623.938,230.753
2624.938,240.856
2625.939,250.996
2626.940,261.128
2627.941,271.234
2628.942,281.315
2629.943,291.339
2630.944,301.270
2631.945,311.106
2632.946,320.797
2633.947,330.367
2634.948,339.748
2635.949,348.932
2636.950,357.900
2637.951,366.625
2638.952,375.100
2639.953,383.292
2640.954,391.176
2641.955,398.749
2642.956,405.971
2643.957,412.817
2644.958,419.301
2645.959,425.380
2646.960,431.061
2647.961,436.274
2648.962,441.078
2649.963,445.387
2650.964,449.236
2651.965,452.598
2652.966,455.458
2653.967,457.771
2654.968,459.603
2655.969,460.853
2656.970,461.615
2657.971,461.807
2658.972,461.430
2659.973,460.506
2660.974,459.014
2661.975,456.941
2662.976,454.315
2663.977,451.102
2664.978,447.339
2665.979,443.000
2666.979,438.100
2667.980,432.655
2668.981,426.632
2669.982,420.078
2670.983,412.989
2671.984,405.358
2672.985,397.239
2673.986,388.618
2674.987,379.487
2675.988,369.872
2676.989,359.812
2677.990,349.303
2678.991,338.368
2679.992,327.048
2680.993,315.340
2681.994,303.264
2682.995,290.843
2683.996,278.097
2684.997,265.073
2685.998,251.775
2686.999,238.248
2688.000,224.490
2689.001,210.554
2690.002,196.456
2691.003,182.222
2692.004,167.908
2693.005,153.556
2694.006,139.126
2695.007,124.691
2696.008,110.269
2697.009,95.900
2698.010,81.631
2699.011,67.483
2700.012,53.473
2701.013,39.648
2702.014,26.047
2703.015,20.000
2704.016,20.000
2705.017,20.000
2706.018,20.000
2707.019,20.000
2708.020,20.000
2709.021,20.000
2710.021,20.000
2711.022,20.000
2712.023,20.000
2713.024,20.000
2714.025,20.000
2715.026,20.000
2716.027,20.000
2717.028,20.000
2718.029,20.000
2719.030,20.000
2720.031,20.000
2721.032,20.000
2722.033,20.000
2723.034,20.000
2724.035,20.000
2725.036,20.000
2726.037,20.000
2727.038,20.000
2728.039,20.000
2729.040,20.000
2730.041,20.000
2731.042,20.000
2732.043,20.000
2733.044,20.000
2734.045,20.000
2735.046,20.000
2736.047,20.000
2737.048,20.270
2738.049,20.780
2739.050,21.663
2740.051,22.946
2741.052,24.580
2742.053,26.592
2743.054,29.039
2744.055,31.820
2745.056,34.976
2746.057,38.516
2747.058,42.447
2748.059,46.733
2749.060,51.389
2750.061,56.392
2751.062,61.765
2752.063,67.491
2753.063,73.550
2754.064,79.960
2755.065,86.667
2756.066,93.725
2757.067,101.059
2758.068,108.682
2759.069,116.589
2760.070,124.770
2761.071,133.200
2762.072,141.880
2763.073,150.772
2764.074,159.885
2765.075,169.184
2766.076,178.631
2767.077,188.250
2768.078,198.020
2769.079,207.868
2770.080,217.832
2771.081,227.869
2772.082,237.961
2773.083,248.093
2774.084,258.224
2775.085,268.331
2776.086,278.407
2777.087,288.444
2778.088,298.391
2779.089,308.251
2780.090,317.998
2781.091,327.585
2782.092,337.004
2783.093,346.260
2784.094,355.273
2785.095,364.084
2786.096,372.617
2787.097,380.888
2788.098,388.850
2789.099,396.506
2790.100,403.832
2791.101,410.790
2792.102,417.369
2793.103,423.573
2794.104,429.357
2795.104,434.717
2796.105,439.641
2797.106,444.084
2798.107,448.072
2799.108,451.569
2800.109,454.553
2801.110,457.047
2802.111,459.000
2803.112,460.431
2804.113,461.339
2805.114,461.678
2806.115,461.450
2807.116,460.674
2808.117,459.350
2809.118,457.452
2810.119,454.983
2811.120,451.930
2812.121,448.340
2813.122,444.158
2814.123,439.432
2815.124,434.121
2816.125,428.256
2817.126,421.881
2818.127,414.936
2819.128,407.460
2820.129,399.490
2821.130,390.993
2822.131,381.994
2823.132,372.547
2824.133,362.608
2825.134,352.239
2826.135,341.441
2827.136,330.232
2828.137,318.611
2829.138,306.647
2830.139,294.330
2831.140,281.679
2832.141,268.719
2833.142,255.538
2834.143,242.076
2835.144,228.395
2836.145,214.516
2837.146,200.449
2838.146,186.264
2839.147,171.985
2840.148,157.616
2841.149,143.198
2842.150,128.771
2843.151,114.344
2844.152,99.969
2845.153,85.661
2846.154,71.467
2847.155,57.453
2848.156,43.581
2849.157,29.915
2850.158,20.000
2851.159,20.000
2852.160,20.000
2853.161,20.000
2854.162,20.000
2855.163,20.000
2856.164,20.000
2857.165,20.000
2858.166,20.000
2859.167,20.000
2860.168,20.000
2861.169,20.000
2862.170,20.000
2863.171,20.000
2864.172,20.000
2865.173,20.000
2866.174,20.000
2867.175,20.000
2868.176,20.000
2869.177,20.000
2870.178,20.000
2871.179,20.000
2872.180,20.000
2873.181,20.000
2874.182,20.000
2875.183,20.000
2876.184,20.000
2877.185,20.000
2878.186,20.000
2879.187,20.000
2880.188,20.000
2881.188,20.000
2882.189,20.000
2883.190,20.000
2884.191,20.140
2885.192,20.524
2886.193,21.331
2887.194,22.490
2888.195,24.012
2889.196,25.951
2890.197,28.245
2891.198,30.914
2892.199,33.993
2893.200,37.394
2894.201,41.213
2895.202,45.404
2896.203,49.939
2897.204,54.837
2898.205,60.124
2899.206,65.748
2900.207,71.707
2901.208,78.023
2902.209,84.655
2903.210,91.617
2904.211,98.869
2905.212,106.423
2906.213,114.237
2907.214,122.356
2908.215,130.735
2909.216,139.347
2910.217,148.190
2911.218,157.233
2912.219,166.461
2913.220,175.878
2914.221,185.452
2915.222,195.149
2916.223,204.974
2917.224,214.901
2918.225,224.923
2919.226,234.990
2920.227,245.106
2921.228,255.235
2922.229,265.361
2923.229,275.466
2924.230,285.517
2925.231,295.487
2926.232,305.370
2927.233,315.170
2928.234,324.793
2929.235,334.274
2930.236,343.557
2931.237,352.654
2932.238,361.507
2933.239,370.126
2934.240,378.462
2935.241,386.525
2936.242,394.278
2937.243,401.693
2938.244,408.753
2939.245,415.450
2940.246,421.782
2941.247,427.682
2942.248,433.174
2943.249,438.221
2944.250,442.797
2945.251,446.936
2946.252,450.572
2947.253,453.717
2948.254,456.336
2949.255,458.457
2950.256,460.061
2951.257,461.100
2952.258,461.601
2953.259,461.566
2954.260,460.949
2955.261,459.785
2956.262,458.048
2957.263,455.740
2958.264,452.855
2959.265,449.414
2960.266,445.402
2961.267,440.816
2962.268,435.680
2963.269,429.986
2964.270,423.756
2965.271,416.965
2966.271,409.639
2967.272,401.795
2968.273,393.443
2969.274,384.611
2970.275,375.281
2971.276,365.484
2972.277,355.223
2973.278,344.577
2974.279,333.494
2975.280,321.991
2976.281,310.124
2977.282,297.903
2978.283,285.359
2979.284,272.511
2980.285,259.375
2981.286,245.998
2982.287,232.367
2983.288,218.551
2984.289,204.552
2985.290,190.412
2986.291,176.146
2987.292,161.824
2988.293,147.403
2989.294,132.976
2990.295,118.538
2991.296,104.162
2992.297,89.828
2993.298,75.607
2994.299,61.520
2995.300,47.593
2996.301,33.880
2997.302,20.381
2998.303,20.000
2999.304,20.000
3000.305,20.000
3001.306,20.000
3002.307,20.000
3003.308,20.000
3004.309,20.000
3005.310,20.000
3006.311,20.000
3007.312,20.000
3008.313,20.000
3009.313,20.000
3010.314,20.000
3011.315,20.000
3012.316,20.000
3013.317,20.000
3014.318,20.000
3015.319,20.000
3016.320,20.000
3017.321,20.000
3018.322,20.000
3019.323,20.000
3020.324,20.000
3021.325,20.000
3022.326,20.000
3023.327,20.000
3024.328,20.000
3025.329,20.000
3026.330,20.000
3027.331,20.000
3028.332,20.000
3029.333,20.000
3030.334,20.000
3031.335,20.000
3032.336,20.409
3033.337,21.074
3034.338,22.111
3035.339,23.529
3036.340,25.346
3037.341,27.536
3038.342,30.088
3039.343,33.035
3040.344,36.346
3041.345,40.048
3042.346,44.089
3043.347,48.544
3044.348,53.330
3045.349,58.489
3046.350,64.020
3047.351,69.850
3048.352,76.063
3049.353,82.575
3050.354,89.419
3051.354,96.582
3052.355,104.035
3053.356,111.778
3054.357,119.807
3055.358,128.086
3056.359,136.627
3057.360,145.382
3058.361,154.358
3059.362,163.536
3060.363,172.893
3061.364,182.414
3062.365,192.079
3063.366,201.873
3064.367,211.768
3065.368,221.730
3066.369,231.804
3067.370,241.880
3068.371,251.998
3069.372,262.127
3070.373,272.233
3071.374,282.289
3072.375,292.307
3073.376,302.236
3074.377,312.033
3075.378,321.721
3076.379,331.242
3077.380,340.598
3078.381,349.742
3079.382,358.680
3080.383,367.369
3081.384,375.811
3082.385,383.951
3083.386,391.805
3084.387,399.317
3085.388,406.488
3086.389,413.302
3087.390,419.731
3088.391,425.768
3089.392,431.391
3090.393,436.570
3091.394,441.301
3092.395,445.574
3093.396,449.355
3094.396,452.666
3095.397,455.455
3096.398,457.735
3097.399,459.491
3098.400,460.729
3099.401,461.387
3100.402,461.512
3101.403,461.080
3102.404,460.089
3103.405,458.529
3104.406,456.386
3105.407,453.696
3106.408,450.426
3107.409,446.592
3108.410,442.204
3109.411,437.231
3110.412,431.717
3111.413,425.635
3112.414,419.025
3113.415,411.880
3114.416,404.218
3115.417,396.020
3116.418,387.337
3117.419,378.151
3118.420,368.504
3119.421,358.406
3120.422,347.853
3121.423,336.880
3122.424,325.515
3123.425,313.762
3124.426,301.648
3125.427,289.217
3126.428,276.457
3127.429,263.405
3128.430,250.098
3129.431,236.536
3130.432,222.770
3131.433,208.837
3132.434,194.748
3133.435,180.542
3134.436,166.216
3135.437,151.832
3136.438,137.407
3137.438,122.981
3138.439,108.560
3139.440,94.245
3140.441,79.997
3141.442,65.878
3142.443,51.906
3143.444,38.091
3144.445,24.531
3145.446,20.000
3146.447,20.000
3147.448,20.000
3148.449,20.000
3149.450,20.000
3150.451,20.000
3151.452,20.000
3152.453,20.000
3153.454,20.000
3154.455,20.000
3155.456,20.000
3156.457,20.000
3157.458,20.000
3158.459,20.000
3159.460,20.000
3160.461,20.000
3161.462,20.000
3162.463,20.000
3163.464,20.000
3164.465,20.000
3165.466,20.000
3166.467,20.000
3167.468,20.000
3168.469,20.000
3169.470,20.000
3170.471,20.000
3171.472,20.000
3172.473,20.000
3173.474,20.000
3174.475,20.000
3175.476,20.000
3176.477,20.000
3177.478,20.000
3178.479,20.000
3179.479,20.183
3180.480,20.747
3181.481,21.653
3182.482,22.985
3183.483,24.661
3184.484,26.741
3185.485,29.207
3186.486,32.013
3187.487,35.224
3188.488,38.779
3189.489,42.747
3190.490,47.053
3191.491,51.745
3192.492,56.774
3193.493,62.195
3194.494,67.947
3195.495,74.046
3196.496,80.462
3197.497,87.213
3198.498,94.278
3199.499,101.674
3200.500,109.325
3201.501,117.298
3202.502,125.496
3203.503,133.971
3204.504,142.665
3205.505,151.573
3206.506,160.691
3207.507,170.004
3208.508,179.484
3209.509,189.118
3210.510,198.880
3211.511,208.755
3212.512,218.711
3213.513,228.741
3214.514,238.843
3215.515,248.955
3216.516,259.079
3217.517,269.201
3218.518,279.279
3219.519,289.315
3220.520,299.271
3221.521,309.124
3222.521,318.836
3223.522,328.432
3224.523,337.838
3225.524,347.068
3226.525,356.067
3227.526,364.836
3228.527,373.347
3229.528,381.590
3230.529,389.525
3231.530,397.150
3232.531,404.432
3233.532,411.365
3234.533,417.913
3235.534,424.060
3236.535,429.807
3237.536,435.133
3238.537,440.002
3239.538,444.400
3240.539,448.341
3241.540,451.786
3242.541,454.743
3243.542,457.172
3244.543,459.090
3245.544,460.458
3246.545,461.297
3247.546,461.586
3248.547,461.315
3249.548,460.478
3250.549,459.100
3251.550,457.137
3252.551,454.600
3253.552,451.506
3254.553,447.849
3255.554,443.615
3256.555,438.816
3257.556,433.464
3258.557,427.543
3259.558,421.090
3260.559,414.121
3261.560,406.592
3262.561,398.542
3263.562,390.003
3264.563,380.953
3265.563,371.453
3266.564,361.451
3267.565,351.052
3268.566,340.205
3269.567,328.947
3270.568,317.306
3271.569,305.290
3272.570,292.942
3273.571,280.275
3274.572,267.309
3275.573,254.053
3276.574,240.567
3277.575,226.872
3278.576,212.969
3279.577,198.906
3280.578,184.709
3281.579,170.411
3282.580,156.042
3283.581,141.633
3284.582,127.193
3285.583,112.773
3286.584,98.407
3287.585,84.105
3288.586,69.944
3289.587,55.925
3290.588,42.085
3291.589,28.445
3292.590,20.000
3293.591,20.000
3294.592,20.000
3295.593,20.000
3296.594,20.000
3297.595,20.000
3298.596,20.000
3299.597,20.000
3300.598,20.000
3301.599,20.000
3302.600,20.000
3303.601,20.000
3304.602,20.000
3305.603,20.000
3306.604,20.000
3307.604,20.000
3308.605,20.000
3309.606,20.000
3310.607,20.000
3311.608,20.000
3312.609,20.000
3313.610,20.000
3314.611,20.000
3315.612,20.000
3316.613,20.000
3317.614,20.000
3318.615,20.000
3319.616,20.000
3320.617,20.000
3321.618,20.000
3322.619,20.000
3323.620,20.000
3324.621,20.000
3325.622,20.000
3326.623,20.147
3327.624,20.600
3328.625,21.398
3329.626,22.586
3330.627,24.161
3331.628,26.123
3332.629,28.437
3333.630,31.169
3334.631,34.229
3335.632,37.697
3336.633,41.545
3337.634,45.732
3338.635,50.309
3339.636,55.246
3340.637,60.543
3341.638,66.213
3342.639,72.227
3343.640,78.536
3344.641,85.209
3345.642,92.200
3346.643,99.467
3347.644,107.050
3348.645,114.920
3349.646,123.047
3350.646,131.444
3351.647,140.064
3352.648,148.906
3353.649,157.963
3354.650,167.215
3355.651,176.601
3356.652,186.208
3357.653,195.931
3358.654,205.781
3359.655,215.727
3360.656,225.748
3361.657,235.823
3362.658,245.934
3363.659,256.054
3364.660,266.181
3365.661,276.281
3366.662,286.306
3367.663,296.281
3368.664,306.157
3369.665,315.923
3370.666,325.549
3371.667,334.998
3372.668,344.268
3373.669,353.335
3374.670,362.176
3375.671,370.759
3376.672,379.094
3377.673,387.133
3378.674,394.852
3379.675,402.229
3380.676,409.267
3381.677,415.939
3382.678,422.202
3383.679,428.074
3384.680,433.522
3385.681,438.525
3386.682,443.092
3387.683,447.166
3388.684,450.764
3389.685,453.876
3390.686,456.459
3391.687,458.517
3392.688,460.061
3393.688,461.070
3394.689,461.527
3395.690,461.424
3396.691,460.758
3397.692,459.539
3398.693,457.764
3399.694,455.398
3400.695,452.473
3401.696,448.976
3402.697,444.900
3403.698,440.270
3404.699,435.090
3405.700,429.342
3406.701,423.052
3407.702,416.221
3408.703,408.864
3409.704,400.990
3410.705,392.582
3411.706,383.684
3412.707,374.311
3413.708,364.466
3414.709,354.171
3415.710,343.452
3416.711,332.335
3417.712,320.793
3418.713,308.885
3419.714,296.635
3420.715,284.057
3421.716,271.158
3422.717,258.005
3423.718,244.579
3424.719,230.931
3425.720,217.079
3426.721,203.067
3427.722,188.915
3428.723,174.645
3429.724,160.295
3430.725,145.899
3431.726,131.479
3432.727,117.043
3433.728,102.676
3434.729,88.371
3435.729,74.172
3436.730,60.106
3437.731,46.199
3438.732,32.496
3439.733,20.000
3440.734,20.000
3441.735,20.000
3442.736,20.000
3443.737,20.000
3444.738,20.000
3445.739,20.000
3446.740,20.000
3447.741,20.000
3448.742,20.000
3449.743,20.000
3450.744,20.000
3451.745,20.000
3452.746,20.000
3453.747,20.000
3454.748,20.000
3455.749,20.000
3456.750,20.000
3457.751,20.000
3458.752,20.000
3459.753,20.000
3460.754,20.000
3461.755,20.000
3462.756,20.000
3463.757,20.000
3464.758,20.000
3465.759,20.000
3466.760,20.000
3467.761,20.000
3468.762,20.000
3469.763,20.000
3470.764,20.000
3471.765,20.000
3472.766,20.000
3473.767,20.000
3474.768,20.447
3475.769,21.152
3476.770,22.208
3477.771,23.673
3478.771,25.513
3479.772,27.714
3480.773,30.314
3481.774,33.295
3482.775,36.646
3483.776,40.391
3484.777,44.479
3485.778,48.959
3486.779,53.751
3487.780,58.963
3488.781,64.512
3489.782,70.407
3490.783,76.642
3491.784,83.231
3492.785,90.095
3493.786,97.271
3494.787,104.746
3495.788,112.519
3496.789,120.582
3497.790,128.883
3498.791,137.425
3499.792,146.193
3500.793,155.191
3501.794,164.399
3502.795,173.755
3503.796,183.301
3504.797,192.999
3505.798,202.806
3506.799,212.730
3507.800,222.726
3508.801,232.776
3509.802,242.873
3510.803,253.013
3511.804,263.119
3512.805,273.230
3513.806,283.275
3514.807,293.266
3515.808,303.161
3516.809,312.957
3517.810,322.632
3518.811,332.132
3519.812,341.474
3520.813,350.602
3521.813,359.504
3522.814,368.193
3523.815,376.594
3524.816,384.723
3525.817,392.555
3526.818,400.038
3527.819,407.184
3528.820,413.970
3529.821,420.348
3530.822,426.356
3531.823,431.924
3532.824,437.072
3533.825,441.779
3534.826,445.994
3535.827,449.748
3536.828,453.008
3537.829,455.748
3538.830,457.955
3539.831,459.666
3540.832,460.826
3541.833,461.440
3542.834,461.512
3543.835,461.029
3544.836,459.981
3545.837,458.345
3546.838,456.174
3547.839,453.414
3548.840,450.086
3549.841,446.205
3550.842,441.750
3551.843,436.736
3552.844,431.153
3553.845,425.007
3554.846,418.340
3555.847,411.141
3556.848,403.406
3557.849,395.177
3558.850,386.416
3559.851,377.197
3560.852,367.490
3561.853,357.340
3562.854,346.753
3563.854,335.746
3564.855,324.320
3565.856,312.532
3566.857,300.391
3567.858,287.890
3568.859,275.100
3569.860,262.010
3570.861,248.671
3571.862,235.087
3572.863,221.302
3573.864,207.333
3574.865,193.225
3575.866,178.979
3576.867,164.642
3577.868,150.260
3578.869,135.830
3579.870,121.399
3580.871,107.014
3581.872,92.655
3582.873,78.425
3583.874,64.303
3584.875,50.337
3585.876,36.562
3586.877,23.015
3587.878,20.000
3588.879,20.000
3589.880,20.000
3590.881,20.000
3591.882,20.000
3592.883,20.000
3593.884,20.000
3594.885,20.000
3595.886,20.000
3596.887,20.000
3597.888,20.000
3598.889,20.000
3599.890,20.000
3600.891,20.000
3601.892,20.000
3602.893,20.000
3603.894,20.000
3604.895,20.000
3605.896,20.000
3606.896,20.000
3607.897,20.000
3608.898,20.000
3609.899,20.000
3610.900,20.000
3611.901,20.000
3612.902,20.000
3613.903,20.000
3614.904,20.000
3615.905,20.000
3616.906,20.000
3617.907,20.000
3618.908,20.000
3619.909,20.000
3620.910,20.000
3621.911,20.265
3622.912,20.852
3623.913,21.817
3624.914,23.147
3625.915,24.854
3626.916,26.949
3627.917,29.420
3628.918,32.288
3629.919,35.527
3630.920,39.154
3631.921,43.130
3632.922,47.483
3633.923,52.198
3634.924,57.246
3635.925,62.672
3636.926,68.464
3637.927,74.590
3638.928,81.036
3639.929,87.810
3640.930,94.881
3641.931,102.259
3642.932,109.927
3643.933,117.878
3644.934,126.102
3645.935,134.576
3646.936,143.292
3647.937,152.245
3648.938,161.383
3649.938,170.716
3650.939,180.193
3651.940,189.835
3652.941,199.591
3653.942,209.487
3654.943,219.461
3655.944,229.491
3656.945,239.588
3657.946,249.694
3658.947,259.824
3659.948,269.928
3660.949,279.995
3661.950,290.001
3662.951,299.932
3663.952,309.759
3664.953,319.469
3665.954,329.044
3666.955,338.450
3667.956,347.644
3668.957,356.626
3669.958,365.385
3670.959,373.906
3671.960,382.125
3672.961,390.027
3673.962,397.629
3674.963,404.896
3675.964,411.800
3676.965,418.312
3677.966,424.449
3678.967,430.168
3679.968,435.455
3680.969,440.291
3681.970,444.667
3682.971,448.580
3683.972,451.982
3684.973,454.879
3685.974,457.276
3686.975,459.144
3687.976,460.496
3688.977,461.284
3689.978,461.538
3690.979,461.237
3691.979,460.369
3692.980,458.932
3693.981,456.937
3694.982,454.369
3695.983,451.215
3696.984,447.514
3697.985,443.230
3698.986,438.406
3699.987,433.000
3700.988,427.055
3701.989,420.561
3702.990,413.540
3703.991,405.970
3704.992,397.895
3705.993,389.309
3706.994,380.228
3707.995,370.698
3708.996,360.699
3709.997,350.249
3710.998,339.373
3711.999,328.095
3713.000,316.424
3714.001,304.390
3715.002,292.021
3716.003,279.325
3717.004,266.336
3718.005,253.097
3719.006,239.583
3720.007,225.857
3721.008,211.958
3722.009,197.898
3723.010,183.683
3724.011,169.374
3725.012,154.997
3726.013,140.563
3727.014,126.142
3728.015,111.713
3729.016,97.363
3730.017,83.077
3731.018,68.912
3732.019,54.891
3733.020,41.060
3734.021,27.441
3735.021,20.000
3736.022,20.000
3737.023,20.000
3738.024,20.000
3739.025,20.000
3740.026,20.000
3741.027,20.000
3742.028,20.000
3743.029,20.000
3744.030,20.000
3745.031,20.000
3746.032,20.000
3747.033,20.000
3748.034,20.000
3749.035,20.000
3750.036,20.000
3751.037,20.000
3752.038,20.000
3753.039,20.000
3754.040,20.000
3755.041,20.000
3756.042,20.000
3757.043,20.000
3758.044,20.000
3759.045,20.000
3760.046,20.000
3761.047,20.000
3762.048,20.000
3763.049,20.000
3764.050,20.000
3765.051,20.000
3766.052,20.000
3767.053,20.000
3768.054,20.000
3769.055,20.118
3770.056,20.571
3771.057,21.419
3772.058,22.645
3773.059,24.212
3774.060,26.211
3775.061,28.553
3776.062,31.295
3777.063,34.398
3778.063,37.877
3779.064,41.761
3780.065,45.986
3781.066,50.575
3782.067,55.510
3783.068,60.826
3784.069,66.479
3785.070,72.478
3786.071,78.819
3787.072,85.469
3788.073,92.451
3789.074,99.730
3790.075,107.302
3791.076,115.158
3792.077,123.291
3793.078,131.691
3794.079,140.324
3795.080,149.202
3796.081,158.276
3797.082,167.550
3798.083,176.974
3799.084,186.552
3800.085,196.282
3801.086,206.133
3802.087,216.096
3803.088,226.096
3804.089,236.187
3805.090,246.289
3806.091,256.423
3807.092,266.544
3808.093,276.635
3809.094,286.660
3810.095,296.640
3811.096,306.516
3812.097,316.280
3813.098,325.890
3814.099,335.324
3815.100,344.610
3816.101,353.671
3817.102,362.510
3818.103,371.087
3819.104,379.408
3820.104,387.434
3821.105,395.144
3822.106,402.539
3823.107,409.554
3824.108,416.203
3825.109,422.472
3826.110,428.324
3827.111,433.766
3828.112,438.743
3829.113,443.284
3830.114,447.338
3831.115,450.897
3832.116,453.975
3833.117,456.539
3834.118,458.602
3835.119,460.109
3836.120,461.091
3837.121,461.504
3838.122,461.395
3839.123,460.711
3840.124,459.473
3841.125,457.662
3842.126,455.280
3843.127,452.340
3844.128,448.808
3845.129,444.732
3846.130,440.080
3847.131,434.871
3848.132,429.105
3849.133,422.785
3850.134,415.940
3851.135,408.553
3852.136,400.645
3853.137,392.227
3854.138,383.322
3855.139,373.937
3856.140,364.085
3857.141,353.770
3858.142,343.045
3859.143,331.871
3860.144,320.351
3861.145,308.443
3862.146,296.167
3863.146,283.581
3864.147,270.699
3865.148,257.531
3866.149,244.100
3867.150,230.458
3868.151,216.625
3869.152,202.596
3870.153,188.441
3871.154,174.165
3872.155,159.804
3873.156,145.382
3874.157,130.945
3875.158,116.528
3876.159,102.147
3877.160,87.846
3878.161,73.620
3879.162,59.544
3880.163,45.649
3881.164,31.950
3882.165,20.000
3883.166,20.000
3884.167,20.000
3885.168,20.000
3886.169,20.000
3887.170,20.000
3888.171,20.000
3889.172,20.000
3890.173,20.000
3891.174,20.000
3892.175,20.000
3893.176,20.000
3894.177,20.000
3895.178,20.000
3896.179,20.000
3897.180,20.000
3898.181,20.000
3899.182,20.000
3900.183,20.000
3901.184,20.000
3902.185,20.000
3903.186,20.000
3904.187,20.000
3905.188,20.000
3906.188,20.000
3907.189,20.000
3908.190,20.000
3909.191,20.000
3910.192,20.000
3911.193,20.000
3912.194,20.000
3913.195,20.000
3914.196,20.000
3915.197,20.000
3916.198,20.032
3917.199,20.360
3918.200,21.076
3919.201,22.184
3920.202,23.644
3921.203,25.498
3922.204,27.717
3923.205,30.327
3924.206,33.308
3925.207,36.667
3926.208,40.412
3927.209,44.521
3928.210,49.019
3929.211,53.824
3930.212,59.008
3931.213,64.543
3932.214,70.452
3933.215,76.677
3934.216,83.221
3935.217,90.098
3936.218,97.275
3937.219,104.786
3938.220,112.551
3939.221,120.591
3940.222,128.904
3941.223,137.459
3942.224,146.267
3943.225,155.250
3944.226,164.469
3945.227,173.854
3946.228,183.392
3947.229,193.069
3948.229,202.875
3949.230,212.799
3950.231,222.780
3951.232,232.836
3952.233,242.942
3953.234,253.070
3954.235,263.196
3955.236,273.306
3956.237,283.350
3957.238,293.362
3958.239,303.267
3959.240,313.059
3960.241,322.719
3961.242,332.244
3962.243,341.560
3963.244,350.691
3964.245,359.614
3965.246,368.276
3966.247,376.672
3967.248,384.810
3968.249,392.618
3969.250,400.108
3970.251,407.252
3971.252,414.016
3972.253,420.426
3973.254,426.422
3974.255,431.973
3975.256,437.096
3976.257,441.777
3977.258,445.981
3978.259,449.728
3979.260,452.957
3980.261,455.704
3981.262,457.917
3982.263,459.592
3983.264,460.742
3984.265,461.363
3985.266,461.424
3986.267,460.938
3987.268,459.870
3988.269,458.244
3989.270,456.047
3990.271,453.279
3991.271,449.946
3992.272,446.045
3993.273,441.582
3994.274,436.558
3995.275,430.980
3996.276,424.855
3997.277,418.162
3998.278,410.965
3999.279,403.224
4000.280,394.971
4001.281,386.230
4002.282,376.999
4003.283,367.293
4004.284,357.137
4005.285,346.541
4006.286,335.523
4007.287,324.124
4008.288,312.336
4009.289,300.174
4010.290,287.687
4011.291,274.914
4012.292,261.835
4013.293,248.494
4014.294,234.910
4015.295,221.138
4016.296,207.177
4017.297,193.064
4018.298,178.824
4019.299,164.503
4020.300,150.102
4021.301,135.670
4022.302,121.239
4023.303,106.853
4024.304,92.518
4025.305,78.272
4026.306,64.160
4027.307,50.212
4028.308,36.451
4029.309,22.902
4030.310,20.000
4031.311,20.000
4032.312,20.000
4033.313,20.000
4034.313,20.000
4035.314,20.000
4036.315,20.000
4037.316,20.000
4038.317,20.000
4039.318,20.000
4040.319,20.000
4041.320,20.000
4042.321,20.000
4043.322,20.000
4044.323,20.000
4045.324,20.000
4046.325,20.000
4047.326,20.000
4048.327,20.000
4049.328,20.000
4050.329,20.000
4051.330,20.000
4052.331,20.000
4053.332,20.000
4054.333,20.000
4055.334,20.000
4056.335,20.000
4057.336,20.000
4058.337,20.000
4059.338,20.000
4060.339,20.000
4061.340,20.000
4062.341,20.000
4063.342,20.000
4064.343,20.321
4065.344,20.916
4066.345,21.901
4067.346,23.233
4068.347,24.949
4069.348,27.069
4070.349,29.546
4071.350,32.400
4072.351,35.631
4073.352,39.260
4074.353,43.245
4075.354,47.614
4076.354,52.331
4077.355,57.414
4078.356,62.832
4079.357,68.605
4080.358,74.733
4081.359,81.184
4082.360,87.963
4083.361,95.064
4084.362,102.449
4085.363,110.134
4086.364,118.087
4087.365,126.314
4088.366,134.805
4089.367,143.509
4090.368,152.436
4091.369,161.578
4092.370,170.905
4093.371,180.391
4094.372,190.020
4095.373,199.783
4096.374,209.668
4097.375,219.627
4098.376,229.649
4099.377,239.742
4100.378,249.854
4101.379,259.993
4102.380,270.108
4103.381,280.189
4104.382,290.197
4105.383,300.117
4106.384,309.947
4107.385,319.660
4108.386,329.212
4109.387,338.587
4110.388,347.774
4111.389,356.749
4112.390,365.496
4113.391,373.982
4114.392,382.182
4115.393,390.084
4116.394,397.677
4117.395,404.916
4118.396,411.813
4119.396,418.311
4120.397,424.422
4121.398,430.114
4122.399,435.369
4123.400,440.191
4124.401,444.527
4125.402,448.422
4126.403,451.801
4127.404,454.680
4128.405,457.068
4129.406,458.926
4130.407,460.258
4131.408,461.012
4132.409,461.255
4133.410,460.937
4134.411,460.047
4135.412,458.609
4136.413,456.571
4137.414,453.987
4138.415,450.836
4139.416,447.124
4140.417,442.847
4141.418,437.987
4142.419,432.596
4143.420,426.629
4144.421,420.123
4145.422,413.090
4146.423,405.518
4147.424,397.427
4148.425,388.859
4149.426,379.795
4150.427,370.248
4151.428,360.221
4152.429,349.768
4153.430,338.894
4154.431,327.615
4155.432,315.946
4156.433,303.921
4157.434,291.526
4158.435,278.850
4159.436,265.835
4160.437,252.614
4161.438,239.112
4162.438,225.399
4163.439,211.510
4164.440,197.452
4165.441,183.264
4166.442,168.965
4167.443,154.607
4168.444,140.210
4169.445,125.784
4170.446,111.379
4171.447,97.054
4172.448,82.786
4173.449,68.651
4174.450,54.661
4175.451,40.838
4176.452,27.249
4177.453,20.000
4178.454,20.000
4179.455,20.000
4180.456,20.000
4181.457,20.000
4182.458,20.000
4183.459,20.000
4184.460,20.000
4185.461,20.000
4186.462,20.000
4187.463,20.000
4188.464,20.000
4189.465,20.000
4190.466,20.000
4191.467,20.000
4192.468,20.000
4193.469,20.000
4194.470,20.000
4195.471,20.000
4196.472,20.000
4197.473,20.000
4198.474,20.000
4199.475,20.000
4200.476,20.000
4201.477,20.000
4202.478,20.000
4203.479,20.000
4204.479,20.000
4205.480,20.000
4206.481,20.000
4207.482,20.000
4208.483,20.000
4209.484,20.000
4210.485,20.000
4211.486,20.214
4212.487,20.692
4213.488,21.579
4214.489,22.812
4215.490,24.424
4216.491,26.428
4217.492,28.798
4218.493,31.561
4219.494,34.690
4220.495,38.201
4221.496,42.088
4222.497,46.341
4223.498,50.970
4224.499,55.931
4225.500,61.273
4226.501,66.942
4227.502,72.981
4228.503,79.333
4229.504,86.024
4230.505,93.036
4231.506,100.368
4232.507,107.965
4233.508,115.837
4234.509,123.987
4235.510,132.404
4236.511,141.039
4237.512,149.907
4238.513,158.988
4239.514,168.258
4240.515,177.705
4241.516,187.297
4242.517,197.021
4243.518,206.866
4244.519,216.800
4245.520,226.819
4246.521,236.898
4247.521,247.010
4248.522,257.139
4249.523,267.258
4250.524,277.336
4251.525,287.372
4252.526,297.335
4253.527,307.197
4254.528,316.917
4255.529,326.507
4256.530,335.945
4257.531,345.202
4258.532,354.216
4259.533,363.026
4260.534,371.588
4261.535,379.868
4262.536,387.866
4263.537,395.536
4264.538,402.875
4265.539,409.865
4266.540,416.480
4267.541,422.681
4268.542,428.496
4269.543,433.875
4270.544,438.805
4271.545,443.295
4272.546,447.287
4273.547,450.824
4274.548,453.861
4275.549,456.383
4276.550,458.382
4277.551,459.845
4278.552,460.774
4279.553,461.172
4280.554,460.998
4281.555,460.269
4282.556,458.975
4283.557,457.121
4284.558,454.695
4285.559,451.705
4286.560,448.149
4287.561,444.014
4288.562,439.316
4289.563,434.093
4290.563,428.281
4291.564,421.932
4292.565,415.029
4293.566,407.631
4294.567,399.693
4295.568,391.242
4296.569,382.311
4297.570,372.891
4298.571,363.025
4299.572,352.690
4300.573,341.932
4301.574,330.766
4302.575,319.201
4303.576,307.275
4304.577,294.993
4305.578,282.382
4306.579,269.487
4307.580,256.315
4308.581,242.884
4309.582,229.226
4310.583,215.371
4311.584,201.364
4312.585,187.216
4313.586,172.954
4314.587,158.606
4315.588,144.202
4316.589,129.794
4317.590,115.396
4318.591,101.047
4319.592,86.767
4320.593,72.592
4321.594,58.553
4322.595,44.701
4323.596,31.037
4324.597,20.000
4325.598,20.000
4326.599,20.000
4327.600,20.000
4328.601,20.000
4329.602,20.000
4330.603,20.000
4331.604,20.000
4332.604,20.000
4333.605,20.000
4334.606,20.000
4335.607,20.000
4336.608,20.000
4337.609,20.000
4338.610,20.000
4339.611,20.000
4340.612,20.000
4341.613,20.000
4342.614,20.000
4343.615,20.000
4344.616,20.000
4345.617,20.000
4346.618,20.000
4347.619,20.000
4348.620,20.000
4349.621,20.000
4350.622,20.000
4351.623,20.000
4352.624,20.000
4353.625,20.000
4354.626,20.000
4355.627,20.000
4356.628,20.000
4357.629,20.000
4358.630,20.126
4359.631,20.514
4360.632,21.287
4361.633,22.409
4362.634,23.937
4363.635,25.831
4364.636,28.112
4365.637,30.767
4366.638,33.778
4367.639,37.185
4368.640,40.970
4369.641,45.128
4370.642,49.653
4371.643,54.549
4372.644,59.790
4373.645,65.378
4374.646,71.305
4375.646,77.601
4376.647,84.200
4377.648,91.131
4378.649,98.386
4379.650,105.901
4380.651,113.699
4381.652,121.801
4382.653,130.141
4383.654,138.706
4384.655,147.520
4385.656,156.544
4386.657,165.757
4387.658,175.152
4388.659,184.725
4389.660,194.418
4390.661,204.229
4391.662,214.142
4392.663,224.146
4393.664,234.202
4394.665,244.291
4395.666,254.439
4396.667,264.548
4397.668,274.650
4398.669,284.715
4399.670,294.678
4400.671,304.567
4401.672,314.342
4402.673,323.984
4403.674,333.470
4404.675,342.760
4405.676,351.833
4406.677,360.719
4407.678,369.338
4408.679,377.697
4409.680,385.748
4410.681,393.510
4411.682,400.945
4412.683,408.017
4413.684,414.717
4414.685,421.051
4415.686,426.963
4416.687,432.457
4417.688,437.518
4418.688,442.127
4419.689,446.262
4420.690,449.922
4421.691,453.098
4422.692,455.729
4423.693,457.875
4424.694,459.488
4425.695,460.576
4426.696,461.080
4427.697,461.076
4428.698,460.488
4429.699,459.365
4430.700,457.649
4431.701,455.363
4432.702,452.532
4433.703,449.118
4434.704,445.148
4435.705,440.609
4436.706,435.514
4437.707,429.863
4438.708,423.629
4439.709,416.891
4440.710,409.609
4441.711,401.833
4442.712,393.520
4443.713,384.719
4444.714,375.415
4445.715,365.678
4446.716,355.473
4447.717,344.812
4448.718,333.751
4449.719,322.302
4450.720,310.468
4451.721,298.280
4452.722,285.770
4453.723,272.959
4454.724,259.840
4455.725,246.457
4456.726,232.867
4457.727,219.074
4458.728,205.103
4459.729,190.983
4460.729,176.736
4461.730,162.418
4462.731,148.027
4463.732,133.620
4464.733,119.226
4465.734,104.857
4466.735,90.546
4467.736,76.350
4468.737,62.270
4469.738,48.362
4470.739,34.631
4471.740,21.149
4472.741,20.000
4473.742,20.000
4474.743,20.000
4475.744,20.000
4476.745,20.000
4477.746,20.000
4478.747,20.000
4479.748,20.000
4480.749,20.000
4481.750,20.000
4482.751,20.000
4483.752,20.000
4484.753,20.000
4485.754,20.000
4486.755,20.000
4487.756,20.000
4488.757,20.000
4489.758,20.000
4490.759,20.000
4491.760,20.000
4492.761,20.000
4493.762,20.000
4494.763,20.000
4495.764,20.000
4496.765,20.000
4497.766,20.000
4498.767,20.000
4499.768,20.000
4500.769,20.000
4501.770,20.000
4502.771,20.000
4503.771,20.000
4504.772,20.000
4505.773,20.000
4506.774,20.401
4507.775,21.059
4508.776,22.098
4509.777,23.522
4510.778,25.330
4511.779,27.493
4512.780,30.046
4513.781,32.976
4514.782,36.290
4515.783,39.964
4516.784,44.009
4517.785,48.459
4518.786,53.237
4519.787,58.398
4520.788,63.900
4521.789,69.743
4522.790,75.933
4523.791,82.469
4524.792,89.323
4525.793,96.470
4526.794,103.929
4527.795,111.653
4528.796,119.678
4529.797,127.940
4530.798,136.457
4531.799,145.216
4532.800,154.149
4533.801,163.344
4534.802,172.702
4535.803,182.213
4536.804,191.874
4537.805,201.643
4538.806,211.540
4539.807,221.524
4540.808,231.566
4541.809,241.648
4542.810,251.780
4543.811,261.910
4544.812,271.994
4545.813,282.061
4546.813,292.068
4547.814,301.973
4548.815,311.773
4549.816,321.459
4550.817,330.955
4551.818,340.310
4552.819,349.454
4553.820,358.376
4554.821,367.068
4555.822,375.491
4556.823,383.643
4557.824,391.475
4558.825,398.992
4559.826,406.140
4560.827,412.963
4561.828,419.387
4562.829,425.406
4563.830,430.998
4564.831,436.178
4565.832,440.897
4566.833,445.174
4567.834,448.961
4568.835,452.240
4569.836,455.026
4570.837,457.307
4571.838,459.053
4572.839,460.270
4573.840,460.936
4574.841,461.057
4575.842,460.642
4576.843,459.646
4577.844,458.077
4578.845,455.955
4579.846,453.272
4580.847,450.008
4581.848,446.158
4582.849,441.785
4583.850,436.830
4584.851,431.318
4585.852,425.258
4586.853,418.654
4587.854,411.525
4588.854,403.854
4589.855,395.684
4590.856,387.008
4591.857,377.850
4592.858,368.219
4593.859,358.123
4594.860,347.598
4595.861,336.650
4596.862,325.282
4597.863,313.564
4598.864,301.470
4599.865,289.037
4600.866,276.296
4601.867,263.264
4602.868,249.962
4603.869,236.418
4604.870,222.669
4605.871,208.732
4606.872,194.671
4607.873,180.454
4608.874,166.156
4609.875,151.787
4610.876,137.384
4611.877,122.981
4612.878,108.629
4613.879,94.286
4614.880,80.061
4615.881,65.934
4616.882,52.008
4617.883,38.218
4618.884,24.678
4619.885,20.000
4620.886,20.000
4621.887,20.000
4622.888,20.000
4623.889,20.000
4624.890,20.000
4625.891,20.000
4626.892,20.000
4627.893,20.000
4628.894,20.000
4629.895,20.000
4630.896,20.000
4631.896,20.000
4632.897,20.000
4633.898,20.000
4634.899,20.000
4635.900,20.000
4636.901,20.000
4637.902,20.000
4638.903,20.000
4639.904,20.000
4640.905,20.000
4641.906,20.000
4642.907,20.000
4643.908,20.000
4644.909,20.000
4645.910,20.000
4646.911,20.000
4647.912,20.000
4648.913,20.000
4649.914,20.000
4650.915,20.000
4651.916,20.000
4652.917,20.000
4653.918,20.241
4654.919,20.816
4655.920,21.778
4656.921,23.104
4657.922,24.807
4658.923,26.866
4659.924,29.322
4660.925,32.167
4661.926,35.375
4662.927,38.970
4663.928,42.920
4664.929,47.265
4665.930,51.976
4666.931,57.041
4667.932,62.445
4668.933,68.208
4669.934,74.311
4670.935,80.773
4671.936,87.536
4672.937,94.602
4673.938,101.990
4674.938,109.662
4675.939,117.606
4676.940,125.812
4677.941,134.256
4678.942,142.960
4679.943,151.876
4680.944,160.990
4681.945,170.306
4682.946,179.795
4683.947,189.409
4684.948,199.170
4685.949,209.038
4686.950,219.001
4687.951,229.022
4688.952,239.112
4689.953,249.227
4690.954,259.343
4691.955,269.456
4692.956,279.540
4693.957,289.552
4694.958,299.493
4695.959,309.325
4696.960,319.043
4697.961,328.590
4698.962,337.993
4699.963,347.191
4700.964,356.179
4701.965,364.943
4702.966,373.428
4703.967,381.645
4704.968,389.566
4705.969,397.158
4706.970,404.402
4707.971,411.319
4708.972,417.844
4709.973,423.969
4710.974,429.672
4711.975,434.953
4712.976,439.801
4713.977,444.182
4714.978,448.084
4715.979,451.500
4716.979,454.429
4717.980,456.820
4718.981,458.706
4719.982,460.067
4720.983,460.867
4721.984,461.144
4722.985,460.843
4723.986,459.986
4724.987,458.586
4725.988,456.592
4726.989,454.047
4727.990,450.926
4728.991,447.235
4729.992,442.980
4730.993,438.168
4731.994,432.781
4732.995,426.879
4733.996,420.402
4734.997,413.391
4735.998,405.862
4736.999,397.828
4738.000,389.280
4739.001,380.239
4740.002,370.717
4741.003,360.737
4742.004,350.328
4743.005,339.476
4744.006,328.234
4745.007,316.578
4746.008,304.573
4747.009,292.229
4748.010,279.552
4749.011,266.581
4750.012,253.340
4751.013,239.871
4752.014,226.164
4753.015,212.270
4754.016,198.218
4755.017,184.055
4756.018,169.755
4757.019,155.410
4758.020,141.010
4759.021,126.599
4760.021,112.219
4761.022,97.858
4762.023,83.603
4763.024,69.455
4764.025,55.459
4765.026,41.646
4766.027,28.032
4767.028,20.000
4768.029,20.000
4769.030,20.000
4770.031,20.000
4771.032,20.000
4772.033,20.000
4773.034,20.000
4774.035,20.000
4775.036,20.000
4776.037,20.000
4777.038,20.000
4778.039,20.000
4779.040,20.000
4780.041,20.000
4781.042,20.000
4782.043,20.000
4783.044,20.000
4784.045,20.000
4785.046,20.000
4786.047,20.000
4787.048,20.000
4788.049,20.000
4789.050,20.000
4790.051,20.000
4791.052,20.000
4792.053,20.000
4793.054,20.000
4794.055,20.000
4795.056,20.000
4796.057,20.000
4797.058,20.000
4798.059,20.000
4799.060,20.000
4800.061,20.000
4801.062,20.156
4802.063,20.610
4803.063,21.462
4804.064,22.700
4805.065,24.299
4806.066,26.292
4807.067,28.656
4808.068,31.381
4809.069,34.497
4810.070,38.001
4811.071,41.848
4812.072,46.110
4813.073,50.731
4814.074,55.702
4815.075,61.018
4816.076,66.689
4817.077,72.713
4818.078,79.068
4819.079,85.757
4820.080,92.755
4821.081,100.068
4822.082,107.646
4823.083,115.535
4824.084,123.681
4825.085,132.079
4826.086,140.713
4827.087,149.566
4828.088,158.650
4829.089,167.912
4830.090,177.352
4831.091,186.951
4832.092,196.668
4833.093,206.499
4834.094,216.469
4835.095,226.476
4836.096,236.541
4837.097,246.654
4838.098,256.781
4839.099,266.908
4840.100,276.986
4841.101,287.041
4842.102,297.000
4843.103,306.858
4844.104,316.607
4845.104,326.197
4846.105,335.628
4847.106,344.890
4848.107,353.929
4849.108,362.752
4850.109,371.317
4851.110,379.617
4852.111,387.608
4853.112,395.288
4854.113,402.630
4855.114,409.623
4856.115,416.239
4857.116,422.469
4858.117,428.300
4859.118,433.680
4860.119,438.653
4861.120,443.149
4862.121,447.161
4863.122,450.701
4864.123,453.757
4865.124,456.291
4866.125,458.320
4867.126,459.810
4868.127,460.763
4869.128,461.158
4870.129,461.000
4871.130,460.289
4872.131,459.016
4873.132,457.182
4874.133,454.761
4875.134,451.797
4876.135,448.250
4877.136,444.145
4878.137,439.475
4879.138,434.235
4880.139,428.458
4881.140,422.111
4882.141,415.244
4883.142,407.850
4884.143,399.930
4885.144,391.508
4886.145,382.604
4887.146,373.182
4888.146,363.344
4889.147,353.034
4890.148,342.281
4891.149,331.123
4892.150,319.589
4893.151,307.666
4894.152,295.408
4895.153,282.809
4896.154,269.914
4897.155,256.743
4898.156,243.336
4899.157,229.664
4900.158,215.825
4901.159,201.809
4902.160,187.670
4903.161,173.412
4904.162,159.056
4905.163,144.666
4906.164,130.250
4907.165,115.867
4908.166,101.500
4909.167,87.202
4910.168,73.023
4911.169,58.992
4912.170,45.115
4913.171,31.446
4914.172,20.000
4915.173,20.000
4916.174,20.000
4917.175,20.000
4918.176,20.000
4919.177,20.000
4920.178,20.000
4921.179,20.000
4922.180,20.000
4923.181,20.000
4924.182,20.000
4925.183,20.000
4926.184,20.000
4927.185,20.000
4928.186,20.000
4929.187,20.000
4930.188,20.000
4931.188,20.000
4932.189,20.000
4933.190,20.000
4934.191,20.000
4935.192,20.000
4936.193,20.000
4937.194,20.000
4938.195,20.000
4939.196,20.000
4940.197,20.000
4941.198,20.000
4942.199,20.000
4943.200,20.000
4944.201,20.000
4945.202,20.000
4946.203,20.000
4947.204,20.000
4948.205,20.052
4949.206,20.424
4950.207,21.189
4951.208,22.324
4952.209,23.837
4953.210,25.725
4954.211,27.968
4955.212,30.620
4956.213,33.657
4957.214,37.041
4958.215,40.814
4959.216,44.969
4960.217,49.488
4961.218,54.378
4962.219,59.610
4963.220,65.185
4964.221,71.135
4965.222,77.393
4966.223,84.000
4967.224,90.926
4968.225,98.166
4969.226,105.698
4970.227,113.487
4971.228,121.558
4972.229,129.899
4973.229,138.469
4974.230,147.284
4975.231,156.310
4976.232,165.536
4977.233,174.926
4978.234,184.491
4979.235,194.184
4980.236,204.005
4981.237,213.928
4982.238,223.917
4983.239,233.985
4984.240,244.073
4985.241,254.211
4986.242,264.343
4987.243,274.431
4988.244,284.500
4989.245,294.478
4990.246,304.381
4991.247,314.154
4992.248,323.787
4993.249,333.271
4994.250,342.581
4995.251,351.672
4996.252,360.558
4997.253,369.188
4998.254,377.564
4999.255,385.627
5000.256,393.391
5001.257,400.822
5002.258,407.918
5003.259,414.620
5004.260,420.966
5005.261,426.895
5006.262,432.388
5007.263,437.462
5008.264,442.071
5009.265,446.224
5010.266,449.899
5011.267,453.057
5012.268,455.739
5013.269,457.881
5014.270,459.506
5015.271,460.600
5016.271,461.144
5017.272,461.132
5018.273,460.559
5019.274,459.435
5020.275,457.740
5021.276,455.477
5022.277,452.632
5023.278,449.242
5024.279,445.279
5025.280,440.750
5026.281,435.652
5027.282,430.003
5028.283,423.820
5029.284,417.090
5030.285,409.808
5031.286,402.033
5032.287,393.709
5033.288,384.936
5034.289,375.650
5035.290,365.905
5036.291,355.713
5037.292,345.070
5038.293,334.012
5039.294,322.563
5040.295,310.737
5041.296,298.553
5042.297,286.053
5043.298,273.221
5044.299,260.114
5045.300,246.743
5046.301,233.144
5047.302,219.349
5048.303,205.360
5049.304,191.253
5050.305,177.016
5051.306,162.682
5052.307,148.307
5053.308,133.884
5054.309,119.486
5055.310,105.126
5056.311,90.793
5057.312,76.579
5058.313,62.498
5059.313,48.590
5060.314,34.846
5061.315,21.351
5062.316,20.000
5063.317,20.000
5064.318,20.000
5065.319,20.000
5066.320,20.000
5067.321,20.000
5068.322,20.000
5069.323,20.000
5070.324,20.000
5071.325,20.000
5072.326,20.000
5073.327,20.000
5074.328,20.000
5075.329,20.000
5076.330,20.000
5077.331,20.000
5078.332,20.000
5079.333,20.000
5080.334,20.000
5081.335,20.000
5082.336,20.000
5083.337,20.000
5084.338,20.000
5085.339,20.000
5086.340,20.000
5087.341,20.000
5088.342,20.000
5089.343,20.000
5090.344,20.000
5091.345,20.000
5092.346,20.000
5093.347,20.000
5094.348,20.000
5095.349,20.000
5096.350,20.407
5097.351,21.042
5098.352,22.087
5099.353,23.513
5100.354,25.299
5101.354,27.461
5102.355,30.002
5103.356,32.930
5104.357,36.232
5105.358,39.890
5106.359,43.932
5107.360,48.355
5108.361,53.171
5109.362,58.313
5110.363,63.795
5111.364,69.635
5112.365,75.820
5113.366,82.328
5114.367,89.169
5115.368,96.317
5116.369,103.770
5117.370,111.491
5118.371,119.494
5119.372,127.757
5120.373,136.260
5121.374,145.016
5122.375,153.990
5123.376,163.158
5124.377,172.506
5125.378,182.030
5126.379,191.671
5127.380,201.452
5128.381,211.333
5129.382,221.319
5130.383,231.359
5131.384,241.454
5132.385,251.572
5133.386,261.696
5134.387,271.791
5135.388,281.850
5136.389,291.852
5137.390,301.771
5138.391,311.574
5139.392,321.247
5140.393,330.775
5141.394,340.117
5142.395,349.279
5143.396,358.210
5144.396,366.904
5145.397,375.322
5146.398,383.461
5147.399,391.319
5148.400,398.844
5149.401,405.998
5150.402,412.824
5151.403,419.259
5152.404,425.283
5153.405,430.901
5154.406,436.083
5155.407,440.799
5156.408,445.070
5157.409,448.874
5158.410,452.176
5159.411,454.968
5160.412,457.252
5161.413,459.016
5162.414,460.250
5163.415,460.922
5164.416,461.063
5165.417,460.647
5166.418,459.658
5167.419,458.100
5168.420,455.981
5169.421,453.295
5170.422,450.072
5171.423,446.236
5172.424,441.850
5173.425,436.912
5174.426,431.408
5175.427,425.357
5176.428,418.751
5177.429,411.629
5178.430,403.992
5179.431,395.818
5180.432,387.174
5181.433,378.017
5182.434,368.395
5183.435,358.332
5184.436,347.810
5185.437,336.848
5186.438,325.503
5187.438,313.775
5188.439,301.690
5189.440,289.283
5190.441,276.538
5191.442,263.506
5192.443,250.221
5193.444,236.670
5194.445,222.927
5195.446,209.001
5196.447,194.939
5197.448,180.726
5198.449,166.427
5199.450,152.075
5200.451,137.660
5201.452,123.261
5202.453,108.897
5203.454,94.569
5204.455,80.325
5205.456,66.206
5206.457,52.248
5207.458,38.484
5208.459,24.910
5209.460,20.000
5210.461,20.000
5211.462,20.000
5212.463,20.000
5213.464,20.000
5214.465,20.000
5215.466,20.000
5216.467,20.000
5217.468,20.000
5218.469,20.000
5219.470,20.000
5220.471,20.000
5221.472,20.000
5222.473,20.000
5223.474,20.000
5224.475,20.000
5225.476,20.000
5226.477,20.000
5227.478,20.000
5228.479,20.000
5229.479,20.000
5230.480,20.000
5231.481,20.000
5232.482,20.000
5233.483,20.000
5234.484,20.000
5235.485,20.000
5236.486,20.000
5237.487,20.000
5238.488,20.000
5239.489,20.000
5240.490,20.000
5241.491,20.000
5242.492,20.000
5243.493,20.185
5244.494,20.741
5245.495,21.693
5246.496,23.006
5247.497,24.703
5248.498,26.778
5249.499,29.230
5250.500,32.055
5251.501,35.256
5252.502,38.844
5253.503,42.795
5254.504,47.136
5255.505,51.852
5256.506,56.914
5257.507,62.323
5258.508,68.087
5259.509,74.187
5260.510,80.625
5261.511,87.373
5262.512,94.461
5263.513,101.847
5264.514,109.512
5265.515,117.449
5266.516,125.657
5267.517,134.106
5268.518,142.811
5269.519,151.731
5270.520,160.869
5271.521,170.179
5272.521,179.674
5273.522,189.284
5274.523,199.047
5275.524,208.914
5276.525,218.880
5277.526,228.917
5278.527,239.011
5279.528,249.122
5280.529,259.256
5281.530,269.373
5282.531,279.451
5283.532,289.463
5284.533,299.434
5285.534,309.259
5286.535,318.986
5287.536,328.541
5288.537,337.936
5289.538,347.145
5290.539,356.145
5291.540,364.900
5292.541,373.404
5293.542,381.627
5294.543,389.545
5295.544,397.148
5296.545,404.426
5297.546,411.328
5298.547,417.871
5299.548,423.981
5300.549,429.716
5301.550,434.998
5302.551,439.846
5303.552,444.234
5304.553,448.143
5305.554,451.577
5306.555,454.498
5307.556,456.903
5308.557,458.787
5309.558,460.154
5310.559,460.980
5311.560,461.238
5312.561,460.966
5313.562,460.100
5314.563,458.696
5315.563,456.715
5316.564,454.174
5317.565,451.051
5318.566,447.377
5319.567,443.116
5320.568,438.320
5321.569,432.938
5322.570,427.037
5323.571,420.553
5324.572,413.562
5325.573,406.022
5326.574,397.982
5327.575,389.426
5328.576,380.408
5329.577,370.885
5330.578,360.891
5331.579,350.493
5332.580,339.637
5333.581,328.386
5334.582,316.740
5335.583,304.730
5336.584,292.393
5337.585,279.711
5338.586,266.737
5339.587,253.499
5340.588,240.006
5341.589,226.296
5342.590,212.396
5343.591,198.367
5344.592,184.179
5345.593,169.899
5346.594,155.529
5347.595,141.131
5348.596,126.702
5349.597,112.324
5350.598,97.970
5351.599,83.690
5352.600,69.539
5353.601,55.531
5354.602,41.710
5355.603,28.087
5356.604,20.000
5357.604,20.000
5358.605,20.000
5359.606,20.000
5360.607,20.000
5361.608,20.000
5362.609,20.000
5363.610,20.000
5364.611,20.000
5365.612,20.000
5366.613,20.000
5367.614,20.000
5368.615,20.000
5369.616,20.000
5370.617,20.000
5371.618,20.000
5372.619,20.000
5373.620,20.000
5374.621,20.000
5375.622,20.000
5376.623,20.000
5377.624,20.000
5378.625,20.000
5379.626,20.000
5380.627,20.000
5381.628,20.000
5382.629,20.000
5383.630,20.000
5384.631,20.000
5385.632,20.000
5386.633,20.000
5387.634,20.000
5388.635,20.000
5389.636,20.000
5390.637,20.193
5391.638,20.646
5392.639,21.503
5393.640,22.725
5394.641,24.322
5395.642,26.306
5396.643,28.657
5397.644,31.390
5398.645,34.491
5399.646,37.985
5400.646,41.816
5401.647,46.065
5402.648,50.682
5403.649,55.650
5404.650,60.960
5405.651,66.625
5406.652,72.636
5407.653,78.988
5408.654,85.665
5409.655,92.660
5410.656,99.966
5411.657,107.549
5412.658,115.406
5413.659,123.545
5414.660,131.951
5415.661,140.571
5416.662,149.432
5417.663,158.510
5418.664,167.770
5419.665,177.203
5420.666,186.804
5421.667,196.509
5422.668,206.336
5423.669,216.286
5424.670,226.309
5425.671,236.357
5426.672,246.464
5427.673,256.592
5428.674,266.717
5429.675,276.800
5430.676,286.839
5431.677,296.782
5432.678,306.660
5433.679,316.414
5434.680,326.021
5435.681,335.446
5436.682,344.696
5437.683,353.742
5438.684,362.559
5439.685,371.123
5440.686,379.419
5441.687,387.417
5442.688,395.112
5443.688,402.452
5444.689,409.457
5445.690,416.074
5446.691,422.318
5447.692,428.143
5448.693,433.537
5449.694,438.504
5450.695,443.013
5451.696,447.041
5452.697,450.588
5453.698,453.644
5454.699,456.191
5455.700,458.210
5456.701,459.707
5457.702,460.669
5458.703,461.076
5459.704,460.946
5460.705,460.238
5461.706,458.971
5462.707,457.135
5463.708,454.745
5464.709,451.766
5465.710,448.259
5466.711,444.151
5467.712,439.487
5468.713,434.267
5469.714,428.488
5470.715,422.164
5471.716,415.295
5472.717,407.912
5473.718,400.018
5474.719,391.617
5475.720,382.690
5476.721,373.313
5477.722,363.456
5478.723,353.162
5479.724,342.420
5480.725,331.299
5481.726,319.756
5482.727,307.837
5483.728,295.600
5484.729,282.992
5485.729,270.121
5486.730,256.932
5487.731,243.529
5488.732,229.886
5489.733,216.046
5490.734,202.054
5491.735,187.905
5492.736,173.653
5493.737,159.316
5494.738,144.943
5495.739,130.523
5496.740,116.141
5497.741,101.765
5498.742,87.481
5499.743,73.313
5500.744,59.266
5501.745,45.406
5502.746,31.714
5503.747,20.000
5504.748,20.000
5505.749,20.000
5506.750,20.000
5507.751,20.000
5508.752,20.000
5509.753,20.000
5510.754,20.000
5511.755,20.000
5512.756,20.000
5513.757,20.000
5514.758,20.000
5515.759,20.000
5516.760,20.000
5517.761,20.000
5518.762,20.000
5519.763,20.000
5520.764,20.000
5521.765,20.000
5522.766,20.000
5523.767,20.000
5524.768,20.000
5525.769,20.000
5526.770,20.000
5527.771,20.000
5528.771,20.000
5529.772,20.000
5530.773,20.000
5531.774,20.000
5532.775,20.000
5533.776,20.000
5534.777,20.000
5535.778,20.000
5536.779,20.000
5537.780,20.056
5538.781,20.415
5539.782,21.148
5540.783,22.292
5541.784,23.802
5542.785,25.690
5543.786,27.940
5544.787,30.585
5545.788,33.604
5546.789,37.009
5547.790,40.756
5548.791,44.902
5549.792,49.435
5550.793,54.328
5551.794,59.552
5552.795,65.137
5553.796,71.075
5554.797,77.336
5555.798,83.954
5556.799,90.864
5557.800,98.097
5558.801,105.634
5559.802,113.437
5560.803,121.507
5561.804,129.837
5562.805,138.403
5563.806,147.228
5564.807,156.264
5565.808,165.479
5566.809,174.876
5567.810,184.437
5568.811,194.121
5569.812,203.956
5570.813,213.868
5571.813,223.872
5572.814,233.929
5573.815,244.039
5574.816,254.169
5575.817,264.294
5576.818,274.408
5577.819,284.459
5578.820,294.438
5579.821,304.326
5580.822,314.106
5581.823,323.758
5582.824,333.236
5583.825,342.553
5584.826,351.645
5585.827,360.520
5586.828,369.165
5587.829,377.516
5588.830,385.601
5589.831,393.369
5590.832,400.795
5591.833,407.908
5592.834,414.612
5593.835,420.945
5594.836,426.889
5595.837,432.394
5596.838,437.452
5597.839,442.090
5598.840,446.238
5599.841,449.922
5600.842,453.088
5601.843,455.748
5602.844,457.902
5603.845,459.533
5604.846,460.630
5605.847,461.170
5606.848,461.178
5607.849,460.608
5608.850,459.463
5609.851,457.770
5610.852,455.516
5611.853,452.692
5612.854,449.289
5613.854,445.317
5614.855,440.797
5615.856,435.721
5616.857,430.064
5617.858,423.883
5618.859,417.141
5619.860,409.869
5620.861,402.088
5621.862,393.793
5622.863,384.988
5623.864,375.727
5624.865,365.969
5625.866,355.774
5626.867,345.145
5627.868,334.094
5628.869,322.632
5629.870,310.807
5630.871,298.621
5631.872,286.123
5632.873,273.303
5633.874,260.188
5634.875,246.807
5635.876,233.224
5636.877,219.427
5637.878,205.447
5638.879,191.331
5639.880,177.087
5640.881,162.761
5641.882,148.365
5642.883,133.953
5643.884,119.553
5644.885,105.183
5645.886,90.855
5646.887,76.648
5647.888,62.568
5648.889,48.649
5649.890,34.914
5650.891,21.394
5651.892,20.000
5652.893,20.000
5653.894,20.000
5654.895,20.000
5655.896,20.000
5656.896,20.000
5657.897,20.000
5658.898,20.000
5659.899,20.000
5660.900,20.000
5661.901,20.000
5662.902,20.000
5663.903,20.000
5664.904,20.000
5665.905,20.000
5666.906,20.000
5667.907,20.000
5668.908,20.000
5669.909,20.000
5670.910,20.000
5671.911,20.000
5672.912,20.000
5673.913,20.000
5674.914,20.000
5675.915,20.000
5676.916,20.000
5677.917,20.000
5678.918,20.000
5679.919,20.000
5680.920,20.000
5681.921,20.000
5682.922,20.000
5683.923,20.000
5684.924,20.000
5685.925,20.363
5686.926,21.009
5687.927,22.049
5688.928,23.461
5689.929,25.252
5690.930,27.406
5691.931,29.955
5692.932,32.878
5693.933,36.167
5694.934,39.825
5695.935,43.865
5696.936,48.300
5697.937,53.077
5698.938,58.226
5699.938,63.727
5700.939,69.562
5701.940,75.736
5702.941,82.256
5703.942,89.090
5704.943,96.254
5705.944,103.691
5706.945,111.424
5707.946,119.404
5708.947,127.671
5709.948,136.191
5710.949,144.945
5711.950,153.911
5712.951,163.092
5713.952,172.431
5714.953,181.942
5715.954,191.621
5716.955,201.377
5717.956,211.275
5718.957,221.249
5719.958,231.306
5720.959,241.387
5721.960,251.500
5722.961,261.634
5723.962,271.724
5724.963,281.789
5725.964,291.791
5726.965,301.703
5727.966,311.505
5728.967,321.191
5729.968,330.719
5730.969,340.079
5731.970,349.205
5732.971,358.157
5733.972,366.850
5734.973,375.279
5735.974,383.437
5736.975,391.277
5737.976,398.798
5738.977,405.981
5739.978,412.805
5740.979,419.227
5741.979,425.255
5742.980,430.892
5743.981,436.076
5744.982,440.800
5745.983,445.087
5746.984,448.875
5747.985,452.191
5748.986,454.976
5749.987,457.280
5750.988,459.051
5751.989,460.266
5752.990,460.956
5753.991,461.098
5754.992,460.678
5755.993,459.699
5756.994,458.144
5757.995,456.039
5758.996,453.360
5759.997,450.113
5760.998,446.286
5761.999,441.910
5763.000,436.967
5764.001,431.471
5765.002,425.433
5766.003,418.837
5767.004,411.729
5768.005,404.066
5769.006,395.912
5770.007,387.253
5771.008,378.094
5772.009,368.480
5773.010,358.404
5774.011,347.895
5775.012,336.946
5776.013,325.614
5777.014,313.875
5778.015,301.785
5779.016,289.380
5780.017,276.649
5781.018,263.600
5782.019,250.307
5783.020,236.776
5784.021,223.048
5785.021,209.112
5786.022,195.054
5787.023,180.846
5788.024,166.535
5789.025,152.188
5790.026,137.783
5791.027,123.388
5792.028,108.987
5793.029,94.671
5794.030,80.427
5795.031,66.317
5796.032,52.357
5797.033,38.586
5798.034,25.017
5799.035,20.000
5800.036,20.000
5801.037,20.000
5802.038,20.000
5803.039,20.000
5804.040,20.000
5805.041,20.000
5806.042,20.000
5807.043,20.000
5808.044,20.000
5809.045,20.000
5810.046,20.000
5811.047,20.000
5812.048,20.000
5813.049,20.000
5814.050,20.000
5815.051,20.000
5816.052,20.000
5817.053,20.000
5818.054,20.000
5819.055,20.000
5820.056,20.000
5821.057,20.000
5822.058,20.000
5823.059,20.000
5824.060,20.000
5825.061,20.000
5826.062,20.000
5827.063,20.000
5828.063,20.000
5829.064,20.000
5830.065,20.000
5831.066,20.000
5832.067,20.000
5833.068,20.303
5834.069,20.835
5835.070,21.780
5836.071,23.083
5837.072,24.791
5838.073,26.870
5839.074,29.310
5840.075,32.147
5841.076,35.349
5842.077,38.909
5843.078,42.860
5844.079,47.192
5845.080,51.903
5846.081,56.952
5847.082,62.360
5848.083,68.102
5849.084,74.202
5850.085,80.636
5851.086,87.391
5852.087,94.464
5853.088,101.850
5854.089,109.507
5855.090,117.440
5856.091,125.636
5857.092,134.091
5858.093,142.785
5859.094,151.687
5860.095,160.819
5861.096,170.125
5862.097,179.601
5863.098,189.213
5864.099,198.960
5865.100,208.840
5866.101,218.794
5867.102,228.826
5868.103,238.893
5869.104,249.016
5870.104,259.131
5871.105,269.264
5872.106,279.328
5873.107,289.347
5874.108,299.280
5875.109,309.117
5876.110,318.824
5877.111,328.393
5878.112,337.778
5879.113,346.986
5880.114,355.992
5881.115,364.734
5882.116,373.233
5883.117,381.446
5884.118,389.379
5885.119,396.969
5886.120,404.240
5887.121,411.136
5888.122,417.666
5889.123,423.804
5890.124,429.531
5891.125,434.809
5892.126,439.660
5893.127,444.049
5894.128,447.961
5895.129,451.395
5896.130,454.305
5897.131,456.721
5898.132,458.626
5899.133,459.986
5900.134,460.808
5901.135,461.082
5902.136,460.809
5903.137,459.944
5904.138,458.547
5905.139,456.560
5906.140,454.029
5907.141,450.925
5908.142,447.246
5909.143,443.010
5910.144,438.204
5911.145,432.855
5912.146,426.918
5913.146,420.476
5914.147,413.479
5915.148,405.959
5916.149,397.934
5917.150,389.392
5918.151,380.354
5919.152,370.850
5920.153,360.879
5921.154,350.481
5922.155,339.668
5923.156,328.398
5924.157,316.763
5925.158,304.775
5926.159,292.427
5927.160,279.774
5928.161,266.811
5929.162,253.566
5930.163,240.100
5931.164,226.407
5932.165,212.532
5933.166,198.506
5934.167,184.324
5935.168,170.049
5936.169,155.707
5937.170,141.309
5938.171,126.906
5939.172,112.510
5940.173,98.174
5941.174,83.920
5942.175,69.766
5943.176,55.765
5944.177,41.940
5945.178,28.324
5946.179,20.000
5947.180,20.000
5948.181,20.000
5949.182,20.000
5950.183,20.000
5951.184,20.000
5952.185,20.000
5953.186,20.000
5954.187,20.000
5955.188,20.000
5956.188,20.000
5957.189,20.000
5958.190,20.000
5959.191,20.000
5960.192,20.000
5961.193,20.000
5962.194,20.000
5963.195,20.000
5964.196,20.000
5965.197,20.000
5966.198,20.000
5967.199,20.000
5968.200,20.000
5969.201,20.000
5970.202,20.000
5971.203,20.000
5972.204,20.000
5973.205,20.000
5974.206,20.000
5975.207,20.000
5976.208,20.000
5977.209,20.000
5978.210,20.000
5979.211,20.000
5980.212,20.133
5981.213,20.587
5982.214,21.436
5983.215,22.647
5984.216,24.267
5985.217,26.260
5986.218,28.616
5987.219,31.361
5988.220,34.453
5989.221,37.944
5990.222,41.790
5991.223,46.040
5992.224,50.662
5993.225,55.635
5994.226,60.946
5995.227,66.626
5996.228,72.664
5997.229,79.000
5998.229,85.685
5999.230,92.689
6000.231,100.008
6001.232,107.592
6002.233,115.466
6003.234,123.600
6004.235,131.997
6005.236,140.640
6006.237,149.496
6007.238,158.582
6008.239,167.855
6009.240,177.286
6010.241,186.888
6011.242,196.601
6012.243,206.449
6013.244,216.393
6014.245,226.410
6015.246,236.467
6016.247,246.578
6017.248,256.720
6018.249,266.843
6019.250,276.931
6020.251,286.968
6021.252,296.926
6022.253,306.799
6023.254,316.546
6024.255,326.162
6025.256,335.594
6026.257,344.838
6027.258,353.895
6028.259,362.701
6029.260,371.287
6030.261,379.570
6031.262,387.569
6032.263,395.242
6033.264,402.603
6034.265,409.611
6035.266,416.217
6036.267,422.459
6037.268,428.285
6038.269,433.680
6039.270,438.643
6040.271,443.141
6041.271,447.172
6042.272,450.713
6043.273,453.759
6044.274,456.301
6045.275,458.324
6046.276,459.812
6047.277,460.770
6048.278,461.176
6049.279,461.038
6050.280,460.320
6051.281,459.053
6052.282,457.209
6053.283,454.804
6054.284,451.824
6055.285,448.289
6056.286,444.178
6057.287,439.510
6058.288,434.291
6059.289,428.498
6060.290,422.158
6061.291,415.303
6062.292,407.896
6063.293,399.982
6064.294,391.563
6065.295,382.647
6066.296,373.253
6067.297,363.376
6068.298,353.078
6069.299,342.345
6070.300,331.191
6071.301,319.647
6072.302,307.725
6073.303,295.462
6074.304,282.883
6075.305,269.986
6076.306,256.797
6077.307,243.379
6078.308,229.733
6079.309,215.904
6080.310,201.882
6081.311,187.745
6082.312,173.478
6083.313,159.143
6084.313,144.758
6085.314,130.334
6086.315,115.927
6087.316,101.574
6088.317,87.285
6089.318,73.112
6090.319,59.049
6091.320,45.166
6092.321,31.494
6093.322,20.000
6094.323,20.000
6095.324,20.000
6096.325,20.000
6097.326,20.000
6098.327,20.000
6099.328,20.000
6100.329,20.000
6101.330,20.000
6102.331,20.000
6103.332,20.000
6104.333,20.000
6105.334,20.000
6106.335,20.000
6107.336,20.000
6108.337,20.000
6109.338,20.000
6110.339,20.000
6111.340,20.000
6112.341,20.000
6113.342,20.000
6114.343,20.000
6115.344,20.000
6116.345,20.000
6117.346,20.000
6118.347,20.000
6119.348,20.000
6120.349,20.000
6121.350,20.000
6122.351,20.000
6123.352,20.000
6124.353,20.000
6125.354,20.000
6126.354,20.000
6127.355,20.071
6128.356,20.435
6129.357,21.178
6130.358,22.337
6131.359,23.831
6132.360,25.704
6133.361,27.978
6134.362,30.622
6135.363,33.652
6136.364,37.046
6137.365,40.781
6138.366,44.938
6139.367,49.470
6140.368,54.355
6141.369,59.579
6142.370,65.178
6143.371,71.101
6144.372,77.379
6145.373,83.978
6146.374,90.899
6147.375,98.131
6148.376,105.650
6149.377,113.459
6150.378,121.529
6151.379,129.858
6152.380,138.437
6153.381,147.258
6154.382,156.286
6155.383,165.497
6156.384,174.897
6157.385,184.454
6158.386,194.137
6159.387,203.950
6160.388,213.871
6161.389,223.888
6162.390,233.947
6163.391,244.046
6164.392,254.179
6165.393,264.296
6166.394,274.398
6167.395,284.444
6168.396,294.443
6169.396,304.330
6170.397,314.106
6171.398,323.752
6172.399,333.229
6173.400,342.520
6174.401,351.635
6175.402,360.509
6176.403,369.153
6177.404,377.507
6178.405,385.591
6179.406,393.355
6180.407,400.790
6181.408,407.885
6182.409,414.598
6183.410,420.934
6184.411,426.867
6185.412,432.363
6186.413,437.429
6187.414,442.045
6188.415,446.201
6189.416,449.880
6190.417,453.049
6191.418,455.721
6192.419,457.876
6193.420,459.491
6194.421,460.598
6195.422,461.151
6196.423,461.129
6197.424,460.570
6198.425,459.426
6199.426,457.734
6200.427,455.479
6201.428,452.639
6202.429,449.246
6203.430,445.285
6204.431,440.754
6205.432,435.682
6206.433,430.025
6207.434,423.824
6208.435,417.108
6209.436,409.835
6210.437,402.049
6211.438,393.748
6212.438,384.955
6213.439,375.689
6214.440,365.932
6215.441,355.725
6216.442,345.106
6217.443,334.057
6218.444,322.619
6219.445,310.768
6220.446,298.593
6221.447,286.084
6222.448,273.256
6223.449,260.132
6224.450,246.790
6225.451,233.192
6226.452,219.395
6227.453,205.420
6228.454,191.306
6229.455,177.059
6230.456,162.751
6231.457,148.378
6232.458,133.963
6233.459,119.549
6234.460,105.165
6235.461,90.869
6236.462,76.639
6237.463,62.575
6238.464,48.643
6239.465,34.915
6240.466,21.421
6241.467,20.000
6242.468,20.000
6243.469,20.000
6244.470,20.000
6245.471,20.000
6246.472,20.000
6247.473,20.000
6248.474,20.000
6249.475,20.000
6250.476,20.000
6251.477,20.000
6252.478,20.000
6253.479,20.000
6254.479,20.000
6255.480,20.000
6256.481,20.000
6257.482,20.000
6258.483,20.000
6259.484,20.000
6260.485,20.000
6261.486,20.000
6262.487,20.000
6263.488,20.000
6264.489,20.000
6265.490,20.000
6266.491,20.000
6267.492,20.000
6268.493,20.000
6269.494,20.000
6270.495,20.000
6271.496,20.000
6272.497,20.000
6273.498,20.000
6274.499,20.000
6275.500,20.303
6276.501,20.941
6277.502,21.983
6278.503,23.395
6279.504,25.188
6280.505,27.356
6281.506,29.901
6282.507,32.833
6283.508,36.117
6284.509,39.778
6285.510,43.824
6286.511,48.251
6287.512,53.052
6288.513,58.204
6289.514,63.686
6290.515,69.538
6291.516,75.722
6292.517,82.238
6293.518,89.090
6294.519,96.235
6295.520,103.692
6296.521,111.426
6297.521,119.438
6298.522,127.684
6299.523,136.199
6300.524,144.971
6301.525,153.936
6302.526,163.117
6303.527,172.474
6304.528,181.982
6305.529,191.657
6306.530,201.423
6307.531,211.335
6308.532,221.316
6309.533,231.363
6310.534,241.454
6311.535,251.578
6312.536,261.723
6313.537,271.825
6314.538,281.902
6315.539,291.891
6316.540,301.821
6317.541,311.620
6318.542,321.311
6319.543,330.825
6320.544,340.185
6321.545,349.336
6322.546,358.277
6323.547,366.971
6324.548,375.408
6325.549,383.555
6326.550,391.410
6327.551,398.923
6328.552,406.106
6329.553,412.919
6330.554,419.369
6331.555,425.397
6332.556,431.012
6333.557,436.201
6334.558,440.918
6335.559,445.196
6336.560,449.005
6337.561,452.308
6338.562,455.097
6339.563,457.402
6340.563,459.169
6341.564,460.371
6342.565,461.064
6343.566,461.195
6344.567,460.779
6345.568,459.793
6346.569,458.242
6347.570,456.123
6348.571,453.440
6349.572,450.183
6350.573,446.363
6351.574,441.987
6352.575,437.041
6353.576,431.535
6354.577,425.486
6355.578,418.867
6356.579,411.757
6357.580,404.089
6358.581,395.937
6359.582,387.258
6360.583,378.105
6361.584,368.473
6362.585,358.391
6363.586,347.879
6364.587,336.912
6365.588,325.587
6366.589,313.842
6367.590,301.754
6368.591,289.323
6369.592,276.570
6370.593,263.543
6371.594,250.231
6372.595,236.691
6373.596,222.947
6374.597,209.016
6375.598,194.938
6376.599,180.725
6377.600,166.428
6378.601,152.052
6379.602,137.649
6380.603,123.226
6381.604,108.841
6382.604,94.520
6383.605,80.268
6384.606,66.149
6385.607,52.191
6386.608,38.402
6387.609,24.850
6388.610,20.000
6389.611,20.000
6390.612,20.000
6391.613,20.000
6392.614,20.000
6393.615,20.000
6394.616,20.000
6395.617,20.000
6396.618,20.000
6397.619,20.000
6398.620,20.000
6399.621,20.000
6400.622,20.000
6401.623,20.000
6402.624,20.000
6403.625,20.000
6404.626,20.000
6405.627,20.000
6406.628,20.000
6407.629,20.000
6408.630,20.000
6409.631,20.000
6410.632,20.000
6411.633,20.000
6412.634,20.000
6413.635,20.000
6414.636,20.000
6415.637,20.000
6416.638,20.000
6417.639,20.000
6418.640,20.000
6419.641,20.000
6420.642,20.000
6421.643,20.000
6422.644,20.310
6423.645,20.857
6424.646,21.793
6425.646,23.112
6426.647,24.803
6427.648,26.865
6428.649,29.298
6429.650,32.135
6430.651,35.338
6431.652,38.902
