time_s,temperature_C
2.000,1000.000
4.000,1000.000
6.000,1000.000
8.000,1000.000
9.000,1000.000
10.000,1000.000
11.000,1000.000
12.000,1000.000
13.000,1000.000
14.000,1000.000
15.000,1000.000
16.000,1000.000
17.000,1000.000
18.000,1000.000
19.000,1000.000
20.000,1000.000
21.000,1000.000
22.000,1000.000
23.000,1000.000
24.000,1000.000
25.000,1000.000
26.000,1000.000
27.000,1000.000
28.000,1000.000
29.000,1000.000
30.001,1000.000
31.001,1000.000
32.001,1000.000
33.001,1000.000
34.001,1000.000
35.001,1000.000
36.001,1000.000
37.001,1000.000
38.001,1000.000
39.001,1000.000
40.001,1000.000
41.001,1000.000
42.001,1000.000
43.001,1000.000
44.001,1000.000
45.001,1000.000
46.001,1000.000
47.001,1000.000
48.001,1000.000
49.001,1000.000
50.001,1000.000
51.001,1000.000
52.001,1000.000
53.001,1000.000
54.001,1000.000
55.001,1000.000
56.001,1000.000
57.001,1000.000
58.001,1000.000
59.001,1000.000
60.001,1000.000
61.001,1000.000
62.001,1000.000
63.001,1000.000
64.001,1000.000
66.001,1000.000
68.001,1000.000
70.000,1000.000
72.000,1000.000
74.000,1000.000
75.999,1000.000
77.999,1000.000
79.999,1000.000
81.998,1000.000
83.998,1000.000
85.998,1000.000
87.997,1000.000
89.997,1000.000
91.997,1000.000
93.996,1000.000
95.996,1000.000
97.996,1000.000
99.995,1000.000
101.995,1000.000
103.995,1000.000
105.994,1000.000
107.994,1000.000
109.994,1000.000
111.993,1000.000
113.993,1000.000
115.993,1000.000
117.992,1000.000
119.992,1000.000
121.992,1000.000
123.991,1000.000
125.991,1000.000
127.991,1000.000
128.991,1000.000
129.991,1000.000
130.991,1000.000
131.991,1000.000
132.992,1000.000
133.992,1000.000
134.992,1000.000
135.992,1000.000
136.992,1000.000
137.993,1000.000
138.993,1000.000
139.993,1000.000
140.993,1000.000
141.994,1000.000
142.994,1000.000
143.994,1000.000
144.994,1000.000
145.994,1000.000
146.995,1000.000
147.995,1000.000
148.995,1000.000
149.995,1000.000
150.995,1000.000
151.996,1000.000
152.996,1000.000
153.996,1000.000
154.996,1000.000
155.997,1000.000
156.997,1000.000
157.997,1000.000
158.997,1000.000
159.997,1000.000
160.998,1000.000
161.998,1000.000
162.998,1000.000
163.998,1000.000
164.998,1000.000
165.999,1000.000
166.999,1000.000
167.999,1000.000
168.999,1000.000
170.000,1000.000
171.000,1000.000
172.000,1000.000
173.000,1000.000
174.000,1000.000
175.001,1000.000
176.001,1000.000
177.001,1000.000
178.001,1000.000
179.001,1000.000
180.002,1000.000
181.002,1000.000
182.002,1000.000
183.002,1000.000
184.003,1000.000
185.003,1000.000
186.003,1000.000
187.003,1000.000
188.003,1000.000
189.004,1000.000
190.004,1000.000
191.004,1000.000
192.004,1000.000
193.004,1000.000
194.005,1000.000
195.005,1000.000
196.005,1000.000
197.005,1000.000
198.006,1000.000
199.006,1000.000
200.006,1000.000
201.006,1000.000
202.006,1000.000
203.007,1000.000
204.007,1000.000
205.007,1000.000
206.007,1000.000
207.007,1000.000
208.008,1000.000
209.008,1000.000
210.008,1000.000
211.008,1000.000
212.009,1000.000
213.009,1000.000
214.009,1000.000
215.009,1000.000
216.009,1000.000
217.010,1000.000
218.010,1000.000
219.010,1000.000
220.010,1000.000
221.010,1000.000
222.011,1000.000
223.011,1000.000
224.011,1000.000
225.011,1000.000
226.012,1000.000
227.012,1000.000
228.012,1000.000
229.012,1000.000
230.012,1000.000
231.013,1000.000
232.013,1000.000
233.013,1000.000
234.013,1000.000
235.013,1000.000
236.014,1000.000
237.014,1000.000
238.014,1000.000
239.014,1000.000
240.015,1000.000
241.015,1000.000
242.015,1000.000
243.015,1000.000
244.015,1000.000
245.016,1000.000
246.016,1000.000
247.016,1000.000
248.016,1000.000
249.016,1000.000
250.017,1000.000
251.017,1000.000
252.017,1000.000
253.017,1000.000
254.017,1000.000
255.018,1000.000
256.018,1000.000
258.017,1000.000
260.016,1000.000
262.015,1000.000
264.014,1000.000
266.012,1000.000
268.011,1000.000
270.010,1000.000
272.009,1000.000
274.008,1000.000
276.007,1000.000
278.006,1000.000
280.005,1000.000
282.004,1000.000
284.003,1000.000
286.001,1000.000
288.000,1000.000
289.999,1000.000
291.998,1000.000
293.997,1000.000
295.996,1000.000
297.995,1000.000
299.994,1000.000
301.993,1000.000
303.992,1000.000
305.990,1000.000
307.989,1000.000
309.988,1000.000
311.987,1000.000
313.986,1000.000
315.985,1000.000
317.984,1000.000
319.983,1000.000
321.982,1000.000
323.981,1000.000
325.979,1000.000
327.978,1000.000
329.977,1000.000
331.976,1000.000
333.975,1000.000
335.974,1000.000
337.973,1000.000
339.972,1000.000
341.971,1000.000
343.970,1000.000
345.968,1000.000
347.967,1000.000
349.966,1000.000
351.965,1000.000
353.964,1000.000
355.963,1000.000
357.962,1000.000
359.961,1000.000
361.960,1000.000
363.959,1000.000
365.957,1000.000
367.956,1000.000
369.955,1000.000
371.954,1000.000
373.953,1000.000
375.952,1000.000
377.951,1000.000
379.950,1000.000
381.949,1000.000
383.948,1000.000
385.946,1000.000
387.945,1000.000
389.944,1000.000
391.943,1000.000
393.942,1000.000
395.941,1000.000
397.940,1000.000
399.939,1000.000
401.938,1000.000
403.937,1000.000
405.936,1000.000
407.934,1000.000
409.933,1000.000
411.932,1000.000
413.931,1000.000
415.930,1000.000
417.929,1000.000
419.928,1000.000
421.927,1000.000
423.926,1000.000
425.925,1000.000
427.923,1000.000
429.922,1000.000
431.921,1000.000
433.920,1000.000
435.919,1000.000
437.918,1000.000
439.917,1000.000
441.916,1000.000
443.915,1000.000
445.914,1000.000
447.912,1000.000
449.911,1000.000
451.910,1000.000
453.909,1000.000
455.908,1000.000
457.907,1000.000
459.906,1000.000
461.905,1000.000
463.904,1000.000
465.903,1000.000
467.901,1000.000
469.900,1000.000
471.899,1000.000
473.898,1000.000
475.897,1000.000
477.896,1000.000
479.895,1000.000
481.894,1000.000
483.893,1000.000
485.892,1000.000
487.890,1000.000
489.889,1000.000
491.888,1000.000
493.887,1000.000
495.886,1000.000
497.885,1000.000
499.884,1000.000
501.883,1000.000
503.882,1000.000
505.881,1000.000
507.879,1000.000
509.878,1000.000
511.877,1000.000
512.878,1000.000
513.879,1000.000
514.880,1000.000
515.881,1000.000
516.882,1000.000
517.883,1000.000
518.884,1000.000
519.885,1000.000
520.886,1000.000
521.887,1000.000
522.888,1000.000
523.889,1000.000
524.890,1000.000
525.891,1000.000
526.892,1000.000
527.893,1000.000
528.894,1000.000
529.895,1000.000
530.896,1000.000
531.897,1000.000
532.898,1000.000
533.899,1000.000
534.900,1000.000
535.901,1000.000
536.901,1000.000
537.902,1000.000
538.903,1000.000
539.904,1000.000
540.905,1000.000
541.906,1000.000
542.907,1000.000
543.908,1000.000
544.909,1000.000
545.910,1000.000
546.911,1000.000
547.912,1000.000
548.913,1000.000
549.914,1000.000
550.915,1000.000
551.916,1000.000
552.917,1000.000
553.918,1000.000
554.919,1000.000
555.920,1000.000
556.921,1000.000
557.922,1000.000
558.923,1000.000
559.924,1000.000
560.925,1000.000
561.926,1000.000
562.927,1000.000
563.928,1000.000
564.929,1000.000
565.930,1000.000
566.931,1000.000
567.932,1000.000
568.933,1000.000
569.934,1000.000
570.935,1000.000
571.936,1000.000
572.937,1000.000
573.938,1000.000
574.939,1000.000
575.940,1000.000
576.941,1000.000
577.942,1000.000
578.942,1000.000
579.943,1000.000
580.944,1000.000
581.945,1000.000
582.946,1000.000
583.947,1000.000
584.948,1000.000
585.949,1000.000
586.950,1000.000
587.951,1000.000
588.952,1000.000
589.953,1000.000
590.954,1000.000
591.955,1000.000
592.956,1000.000
593.957,1000.000
594.958,1000.000
595.959,1000.000
596.960,1000.000
597.961,1000.000
598.962,1000.000
599.963,1000.000
600.964,1000.000
601.965,1000.000
602.966,1000.000
603.967,1000.000
604.968,1000.000
605.969,1000.000
606.970,1000.000
607.971,1000.000
608.972,1000.000
609.973,1000.000
610.974,1000.000
611.975,1000.000
612.976,1000.000
613.977,1000.000
614.978,1000.000
615.979,1000.000
616.980,1000.000
617.981,1000.000
618.982,1000.000
619.983,1000.000
620.984,1000.000
621.984,1000.000
622.985,1000.000
623.986,1000.000
624.987,1000.000
625.988,1000.000
626.989,1000.000
627.990,1000.000
628.991,1000.000
629.992,1000.000
630.993,1000.000
631.994,1000.000
632.995,1000.000
633.996,1000.000
634.997,1000.000
635.998,1000.000
636.999,1000.000
638.000,1000.000
639.001,1000.000
640.002,1000.000
641.003,1000.000
642.004,1000.000
643.005,1000.000
644.006,1000.000
645.007,1000.000
646.008,1000.000
647.009,1000.000
648.010,1000.000
649.011,1000.000
650.012,1000.000
651.013,1000.000
652.014,1000.000
653.015,1000.000
654.016,1000.000
655.017,1000.000
656.018,1000.000
657.019,1000.000
658.020,1000.000
659.021,1000.000
660.022,1000.000
661.023,1000.000
662.024,1000.000
663.025,1000.000
664.026,1000.000
665.026,1000.000
666.027,1000.000
667.028,1000.000
668.029,1000.000
669.030,1000.000
670.031,1000.000
671.032,1000.000
672.033,1000.000
673.034,1000.000
674.035,1000.000
675.036,1000.000
676.037,1000.000
677.038,1000.000
678.039,1000.000
679.040,1000.000
680.041,1000.000
681.042,1000.000
682.043,1000.000
683.044,1000.000
684.045,1000.000
685.046,1000.000
686.047,1000.000
687.048,1000.000
688.049,1000.000
689.050,1000.000
690.051,1000.000
691.052,1000.000
692.053,1000.000
693.054,1000.000
694.055,1000.000
695.056,1000.000
696.057,1000.000
697.058,1000.000
698.059,1000.000
699.060,1000.000
700.061,1000.000
701.062,1000.000
702.063,1000.000
703.064,1000.000
704.065,1000.000
705.066,1000.000
706.067,1000.000
707.067,1000.000
708.068,1000.000
709.069,1000.000
710.070,1000.000
711.071,1000.000
712.072,1000.000
713.073,1000.000
714.074,1000.000
715.075,1000.000
716.076,1000.000
717.077,1000.000
718.078,1000.000
719.079,1000.000
720.080,1000.000
721.081,1000.000
722.082,1000.000
723.083,1000.000
724.084,1000.000
725.085,1000.000
726.086,1000.000
727.087,1000.000
728.088,1000.000
729.089,1000.000
730.090,1000.000
731.091,1000.000
732.092,1000.000
733.093,1000.000
734.094,1000.000
735.095,1000.000
736.096,1000.000
737.097,1000.000
738.098,1000.000
739.099,1000.000
740.100,1000.000
741.101,1000.000
742.102,1000.000
743.103,1000.000
744.104,1000.000
745.105,1000.000
746.106,1000.000
747.107,1000.000
748.108,1000.000
749.109,1000.000
750.109,1000.000
751.110,1000.000
752.111,1000.000
753.112,1000.000
754.113,1000.000
755.114,1000.000
756.115,1000.000
757.116,1000.000
758.117,1000.000
759.118,1000.000
760.119,1000.000
761.120,1000.000
762.121,1000.000
763.122,1000.000
764.123,1000.000
765.124,1000.000
766.125,1000.000
767.126,1000.000
768.127,1000.000
769.128,1000.000
770.129,1000.000
771.130,1000.000
772.131,1000.000
773.132,1000.000
774.133,1000.000
775.134,1000.000
776.135,1000.000
777.136,1000.000
778.137,1000.000
779.138,1000.000
780.139,1000.000
781.140,1000.000
782.141,1000.000
783.142,1000.000
784.143,1000.000
785.144,1000.000
786.145,1000.000
787.146,1000.000
788.147,1000.000
789.148,1000.000
790.149,1000.000
791.150,1000.000
792.151,1000.000
793.151,1000.000
794.152,1000.000
795.153,1000.000
796.154,1000.000
797.155,1000.000
798.156,1000.000
799.157,1000.000
800.158,1000.000
801.159,1000.000
802.160,1000.000
803.161,1000.000
804.162,1000.000
805.163,1000.000
806.164,1000.000
807.165,1000.000
808.166,1000.000
809.167,1000.000
810.168,1000.000
811.169,1000.000
812.170,1000.000
813.171,1000.000
814.172,1000.000
815.173,1000.000
816.174,1000.000
817.175,1000.000
818.176,1000.000
819.177,1000.000
820.178,1000.000
821.179,1000.000
822.180,1000.000
823.181,1000.000
824.182,1000.000
825.183,1000.000
826.184,1000.000
827.185,1000.000
828.186,1000.000
829.187,1000.000
830.188,1000.000
831.189,1000.000
832.190,1000.000
833.191,1000.000
834.192,1000.000
835.192,1000.000
836.193,1000.000
837.194,1000.000
838.195,1000.000
839.196,1000.000
840.197,1000.000
841.198,1000.000
842.199,1000.000
843.200,1000.000
844.201,1000.000
845.202,1000.000
846.203,1000.000
847.204,1000.000
848.205,1000.000
849.206,1000.000
850.207,1000.000
851.208,1000.000
852.209,1000.000
853.210,1000.000
854.211,1000.000
855.212,1000.000
856.213,1000.000
857.214,1000.000
858.215,1000.000
859.216,1000.000
860.217,1000.000
861.218,1000.000
862.219,1000.000
863.220,1000.000
864.221,1000.000
865.222,1000.000
866.223,1000.000
867.224,1000.000
868.225,1000.000
869.226,1000.000
870.227,1000.000
871.228,1000.000
872.229,1000.000
873.230,1000.000
874.231,1000.000
875.232,1000.000
876.233,1000.000
877.234,1000.000
878.234,1000.000
879.235,1000.000
880.236,1000.000
881.237,1000.000
882.238,1000.000
883.239,1000.000
884.240,1000.000
885.241,1000.000
886.242,1000.000
887.243,1000.000
888.244,1000.000
889.245,1000.000
890.246,1000.000
891.247,1000.000
892.248,1000.000
893.249,1000.000
894.250,1000.000
895.251,1000.000
896.252,1000.000
897.253,1000.000
898.254,1000.000
899.255,1000.000
900.256,1000.000
901.257,1000.000
902.258,1000.000
903.259,1000.000
904.260,1000.000
905.261,1000.000
906.262,1000.000
907.263,1000.000
908.264,1000.000
909.265,1000.000
910.266,1000.000
911.267,1000.000
912.268,1000.000
913.269,1000.000
914.270,1000.000
915.271,1000.000
916.272,1000.000
917.273,1000.000
918.274,1000.000
919.275,1000.000
920.276,1000.000
921.276,1000.000
922.277,1000.000
923.278,1000.000
924.279,1000.000
925.280,1000.000
926.281,1000.000
927.282,1000.000
928.283,1000.000
929.284,1000.000
930.285,1000.000
931.286,1000.000
932.287,1000.000
933.288,1000.000
934.289,1000.000
935.290,1000.000
936.291,1000.000
937.292,1000.000
938.293,1000.000
939.294,1000.000
940.295,1000.000
941.296,1000.000
942.297,1000.000
943.298,1000.000
944.299,1000.000
945.300,1000.000
946.301,1000.000
947.302,1000.000
948.303,1000.000
949.304,1000.000
950.305,1000.000
951.306,1000.000
952.307,1000.000
953.308,1000.000
954.309,1000.000
955.310,1000.000
956.311,1000.000
957.312,1000.000
958.313,1000.000
959.314,1000.000
960.315,1000.000
961.316,1000.000
962.317,1000.000
963.317,1000.000
964.318,1000.000
965.319,1000.000
966.320,1000.000
967.321,1000.000
968.322,1000.000
969.323,1000.000
970.324,1000.000
971.325,1000.000
972.326,1000.000
973.327,1000.000
974.328,1000.000
975.329,1000.000
976.330,1000.000
977.331,1000.000
978.332,1000.000
979.333,1000.000
980.334,1000.000
981.335,1000.000
982.336,1000.000
983.337,1000.000
984.338,1000.000
985.339,1000.000
986.340,1000.000
987.341,1000.000
988.342,1000.000
989.343,1000.000
990.344,1000.000
991.345,1000.000
992.346,1000.000
993.347,1000.000
994.348,1000.000
995.349,1000.000
996.350,1000.000
997.351,1000.000
998.352,1000.000
999.353,1000.000
1000.354,1000.000
1001.355,1000.000
1002.356,1000.000
1003.357,1000.000
1004.357,1000.000
1005.358,1000.000
1006.359,1000.000
1007.360,1000.000
1008.361,1000.000
1009.362,1000.000
1010.363,1000.000
1011.364,1000.000
1012.365,1000.000
1013.366,1000.000
1014.367,1000.000
1015.368,1000.000
1016.369,1000.000
1017.370,1000.000
1018.371,1000.000
1019.372,1000.000
1020.373,1000.000
1021.374,1000.000
1022.375,1000.000
1023.376,1000.000
1024.377,1000.000
1025.378,1000.000
1026.379,1000.000
1027.380,1000.000
1028.381,1000.000
1029.382,1000.000
1030.383,1000.000
1031.384,1000.000
1032.385,1000.000
1033.386,1000.000
1034.387,1000.000
1035.388,1000.000
1036.389,1000.000
1037.390,1000.000
1038.391,1000.000
1039.392,1000.000
1040.393,1000.000
1041.394,1000.000
1042.395,1000.000
1043.396,1000.000
1044.396,1000.000
1045.397,1000.000
1046.398,1000.000
1047.399,1000.000
1048.400,1000.000
1049.401,1000.000
1050.402,1000.000
1051.403,1000.000
1052.404,1000.000
1053.405,1000.000
1054.406,1000.000
1055.407,1000.000
1056.408,1000.000
1057.409,1000.000
1058.410,1000.000
1059.411,1000.000
1060.412,1000.000
1061.413,1000.000
1062.414,1000.000
1063.415,1000.000
1064.416,1000.000
1065.417,1000.000
1066.418,1000.000
1067.419,1000.000
1068.420,1000.000
1069.421,1000.000
1070.422,1000.000
1071.423,1000.000
1072.424,1000.000
1073.425,1000.000
1074.426,1000.000
1075.427,1000.000
1076.428,1000.000
1077.429,1000.000
1078.430,1000.000
1079.431,1000.000
1080.432,1000.000
1081.433,1000.000
1082.434,1000.000
1083.435,1000.000
1084.436,1000.000
1085.437,1000.000
1086.438,1000.000
1087.438,1000.000
1088.439,1000.000
1089.440,1000.000
1090.441,1000.000
1091.442,1000.000
1092.443,1000.000
1093.444,1000.000
1094.445,1000.000
1095.446,1000.000
1096.447,1000.000
1097.448,1000.000
1098.449,1000.000
1099.450,1000.000
1100.451,1000.000
1101.452,1000.000
1102.453,1000.000
1103.454,1000.000
1104.455,1000.000
1105.456,1000.000
1106.457,1000.000
1107.458,1000.000
1108.459,1000.000
1109.460,1000.000
1110.461,1000.000
1111.462,1000.000
1112.463,1000.000
1113.464,1000.000
1114.465,1000.000
1115.466,1000.000
1116.467,1000.000
1117.468,1000.000
1118.469,1000.000
1119.470,1000.000
1120.471,1000.000
1121.472,1000.000
1122.473,1000.000
1123.474,1000.000
1124.475,1000.000
1125.476,1000.000
1126.477,1000.000
1127.478,1000.000
1128.479,1000.000
1129.479,1000.000
1130.480,1000.000
1131.481,1000.000
1132.482,1000.000
1133.483,1000.000
1134.484,1000.000
1135.485,1000.000
1136.486,1000.000
1137.487,1000.000
1138.488,1000.000
1139.489,1000.000
1140.490,1000.000
1141.491,1000.000
1142.492,1000.000
1143.493,1000.000
1144.494,1000.000
1145.495,1000.000
1146.496,1000.000
1147.497,1000.000
1148.498,1000.000
1149.499,1000.000
1150.500,1000.000
1151.501,1000.000
1152.502,1000.000
1153.503,1000.000
1154.504,1000.000
1155.505,1000.000
1156.506,1000.000
1157.507,1000.000
1158.508,1000.000
1159.509,1000.000
1160.510,1000.000
1161.511,1000.000
1162.512,1000.000
1163.513,1000.000
1164.514,1000.000
1165.515,1000.000
1166.516,1000.000
1167.517,1000.000
1168.518,1000.000
1169.519,1000.000
1170.520,1000.000
1171.521,1000.000
1172.521,1000.000
1173.522,1000.000
1174.523,1000.000
1175.524,1000.000
1176.525,1000.000
1177.526,1000.000
1178.527,1000.000
1179.528,1000.000
1180.529,1000.000
1181.530,1000.000
1182.531,1000.000
1183.532,1000.000
1184.533,1000.000
1185.534,1000.000
1186.535,1000.000
1187.536,1000.000
1188.537,1000.000
1189.538,1000.000
1190.539,1000.000
1191.540,1000.000
1192.541,1000.000
1193.542,1000.000
1194.543,1000.000
1195.544,1000.000
1196.545,1000.000
1197.546,1000.000
1198.547,1000.000
1199.548,1000.000
1200.549,1000.000
1201.550,1000.000
1202.551,1000.000
1203.552,1000.000
1204.553,1000.000
1205.554,1000.000
1206.555,1000.000
1207.556,1000.000
1208.557,1000.000
1209.558,1000.000
1210.559,1000.000
1211.560,1000.000
1212.561,1000.000
1213.562,1000.000
1214.563,1000.000
1215.563,1000.000
1216.564,1000.000
1217.565,1000.000
1218.566,1000.000
1219.567,1000.000
1220.568,1000.000
1221.569,1000.000
1222.570,1000.000
1223.571,1000.000
1224.572,1000.000
1225.573,1000.000
1226.574,1000.000
1227.575,1000.000
1228.576,1000.000
1229.577,1000.000
1230.578,1000.000
1231.579,1000.000
1232.580,1000.000
1233.581,1000.000
1234.582,1000.000
1235.583,1000.000
1236.584,1000.000
1237.585,1000.000
1238.586,1000.000
1239.587,1000.000
1240.588,1000.000
1241.589,1000.000
1242.590,1000.000
1243.591,1000.000
1244.592,1000.000
1245.593,1000.000
1246.594,1000.000
1247.595,1000.000
1248.596,1000.000
1249.597,1000.000
1250.598,1000.000
1251.599,1000.000
1252.600,1000.000
1253.601,1000.000
1254.602,1000.000
1255.603,1000.000
1256.604,1000.000
1257.604,1000.000
1258.605,1000.000
1259.606,1000.000
1260.607,1000.000
1261.608,1000.000
1262.609,1000.000
1263.610,1000.000
1264.611,1000.000
1265.612,1000.000
1266.613,1000.000
1267.614,1000.000
1268.615,1000.000
1269.616,1000.000
1270.617,1000.000
1271.618,1000.000
1272.619,1000.000
1273.620,1000.000
1274.621,1000.000
1275.622,1000.000
1276.623,1000.000
1277.624,1000.000
1278.625,1000.000
1279.626,1000.000
1280.627,1000.000
1281.628,1000.000
1282.629,1000.000
1283.630,1000.000
1284.631,1000.000
1285.632,1000.000
1286.633,1000.000
1287.634,1000.000
1288.635,1000.000
1289.636,1000.000
1290.637,1000.000
1291.638,1000.000
1292.639,1000.000
1293.640,1000.000
1294.641,1000.000
1295.642,1000.000
1296.643,1000.000
1297.644,1000.000
1298.645,1000.000
1299.646,1000.000
1300.646,1000.000
1301.647,1000.000
1302.648,1000.000
1303.649,1000.000
1304.650,1000.000
1305.651,1000.000
1306.652,1000.000
1307.653,1000.000
1308.654,1000.000
1309.655,1000.000
1310.656,1000.000
1311.657,1000.000
1312.658,1000.000
1313.659,1000.000
1314.660,1000.000
1315.661,1000.000
1316.662,1000.000
1317.663,1000.000
1318.664,1000.000
1319.665,1000.000
1320.666,1000.000
1321.667,1000.000
1322.668,1000.000
1323.669,1000.000
1324.670,1000.000
1325.671,1000.000
1326.672,1000.000
1327.673,1000.000
1328.674,1000.000
1329.675,1000.000
1330.676,1000.000
1331.677,1000.000
1332.678,1000.000
1333.679,1000.000
1334.680,1000.000
1335.681,1000.000
1336.682,1000.000
1337.683,1000.000
1338.684,1000.000
1339.685,1000.000
1340.686,1000.000
1341.687,1000.000
1342.688,1000.000
1343.688,1000.000
1344.689,1000.000
1345.690,1000.000
1346.691,1000.000
1347.692,1000.000
1348.693,1000.000
1349.694,1000.000
1350.695,1000.000
1351.696,1000.000
1352.697,1000.000
1353.698,1000.000
1354.699,1000.000
1355.700,1000.000
1356.701,1000.000
1357.702,1000.000
1358.703,1000.000
1359.704,1000.000
1360.705,1000.000
1361.706,1000.000
1362.707,1000.000
1363.708,1000.000
1364.709,1000.000
1365.710,1000.000
1366.711,1000.000
1367.712,1000.000
1368.713,1000.000
1369.714,1000.000
1370.715,1000.000
1371.716,1000.000
1372.717,1000.000
1373.718,1000.000
1374.719,1000.000
1375.720,1000.000
1376.721,1000.000
1377.722,1000.000
1378.723,1000.000
1379.724,1000.000
1380.725,1000.000
1381.726,1000.000
1382.727,1000.000
1383.728,1000.000
1384.729,1000.000
1385.729,1000.000
1386.730,1000.000
1387.731,1000.000
1388.732,1000.000
1389.733,1000.000
1390.734,1000.000
1391.735,1000.000
1392.736,1000.000
1393.737,1000.000
1394.738,1000.000
1395.739,1000.000
1396.740,1000.000
1397.741,1000.000
1398.742,1000.000
1399.743,1000.000
1400.744,1000.000
1401.745,1000.000
1402.746,1000.000
1403.747,1000.000
1404.748,1000.000
1405.749,1000.000
1406.750,1000.000
1407.751,1000.000
1408.752,1000.000
1409.753,1000.000
1410.754,1000.000
1411.755,1000.000
1412.756,1000.000
1413.757,1000.000
1414.758,1000.000
1415.759,1000.000
1416.760,1000.000
1417.761,1000.000
1418.762,1000.000
1419.763,1000.000
1420.764,1000.000
1421.765,1000.000
1422.766,1000.000
1423.767,1000.000
1424.768,1000.000
1425.769,1000.000
1426.770,1000.000
1427.771,1000.000
1428.771,1000.000
1429.772,1000.000
1430.773,1000.000
1431.774,1000.000
1432.775,1000.000
1433.776,1000.000
1434.777,1000.000
1435.778,1000.000
1436.779,1000.000
1437.780,1000.000
1438.781,1000.000
1439.782,1000.000
1440.783,1000.000
1441.784,1000.000
1442.785,1000.000
1443.786,1000.000
1444.787,1000.000
1445.788,1000.000
1446.789,1000.000
1447.790,1000.000
1448.791,1000.000
1449.792,1000.000
1450.793,1000.000
1451.794,1000.000
1452.795,1000.000
1453.796,1000.000
1454.797,1000.000
1455.798,1000.000
1456.799,1000.000
1457.800,1000.000
1458.801,1000.000
1459.802,1000.000
1460.803,1000.000
1461.804,1000.000
1462.805,1000.000
1463.806,1000.000
1464.807,1000.000
1465.808,1000.000
1466.809,1000.000
1467.810,1000.000
1468.811,1000.000
1469.812,1000.000
1470.813,1000.000
1471.813,1000.000
1472.814,1000.000
1473.815,1000.000
1474.816,1000.000
1475.817,1000.000
1476.818,1000.000
1477.819,1000.000
1478.820,1000.000
1479.821,1000.000
1480.822,1000.000
1481.823,1000.000
1482.824,1000.000
1483.825,1000.000
1484.826,1000.000
1485.827,1000.000
1486.828,1000.000
1487.829,1000.000
1488.830,1000.000
1489.831,1000.000
1490.832,1000.000
1491.833,1000.000
1492.834,1000.000
1493.835,1000.000
1494.836,1000.000
1495.837,1000.000
1496.838,1000.000
1497.839,1000.000
1498.840,1000.000
1499.841,1000.000
1500.842,1000.000
1501.843,1000.000
1502.844,1000.000
1503.845,1000.000
1504.846,1000.000
1505.847,1000.000
1506.848,1000.000
1507.849,1000.000
1508.850,1000.000
1509.851,1000.000
1510.852,1000.000
1511.853,1000.000
1512.854,1000.000
1513.854,1000.000
1514.855,1000.000
1515.856,1000.000
1516.857,1000.000
1517.858,1000.000
1518.859,1000.000
1519.860,1000.000
1520.861,1000.000
1521.862,1000.000
1522.863,1000.000
1523.864,1000.000
1524.865,1000.000
1525.866,1000.000
1526.867,1000.000
1527.868,1000.000
1528.869,1000.000
1529.870,1000.000
1530.871,1000.000
1531.872,1000.000
1532.873,1000.000
1533.874,1000.000
1534.875,1000.000
1535.876,1000.000
1536.877,1000.000
1537.878,1000.000
1538.879,1000.000
1539.880,1000.000
1540.881,1000.000
1541.882,1000.000
1542.883,1000.000
1543.884,1000.000
1544.885,1000.000
1545.886,1000.000
1546.887,1000.000
1547.888,1000.000
1548.889,1000.000
1549.890,1000.000
1550.891,1000.000
1551.892,1000.000
1552.893,1000.000
1553.894,1000.000
1554.895,1000.000
1555.896,1000.000
1556.896,1000.000
1557.897,1000.000
1558.898,1000.000
1559.899,1000.000
1560.900,1000.000
1561.901,1000.000
1562.902,1000.000
1563.903,1000.000
1564.904,1000.000
1565.905,1000.000
1566.906,1000.000
1567.907,1000.000
1568.908,1000.000
1569.909,1000.000
1570.910,1000.000
1571.911,1000.000
1572.912,1000.000
1573.913,1000.000
1574.914,1000.000
1575.915,1000.000
1576.916,1000.000
1577.917,1000.000
1578.918,1000.000
1579.919,1000.000
1580.920,1000.000
1581.921,1000.000
1582.922,1000.000
1583.923,1000.000
1584.924,1000.000
1585.925,1000.000
1586.926,1000.000
1587.927,1000.000
1588.928,1000.000
1589.929,1000.000
1590.930,1000.000
1591.931,1000.000
1592.932,1000.000
1593.933,1000.000
1594.934,1000.000
1595.935,1000.000
1596.936,1000.000
1597.937,1000.000
1598.938,1000.000
1599.938,1000.000
1600.939,1000.000
1601.940,1000.000
1602.941,1000.000
1603.942,1000.000
1604.943,1000.000
1605.944,1000.000
1606.945,1000.000
1607.946,1000.000
1608.947,1000.000
1609.948,1000.000
1610.949,1000.000
1611.950,1000.000
1612.951,1000.000
1613.952,1000.000
1614.953,1000.000
1615.954,1000.000
1616.955,1000.000
1617.956,1000.000
1618.957,1000.000
1619.958,1000.000
1620.959,1000.000
1621.960,1000.000
1622.961,1000.000
1623.962,1000.000
1624.963,1000.000
1625.964,1000.000
1626.965,1000.000
1627.966,1000.000
1628.967,1000.000
1629.968,1000.000
1630.969,1000.000
1631.970,1000.000
1632.971,1000.000
1633.972,1000.000
1634.973,1000.000
1635.974,1000.000
1636.975,1000.000
1637.976,1000.000
1638.977,1000.000
1639.978,1000.000
1640.979,1000.000
1641.979,1000.000
1642.980,1000.000
1643.981,1000.000
1644.982,1000.000
1645.983,1000.000
1646.984,1000.000
1647.985,1000.000
1648.986,1000.000
1649.987,1000.000
1650.988,1000.000
1651.989,1000.000
1652.990,1000.000
1653.991,1000.000
1654.992,1000.000
1655.993,1000.000
1656.994,1000.000
1657.995,1000.000
1658.996,1000.000
1659.997,1000.000
1660.998,1000.000
1661.999,1000.000
1663.000,1000.000
1664.001,1000.000
1665.002,1000.000
1666.003,1000.000
1667.004,1000.000
1668.005,1000.000
1669.006,1000.000
1670.007,1000.000
1671.008,1000.000
1672.009,1000.000
1673.010,1000.000
1674.011,1000.000
1675.012,1000.000
1676.013,1000.000
1677.014,1000.000
1678.015,1000.000
1679.016,1000.000
1680.017,1000.000
1681.018,1000.000
1682.019,1000.000
1683.020,1000.000
1684.021,1000.000
1685.021,1000.000
1686.022,1000.000
1687.023,1000.000
1688.024,1000.000
1689.025,1000.000
1690.026,1000.000
1691.027,1000.000
1692.028,1000.000
1693.029,1000.000
1694.030,1000.000
1695.031,1000.000
1696.032,1000.000
1697.033,1000.000
1698.034,1000.000
1699.035,1000.000
1700.036,1000.000
1701.037,1000.000
1702.038,1000.000
1703.039,1000.000
1704.040,1000.000
1705.041,1000.000
1706.042,1000.000
1707.043,1000.000
1708.044,1000.000
1709.045,1000.000
1710.046,1000.000
1711.047,1000.000
1712.048,1000.000
1713.049,1000.000
1714.050,1000.000
1715.051,1000.000
1716.052,1000.000
1717.053,1000.000
1718.054,1000.000
1719.055,1000.000
1720.056,1000.000
1721.057,1000.000
1722.058,1000.000
1723.059,1000.000
1724.060,1000.000
1725.061,1000.000
1726.062,1000.000
1727.063,1000.000
1728.063,1000.000
1729.064,1000.000
1730.065,1000.000
1731.066,1000.000
1732.067,1000.000
1733.068,1000.000
1734.069,1000.000
1735.070,1000.000
1736.071,1000.000
1737.072,1000.000
1738.073,1000.000
1739.074,1000.000
1740.075,998.584
1741.076,994.221
1742.077,986.647
1743.078,975.844
1744.079,961.985
1745.080,944.892
1746.081,924.633
1747.082,901.320
1748.083,875.010
1749.084,845.713
1750.085,813.549
1751.086,778.619
1752.087,740.962
1753.088,700.658
1754.089,657.922
1755.090,612.765
1756.091,565.390
1757.092,515.903
1758.093,464.421
1759.094,411.061
1760.095,356.008
1761.096,299.482
1762.097,241.568
1763.098,182.471
1764.099,122.277
1765.100,61.221
1766.101,20.000
1767.102,20.000
1768.103,20.000
1769.104,20.000
1770.104,20.000
1771.105,20.000
1772.106,20.000
1773.107,20.000
1774.108,20.000
1775.109,20.000
1776.110,20.000
1777.111,20.000
1778.112,20.000
1779.113,20.000
1780.114,20.000
1781.115,20.000
1782.116,20.000
1783.117,20.000
1784.118,20.000
1785.119,20.000
1786.120,20.000
1787.121,20.000
1788.122,20.000
1789.123,20.000
1790.124,20.000
1791.125,20.000
1792.126,20.000
1793.127,20.000
1794.128,20.000
1795.129,20.000
1796.130,20.000
1797.131,20.000
1798.132,20.000
1799.133,20.000
1800.134,20.000
1801.135,20.000
1802.136,20.000
1803.137,20.000
1804.138,20.000
1805.139,20.000
1806.140,20.000
1807.141,20.000
1808.142,20.000
1809.143,20.000
1810.144,20.000
1811.145,20.000
1812.146,20.000
1813.146,20.000
1814.147,20.000
1815.148,20.000
1816.149,20.000
1817.150,20.000
1818.151,20.000
1819.152,20.000
1820.153,20.000
1821.154,20.000
1822.155,20.000
1823.156,20.000
1824.157,20.000
1825.158,20.000
1826.159,20.000
1827.160,20.000
1828.161,20.000
1829.162,20.000
1830.163,20.000
1831.164,20.000
1832.165,20.000
1833.166,20.000
1834.167,20.000
1835.168,20.000
1836.169,20.000
1837.170,20.000
1838.171,20.000
1839.172,20.000
1840.173,20.000
1841.174,20.000
1842.175,20.000
1843.176,20.000
1844.177,20.000
1845.178,20.000
1846.179,20.000
1847.180,20.000
1848.181,20.000
1849.182,20.000
1850.183,20.000
1851.184,20.000
1852.185,20.000
1853.186,20.000
1854.187,20.000
1855.188,20.000
1856.188,20.000
1857.189,20.000
1858.190,20.000
1859.191,20.000
1860.192,20.000
1861.193,20.000
1862.194,20.000
1863.195,20.000
1864.196,20.000
1865.197,20.000
1866.198,20.000
1867.199,20.000
1868.200,20.000
1869.201,20.000
1870.202,20.000
1871.203,20.000
1872.204,20.000
1873.205,20.000
1874.206,20.000
1875.207,20.000
1876.208,20.000
1877.209,20.000
1878.210,20.000
1879.211,20.000
1880.212,20.000
1881.213,20.000
1882.214,20.000
1883.215,20.000
1884.216,20.000
1885.217,20.000
1886.218,20.000
1887.219,20.000
1888.220,20.000
1889.221,20.000
1890.222,20.000
1891.223,20.000
1892.224,20.000
1893.225,20.000
1894.226,20.000
1895.227,20.000
1896.228,20.000
1897.229,20.000
1898.229,20.000
1899.230,20.000
1900.231,20.000
1901.232,20.000
1902.233,20.000
1903.234,20.000
1904.235,20.000
1905.236,20.000
1906.237,20.000
1907.238,20.000
1908.239,20.000
1909.240,20.000
1910.241,20.000
1911.242,20.000
1912.243,20.000
1913.244,20.000
1914.245,20.000
1915.246,20.000
1916.247,20.000
1917.248,20.000
1918.249,20.000
1919.250,20.000
1920.251,20.000
1921.252,20.000
1922.253,20.000
1923.254,20.000
1924.255,20.000
1925.256,20.000
1926.257,20.000
1927.258,20.000
1928.259,20.000
1929.260,20.000
1930.261,20.000
1931.262,20.000
1932.263,20.000
1933.264,20.000
1934.265,20.000
1935.266,20.000
1936.267,20.000
1937.268,20.000
1938.269,20.000
1939.270,20.000
1940.271,20.000
1941.271,20.000
1942.272,20.000
1943.273,20.000
1944.274,20.000
1945.275,20.000
1946.276,20.000
1947.277,20.000
1948.278,20.000
1949.279,20.000
1950.280,20.000
1951.281,20.000
1952.282,20.000
1953.283,20.000
1954.284,20.000
1955.285,20.000
1956.286,20.000
1957.287,20.000
1958.288,20.000
1959.289,20.000
1960.290,20.000
1961.291,20.000
1962.292,20.000
1963.293,20.000
1964.294,20.000
1965.295,20.000
1966.296,20.000
1967.297,20.000
1968.298,20.000
1969.299,20.000
1970.300,20.000
1971.301,20.000
1972.302,20.000
1973.303,20.000
1974.304,20.000
1975.305,20.000
1976.306,20.000
1977.307,20.000
1978.308,20.000
1979.309,20.000
1980.310,20.000
1981.311,20.000
1982.312,20.000
1983.313,20.000
1984.313,20.000
1985.314,20.343
1986.315,21.084
1987.316,22.292
1988.317,24.018
1989.318,26.172
1990.319,28.755
1991.320,31.840
1992.321,35.351
1993.322,39.334
1994.323,43.713
1995.324,48.530
1996.325,53.789
1997.326,59.447
1998.327,65.438
1999.328,71.819
2000.329,78.580
2001.330,85.611
2002.331,92.996
2003.332,100.625
2004.333,108.546
2005.334,116.716
2006.335,125.135
2007.336,133.711
2008.337,142.480
2009.338,151.389
2010.339,160.434
2011.340,169.545
2012.341,178.749
2013.342,188.031
2014.343,197.299
2015.344,206.580
2016.345,215.818
2017.346,224.994
2018.347,234.053
2019.348,243.058
2020.349,251.822
2021.350,260.452
2022.351,268.858
2023.352,277.112
2024.353,285.017
2025.354,292.695
2026.354,300.054
2027.355,307.036
2028.356,313.737
2029.357,320.008
2030.358,325.916
2031.359,331.400
2032.360,336.422
2033.361,341.039
2034.362,345.108
2035.363,348.706
2036.364,351.852
2037.365,354.439
2038.366,356.515
2039.367,358.059
2040.368,359.034
2041.369,359.465
2042.370,359.310
2043.371,358.649
2044.372,357.325
2045.373,355.461
2046.374,353.024
2047.375,349.983
2048.376,346.435
2049.377,342.272
2050.378,337.596
2051.379,332.344
2052.380,326.566
2053.381,320.227
2054.382,313.355
2055.383,306.027
2056.384,298.237
2057.385,289.914
2058.386,281.181
2059.387,272.000
2060.388,262.400
2061.389,252.377
2062.390,242.004
2063.391,231.293
2064.392,220.301
2065.393,208.967
2066.394,197.416
2067.395,185.611
2068.396,173.634
2069.396,161.455
2070.397,149.166
2071.398,136.768
2072.399,124.374
2073.400,111.837
2074.401,99.338
2075.402,86.892
2076.403,74.511
2077.404,62.232
2078.405,50.069
2079.406,38.108
2080.407,26.392
2081.408,20.000
2082.409,20.000
2083.410,20.000
2084.411,20.000
2085.412,20.000
2086.413,20.000
2087.414,20.000
2088.415,20.000
2089.416,20.000
2090.417,20.000
2091.418,20.000
2092.419,20.000
2093.420,20.000
2094.421,20.000
2095.422,20.000
2096.423,20.000
2097.424,20.000
2098.425,20.000
2099.426,20.000
2100.427,20.000
2101.428,20.000
2102.429,20.000
2103.430,20.000
2104.431,20.000
2105.432,20.000
2106.433,20.000
2107.434,20.000
2108.435,20.000
2109.436,20.000
2110.437,20.000
2111.438,20.000
2112.438,20.000
2113.439,20.000
2114.440,20.000
2115.441,20.000
2116.442,20.000
2117.443,20.108
2118.444,20.440
2119.445,21.187
2120.446,22.295
2121.447,23.779
2122.448,25.625
2123.449,27.848
2124.450,30.409
2125.451,33.303
2126.452,36.576
2127.453,40.253
2128.454,44.174
2129.455,48.481
2130.456,53.118
2131.457,58.033
2132.458,63.236
2133.459,68.750
2134.460,74.526
2135.461,80.565
2136.462,86.826
2137.463,93.324
2138.464,100.016
2139.465,106.976
2140.466,114.051
2141.467,121.287
2142.468,128.675
2143.469,136.185
2144.470,143.783
2145.471,151.506
2146.472,159.227
2147.473,166.975
2148.474,174.707
2149.475,182.525
2150.476,190.301
2151.477,197.967
2152.478,205.524
2153.479,213.039
2154.479,220.449
2155.480,227.752
2156.481,234.863
2157.482,241.742
2158.483,248.424
2159.484,254.936
2160.485,261.152
2161.486,267.139
2162.487,272.818
2163.488,278.174
2164.489,283.223
2165.490,287.946
2166.491,292.352
2167.492,296.344
2168.493,299.934
2169.494,303.129
2170.495,305.945
2171.496,308.323
2172.497,310.269
2173.498,311.734
2174.499,312.850
2175.500,313.413
2176.501,313.618
2177.502,313.309
2178.503,312.533
2179.504,311.226
2180.505,309.561
2181.506,307.377
2182.507,304.697
2183.508,301.605
2184.509,298.029
2185.510,293.988
2186.511,289.490
2187.512,284.619
2188.513,279.267
2189.514,273.517
2190.515,267.349
2191.516,260.817
2192.517,253.861
2193.518,246.599
2194.519,238.975
2195.520,231.013
2196.521,222.835
2197.521,214.297
2198.522,205.496
2199.523,196.455
2200.524,187.254
2201.525,177.799
2202.526,168.184
2203.527,158.468
2204.528,148.571
2205.529,138.599
2206.530,128.577
2207.531,118.578
2208.532,108.447
2209.533,98.438
2210.534,88.381
2211.535,78.420
2212.536,68.577
2213.537,58.854
2214.538,49.335
2215.539,39.901
2216.540,30.747
2217.541,21.838
2218.542,20.000
2219.543,20.000
2220.544,20.000
2221.545,20.000
2222.546,20.000
2223.547,20.000
2224.548,20.000
2225.549,20.000
2226.550,20.000
2227.551,20.000
2228.552,20.000
2229.553,20.000
2230.554,20.000
2231.555,20.000
2232.556,20.000
2233.557,20.000
2234.558,20.000
2235.559,20.000
2236.560,20.000
2237.561,20.000
2238.562,20.000
2239.563,20.000
2240.563,20.000
2241.564,20.000
2242.565,20.000
2243.566,20.000
2244.567,20.000
2245.568,20.006
2246.569,20.178
2247.570,20.739
2248.571,21.635
2249.572,22.863
2250.573,24.487
2251.574,26.472
2252.575,28.741
2253.576,31.435
2254.577,34.439
2255.578,37.738
2256.579,41.413
2257.580,45.352
2258.581,49.665
2259.582,54.268
2260.583,59.180
2261.584,64.308
2262.585,69.797
2263.586,75.540
2264.587,81.518
2265.588,87.635
2266.589,94.036
2267.590,100.651
2268.591,107.392
2269.592,114.313
2270.593,121.312
2271.594,128.496
2272.595,135.792
2273.596,143.154
2274.597,150.603
2275.598,158.080
2276.599,165.611
2277.600,173.080
2278.601,180.601
2279.602,188.017
2280.603,195.405
2281.604,202.737
2282.604,209.945
2283.605,217.022
2284.606,223.957
2285.607,230.687
2286.608,237.271
2287.609,243.682
2288.610,249.834
2289.611,255.702
2290.612,261.336
2291.613,266.738
2292.614,271.776
2293.615,276.582
2294.616,281.000
2295.617,285.093
2296.618,288.815
2297.619,292.142
2298.620,295.137
2299.621,297.698
2300.622,299.800
2301.623,301.572
2302.624,302.850
2303.625,303.731
2304.626,304.209
2305.627,304.199
2306.628,303.773
2307.629,302.882
2308.630,301.568
2309.631,299.739
2310.632,297.492
2311.633,294.848
2312.634,291.707
2313.635,288.125
2314.636,284.114
2315.637,279.660
2316.638,274.757
2317.639,269.491
2318.640,263.822
2319.641,257.764
2320.642,251.342
2321.643,244.560
2322.644,237.490
2323.645,230.041
2324.646,222.354
2325.646,214.306
2326.647,206.004
2327.648,197.504
2328.649,188.813
2329.650,179.847
2330.651,170.748
2331.652,161.524
2332.653,152.089
2333.654,142.581
2334.655,133.051
2335.656,123.424
2336.657,113.740
2337.658,104.082
2338.659,94.418
2339.660,84.865
2340.661,75.338
2341.662,65.949
2342.663,56.674
2343.664,47.552
2344.665,38.606
2345.666,29.910
2346.667,21.458
2347.668,20.000
2348.669,20.000
2349.670,20.000
2350.671,20.000
2351.672,20.000
2352.673,20.000
2353.674,20.000
2354.675,20.000
2355.676,20.000
2356.677,20.000
2357.678,20.000
2358.679,20.000
2359.680,20.000
2360.681,20.000
2361.682,20.000
2362.683,20.000
2363.684,20.000
2364.685,20.000
2365.686,20.000
2366.687,20.000
2367.688,20.000
2368.688,20.000
2369.689,20.000
2370.690,20.000
2371.691,20.000
2372.692,20.000
2373.693,20.000
2374.694,20.299
2375.695,20.866
2376.696,21.734
2377.697,22.925
2378.698,24.462
2379.699,26.432
2380.700,28.707
2381.701,31.280
2382.702,34.212
2383.703,37.453
2384.704,41.055
2385.705,44.942
2386.706,49.144
2387.707,53.675
2388.708,58.426
2389.709,63.520
2390.710,68.871
2391.711,74.369
2392.712,80.210
2393.713,86.224
2394.714,92.470
2395.715,98.930
2396.716,105.571
2397.717,112.398
2398.718,119.314
2399.719,126.348
2400.720,133.494
2401.721,140.729
2402.722,148.020
2403.723,155.367
2404.724,162.733
2405.725,170.129
2406.726,177.434
2407.727,184.762
2408.728,192.051
2409.729,199.176
2410.729,206.250
2411.730,213.221
2412.731,220.071
2413.732,226.711
2414.733,233.182
2415.734,239.458
2416.735,245.495
2417.736,251.301
2418.737,256.811
2419.738,262.149
2420.739,267.139
2421.740,271.793
2422.741,276.131
2423.742,280.161
2424.743,283.809
2425.744,287.140
2426.745,290.051
2427.746,292.625
2428.747,294.734
2429.748,296.495
2430.749,297.793
2431.750,298.681
2432.751,299.118
2433.752,299.198
2434.753,298.750
2435.754,297.916
2436.755,296.596
2437.756,294.869
2438.757,292.733
2439.758,290.074
2440.759,287.006
2441.760,283.506
2442.761,279.582
2443.762,275.194
2444.763,270.376
2445.764,265.297
2446.765,259.739
2447.766,253.818
2448.767,247.557
2449.768,240.931
2450.769,233.989
2451.770,226.744
2452.771,219.194
2453.771,211.386
2454.772,203.287
2455.773,194.972
2456.774,186.410
2457.775,177.657
2458.776,168.717
2459.777,159.641
2460.778,150.425
2461.779,141.102
2462.780,131.734
2463.781,122.290
2464.782,112.800
2465.783,103.355
2466.784,93.920
2467.785,84.501
2468.786,75.195
2469.787,65.998
2470.788,56.854
2471.789,47.958
2472.790,39.181
2473.791,30.600
2474.792,22.312
2475.793,20.000
2476.794,20.000
2477.795,20.000
2478.796,20.000
2479.797,20.000
2480.798,20.000
2481.799,20.000
2482.800,20.000
2483.801,20.000
2484.802,20.000
2485.803,20.000
2486.804,20.000
2487.805,20.000
2488.806,20.000
2489.807,20.000
2490.808,20.000
2491.809,20.000
2492.810,20.000
2493.811,20.000
2494.812,20.000
2495.813,20.000
2496.813,20.000
2497.814,20.000
2498.815,20.000
2499.816,20.000
2500.817,20.000
2501.818,20.000
2502.819,20.253
2503.820,20.803
2504.821,21.724
2505.822,22.898
2506.823,24.482
2507.824,26.395
2508.825,28.680
2509.826,31.213
2510.827,34.154
2511.828,37.305
2512.829,40.850
2513.830,44.686
2514.831,48.839
2515.832,53.289
2516.833,57.994
2517.834,63.024
2518.835,68.258
2519.836,73.763
2520.837,79.515
2521.838,85.449
2522.839,91.645
2523.840,97.990
2524.841,104.489
2525.842,111.193
2526.843,118.022
2527.844,124.971
2528.845,131.990
2529.846,139.118
2530.847,146.266
2531.848,153.498
2532.849,160.717
2533.850,167.969
2534.851,175.198
2535.852,182.405
2536.853,189.528
2537.854,196.522
2538.854,203.517
2539.855,210.320
2540.856,217.027
2541.857,223.560
2542.858,229.937
2543.859,236.052
2544.860,242.000
2545.861,247.676
2546.862,253.111
2547.863,258.251
2548.864,263.154
2549.865,267.750
2550.866,272.016
2551.867,275.871
2552.868,279.477
2553.869,282.710
2554.870,285.522
2555.871,288.021
2556.872,290.083
2557.873,291.733
2558.874,292.975
2559.875,293.891
2560.876,294.263
2561.877,294.316
2562.878,293.852
2563.879,293.013
2564.880,291.709
2565.881,289.977
2566.882,287.846
2567.883,285.260
2568.884,282.215
2569.885,278.770
2570.886,274.859
2571.887,270.612
2572.888,265.943
2573.889,260.902
2574.890,255.474
2575.891,249.639
2576.892,243.461
2577.893,236.965
2578.894,230.135
2579.895,222.974
2580.896,215.545
2581.896,207.858
2582.897,199.900
2583.898,191.690
2584.899,183.264
2585.900,174.660
2586.901,165.944
2587.902,157.017
2588.903,147.966
2589.904,138.827
2590.905,129.609
2591.906,120.326
2592.907,111.064
2593.908,101.799
2594.909,92.509
2595.910,83.297
2596.911,74.157
2597.912,65.059
2598.913,56.190
2599.914,47.422
2600.915,38.832
2601.916,30.470
2602.917,22.323
2603.918,20.000
2604.919,20.000
2605.920,20.000
2606.921,20.000
2607.922,20.000
2608.923,20.000
2609.924,20.000
2610.925,20.000
2611.926,20.000
2612.927,20.000
2613.928,20.000
2614.929,20.000
2615.930,20.000
2616.931,20.000
2617.932,20.000
2618.933,20.000
2619.934,20.000
2620.935,20.000
2621.936,20.000
2622.937,20.000
2623.938,20.000
2624.938,20.000
2625.939,20.000
2626.940,20.000
2627.941,20.000
2628.942,20.000
2629.943,20.032
2630.944,20.381
2631.945,21.002
2632.946,21.970
2633.947,23.262
2634.948,24.896
2635.949,26.868
2636.950,29.147
2637.951,31.803
2638.952,34.725
2639.953,37.951
2640.954,41.488
2641.955,45.316
2642.956,49.481
2643.957,53.945
2644.958,58.654
2645.959,63.607
2646.960,68.843
2647.961,74.312
2648.962,80.007
2649.963,85.885
2650.964,91.982
2651.965,98.248
2652.966,104.707
2653.967,111.313
2654.968,118.021
2655.969,124.862
2656.970,131.793
2657.971,138.855
2658.972,145.872
2659.973,153.021
2660.974,160.132
2661.975,167.249
2662.976,174.372
2663.977,181.442
2664.978,188.455
2665.979,195.328
2666.979,202.152
2667.980,208.865
2668.981,215.397
2669.982,221.803
2670.983,228.016
2671.984,234.024
2672.985,239.828
2673.986,245.387
2674.987,250.695
2675.988,255.707
2676.989,260.439
2677.990,264.907
2678.991,269.016
2679.992,272.834
2680.993,276.294
2681.994,279.391
2682.995,282.143
2683.996,284.473
2684.997,286.467
2685.998,287.998
2686.999,289.106
2688.000,289.859
2689.001,290.209
2690.002,290.137
2691.003,289.617
2692.004,288.656
2693.005,287.257
2694.006,285.479
2695.007,283.212
2696.008,280.563
2697.009,277.512
2698.010,274.069
2699.011,270.162
2700.012,265.832
2701.013,261.186
2702.014,256.150
2703.015,250.713
2704.016,244.936
2705.017,238.791
2706.018,232.357
2707.019,225.561
2708.020,218.516
2709.021,211.141
2710.021,203.512
2711.022,195.667
2712.023,187.545
2713.024,179.270
2714.025,170.813
2715.026,162.144
2716.027,153.307
2717.028,144.406
2718.029,135.385
2719.030,126.298
2720.031,117.206
2721.032,108.001
2722.033,98.889
2723.034,89.794
2724.035,80.731
2725.036,71.732
2726.037,62.861
2727.038,54.093
2728.039,45.487
2729.040,37.105
2730.041,28.896
2731.042,20.913
2732.043,20.000
2733.044,20.000
2734.045,20.000
2735.046,20.000
2736.047,20.000
2737.048,20.000
2738.049,20.000
2739.050,20.000
2740.051,20.000
2741.052,20.000
2742.053,20.000
2743.054,20.000
2744.055,20.000
2745.056,20.000
2746.057,20.000
2747.058,20.000
2748.059,20.000
2749.060,20.000
2750.061,20.000
2751.062,20.000
2752.063,20.000
2753.063,20.000
2754.064,20.000
2755.065,20.000
2756.066,20.000
2757.067,20.000
2758.068,20.083
2759.069,20.437
2760.070,21.138
2761.071,22.170
2762.072,23.510
2763.073,25.243
2764.074,27.231
2765.075,29.562
2766.076,32.226
2767.077,35.232
2768.078,38.446
2769.079,42.094
2770.080,45.995
2771.081,50.144
2772.082,54.613
2773.083,59.299
2774.084,64.286
2775.085,69.450
2776.086,74.926
2777.087,80.578
2778.088,86.425
2779.089,92.516
2780.090,98.771
2781.091,105.162
2782.092,111.720
2783.093,118.368
2784.094,125.157
2785.095,131.995
2786.096,138.904
2787.097,145.886
2788.098,152.882
2789.099,159.918
2790.100,166.943
2791.101,173.942
2792.102,180.888
2793.103,187.771
2794.104,194.591
2795.104,201.264
2796.105,207.833
2797.106,214.285
2798.107,220.541
2799.108,226.619
2800.109,232.479
2801.110,238.096
2802.111,243.508
2803.112,248.713
2804.113,253.602
2805.114,258.236
2806.115,262.552
2807.116,266.539
2808.117,270.201
2809.118,273.533
2810.119,276.508
2811.120,279.125
2812.121,281.366
2813.122,283.246
2814.123,284.723
2815.124,285.744
2816.125,286.389
2817.126,286.631
2818.127,286.432
2819.128,285.844
2820.129,284.867
2821.130,283.453
2822.131,281.604
2823.132,279.297
2824.133,276.602
2825.134,273.503
2826.135,269.988
2827.136,266.051
2828.137,261.803
2829.138,257.084
2830.139,252.006
2831.140,246.549
2832.141,240.770
2833.142,234.662
2834.143,228.217
2835.144,221.461
2836.145,214.408
2837.146,207.068
2838.146,199.495
2839.147,191.663
2840.148,183.578
2841.149,175.352
2842.150,166.901
2843.151,158.322
2844.152,149.548
2845.153,140.750
2846.154,131.833
2847.155,122.843
2848.156,113.807
2849.157,104.770
2850.158,95.763
2851.159,86.763
2852.160,77.834
2853.161,68.982
2854.162,60.218
2855.163,51.615
2856.164,43.182
2857.165,34.954
2858.166,26.823
2859.167,20.000
2860.168,20.000
2861.169,20.000
2862.170,20.000
2863.171,20.000
2864.172,20.000
2865.173,20.000
2866.174,20.000
2867.175,20.000
2868.176,20.000
2869.177,20.000
2870.178,20.000
2871.179,20.000
2872.180,20.000
2873.181,20.000
2874.182,20.000
2875.183,20.000
2876.184,20.000
2877.185,20.000
2878.186,20.000
2879.187,20.000
2880.188,20.000
2881.188,20.000
2882.189,20.000
2883.190,20.000
2884.191,20.000
2885.192,20.000
2886.193,20.150
2887.194,20.569
2888.195,21.292
2889.196,22.327
2890.197,23.700
2891.198,25.413
2892.199,27.472
2893.200,29.834
2894.201,32.546
2895.202,35.539
2896.203,38.871
2897.204,42.423
2898.205,46.339
2899.206,50.473
2900.207,54.874
2901.208,59.601
2902.209,64.561
2903.210,69.707
2904.211,75.107
2905.212,80.758
2906.213,86.595
2907.214,92.612
2908.215,98.732
2909.216,105.086
2910.217,111.563
2911.218,118.167
2912.219,124.805
2913.220,131.634
2914.221,138.432
2915.222,145.316
2916.223,152.229
2917.224,159.180
2918.225,166.123
2919.226,172.990
2920.227,179.906
2921.228,186.616
2922.229,193.391
2923.229,199.925
2924.230,206.383
2925.231,212.713
2926.232,218.879
2927.233,224.844
2928.234,230.623
2929.235,236.166
2930.236,241.449
2931.237,246.535
2932.238,251.330
2933.239,255.848
2934.240,260.039
2935.241,263.941
2936.242,267.510
2937.243,270.701
2938.244,273.615
2939.245,276.103
2940.246,278.275
2941.247,280.053
2942.248,281.388
2943.249,282.406
2944.250,282.975
2945.251,283.107
2946.252,282.877
2947.253,282.258
2948.254,281.200
2949.255,279.711
2950.256,277.836
2951.257,275.486
2952.258,272.780
2953.259,269.627
2954.260,266.147
2955.261,262.221
2956.262,257.914
2957.263,253.270
2958.264,248.240
2959.265,242.832
2960.266,237.098
2961.267,230.996
2962.268,224.614
2963.269,217.922
2964.270,210.939
2965.271,203.695
2966.271,196.212
2967.272,188.471
2968.273,180.512
2969.274,172.370
2970.275,164.057
2971.276,155.624
2972.277,146.984
2973.278,138.292
2974.279,129.528
2975.280,120.636
2976.281,111.742
2977.282,102.879
2978.283,93.966
2979.284,85.149
2980.285,76.315
2981.286,67.633
2982.287,59.039
2983.288,50.578
2984.289,42.275
2985.290,34.117
2986.291,26.183
2987.292,20.000
2988.293,20.000
2989.294,20.000
2990.295,20.000
2991.296,20.000
2992.297,20.000
2993.298,20.000
2994.299,20.000
2995.300,20.000
2996.301,20.000
2997.302,20.000
2998.303,20.000
2999.304,20.000
3000.305,20.000
3001.306,20.000
3002.307,20.000
3003.308,20.000
3004.309,20.000
3005.310,20.000
3006.311,20.000
3007.312,20.000
3008.313,20.000
3009.313,20.000
3010.314,20.000
3011.315,20.000
3012.316,20.000
3013.317,20.000
3014.318,20.080
3015.319,20.511
3016.320,21.309
3017.321,22.394
3018.322,23.786
3019.323,25.563
3020.324,27.645
3021.325,30.032
3022.326,32.747
3023.327,35.716
3024.328,39.012
3025.329,42.604
3026.330,46.463
3027.331,50.670
3028.332,55.106
3029.333,59.800
3030.334,64.734
3031.335,69.912
3032.336,75.295
3033.337,80.865
3034.338,86.715
3035.339,92.683
3036.340,98.873
3037.341,105.206
3038.342,111.632
3039.343,118.186
3040.344,124.852
3041.345,131.608
3042.346,138.320
3043.347,145.221
3044.348,152.037
3045.349,158.938
3046.350,165.814
3047.351,172.637
3048.352,179.391
3049.353,186.100
3050.354,192.705
3051.354,199.250
3052.355,205.621
3053.356,211.866
3054.357,217.950
3055.358,223.824
3056.359,229.494
3057.360,234.972
3058.361,240.203
3059.362,245.176
3060.363,249.860
3061.364,254.270
3062.365,258.379
3063.366,262.215
3064.367,265.720
3065.368,268.842
3066.369,271.610
3067.370,274.014
3068.371,276.062
3069.372,277.717
3070.373,279.031
3071.374,279.906
3072.375,280.418
3073.376,280.461
3074.377,280.149
3075.378,279.420
3076.379,278.228
3077.380,276.719
3078.381,274.740
3079.382,272.409
3080.383,269.619
3081.384,266.459
3082.385,262.840
3083.386,258.863
3084.387,254.496
3085.388,249.744
3086.389,244.740
3087.390,239.229
3088.391,233.433
3089.392,227.330
3090.393,220.945
3091.394,214.172
3092.395,207.162
3093.396,199.964
3094.396,192.459
3095.397,184.719
3096.398,176.751
3097.399,168.631
3098.400,160.338
3099.401,151.875
3100.402,143.328
3101.403,134.679
3102.404,125.892
3103.405,117.046
3104.406,108.286
3105.407,99.467
3106.408,90.634
3107.409,81.850
3108.410,73.166
3109.411,64.550
3110.412,56.019
3111.413,47.678
3112.414,39.476
3113.415,31.458
3114.416,23.686
3115.417,20.000
3116.418,20.000
3117.419,20.000
3118.420,20.000
3119.421,20.000
3120.422,20.000
3121.423,20.000
3122.424,20.000
3123.425,20.000
3124.426,20.000
3125.427,20.000
3126.428,20.000
3127.429,20.000
3128.430,20.000
3129.431,20.000
3130.432,20.000
3131.433,20.000
3132.434,20.000
3133.435,20.000
3134.436,20.000
3135.437,20.000
3136.438,20.000
3137.438,20.000
3138.439,20.000
3139.440,20.000
3140.441,20.000
3141.442,20.000
3142.443,20.182
3143.444,20.693
3144.445,21.501
3145.446,22.632
3146.447,24.054
3147.448,25.809
3148.449,27.889
3149.450,30.270
3150.451,33.007
3151.452,36.024
3152.453,39.333
3153.454,42.935
3154.455,46.816
3155.456,50.974
3156.457,55.394
3157.458,60.103
3158.459,65.030
3159.460,70.198
3160.461,75.617
3161.462,81.271
3162.463,87.053
3163.464,93.035
3164.465,99.182
3165.466,105.468
3166.467,111.819
3167.468,118.314
3168.469,124.936
3169.470,131.582
3170.471,138.334
3171.472,145.163
3172.473,151.901
3173.474,158.719
3174.475,165.501
3175.476,172.189
3176.477,178.916
3177.478,185.572
3178.479,192.110
3179.479,198.523
3180.480,204.809
3181.481,210.932
3182.482,216.903
3183.483,222.678
3184.484,228.255
3185.485,233.617
3186.486,238.714
3187.487,243.534
3188.488,248.141
3189.489,252.461
3190.490,256.465
3191.491,260.154
3192.492,263.506
3193.493,266.490
3194.494,269.187
3195.495,271.522
3196.496,273.440
3197.497,275.019
3198.498,276.256
3199.499,277.024
3200.500,277.455
3201.501,277.397
3202.502,277.073
3203.503,276.235
3204.504,275.023
3205.505,273.381
3206.506,271.342
3207.507,268.906
3208.508,266.139
3209.509,262.893
3210.510,259.270
3211.511,255.242
3212.512,250.879
3213.513,246.119
3214.514,241.035
3215.515,235.559
3216.516,229.772
3217.517,223.641
3218.518,217.244
3219.519,210.572
3220.520,203.592
3221.521,196.354
3222.521,188.876
3223.522,181.189
3224.523,173.300
3225.524,165.220
3226.525,156.990
3227.526,148.632
3228.527,140.150
3229.528,131.550
3230.529,122.933
3231.530,114.220
3232.531,105.499
3233.532,96.752
3234.533,88.016
3235.534,79.339
3236.535,70.769
3237.536,62.250
3238.537,53.854
3239.538,45.649
3240.539,37.532
3241.540,29.649
3242.541,21.955
3243.542,20.000
3244.543,20.000
3245.544,20.000
3246.545,20.000
3247.546,20.000
3248.547,20.000
3249.548,20.000
3250.549,20.000
3251.550,20.000
3252.551,20.000
3253.552,20.000
3254.553,20.000
3255.554,20.000
3256.555,20.000
3257.556,20.000
3258.557,20.000
3259.558,20.000
3260.559,20.000
3261.560,20.000
3262.561,20.000
3263.562,20.000
3264.563,20.000
3265.563,20.000
3266.564,20.000
3267.565,20.000
3268.566,20.000
3269.567,20.004
3270.568,20.320
3271.569,20.919
3272.570,21.863
3273.571,23.049
3274.572,24.592
3275.573,26.449
3276.574,28.610
3277.575,31.070
3278.576,33.795
3279.577,36.825
3280.578,40.203
3281.579,43.811
3282.580,47.691
3283.581,51.829
3284.582,56.249
3285.583,60.882
3286.584,65.772
3287.585,70.917
3288.586,76.259
3289.587,81.786
3290.588,87.532
3291.589,93.466
3292.590,99.485
3293.591,105.659
3294.592,112.028
3295.593,118.460
3296.594,125.037
3297.595,131.636
3298.596,138.297
3299.597,144.918
3300.598,151.641
3301.599,158.342
3302.600,165.049
3303.601,171.723
3304.602,178.362
3305.603,184.852
3306.604,191.274
3307.604,197.574
3308.605,203.792
3309.606,209.771
3310.607,215.660
3311.608,221.340
3312.609,226.792
3313.610,232.045
3314.611,237.053
3315.612,241.843
3316.613,246.315
3317.614,250.496
3318.615,254.390
3319.616,257.996
3320.617,261.272
3321.618,264.182
3322.619,266.791
3323.620,269.038
3324.621,270.924
3325.622,272.379
3326.623,273.488
3327.624,274.236
3328.625,274.569
3329.626,274.473
3330.627,274.012
3331.628,273.103
3332.629,271.840
3333.630,270.172
3334.631,268.063
3335.632,265.528
3336.633,262.677
3337.634,259.393
3338.635,255.723
3339.636,251.678
3340.637,247.294
3341.638,242.518
3342.639,237.420
3343.640,231.930
3344.641,226.213
3345.642,220.094
3346.643,213.707
3347.644,207.051
3348.645,200.103
3349.646,192.951
3350.646,185.485
3351.647,177.902
3352.648,170.071
3353.649,162.109
3354.650,153.947
3355.651,145.667
3356.652,137.275
3357.653,128.785
3358.654,120.256
3359.655,111.685
3360.656,103.060
3361.657,94.474
3362.658,85.874
3363.659,77.360
3364.660,68.927
3365.661,60.551
3366.662,52.343
3367.663,44.286
3368.664,36.364
3369.665,28.650
3370.666,21.164
3371.667,20.000
3372.668,20.000
3373.669,20.000
3374.670,20.000
3375.671,20.000
3376.672,20.000
3377.673,20.000
3378.674,20.000
3379.675,20.000
3380.676,20.000
3381.677,20.000
3382.678,20.000
3383.679,20.000
3384.680,20.000
3385.681,20.000
3386.682,20.000
3387.683,20.000
3388.684,20.000
3389.685,20.000
3390.686,20.000
3391.687,20.000
3392.688,20.000
3393.688,20.000
3394.689,20.000
3395.690,20.000
3396.691,20.000
3397.692,20.052
3398.693,20.405
3399.694,21.096
3400.695,22.075
3401.696,23.339
3402.697,24.887
3403.698,26.824
3404.699,29.030
3405.700,31.565
3406.701,34.392
3407.702,37.512
3408.703,40.903
3409.704,44.601
3410.705,48.557
3411.706,52.743
3412.707,57.236
3413.708,61.983
3414.709,66.887
3415.710,72.025
3416.711,77.395
3417.712,82.933
3418.713,88.692
3419.714,94.607
3420.715,100.629
3421.716,106.857
3422.717,113.123
3423.718,119.494
3424.719,125.967
3425.720,132.575
3426.721,139.106
3427.722,145.759
3428.723,152.398
3429.724,159.001
3430.725,165.643
3431.726,172.171
3432.727,178.668
3433.728,185.088
3434.729,191.376
3435.729,197.596
3436.730,203.745
3437.731,209.639
3438.732,215.385
3439.733,220.949
3440.734,226.335
3441.735,231.461
3442.736,236.342
3443.737,240.961
3444.738,245.301
3445.739,249.450
3446.740,253.220
3447.741,256.678
3448.742,259.863
3449.743,262.653
3450.744,265.196
3451.745,267.249
3452.746,269.007
3453.747,270.381
3454.748,271.397
3455.749,271.988
3456.750,272.238
3457.751,272.061
3458.752,271.451
3459.753,270.471
3460.754,269.141
3461.755,267.367
3462.756,265.185
3463.757,262.664
3464.758,259.723
3465.759,256.427
3466.760,252.689
3467.761,248.589
3468.762,244.141
3469.763,239.342
3470.764,234.207
3471.765,228.715
3472.766,222.914
3473.767,216.750
3474.768,210.395
3475.769,203.703
3476.770,196.769
3477.771,189.595
3478.771,182.138
3479.772,174.520
3480.773,166.661
3481.774,158.707
3482.775,150.591
3483.776,142.330
3484.777,133.934
3485.778,125.475
3486.779,116.941
3487.780,108.408
3488.781,99.872
3489.782,91.330
3490.783,82.798
3491.784,74.352
3492.785,66.004
3493.786,57.727
3494.787,49.557
3495.788,41.538
3496.789,33.739
3497.790,26.100
3498.791,20.000
3499.792,20.000
3500.793,20.000
3501.794,20.000
3502.795,20.000
3503.796,20.000
3504.797,20.000
3505.798,20.000
3506.799,20.000
3507.800,20.000
3508.801,20.000
3509.802,20.000
3510.803,20.000
3511.804,20.000
3512.805,20.000
3513.806,20.000
3514.807,20.000
3515.808,20.000
3516.809,20.000
3517.810,20.000
3518.811,20.000
3519.812,20.000
3520.813,20.000
3521.813,20.000
3522.814,20.000
3523.815,20.000
3524.816,20.000
3525.817,20.188
3526.818,20.616
3527.819,21.321
3528.820,22.372
3529.821,23.653
3530.822,25.318
3531.823,27.239
3532.824,29.449
3533.825,32.018
3534.826,34.863
3535.827,37.923
3536.828,41.369
3537.829,45.046
3538.830,48.971
3539.831,53.235
3540.832,57.626
3541.833,62.355
3542.834,67.258
3543.835,72.415
3544.836,77.700
3545.837,83.275
3546.838,89.025
3547.839,94.889
3548.840,100.868
3549.841,106.987
3550.842,113.300
3551.843,119.640
3552.844,126.087
3553.845,132.591
3554.846,139.155
3555.847,145.699
3556.848,152.277
3557.849,158.899
3558.850,165.432
3559.851,171.912
3560.852,178.388
3561.853,184.711
3562.854,190.972
3563.854,197.110
3564.855,203.070
3565.856,208.928
3566.857,214.590
3567.858,220.047
3568.859,225.330
3569.860,230.361
3570.861,235.151
3571.862,239.691
3572.863,243.958
3573.864,247.943
3574.865,251.658
3575.866,255.070
3576.867,258.115
3577.868,260.801
3578.869,263.168
3579.870,265.195
3580.871,266.865
3581.872,268.156
3582.873,269.075
3583.874,269.584
3584.875,269.728
3585.876,269.459
3586.877,268.879
3587.878,267.830
3588.879,266.402
3589.880,264.530
3590.881,262.310
3591.882,259.711
3592.883,256.697
3593.884,253.344
3594.885,249.622
3595.886,245.553
3596.887,241.086
3597.888,236.260
3598.889,231.133
3599.890,225.643
3600.891,219.832
3601.892,213.716
3602.893,207.369
3603.894,200.661
3604.895,193.740
3605.896,186.574
3606.896,179.185
3607.897,171.641
3608.898,163.846
3609.899,155.925
3610.900,147.817
3611.901,139.634
3612.902,131.356
3613.903,122.989
3614.904,114.568
3615.905,106.107
3616.906,97.619
3617.907,89.148
3618.908,80.765
3619.909,72.366
3620.910,64.100
3621.911,55.922
3622.912,47.862
3623.913,39.999
3624.914,32.315
3625.915,24.795
3626.916,20.000
3627.917,20.000
3628.918,20.000
3629.919,20.000
3630.920,20.000
3631.921,20.000
3632.922,20.000
3633.923,20.000
3634.924,20.000
3635.925,20.000
3636.926,20.000
3637.927,20.000
3638.928,20.000
3639.929,20.000
3640.930,20.000
3641.931,20.000
3642.932,20.000
3643.933,20.000
3644.934,20.000
3645.935,20.000
3646.936,20.000
3647.937,20.000
3648.938,20.000
3649.938,20.000
3650.939,20.000
3651.940,20.000
3652.941,20.000
3653.942,20.261
3654.943,20.795
3655.944,21.553
3656.945,22.579
3657.946,24.026
3658.947,25.734
3659.948,27.722
3660.949,30.000
3661.950,32.601
3662.951,35.461
3663.952,38.579
3664.953,42.028
3665.954,45.696
3666.955,49.695
3667.956,53.913
3668.957,58.412
3669.958,63.132
3670.959,68.041
3671.960,73.207
3672.961,78.498
3673.962,84.056
3674.963,89.778
3675.964,95.580
3676.965,101.594
3677.966,107.686
3678.967,113.928
3679.968,120.264
3680.969,126.658
3681.970,133.111
3682.971,139.667
3683.972,146.156
3684.973,152.673
3685.974,159.153
3686.975,165.610
3687.976,172.064
3688.977,178.445
3689.978,184.668
3690.979,190.822
3691.979,196.883
3692.980,202.762
3693.981,208.531
3694.982,214.059
3695.983,219.449
3696.984,224.623
3697.985,229.570
3698.986,234.253
3699.987,238.703
3700.988,242.914
3701.989,246.774
3702.990,250.340
3703.991,253.588
3704.992,256.539
3705.993,259.166
3706.994,261.426
3707.995,263.338
3708.996,264.891
3709.997,266.077
3710.998,266.862
3711.999,267.315
3713.000,267.367
3714.001,266.991
3715.002,266.262
3716.003,265.148
3717.004,263.646
3718.005,261.769
3719.006,259.455
3720.007,256.853
3721.008,253.771
3722.009,250.375
3723.010,246.568
3724.011,242.428
3725.012,237.873
3726.013,233.003
3727.014,227.816
3728.015,222.313
3729.016,216.502
3730.017,210.373
3731.018,203.995
3732.019,197.361
3733.020,190.449
3734.021,183.367
3735.021,176.010
3736.022,168.482
3737.023,160.760
3738.024,152.866
3739.025,144.824
3740.026,136.712
3741.027,128.498
3742.028,120.194
3743.029,111.854
3744.030,103.507
3745.031,95.087
3746.032,86.734
3747.033,78.448
3748.034,70.181
3749.035,62.027
3750.036,53.965
3751.037,46.061
3752.038,38.342
3753.039,30.787
3754.040,23.407
3755.041,20.000
3756.042,20.000
3757.043,20.000
3758.044,20.000
3759.045,20.000
3760.046,20.000
3761.047,20.000
3762.048,20.000
3763.049,20.000
3764.050,20.000
3765.051,20.000
3766.052,20.000
3767.053,20.000
3768.054,20.000
3769.055,20.000
3770.056,20.000
3771.057,20.000
3772.058,20.000
3773.059,20.000
3774.060,20.000
3775.061,20.000
3776.062,20.000
3777.063,20.000
3778.063,20.000
3779.064,20.000
3780.065,20.000
3781.066,20.000
3782.067,20.308
3783.068,20.889
3784.069,21.751
3785.070,22.928
3786.071,24.405
3787.072,26.205
3788.073,28.265
3789.074,30.638
3790.075,33.299
3791.076,36.320
3792.077,39.555
3793.078,43.115
3794.079,46.889
3795.080,50.882
3796.081,55.140
3797.082,59.676
3798.083,64.427
3799.084,69.363
3800.085,74.476
3801.086,79.800
3802.087,85.325
3803.088,91.006
3804.089,96.835
3805.090,102.805
3806.091,108.888
3807.092,115.088
3808.093,121.363
3809.094,127.722
3810.095,134.081
3811.096,140.527
3812.097,147.006
3813.098,153.472
3814.099,159.917
3815.100,166.302
3816.101,172.652
3817.102,178.921
3818.103,185.086
3819.104,191.188
3820.104,197.153
3821.105,202.945
3822.106,208.580
3823.107,214.085
3824.108,219.289
3825.109,224.369
3826.110,229.130
3827.111,233.693
3828.112,237.990
3829.113,242.014
3830.114,245.782
3831.115,249.242
3832.116,252.349
3833.117,255.154
3834.118,257.646
3835.119,259.789
3836.120,261.555
3837.121,262.950
3838.122,264.037
3839.123,264.675
3840.124,264.980
3841.125,264.901
3842.126,264.447
3843.127,263.666
3844.128,262.395
3845.129,260.786
3846.130,258.789
3847.131,256.382
3848.132,253.647
3849.133,250.506
3850.134,247.035
3851.135,243.199
3852.136,238.986
3853.137,234.422
3854.138,229.546
3855.139,224.303
3856.140,218.754
3857.141,212.961
3858.142,206.838
3859.143,200.445
3860.144,193.772
3861.145,186.865
3862.146,179.709
3863.146,172.393
3864.147,164.880
3865.148,157.180
3866.149,149.346
3867.150,141.372
3868.151,133.302
3869.152,125.169
3870.153,116.907
3871.154,108.612
3872.155,100.383
3873.156,92.125
3874.157,83.851
3875.158,75.601
3876.159,67.493
3877.160,59.482
3878.161,51.538
3879.162,43.750
3880.163,36.186
3881.164,28.732
3882.165,21.513
3883.166,20.000
3884.167,20.000
3885.168,20.000
3886.169,20.000
3887.170,20.000
3888.171,20.000
3889.172,20.000
3890.173,20.000
3891.174,20.000
3892.175,20.000
3893.176,20.000
3894.177,20.000
3895.178,20.000
3896.179,20.000
3897.180,20.000
3898.181,20.000
3899.182,20.000
3900.183,20.000
3901.184,20.000
3902.185,20.000
3903.186,20.000
3904.187,20.000
3905.188,20.000
3906.188,20.000
3907.189,20.000
3908.190,20.000
3909.191,20.125
3910.192,20.489
3911.193,21.161
3912.194,22.159
3913.195,23.454
3914.196,25.050
3915.197,26.922
3916.198,29.098
3917.199,31.545
3918.200,34.314
3919.201,37.283
3920.202,40.577
3921.203,44.201
3922.204,47.994
3923.205,52.057
3924.206,56.376
3925.207,60.901
3926.208,65.670
3927.209,70.667
3928.210,75.833
3929.211,81.285
3930.212,86.812
3931.213,92.545
3932.214,98.384
3933.215,104.365
3934.216,110.497
3935.217,116.684
3936.218,122.898
3937.219,129.249
3938.220,135.589
3939.221,142.019
3940.222,148.449
3941.223,154.805
3942.224,161.179
3943.225,167.484
3944.226,173.776
3945.227,179.947
3946.228,186.028
3947.229,191.992
3948.229,197.836
3949.230,203.500
3950.231,209.055
3951.232,214.379
3952.233,219.531
3953.234,224.421
3954.235,229.111
3955.236,233.549
3956.237,237.771
3957.238,241.623
3958.239,245.220
3959.240,248.576
3960.241,251.516
3961.242,254.251
3962.243,256.557
3963.244,258.548
3964.245,260.146
3965.246,261.498
3966.247,262.430
3967.248,262.959
3968.249,263.112
3969.250,262.905
3970.251,262.316
3971.252,261.398
3972.253,260.028
3973.254,258.268
3974.255,256.172
3975.256,253.670
3976.257,250.832
3977.258,247.590
3978.259,243.957
3979.260,239.975
3980.261,235.622
3981.262,230.998
3982.263,226.046
3983.264,220.759
3984.265,215.102
3985.266,209.230
3986.267,203.022
3987.268,196.594
3988.269,189.878
3989.270,182.919
3990.271,175.749
3991.271,168.391
3992.272,160.840
3993.273,153.160
3994.274,145.327
3995.275,137.407
3996.276,129.339
3997.277,121.172
3998.278,113.056
3999.279,104.833
4000.280,96.596
4001.281,88.407
4002.282,80.236
4003.283,72.092
4004.284,64.058
4005.285,56.113
4006.286,48.322
4007.287,40.651
4008.288,33.190
4009.289,25.860
4010.290,20.000
4011.291,20.000
4012.292,20.000
4013.293,20.000
4014.294,20.000
4015.295,20.000
4016.296,20.000
4017.297,20.000
4018.298,20.000
4019.299,20.000
4020.300,20.000
4021.301,20.000
4022.302,20.000
4023.303,20.000
4024.304,20.000
4025.305,20.000
4026.306,20.000
4027.307,20.000
4028.308,20.000
4029.309,20.000
4030.310,20.000
4031.311,20.000
4032.312,20.000
4033.313,20.000
4034.313,20.000
4035.314,20.000
4036.315,20.000
4037.316,20.194
4038.317,20.685
4039.318,21.451
4040.319,22.528
4041.320,23.879
4042.321,25.573
4043.322,27.530
4044.323,29.795
4045.324,32.324
4046.325,35.145
4047.326,38.279
4048.327,41.648
4049.328,45.310
4050.329,49.177
4051.330,53.374
4052.331,57.769
4053.332,62.390
4054.333,67.212
4055.334,72.272
4056.335,77.472
4057.336,82.885
4058.337,88.411
4059.338,94.142
4060.339,99.974
4061.340,105.964
4062.341,111.996
4063.342,118.126
4064.343,124.406
4065.344,130.695
4066.345,137.062
4067.346,143.408
4068.347,149.780
4069.348,156.113
4070.349,162.439
4071.350,168.707
4072.351,174.895
4073.352,181.071
4074.353,187.034
4075.354,192.932
4076.354,198.667
4077.355,204.240
4078.356,209.631
4079.357,214.863
4080.358,219.891
4081.359,224.684
4082.360,229.254
4083.361,233.560
4084.362,237.617
4085.363,241.407
4086.364,244.859
4087.365,248.023
4088.366,250.865
4089.367,253.393
4090.368,255.577
4091.369,257.465
4092.370,258.981
4093.371,260.088
4094.372,260.858
4095.373,261.276
4096.374,261.299
4097.375,261.008
4098.376,260.305
4099.377,259.189
4100.378,257.725
4101.379,255.893
4102.380,253.599
4103.381,251.021
4104.382,248.044
4105.383,244.752
4106.384,241.080
4107.385,236.969
4108.386,232.493
4109.387,227.792
4110.388,222.732
4111.389,217.324
4112.390,211.647
4113.391,205.674
4114.392,199.447
4115.393,192.959
4116.394,186.199
4117.395,179.249
4118.396,172.116
4119.396,164.743
4120.397,157.217
4121.398,149.519
4122.399,141.715
4123.400,133.762
4124.401,125.751
4125.402,117.656
4126.403,109.504
4127.404,101.335
4128.405,93.185
4129.406,85.086
4130.407,76.924
4131.408,68.887
4132.409,60.956
4133.410,53.114
4134.411,45.399
4135.412,37.829
4136.413,30.401
4137.414,23.254
4138.415,20.000
4139.416,20.000
4140.417,20.000
4141.418,20.000
4142.419,20.000
4143.420,20.000
4144.421,20.000
4145.422,20.000
4146.423,20.000
4147.424,20.000
4148.425,20.000
4149.426,20.000
4150.427,20.000
4151.428,20.000
4152.429,20.000
4153.430,20.000
4154.431,20.000
4155.432,20.000
4156.433,20.000
4157.434,20.000
4158.435,20.000
4159.436,20.000
4160.437,20.000
4161.438,20.000
4162.438,20.000
4163.439,20.000
4164.440,20.000
4165.441,20.367
4166.442,20.998
4167.443,21.852
4168.444,23.057
4169.445,24.530
4170.446,26.286
4171.447,28.327
4172.448,30.641
4173.449,33.243
4174.450,36.140
4175.451,39.280
4176.452,42.771
4177.453,46.434
4178.454,50.426
4179.455,54.600
4180.456,59.003
4181.457,63.661
4182.458,68.504
4183.459,73.575
4184.460,78.835
4185.461,84.239
4186.462,89.813
4187.463,95.550
4188.464,101.390
4189.465,107.337
4190.466,113.381
4191.467,119.520
4192.468,125.676
4193.469,131.959
4194.470,138.234
4195.471,144.535
4196.472,150.836
4197.473,157.092
4198.474,163.362
4199.475,169.488
4200.476,175.646
4201.477,181.627
4202.478,187.588
4203.479,193.369
4204.479,199.007
4205.480,204.514
4206.481,209.815
4207.482,214.941
4208.483,219.859
4209.484,224.529
4210.485,228.979
4211.486,233.158
4212.487,237.072
4213.488,240.734
4214.489,244.080
4215.490,247.137
4216.491,249.844
4217.492,252.223
4218.493,254.283
4219.494,255.998
4220.495,257.394
4221.496,258.394
4222.497,259.059
4223.498,259.302
4224.499,259.247
4225.500,258.766
4226.501,257.918
4227.502,256.697
4228.503,255.089
4229.504,253.125
4230.505,250.807
4231.506,248.068
4232.507,244.967
4233.508,241.496
4234.509,237.709
4235.510,233.545
4236.511,229.098
4237.512,224.287
4238.513,219.197
4239.514,213.752
4240.515,208.031
4241.516,202.058
4242.517,195.804
4243.518,189.307
4244.519,182.539
4245.520,175.598
4246.521,168.434
4247.521,161.100
4248.522,153.634
4249.523,145.937
4250.524,138.151
4251.525,130.316
4252.526,122.348
4253.527,114.322
4254.528,106.252
4255.529,98.200
4256.530,90.108
4257.531,82.064
4258.532,74.058
4259.533,66.201
4260.534,58.365
4261.535,50.632
4262.536,43.051
4263.537,35.628
4264.538,28.451
4265.539,21.441
4266.540,20.000
4267.541,20.000
4268.542,20.000
4269.543,20.000
4270.544,20.000
4271.545,20.000
4272.546,20.000
4273.547,20.000
4274.548,20.000
4275.549,20.000
4276.550,20.000
4277.551,20.000
4278.552,20.000
4279.553,20.000
4280.554,20.000
4281.555,20.000
4282.556,20.000
4283.557,20.000
4284.558,20.000
4285.559,20.000
4286.560,20.000
4287.561,20.000
4288.562,20.000
4289.563,20.000
4290.563,20.000
4291.564,20.000
4292.565,20.230
4293.566,20.622
4294.567,21.355
4295.568,22.398
4296.569,23.706
4297.570,25.274
4298.571,27.148
4299.572,29.341
4300.573,31.788
4301.574,34.467
4302.575,37.499
4303.576,40.768
4304.577,44.278
4305.578,48.074
4306.579,52.104
4307.580,56.364
4308.581,60.851
4309.582,65.536
4310.583,70.447
4311.584,75.568
4312.585,80.862
4313.586,86.287
4314.587,91.904
4315.588,97.708
4316.589,103.553
4317.590,109.580
4318.591,115.615
4319.592,121.739
4320.593,127.948
4321.594,134.160
4322.595,140.416
4323.596,146.649
4324.597,152.930
4325.598,159.159
4326.599,165.310
4327.600,171.449
4328.601,177.413
4329.602,183.369
4330.603,189.213
4331.604,194.854
4332.604,200.370
4333.605,205.699
4334.606,210.893
4335.607,215.851
4336.608,220.631
4337.609,225.153
4338.610,229.432
4339.611,233.502
4340.612,237.188
4341.613,240.655
4342.614,243.815
4343.615,246.740
4344.616,249.291
4345.617,251.451
4346.618,253.379
4347.619,254.926
4348.620,256.152
4349.621,256.923
4350.622,257.419
4351.623,257.519
4352.624,257.293
4353.625,256.625
4354.626,255.594
4355.627,254.194
4356.628,252.486
4357.629,250.332
4358.630,247.853
4359.631,244.988
4360.632,241.779
4361.633,238.152
4362.634,234.257
4363.635,229.935
4364.636,225.362
4365.637,220.427
4366.638,215.154
4367.639,209.612
4368.640,203.783
4369.641,197.671
4370.642,191.313
4371.643,184.791
4372.644,177.943
4373.645,170.914
4374.646,163.733
4375.646,156.363
4376.647,148.834
4377.648,141.167
4378.649,133.352
4379.650,125.508
4380.651,117.570
4381.652,109.618
4382.653,101.607
4383.654,93.568
4384.655,85.592
4385.656,77.663
4386.657,69.707
4387.658,61.915
4388.659,54.219
4389.660,46.581
4390.661,39.137
4391.662,31.890
4392.663,24.840
4393.664,20.000
4394.665,20.000
4395.666,20.000
4396.667,20.000
4397.668,20.000
4398.669,20.000
4399.670,20.000
4400.671,20.000
4401.672,20.000
4402.673,20.000
4403.674,20.000
4404.675,20.000
4405.676,20.000
4406.677,20.000
4407.678,20.000
4408.679,20.000
4409.680,20.000
4410.681,20.000
4411.682,20.000
4412.683,20.000
4413.684,20.000
4414.685,20.000
4415.686,20.000
4416.687,20.000
4417.688,20.000
4418.688,20.000
4419.689,20.049
4420.690,20.366
4421.691,20.950
4422.692,21.798
4423.693,22.951
4424.694,24.394
4425.695,26.122
4426.696,28.103
4427.697,30.400
4428.698,32.953
4429.699,35.785
4430.700,38.867
4431.701,42.199
4432.702,45.842
4433.703,49.703
4434.704,53.834
4435.705,58.200
4436.706,62.779
4437.707,67.566
4438.708,72.517
4439.709,77.761
4440.710,83.055
4441.711,88.574
4442.712,94.182
4443.713,100.009
4444.714,105.904
4445.715,111.904
4446.716,117.965
4447.717,124.109
4448.718,130.267
4449.719,136.500
4450.720,142.732
4451.721,148.916
4452.722,155.215
4453.723,161.391
4454.724,167.496
4455.725,173.539
4456.726,179.559
4457.727,185.387
4458.728,191.145
4459.729,196.715
4460.729,202.160
4461.730,207.393
4462.731,212.469
4463.732,217.337
4464.733,222.028
4465.734,226.400
4466.735,230.611
4467.736,234.508
4468.737,238.133
4469.738,241.444
4470.739,244.460
4471.740,247.180
4472.741,249.585
4473.742,251.641
4474.743,253.346
4475.744,254.756
4476.745,255.781
4477.746,256.487
4478.747,256.825
4479.748,256.750
4480.749,256.289
4481.750,255.478
4482.751,254.291
4483.752,252.739
4484.753,250.829
4485.754,248.583
4486.755,245.963
4487.756,242.873
4488.757,239.479
4489.758,235.781
4490.759,231.713
4491.760,227.254
4492.761,222.498
4493.762,217.465
4494.763,212.064
4495.764,206.422
4496.765,200.463
4497.766,194.324
4498.767,187.846
4499.768,181.189
4500.769,174.270
4501.770,167.180
4502.771,159.874
4503.771,152.434
4504.772,144.831
4505.773,137.128
4506.774,129.305
4507.775,121.378
4508.776,113.461
4509.777,105.459
4510.778,97.441
4511.779,89.430
4512.780,81.420
4513.781,73.433
4514.782,65.571
4515.783,57.789
4516.784,50.109
4517.785,42.568
4518.786,35.199
4519.787,27.994
4520.788,20.962
4521.789,20.000
4522.790,20.000
4523.791,20.000
4524.792,20.000
4525.793,20.000
4526.794,20.000
4527.795,20.000
4528.796,20.000
4529.797,20.000
4530.798,20.000
4531.799,20.000
4532.800,20.000
4533.801,20.000
4534.802,20.000
4535.803,20.000
4536.804,20.000
4537.805,20.000
4538.806,20.000
4539.807,20.000
4540.808,20.000
4541.809,20.000
4542.810,20.000
4543.811,20.000
4544.812,20.000
4545.813,20.000
4546.813,20.000
4547.814,20.130
4548.815,20.421
4549.816,21.085
4550.817,22.002
4551.818,23.193
4552.819,24.672
4553.820,26.457
4554.821,28.476
4555.822,30.823
4556.823,33.407
4557.824,36.288
4558.825,39.387
4559.826,42.815
4560.827,46.456
4561.828,50.373
4562.829,54.457
4563.830,58.845
4564.831,63.424
4565.832,68.223
4566.833,73.251
4567.834,78.460
4568.835,83.762
4569.836,89.321
4570.837,94.936
4571.838,100.706
4572.839,106.565
4573.840,112.538
4574.841,118.623
4575.842,124.759
4576.843,130.872
4577.844,137.104
4578.845,143.315
4579.846,149.535
4580.847,155.722
4581.848,161.888
4582.849,167.994
4583.850,173.994
4584.851,179.978
4585.852,185.762
4586.853,191.439
4587.854,196.984
4588.854,202.369
4589.855,207.606
4590.856,212.607
4591.857,217.443
4592.858,221.985
4593.859,226.377
4594.860,230.447
4595.861,234.291
4596.862,237.853
4597.863,241.122
4598.864,244.026
4599.865,246.766
4600.866,249.052
4601.867,251.045
4602.868,252.645
4603.869,253.959
4604.870,254.973
4605.871,255.507
4606.872,255.768
4607.873,255.621
4608.874,255.113
4609.875,254.211
4610.876,252.930
4611.877,251.248
4612.878,249.311
4613.879,246.975
4614.880,244.214
4615.881,241.143
4616.882,237.672
4617.883,233.891
4618.884,229.779
4619.885,225.279
4620.886,220.477
4621.887,215.359
4622.888,209.953
4623.889,204.243
4624.890,198.242
4625.891,192.064
4626.892,185.595
4627.893,178.865
4628.894,171.973
4629.895,164.863
4630.896,157.567
4631.896,150.121
4632.897,142.549
4633.898,134.890
4634.899,127.048
4635.900,119.185
4636.901,111.230
4637.902,103.242
4638.903,95.283
4639.904,87.269
4640.905,79.312
4641.906,71.450
4642.907,63.554
4643.908,55.830
4644.909,48.233
4645.910,40.747
4646.911,33.437
4647.912,26.314
4648.913,20.000
4649.914,20.000
4650.915,20.000
4651.916,20.000
4652.917,20.000
4653.918,20.000
4654.919,20.000
4655.920,20.000
4656.921,20.000
4657.922,20.000
4658.923,20.000
4659.924,20.000
4660.925,20.000
4661.926,20.000
4662.927,20.000
4663.928,20.000
4664.929,20.000
4665.930,20.000
4666.931,20.000
4667.932,20.000
4668.933,20.000
4669.934,20.000
4670.935,20.000
4671.936,20.000
4672.937,20.000
4673.938,20.000
4674.938,20.000
4675.939,20.120
4676.940,20.486
4677.941,21.118
4678.942,22.023
4679.943,23.281
4680.944,24.810
4681.945,26.625
4682.946,28.694
4683.947,31.050
4684.948,33.711
4685.949,36.589
4686.950,39.736
4687.951,43.236
4688.952,46.936
4689.953,50.825
4690.954,55.020
4691.955,59.443
4692.956,63.993
4693.957,68.820
4694.958,73.807
4695.959,78.962
4696.960,84.340
4697.961,89.822
4698.962,95.481
4699.963,101.264
4700.964,107.156
4701.965,113.094
4702.966,119.160
4703.967,125.254
4704.968,131.450
4705.969,137.649
4706.970,143.800
4707.971,150.005
4708.972,156.160
4709.973,162.272
4710.974,168.339
4711.975,174.309
4712.976,180.202
4713.977,186.004
4714.978,191.647
4715.979,197.129
4716.979,202.488
4717.980,207.623
4718.981,212.583
4719.982,217.316
4720.983,221.859
4721.984,226.164
4722.985,230.178
4723.986,233.956
4724.987,237.418
4725.988,240.627
4726.989,243.465
4727.990,246.082
4728.991,248.314
4729.992,250.273
4730.993,251.821
4731.994,253.034
4732.995,253.930
4733.996,254.451
4734.997,254.586
4735.998,254.381
4736.999,253.744
4738.000,252.808
4739.001,251.508
4740.002,249.813
4741.003,247.730
4742.004,245.287
4743.005,242.520
4744.006,239.330
4745.007,235.848
4746.008,231.982
4747.009,227.783
4748.010,223.293
4749.011,218.465
4750.012,213.316
4751.013,207.821
4752.014,202.087
4753.015,196.051
4754.016,189.785
4755.017,183.323
4756.018,176.625
4757.019,169.689
4758.020,162.590
4759.021,155.247
4760.021,147.781
4761.022,140.198
4762.023,132.455
4763.024,124.690
4764.025,116.811
4765.026,108.917
4766.027,100.914
4767.028,92.934
4768.029,84.994
4769.030,77.100
4770.031,69.231
4771.032,61.390
4772.033,53.726
4773.034,46.174
4774.035,38.778
4775.036,31.488
4776.037,24.434
4777.038,20.000
4778.039,20.000
4779.040,20.000
4780.041,20.000
4781.042,20.000
4782.043,20.000
4783.044,20.000
4784.045,20.000
4785.046,20.000
4786.047,20.000
4787.048,20.000
4788.049,20.000
4789.050,20.000
4790.051,20.000
4791.052,20.000
4792.053,20.000
4793.054,20.000
4794.055,20.000
4795.056,20.000
4796.057,20.000
4797.058,20.000
4798.059,20.000
4799.060,20.000
4800.061,20.000
4801.062,20.000
4802.063,20.000
4803.063,20.000
4804.064,20.102
4805.065,20.606
4806.066,21.345
4807.067,22.354
4808.068,23.653
4809.069,25.289
4810.070,27.144
4811.071,29.303
4812.072,31.689
4813.073,34.388
4814.074,37.343
4815.075,40.560
4816.076,44.038
4817.077,47.738
4818.078,51.702
4819.079,55.947
4820.080,60.335
4821.081,64.960
4822.082,69.787
4823.083,74.778
4824.084,79.993
4825.085,85.337
4826.086,90.791
4827.087,96.417
4828.088,102.181
4829.089,108.044
4830.090,114.024
4831.091,119.996
4832.092,126.048
4833.093,132.198
4834.094,138.290
4835.095,144.423
4836.096,150.538
4837.097,156.653
4838.098,162.707
4839.099,168.687
4840.100,174.626
4841.101,180.389
4842.102,186.096
4843.103,191.596
4844.104,197.058
4845.104,202.282
4846.105,207.330
4847.106,212.229
4848.107,216.871
4849.108,221.285
4850.109,225.457
4851.110,229.400
4852.111,233.094
4853.112,236.435
4854.113,239.562
4855.114,242.330
4856.115,244.801
4857.116,246.965
4858.117,248.769
4859.118,250.250
4860.119,251.365
4861.120,252.188
4862.121,252.610
4863.122,252.645
4864.123,252.389
4865.124,251.701
4866.125,250.689
4867.126,249.316
4868.127,247.574
4869.128,245.490
4870.129,242.990
4871.130,240.132
4872.131,236.967
4873.132,233.447
4874.133,229.541
4875.134,225.359
4876.135,220.850
4877.136,215.979
4878.137,210.807
4879.138,205.403
4880.139,199.701
4881.140,193.738
4882.141,187.492
4883.142,181.066
4884.143,174.368
4885.144,167.475
4886.145,160.443
4887.146,153.236
4888.146,145.801
4889.147,138.270
4890.148,130.632
4891.149,122.923
4892.150,115.158
4893.151,107.338
4894.152,99.468
4895.153,91.607
4896.154,83.774
4897.155,75.982
4898.156,68.201
4899.157,60.580
4900.158,52.977
4901.159,45.567
4902.160,38.271
4903.161,31.124
4904.162,24.225
4905.163,20.000
4906.164,20.000
4907.165,20.000
4908.166,20.000
4909.167,20.000
4910.168,20.000
4911.169,20.000
4912.170,20.000
4913.171,20.000
4914.172,20.000
4915.173,20.000
4916.174,20.000
4917.175,20.000
4918.176,20.000
4919.177,20.000
4920.178,20.000
4921.179,20.000
4922.180,20.000
4923.181,20.000
4924.182,20.000
4925.183,20.000
4926.184,20.000
4927.185,20.000
4928.186,20.000
4929.187,20.000
4930.188,20.000
4931.188,20.000
4932.189,20.306
4933.190,20.858
4934.191,21.716
4935.192,22.871
4936.193,24.253
4937.194,25.926
4938.195,27.916
4939.196,30.173
4940.197,32.745
4941.198,35.513
4942.199,38.616
4943.200,41.915
4944.201,45.523
4945.202,49.339
4946.203,53.414
4947.204,57.686
4948.205,62.219
4949.206,66.910
4950.207,71.799
4951.208,76.896
4952.209,82.109
4953.210,87.517
4954.211,93.047
4955.212,98.692
4956.213,104.422
4957.214,110.358
4958.215,116.245
4959.216,122.264
4960.217,128.290
4961.218,134.402
4962.219,140.497
4963.220,146.566
4964.221,152.631
4965.222,158.674
4966.223,164.627
4967.224,170.552
4968.225,176.396
4969.226,182.085
4970.227,187.689
4971.228,193.150
4972.229,198.445
4973.229,203.526
4974.230,208.504
4975.231,213.206
4976.232,217.729
4977.233,222.053
4978.234,226.043
4979.235,229.848
4980.236,233.351
4981.237,236.548
4982.238,239.519
4983.239,242.168
4984.240,244.416
4985.241,246.434
4986.242,248.047
4987.243,249.333
4988.244,250.266
4989.245,250.916
4990.246,251.177
4991.247,251.068
4992.248,250.612
4993.249,249.781
4994.250,248.586
4995.251,247.061
4996.252,245.089
4997.253,242.831
4998.254,240.251
4999.255,237.306
5000.256,233.984
5001.257,230.265
5002.258,226.279
5003.259,221.960
5004.260,217.238
5005.261,212.314
5006.262,207.065
5007.263,201.525
5008.264,195.701
5009.265,189.674
5010.266,183.367
5011.267,176.888
5012.268,170.161
5013.269,163.262
5014.270,156.170
5015.271,148.936
5016.271,141.546
5017.272,134.011
5018.273,126.415
5019.274,118.780
5020.275,110.990
5021.276,103.208
5022.277,95.439
5023.278,87.596
5024.279,79.846
5025.280,72.146
5026.281,64.446
5027.282,56.934
5028.283,49.456
5029.284,42.146
5030.285,35.047
5031.286,28.015
5032.287,21.238
5033.288,20.000
5034.289,20.000
5035.290,20.000
5036.291,20.000
5037.292,20.000
5038.293,20.000
5039.294,20.000
5040.295,20.000
5041.296,20.000
5042.297,20.000
5043.298,20.000
5044.299,20.000
5045.300,20.000
5046.301,20.000
5047.302,20.000
5048.303,20.000
5049.304,20.000
5050.305,20.000
5051.306,20.000
5052.307,20.000
5053.308,20.000
5054.309,20.000
5055.310,20.000
5056.311,20.000
5057.312,20.000
5058.313,20.000
5059.313,20.184
5060.314,20.593
5061.315,21.291
5062.316,22.295
5063.317,23.493
5064.318,25.080
5065.319,26.897
5066.320,29.037
5067.321,31.403
5068.322,34.095
5069.323,37.002
5070.324,40.224
5071.325,43.626
5072.326,47.333
5073.327,51.295
5074.328,55.433
5075.329,59.839
5076.330,64.424
5077.331,69.264
5078.332,74.194
5079.333,79.387
5080.334,84.680
5081.335,90.152
5082.336,95.653
5083.337,101.346
5084.338,107.162
5085.339,113.031
5086.340,118.942
5087.341,124.992
5088.342,131.014
5089.343,137.108
5090.344,143.177
5091.345,149.214
5092.346,155.254
5093.347,161.238
5094.348,167.139
5095.349,172.976
5096.350,178.752
5097.351,184.344
5098.352,189.899
5099.353,195.195
5100.354,200.397
5101.354,205.376
5102.355,210.232
5103.356,214.806
5104.357,219.171
5105.358,223.330
5106.359,227.227
5107.360,230.828
5108.361,234.143
5109.362,237.231
5110.363,240.002
5111.364,242.421
5112.365,244.580
5113.366,246.360
5114.367,247.793
5115.368,248.934
5116.369,249.713
5117.370,250.154
5118.371,250.210
5119.372,249.898
5120.373,249.275
5121.374,248.291
5122.375,246.872
5123.376,245.157
5124.377,243.008
5125.378,240.570
5126.379,237.746
5127.380,234.579
5128.381,231.064
5129.382,227.225
5130.383,223.056
5131.384,218.498
5132.385,213.683
5133.386,208.527
5134.387,203.144
5135.388,197.480
5136.389,191.586
5137.390,185.371
5138.391,178.985
5139.392,172.365
5140.393,165.540
5141.394,158.574
5142.395,151.396
5143.396,144.092
5144.396,136.668
5145.397,129.120
5146.398,121.416
5147.399,113.785
5148.400,106.043
5149.401,98.252
5150.402,90.440
5151.403,82.689
5152.404,74.975
5153.405,67.307
5154.406,59.742
5155.407,52.271
5156.408,44.888
5157.409,37.677
5158.410,30.652
5159.411,23.804
5160.412,20.000
5161.413,20.000
5162.414,20.000
5163.415,20.000
5164.416,20.000
5165.417,20.000
5166.418,20.000
5167.419,20.000
5168.420,20.000
5169.421,20.000
5170.422,20.000
5171.423,20.000
5172.424,20.000
5173.425,20.000
5174.426,20.000
5175.427,20.000
5176.428,20.000
5177.429,20.000
5178.430,20.000
5179.431,20.000
5180.432,20.000
5181.433,20.000
5182.434,20.000
5183.435,20.000
5184.436,20.000
5185.437,20.000
5186.438,20.013
5187.438,20.274
5188.439,20.855
5189.440,21.694
5190.441,22.813
5191.442,24.242
5192.443,26.000
5193.444,28.025
5194.445,30.330
5195.446,32.829
5196.447,35.667
5197.448,38.712
5198.449,42.050
5199.450,45.540
5200.451,49.378
5201.452,53.388
5202.453,57.622
5203.454,62.113
5204.455,66.780
5205.456,71.664
5206.457,76.681
5207.458,81.909
5208.459,87.218
5209.460,92.732
5210.461,98.326
5211.462,104.051
5212.463,109.844
5213.464,115.765
5214.465,121.690
5215.466,127.722
5216.467,133.773
5217.468,139.846
5218.469,145.900
5219.470,151.910
5220.471,157.895
5221.472,163.816
5222.473,169.701
5223.474,175.438
5224.475,181.094
5225.476,186.694
5226.477,192.078
5227.478,197.342
5228.479,202.398
5229.479,207.303
5230.480,211.973
5231.481,216.463
5232.482,220.741
5233.483,224.712
5234.484,228.459
5235.485,231.923
5236.486,235.080
5237.487,238.012
5238.488,240.586
5239.489,242.887
5240.490,244.879
5241.491,246.480
5242.492,247.802
5243.493,248.736
5244.494,249.322
5245.495,249.541
5246.496,249.389
5247.497,248.932
5248.498,248.121
5249.499,246.923
5250.500,245.404
5251.501,243.496
5252.502,241.210
5253.503,238.555
5254.504,235.543
5255.505,232.254
5256.506,228.557
5257.507,224.555
5258.508,220.242
5259.509,215.598
5260.510,210.682
5261.511,205.448
5262.512,199.946
5263.513,194.144
5264.514,188.166
5265.515,181.907
5266.516,175.402
5267.517,168.696
5268.518,161.798
5269.519,154.721
5270.520,147.534
5271.521,140.122
5272.521,132.678
5273.522,125.105
5274.523,117.458
5275.524,109.724
5276.525,101.939
5277.526,94.206
5278.527,86.442
5279.528,78.714
5280.529,71.024
5281.530,63.413
5282.531,55.928
5283.532,48.484
5284.533,41.182
5285.534,34.067
5286.535,27.168
5287.536,20.429
5288.537,20.000
5289.538,20.000
5290.539,20.000
5291.540,20.000
5292.541,20.000
5293.542,20.000
5294.543,20.000
5295.544,20.000
5296.545,20.000
5297.546,20.000
5298.547,20.000
5299.548,20.000
5300.549,20.000
5301.550,20.000
5302.551,20.000
5303.552,20.000
5304.553,20.000
5305.554,20.000
5306.555,20.000
5307.556,20.000
5308.557,20.000
5309.558,20.000
5310.559,20.000
5311.560,20.000
5312.561,20.000
5313.562,20.000
5314.563,20.150
5315.563,20.562
5316.564,21.237
5317.565,22.167
5318.566,23.362
5319.567,24.885
5320.568,26.652
5321.569,28.720
5322.570,31.085
5323.571,33.674
5324.572,36.561
5325.573,39.687
5326.574,43.078
5327.575,46.721
5328.576,50.573
5329.577,54.665
5330.578,59.044
5331.579,63.569
5332.580,68.251
5333.581,73.179
5334.582,78.243
5335.583,83.469
5336.584,88.852
5337.585,94.378
5338.586,99.966
5339.587,105.678
5340.588,111.564
5341.589,117.359
5342.590,123.373
5343.591,129.339
5344.592,135.342
5345.593,141.352
5346.594,147.405
5347.595,153.371
5348.596,159.239
5349.597,165.143
5350.598,170.946
5351.599,176.661
5352.600,182.290
5353.601,187.736
5354.602,193.051
5355.603,198.219
5356.604,203.203
5357.604,207.964
5358.605,212.596
5359.606,216.940
5360.607,221.090
5361.608,224.976
5362.609,228.601
5363.610,231.937
5364.611,235.044
5365.612,237.791
5366.613,240.286
5367.614,242.439
5368.615,244.243
5369.616,245.757
5370.617,246.959
5371.618,247.758
5372.619,248.224
5373.620,248.384
5374.621,248.102
5375.622,247.496
5376.623,246.527
5377.624,245.234
5378.625,243.580
5379.626,241.596
5380.627,239.164
5381.628,236.419
5382.629,233.293
5383.630,229.859
5384.631,226.093
5385.632,221.984
5386.633,217.563
5387.634,212.838
5388.635,207.795
5389.636,202.516
5390.637,196.939
5391.638,191.079
5392.639,185.006
5393.640,178.684
5394.641,172.162
5395.642,165.390
5396.643,158.475
5397.644,151.393
5398.645,144.182
5399.646,136.803
5400.646,129.354
5401.647,121.793
5402.648,114.192
5403.649,106.538
5404.650,98.853
5405.651,91.167
5406.652,83.491
5407.653,75.777
5408.654,68.212
5409.655,60.690
5410.656,53.293
5411.657,45.992
5412.658,38.836
5413.659,31.822
5414.660,25.015
5415.661,20.000
5416.662,20.000
5417.663,20.000
5418.664,20.000
5419.665,20.000
5420.666,20.000
5421.667,20.000
5422.668,20.000
5423.669,20.000
5424.670,20.000
5425.671,20.000
5426.672,20.000
5427.673,20.000
5428.674,20.000
5429.675,20.000
5430.676,20.000
5431.677,20.000
5432.678,20.000
5433.679,20.000
5434.680,20.000
5435.681,20.000
5436.682,20.000
5437.683,20.000
5438.684,20.000
5439.685,20.000
5440.686,20.000
5441.687,20.028
5442.688,20.285
5443.688,20.766
5444.689,21.543
5445.690,22.665
5446.691,24.022
5447.692,25.606
5448.693,27.513
5449.694,29.687
5450.695,32.169
5451.696,34.862
5452.697,37.837
5453.698,41.096
5454.699,44.594
5455.700,48.314
5456.701,52.269
5457.702,56.469
5458.703,60.874
5459.704,65.505
5460.705,70.267
5461.706,75.210
5462.707,80.364
5463.708,85.597
5464.709,91.027
5465.710,96.549
5466.711,102.194
5467.712,107.928
5468.713,113.755
5469.714,119.611
5470.715,125.575
5471.716,131.531
5472.717,137.539
5473.718,143.482
5474.719,149.453
5475.720,155.388
5476.721,161.233
5477.722,167.084
5478.723,172.760
5479.724,178.364
5480.725,183.865
5481.726,189.243
5482.727,194.492
5483.728,199.503
5484.729,204.399
5485.729,209.029
5486.730,213.569
5487.731,217.756
5488.732,221.783
5489.733,225.526
5490.734,229.022
5491.735,232.211
5492.736,235.159
5493.737,237.801
5494.738,240.102
5495.739,242.060
5496.740,243.783
5497.741,245.129
5498.742,246.139
5499.743,246.777
5500.744,247.123
5501.745,247.039
5502.746,246.637
5503.747,245.888
5504.748,244.788
5505.749,243.309
5506.750,241.471
5507.751,239.334
5508.752,236.739
5509.753,233.906
5510.754,230.669
5511.755,227.080
5512.756,223.148
5513.757,218.961
5514.758,214.432
5515.759,209.629
5516.760,204.527
5517.761,199.133
5518.762,193.503
5519.763,187.547
5520.764,181.379
5521.765,175.001
5522.766,168.426
5523.767,161.688
5524.768,154.716
5525.769,147.642
5526.770,140.391
5527.771,133.025
5528.771,125.554
5529.772,118.030
5530.773,110.462
5531.774,102.848
5532.775,95.161
5533.776,87.519
5534.777,79.880
5535.778,72.297
5536.779,64.788
5537.780,57.349
5538.781,50.041
5539.782,42.851
5540.783,35.787
5541.784,28.927
5542.785,22.257
5543.786,20.000
5544.787,20.000
5545.788,20.000
5546.789,20.000
5547.790,20.000
5548.791,20.000
5549.792,20.000
5550.793,20.000
5551.794,20.000
5552.795,20.000
5553.796,20.000
5554.797,20.000
5555.798,20.000
5556.799,20.000
5557.800,20.000
5558.801,20.000
5559.802,20.000
5560.803,20.000
5561.804,20.000
5562.805,20.000
5563.806,20.000
5564.807,20.000
5565.808,20.000
5566.809,20.000
5567.810,20.000
5568.811,20.000
5569.812,20.115
5570.813,20.514
5571.813,21.191
5572.814,22.137
5573.815,23.347
5574.816,24.836
5575.817,26.606
5576.818,28.662
5577.819,30.950
5578.820,33.525
5579.821,36.375
5580.822,39.474
5581.823,42.883
5582.824,46.498
5583.825,50.334
5584.826,54.444
5585.827,58.698
5586.828,63.190
5587.829,67.858
5588.830,72.737
5589.831,77.764
5590.832,82.924
5591.833,88.284
5592.834,93.767
5593.835,99.310
5594.836,104.996
5595.837,110.753
5596.838,116.569
5597.839,122.456
5598.840,128.453
5599.841,134.396
5600.842,140.386
5601.843,146.344
5602.844,152.285
5603.845,158.157
5604.846,163.957
5605.847,169.770
5606.848,175.422
5607.849,180.957
5608.850,186.354
5609.851,191.667
5610.852,196.790
5611.853,201.719
5612.854,206.508
5613.854,211.043
5614.855,215.428
5615.856,219.475
5616.857,223.390
5617.858,226.940
5618.859,230.281
5619.860,233.381
5620.861,236.117
5621.862,238.541
5622.863,240.676
5623.864,242.461
5624.865,243.957
5625.866,245.157
5626.867,245.948
5627.868,246.410
5628.869,246.504
5629.870,246.256
5630.871,245.677
5631.872,244.711
5632.873,243.381
5633.874,241.674
5634.875,239.642
5635.876,237.240
5636.877,234.525
5637.878,231.412
5638.879,227.973
5639.880,224.201
5640.881,220.108
5641.882,215.671
5642.883,210.957
5643.884,205.953
5644.885,200.732
5645.886,195.191
5646.887,189.417
5647.888,183.326
5648.889,177.090
5649.890,170.596
5650.891,163.923
5651.892,157.051
5652.893,149.981
5653.894,142.828
5654.895,135.552
5655.896,128.156
5656.896,120.657
5657.897,113.093
5658.898,105.511
5659.899,97.810
5660.900,90.187
5661.901,82.583
5662.902,75.005
5663.903,67.482
5664.904,60.001
5665.905,52.609
5666.906,45.400
5667.907,38.292
5668.908,31.319
5669.909,24.635
5670.910,20.000
5671.911,20.000
5672.912,20.000
5673.913,20.000
5674.914,20.000
5675.915,20.000
5676.916,20.000
5677.917,20.000
5678.918,20.000
5679.919,20.000
5680.920,20.000
5681.921,20.000
5682.922,20.000
5683.923,20.000
5684.924,20.000
5685.925,20.000
5686.926,20.000
5687.927,20.000
5688.928,20.000
5689.929,20.000
5690.930,20.000
5691.931,20.000
5692.932,20.000
5693.933,20.000
5694.934,20.000
5695.935,20.000
5696.936,20.028
5697.937,20.262
5698.938,20.802
5699.938,21.594
5700.939,22.706
5701.940,24.098
5702.941,25.725
5703.942,27.668
5704.943,29.842
5705.944,32.330
5706.945,35.081
5707.946,38.047
5708.947,41.335
5709.948,44.849
5710.949,48.584
5711.950,52.558
5712.951,56.751
5713.952,61.117
5714.953,65.698
5715.954,70.444
5716.955,75.397
5717.956,80.452
5718.957,85.714
5719.958,91.133
5720.959,96.596
5721.960,102.211
5722.961,107.960
5723.962,113.749
5724.963,119.565
5725.964,125.443
5726.965,131.418
5727.966,137.372
5728.967,143.285
5729.968,149.204
5730.969,155.064
5731.970,160.871
5732.971,166.627
5733.972,172.334
5734.973,177.911
5735.974,183.365
5736.975,188.591
5737.976,193.768
5738.977,198.758
5739.978,203.539
5740.979,208.191
5741.979,212.609
5742.980,216.776
5743.981,220.668
5744.982,224.400
5745.983,227.807
5746.984,230.992
5747.985,233.795
5748.986,236.394
5749.987,238.674
5750.988,240.565
5751.989,242.160
5752.990,243.501
5753.991,244.461
5754.992,245.088
5755.993,245.340
5756.994,245.221
5757.995,244.809
5758.996,244.016
5759.997,242.887
5760.998,241.369
5761.999,239.483
5763.000,237.252
5764.001,234.717
5765.002,231.843
5766.003,228.627
5767.004,225.021
5768.005,221.130
5769.006,216.900
5770.007,212.391
5771.008,207.542
5772.009,202.475
5773.010,197.107
5774.011,191.439
5775.012,185.608
5776.013,179.447
5777.014,173.145
5778.015,166.597
5779.016,159.828
5780.017,152.890
5781.018,145.826
5782.019,138.654
5783.020,131.297
5784.021,123.953
5785.021,116.408
5786.022,108.883
5787.023,101.281
5788.024,93.666
5789.025,86.041
5790.026,78.499
5791.027,70.938
5792.028,63.470
5793.029,56.066
5794.030,48.823
5795.031,41.664
5796.032,34.667
5797.033,27.855
5798.034,21.235
5799.035,20.000
5800.036,20.000
5801.037,20.000
5802.038,20.000
5803.039,20.000
5804.040,20.000
5805.041,20.000
5806.042,20.000
5807.043,20.000
5808.044,20.000
5809.045,20.000
5810.046,20.000
5811.047,20.000
5812.048,20.000
5813.049,20.000
5814.050,20.000
5815.051,20.000
5816.052,20.000
5817.053,20.000
5818.054,20.000
5819.055,20.000
5820.056,20.000
5821.057,20.000
5822.058,20.000
5823.059,20.000
5824.060,20.000
5825.061,20.150
5826.062,20.572
5827.063,21.278
5828.063,22.232
5829.064,23.481
5830.065,25.037
5831.066,26.803
5832.067,28.864
5833.068,31.197
5834.069,33.754
5835.070,36.645
5836.071,39.759
5837.072,43.093
5838.073,46.693
5839.074,50.531
5840.075,54.552
5841.076,58.840
5842.077,63.293
5843.078,67.958
5844.079,72.835
5845.080,77.851
5846.081,83.013
5847.082,88.327
5848.083,93.760
5849.084,99.332
5850.085,105.022
5851.086,110.763
5852.087,116.563
5853.088,122.431
5854.089,128.332
5855.090,134.276
5856.091,140.213
5857.092,146.135
5858.093,152.039
5859.094,157.850
5860.095,163.635
5861.096,169.370
5862.097,175.016
5863.098,180.486
5864.099,185.848
5865.100,191.090
5866.101,196.167
5867.102,201.077
5868.103,205.813
5869.104,210.266
5870.104,214.578
5871.105,218.668
5872.106,222.439
5873.107,226.021
5874.108,229.263
5875.109,232.287
5876.110,234.977
5877.111,237.385
5878.112,239.477
5879.113,241.240
5880.114,242.717
5881.115,243.801
5882.116,244.643
5883.117,244.992
5884.118,245.071
5885.119,244.830
5886.120,244.178
5887.121,243.164
5888.122,241.856
5889.123,240.134
5890.124,238.117
5891.125,235.713
5892.126,232.922
5893.127,229.866
5894.128,226.438
5895.129,222.665
5896.130,218.594
5897.131,214.210
5898.132,209.554
5899.133,204.540
5900.134,199.273
5901.135,193.737
5902.136,187.996
5903.137,181.971
5904.138,175.695
5905.139,169.227
5906.140,162.499
5907.141,155.679
5908.142,148.678
5909.143,141.531
5910.144,134.227
5911.145,126.848
5912.146,119.381
5913.146,111.824
5914.147,104.256
5915.148,96.582
5916.149,89.011
5917.150,81.426
5918.151,73.854
5919.152,66.350
5920.153,58.924
5921.154,51.543
5922.155,44.350
5923.156,37.271
5924.157,30.371
5925.158,23.660
5926.159,20.000
5927.160,20.000
5928.161,20.000
5929.162,20.000
5930.163,20.000
5931.164,20.000
5932.165,20.000
5933.166,20.000
5934.167,20.000
5935.168,20.000
5936.169,20.000
5937.170,20.000
5938.171,20.000
5939.172,20.000
5940.173,20.000
5941.174,20.000
5942.175,20.000
5943.176,20.000
5944.177,20.000
5945.178,20.000
5946.179,20.000
5947.180,20.000
5948.181,20.000
5949.182,20.000
5950.183,20.000
5951.184,20.000
5952.185,20.029
5953.186,20.240
5954.187,20.763
5955.188,21.509
5956.188,22.559
5957.189,23.934
5958.190,25.549
5959.191,27.440
5960.192,29.615
5961.193,32.036
5962.194,34.744
5963.195,37.652
5964.196,40.831
5965.197,44.241
5966.198,47.881
5967.199,51.764
5968.200,55.908
5969.201,60.205
5970.202,64.722
5971.203,69.445
5972.204,74.267
5973.205,79.313
5974.206,84.482
5975.207,89.812
5976.208,95.285
5977.209,100.834
5978.210,106.509
5979.211,112.209
5980.212,118.049
5981.213,123.911
5982.214,129.817
5983.215,135.749
5984.216,141.628
5985.217,147.549
5986.218,153.442
5987.219,159.233
5988.220,164.947
5989.221,170.619
5990.222,176.176
5991.223,181.644
5992.224,186.971
5993.225,192.086
5994.226,197.096
5995.227,201.913
5996.228,206.551
5997.229,210.947
5998.229,215.182
5999.230,219.107
6000.231,222.855
6001.232,226.300
6002.233,229.493
6003.234,232.380
6004.235,235.029
6005.236,237.293
6006.237,239.270
6007.238,240.934
6008.239,242.316
6009.240,243.305
6010.241,243.995
6011.242,244.329
6012.243,244.254
6013.244,243.922
6014.245,243.186
6015.246,242.123
6016.247,240.712
6017.248,238.879
6018.249,236.775
6019.250,234.334
6020.251,231.454
6021.252,228.302
6022.253,224.826
6023.254,220.965
6024.255,216.752
6025.256,212.302
6026.257,207.602
6027.258,202.535
6028.259,197.168
6029.260,191.607
6030.261,185.708
6031.262,179.689
6032.263,173.393
6033.264,166.875
6034.265,160.174
6035.266,153.348
6036.267,146.283
6037.268,139.169
6038.269,131.856
6039.270,124.438
6040.271,116.974
6041.271,109.423
6042.272,101.880
6043.273,94.285
6044.274,86.663
6045.275,79.121
6046.276,71.654
6047.277,64.217
6048.278,56.788
6049.279,49.562
6050.280,42.413
6051.281,35.458
6052.282,28.649
6053.283,22.022
6054.284,20.000
6055.285,20.000
6056.286,20.000
6057.287,20.000
6058.288,20.000
6059.289,20.000
6060.290,20.000
6061.291,20.000
6062.292,20.000
6063.293,20.000
6064.294,20.000
6065.295,20.000
6066.296,20.000
6067.297,20.000
6068.298,20.000
6069.299,20.000
6070.300,20.000
6071.301,20.000
6072.302,20.000
6073.303,20.000
6074.304,20.000
6075.305,20.000
6076.306,20.000
6077.307,20.000
6078.308,20.000
6079.309,20.000
6080.310,20.111
6081.311,20.482
6082.312,21.089
6083.313,22.020
6084.313,23.200
6085.314,24.637
6086.315,26.373
6087.316,28.338
6088.317,30.549
6089.318,33.090
6090.319,35.927
6091.320,38.965
6092.321,42.222
6093.322,45.729
6094.323,49.473
6095.324,53.402
6096.325,57.645
6097.326,62.026
6098.327,66.613
6099.328,71.396
6100.329,76.337
6101.330,81.464
6102.331,86.664
6103.332,92.089
6104.333,97.554
6105.334,103.177
6106.335,108.835
6107.336,114.648
6108.337,120.453
6109.338,126.340
6110.339,132.232
6111.340,138.145
6112.341,144.026
6113.342,149.924
6114.343,155.802
6115.344,161.547
6116.345,167.235
6117.346,172.854
6118.347,178.346
6119.348,183.764
6120.349,188.986
6121.350,194.050
6122.351,198.996
6123.352,203.705
6124.353,208.247
6125.354,212.514
6126.354,216.645
6127.355,220.516
6128.356,224.070
6129.357,227.433
6130.358,230.514
6131.359,233.270
6132.360,235.755
6133.361,237.861
6134.362,239.734
6135.363,241.219
6136.364,242.441
6137.365,243.311
6138.366,243.819
6139.367,243.998
6140.368,243.813
6141.369,243.301
6142.370,242.408
6143.371,241.184
6144.372,239.561
6145.373,237.619
6146.374,235.332
6147.375,232.703
6148.376,229.706
6149.377,226.397
6150.378,222.810
6151.379,218.822
6152.380,214.521
6153.381,209.920
6154.382,205.060
6155.383,199.844
6156.384,194.396
6157.385,188.690
6158.386,182.707
6159.387,176.546
6160.388,170.120
6161.389,163.521
6162.390,156.798
6163.391,149.806
6164.392,142.724
6165.393,135.511
6166.394,128.170
6167.395,120.778
6168.396,113.269
6169.396,105.705
6170.397,98.112
6171.398,90.547
6172.399,82.922
6173.400,75.432
6174.401,67.985
6175.402,60.567
6176.403,53.197
6177.404,46.005
6178.405,38.924
6179.406,31.996
6180.407,25.301
6181.408,20.000
6182.409,20.000
6183.410,20.000
6184.411,20.000
6185.412,20.000
6186.413,20.000
6187.414,20.000
6188.415,20.000
6189.416,20.000
6190.417,20.000
6191.418,20.000
6192.419,20.000
6193.420,20.000
6194.421,20.000
6195.422,20.000
6196.423,20.000
6197.424,20.000
6198.425,20.000
6199.426,20.000
6200.427,20.000
6201.428,20.000
6202.429,20.000
6203.430,20.000
6204.431,20.000
6205.432,20.000
6206.433,20.000
6207.434,20.000
6208.435,20.136
6209.436,20.567
6210.437,21.225
6211.438,22.186
6212.438,23.428
6213.439,24.974
6214.440,26.776
6215.441,28.806
6216.442,31.138
6217.443,33.729
6218.444,36.579
6219.445,39.653
6220.446,42.896
6221.447,46.431
6222.448,50.268
6223.449,54.247
6224.450,58.470
6225.451,62.907
6226.452,67.510
6227.453,72.340
6228.454,77.294
6229.455,82.431
6230.456,87.679
6231.457,93.063
6232.458,98.605
6233.459,104.107
6234.460,109.826
6235.461,115.598
6236.462,121.350
6237.463,127.219
6238.464,133.069
6239.465,138.949
6240.466,144.828
6241.467,150.696
6242.468,156.445
6243.469,162.174
6244.470,167.852
6245.471,173.399
6246.472,178.945
6247.473,184.236
6248.474,189.426
6249.475,194.463
6250.476,199.320
6251.477,203.981
6252.478,208.481
6253.479,212.691
6254.479,216.784
6255.480,220.547
6256.481,224.078
6257.482,227.361
6258.483,230.346
6259.484,233.037
6260.485,235.467
6261.486,237.547
6262.487,239.305
6263.488,240.772
6264.489,241.890
6265.490,242.673
6266.491,243.069
6267.492,243.201
6268.493,242.936
6269.494,242.329
6270.495,241.379
6271.496,240.055
6272.497,238.373
6273.498,236.385
6274.499,234.027
6275.500,231.313
6276.501,228.249
6277.502,224.908
6278.503,221.236
6279.504,217.230
6280.505,212.922
6281.506,208.305
6282.507,203.372
6283.508,198.142
6284.509,192.697
6285.510,186.992
6286.511,181.048
6287.512,174.837
6288.513,168.456
6289.514,161.833
6290.515,155.060
6291.516,148.154
6292.517,141.084
6293.518,133.894
6294.519,126.613
6295.520,119.233
6296.521,111.758
6297.521,104.218
6298.522,96.714
6299.523,89.202
6300.524,81.662
6301.525,74.162
6302.526,66.729
6303.527,59.359
6304.528,52.096
6305.529,44.949
6306.530,37.941
6307.531,31.091
6308.532,24.416
6309.533,20.000
6310.534,20.000
6311.535,20.000
6312.536,20.000
6313.537,20.000
6314.538,20.000
6315.539,20.000
6316.540,20.000
6317.541,20.000
6318.542,20.000
6319.543,20.000
6320.544,20.000
6321.545,20.000
6322.546,20.000
6323.547,20.000
6324.548,20.000
6325.549,20.000
6326.550,20.000
6327.551,20.000
6328.552,20.000
6329.553,20.000
6330.554,20.000
6331.555,20.000
6332.556,20.000
6333.557,20.000
6334.558,20.000
6335.559,20.000
6336.560,20.283
6337.561,20.818
6338.562,21.554
6339.563,22.613
6340.563,23.932
6341.564,25.548
6342.565,27.425
6343.566,29.453
6344.567,31.920
6345.568,34.567
6346.569,37.499
6347.570,40.642
6348.571,44.049
6349.572,47.699
6350.573,51.578
6351.574,55.643
6352.575,59.931
6353.576,64.460
6354.577,69.120
6355.578,73.978
6356.579,79.058
6357.580,84.215
6358.581,89.540
6359.582,94.981
6360.583,100.502
6361.584,106.106
6362.585,111.873
6363.586,117.575
6364.587,123.399
6365.588,129.257
6366.589,135.111
6367.590,140.970
6368.591,146.809
6369.592,152.650
6370.593,158.423
6371.594,164.065
6372.595,169.687
6373.596,175.229
6374.597,180.648
6375.598,185.926
6376.599,191.081
6377.600,196.018
6378.601,200.795
6379.602,205.350
6380.603,209.762
6381.604,213.867
6382.604,217.813
6383.605,221.510
6384.606,224.889
6385.607,228.048
6386.608,230.937
6387.609,233.480
6388.610,235.750
6389.611,237.709
6390.612,239.351
6391.613,240.650
6392.614,241.641
6393.615,242.282
6394.616,242.565
6395.617,242.522
6396.618,242.109
6397.619,241.377
6398.620,240.268
6399.621,238.796
6400.622,237.002
6401.623,234.904
6402.624,232.387
6403.625,229.512
6404.626,226.345
6405.627,222.834
6406.628,218.940
6407.629,214.767
6408.630,210.377
6409.631,205.676
6410.632,200.635
6411.633,195.341
6412.634,189.754
6413.635,183.960
6414.636,177.924
6415.637,171.658
6416.638,165.192
6417.639,158.520
6418.640,151.683
6419.641,144.675
6420.642,137.560
6421.643,130.354
6422.644,123.017
6423.645,115.605
6424.646,108.178
6425.646,100.628
6426.647,93.126
6427.648,85.581
6428.649,78.093
6429.650,70.591
6430.651,63.243
6431.652,55.922
6432.653,48.720
6433.654,41.656
6434.655,34.748
6435.656,27.916
6436.657,21.384
6437.658,20.000
6438.659,20.000
6439.660,20.000
6440.661,20.000
6441.662,20.000
6442.663,20.000
6443.664,20.000
6444.665,20.000
6445.666,20.000
6446.667,20.000
6447.668,20.000
6448.669,20.000
6449.670,20.000
6450.671,20.000
6451.672,20.000
6452.673,20.000
6453.674,20.000
6454.675,20.000
6455.676,20.000
6456.677,20.000
6457.678,20.000
6458.679,20.000
6459.680,20.000
6460.681,20.000
6461.682,20.000
6462.683,20.000
6463.684,20.126
6464.685,20.449
6465.686,21.057
6466.687,21.940
6467.688,23.096
6468.688,24.547
6469.689,26.265
6470.690,28.250
6471.691,30.470
6472.692,32.979
6473.693,35.704
6474.694,38.692
6475.695,41.908
6476.696,45.393
6477.697,49.079
6478.698,53.037
6479.699,57.188
6480.700,61.527
6481.701,66.091
6482.702,70.788
6483.703,75.742
6484.704,80.754
6485.705,85.970
6486.706,91.331
6487.707,96.731
6488.708,102.312
6489.709,107.942
6490.710,113.658
6491.711,119.404
6492.712,125.249
6493.713,131.114
6494.714,136.979
6495.715,142.813
6496.716,148.649
6497.717,154.449
6498.718,160.182
6499.719,165.813
6500.720,171.389
6501.721,176.871
6502.722,182.240
6503.723,187.427
6504.724,192.505
6505.725,197.422
6506.726,202.156
6507.727,206.653
6508.728,210.977
6509.729,215.049
6510.729,218.885
6511.730,222.481
6512.731,225.779
6513.732,228.820
6514.733,231.625
6515.734,234.090
6516.735,236.230
6517.736,238.108
6518.737,239.639
6519.738,240.846
6520.739,241.707
6521.740,242.266
6522.741,242.420
6523.742,242.291
6524.743,241.772
6525.744,240.911
6526.745,239.688
6527.746,238.143
6528.747,236.269
6529.748,233.967
6530.749,231.342
6531.750,228.389
6532.751,225.121
6533.752,221.521
6534.753,217.586
6535.754,213.357
6536.755,208.858
6537.756,203.978
6538.757,198.840
6539.758,193.421
6540.759,187.777
6541.760,181.887
6542.761,175.768
6543.762,169.386
6544.763,162.885
6545.764,156.143
6546.765,149.272
6547.766,142.158
6548.767,135.031
6549.768,127.746
6550.769,120.411
6551.770,112.939
6552.771,105.480
6553.771,97.943
6554.772,90.379
6555.773,82.800
6556.774,75.376
6557.775,67.880
6558.776,60.522
6559.777,53.268
6560.778,46.117
6561.779,39.075
6562.780,32.214
6563.781,25.483
6564.782,20.000
6565.783,20.000
6566.784,20.000
6567.785,20.000
6568.786,20.000
6569.787,20.000
6570.788,20.000
6571.789,20.000
6572.790,20.000
6573.791,20.000
6574.792,20.000
6575.793,20.000
6576.794,20.000
6577.795,20.000
6578.796,20.000
6579.797,20.000
6580.798,20.000
6581.799,20.000
6582.800,20.000
6583.801,20.000
6584.802,20.000
6585.803,20.000
6586.804,20.000
6587.805,20.000
6588.806,20.000
6589.807,20.000
6590.808,20.000
6591.809,20.193
6592.810,20.621
6593.811,21.274
6594.812,22.214
6595.813,23.451
6596.813,24.992
6597.814,26.773
6598.815,28.841
6599.816,31.151
6600.817,33.710
6601.818,36.497
6602.819,39.566
6603.820,42.850
6604.821,46.478
6605.822,50.236
6606.823,54.260
6607.824,58.482
6608.825,62.871
6609.826,67.489
6610.827,72.260
6611.828,77.232
6612.829,82.286
6613.830,87.548
6614.831,92.919
6615.832,98.337
6616.833,103.893
6617.834,109.566
6618.835,115.270
6619.836,121.032
6620.837,126.802
6621.838,132.616
6622.839,138.459
6623.840,144.244
6624.841,150.034
6625.842,155.790
6626.843,161.453
6627.844,167.008
6628.845,172.521
6629.846,177.943
6630.847,183.201
6631.848,188.350
6632.849,193.314
6633.850,198.088
6634.851,202.658
6635.852,207.103
6636.853,211.286
6637.854,215.230
6638.854,218.932
6639.855,222.416
6640.856,225.627
6641.857,228.537
6642.858,231.180
6643.859,233.531
6644.860,235.527
6645.861,237.229
6646.862,238.605
6647.863,239.643
6648.864,240.353
6649.865,240.799
6650.866,240.770
6651.867,240.501
6652.868,239.846
6653.869,238.842
6654.870,237.475
6655.871,235.810
6656.872,233.783
6657.873,231.410
6658.874,228.620
6659.875,225.555
6660.876,222.188
6661.877,218.492
6662.878,214.458
6663.879,210.144
6664.880,205.523
6665.881,200.637
6666.882,195.475
6667.883,190.051
6668.884,184.356
6669.885,178.377
6670.886,172.252
6671.887,165.870
6672.888,159.315
6673.889,152.582
6674.890,145.705
6675.891,138.647
6676.892,131.489
6677.893,124.215
6678.894,116.932
6679.895,109.491
6680.896,102.051
6681.896,94.604
6682.897,87.132
6683.898,79.669
6684.899,72.275
6685.900,64.942
6686.901,57.671
6687.902,50.510
6688.903,43.463
6689.904,36.561
6690.905,29.847
6691.906,23.231
6692.907,20.000
6693.908,20.000
6694.909,20.000
6695.910,20.000
6696.911,20.000
6697.912,20.000
6698.913,20.000
6699.914,20.000
6700.915,20.000
6701.916,20.000
6702.917,20.000
6703.918,20.000
6704.919,20.000
6705.920,20.000
6706.921,20.000
6707.922,20.000
6708.923,20.000
6709.924,20.000
6710.925,20.000
6711.926,20.000
6712.927,20.000
6713.928,20.000
6714.929,20.000
6715.930,20.000
6716.931,20.000
6717.932,20.000
6718.933,20.106
6719.934,20.437
6720.935,20.991
6721.936,21.836
6722.937,22.908
6723.938,24.325
6724.938,26.005
6725.939,27.923
6726.940,30.112
6727.941,32.610
6728.942,35.339
6729.943,38.291
6730.944,41.586
6731.945,45.013
6732.946,48.727
6733.947,52.641
6734.948,56.725
6735.949,61.053
6736.950,65.600
6737.951,70.336
6738.952,75.230
6739.953,80.295
6740.954,85.431
6741.955,90.756
6742.956,96.144
6743.957,101.660
6744.958,107.289
6745.959,112.958
6746.960,118.689
6747.961,124.458
6748.962,130.235
6749.963,136.104
6750.964,141.916
6751.965,147.710
6752.966,153.406
6753.967,159.153
6754.968,164.780
6755.969,170.355
6756.970,175.803
6757.971,181.117
6758.972,186.269
6759.973,191.331
6760.974,196.184
6761.975,200.894
6762.976,205.367
6763.977,209.633
6764.978,213.679
6765.979,217.512
6766.979,221.090
6767.980,224.367
6768.981,227.436
6769.982,230.197
6770.983,232.650
6771.984,234.815
6772.985,236.686
6773.986,238.227
6774.987,239.395
6775.988,240.251
6776.989,240.835
6777.990,241.017
6778.991,240.912
6779.992,240.385
6780.993,239.523
6781.994,238.397
6782.995,236.811
6783.996,234.943
6784.997,232.689
6785.998,230.129
6786.999,227.225
6788.000,223.982
6789.001,220.471
6790.002,216.637
6791.003,212.481
6792.004,207.999
6793.005,203.272
6794.006,198.283
6795.007,192.973
6796.008,187.334
6797.009,181.555
6798.010,175.471
6799.011,169.238
6800.012,162.758
6801.013,156.128
6802.014,149.311
6803.015,142.342
6804.016,135.228
6805.017,128.020
6806.018,120.722
6807.019,113.368
6808.020,105.908
6809.021,98.447
6810.021,91.014
6811.022,83.544
6812.023,76.110
6813.024,68.713
6814.025,61.443
6815.026,54.205
6816.027,47.063
6817.028,40.102
6818.029,33.276
6819.030,26.605
6820.031,20.148
6821.032,20.000
6822.033,20.000
6823.034,20.000
6824.035,20.000
6825.036,20.000
6826.037,20.000
6827.038,20.000
6828.039,20.000
6829.040,20.000
6830.041,20.000
6831.042,20.000
6832.043,20.000
6833.044,20.000
6834.045,20.000
6835.046,20.000
6836.047,20.000
6837.048,20.000
6838.049,20.000
6839.050,20.000
6840.051,20.000
6841.052,20.000
6842.053,20.000
6843.054,20.000
6844.055,20.000
6845.056,20.000
6846.057,20.000
6847.058,20.165
6848.059,20.569
6849.060,21.251
6850.061,22.180
6851.062,23.337
6852.063,24.819
6853.063,26.569
6854.064,28.592
6855.065,30.868
6856.066,33.439
6857.067,36.309
6858.068,39.359
6859.069,42.650
6860.070,46.204
6861.071,49.965
6862.072,53.979
6863.073,58.157
6864.074,62.547
6865.075,67.134
6866.076,71.919
6867.077,76.832
6868.078,81.885
6869.079,87.091
6870.080,92.411
6871.081,97.837
6872.082,103.408
6873.083,109.025
6874.084,114.697
6875.085,120.460
6876.086,126.185
6877.087,132.014
6878.088,137.825
6879.089,143.641
6880.090,149.416
6881.091,155.095
6882.092,160.738
6883.093,166.370
6884.094,171.913
6885.095,177.272
6886.096,182.510
6887.097,187.667
6888.098,192.613
6889.099,197.410
6890.100,202.011
6891.101,206.402
6892.102,210.596
6893.103,214.524
6894.104,218.295
6895.104,221.810
6896.105,224.960
6897.106,227.955
6898.107,230.574
6899.108,232.910
6900.109,235.037
6901.110,236.707
6902.111,238.125
6903.112,239.221
6904.113,239.958
6905.114,240.391
6906.115,240.505
6907.116,240.198
6908.117,239.582
6909.118,238.599
6910.119,237.320
6911.120,235.647
6912.121,233.651
6913.122,231.334
6914.123,228.647
6915.124,225.600
6916.125,222.252
6917.126,218.559
6918.127,214.588
6919.128,210.297
6920.129,205.769
6921.130,200.918
6922.131,195.784
6923.132,190.334
6924.133,184.654
6925.134,178.766
6926.135,172.613
6927.136,166.329
6928.137,159.768
6929.138,153.079
6930.139,146.207
6931.140,139.180
6932.141,132.100
6933.142,124.915
6934.143,117.553
6935.144,110.204
6936.145,102.769
6937.146,95.347
6938.146,87.927
6939.147,80.476
6940.148,73.079
6941.149,65.698
6942.150,58.476
6943.151,51.326
6944.152,44.281
6945.153,37.379
6946.154,30.602
6947.155,24.033
6948.156,20.000
6949.157,20.000
6950.158,20.000
6951.159,20.000
6952.160,20.000
6953.161,20.000
6954.162,20.000
6955.163,20.000
6956.164,20.000
6957.165,20.000
6958.166,20.000
6959.167,20.000
6960.168,20.000
6961.169,20.000
6962.170,20.000
6963.171,20.000
6964.172,20.000
6965.173,20.000
6966.174,20.000
6967.175,20.000
6968.176,20.000
6969.177,20.000
6970.178,20.000
6971.179,20.000
6972.180,20.000
6973.181,20.000
6974.182,20.018
6975.183,20.281
6976.184,20.801
6977.185,21.600
6978.186,22.696
6979.187,23.998
6980.188,25.585
6981.188,27.475
6982.189,29.619
6983.190,32.016
6984.191,34.682
6985.192,37.591
6986.193,40.741
6987.194,44.146
6988.195,47.772
6989.196,51.604
6990.197,55.651
6991.198,59.932
6992.199,64.391
6993.200,69.037
6994.201,73.796
6995.202,78.715
6996.203,83.843
6997.204,89.049
6998.205,94.403
6999.206,99.902
7000.207,105.424
7001.208,111.098
7002.209,116.743
7003.210,122.426
7004.211,128.231
7005.212,134.006
7006.213,139.762
7007.214,145.501
7008.215,151.219
7009.216,156.897
7010.217,162.475
7011.218,168.029
7012.219,173.411
7013.220,178.741
7014.221,183.886
7015.222,188.904
7016.223,193.768
7017.224,198.445
7018.225,202.962
7019.226,207.251
7020.227,211.338
7021.228,215.142
7022.229,218.712
7023.229,222.092
7024.230,225.149
7025.231,227.914
7026.232,230.433
7027.233,232.643
7028.234,234.508
7029.235,236.049
7030.236,237.368
7031.237,238.279
7032.238,238.837
7033.239,239.141
7034.240,239.051
7035.241,238.600
7036.242,237.869
7037.243,236.721
7038.244,235.289
7039.245,233.523
7040.246,231.375
7041.247,228.941
7042.248,226.142
7043.249,222.953
7044.250,219.501
7045.251,215.736
7046.252,211.627
7047.253,207.280
7048.254,202.613
7049.255,197.682
7050.256,192.452
7051.257,186.962
7052.258,181.201
7053.259,175.296
7054.260,169.133
7055.261,162.764
7056.262,156.221
7057.263,149.540
7058.264,142.649
7059.265,135.612
7060.266,128.515
7061.267,121.346
7062.268,114.032
7063.269,106.685
7064.270,99.340
7065.271,91.928
7066.271,84.598
7067.272,77.225
7068.273,69.894
7069.274,62.634
7070.275,55.467
7071.276,48.424
7072.277,41.481
7073.278,34.701
7074.279,28.082
7075.280,21.620
7076.281,20.000
7077.282,20.000
7078.283,20.000
7079.284,20.000
7080.285,20.000
7081.286,20.000
7082.287,20.000
7083.288,20.000
7084.289,20.000
7085.290,20.000
7086.291,20.000
7087.292,20.000
7088.293,20.000
7089.294,20.000
7090.295,20.000
7091.296,20.000
7092.297,20.000
7093.298,20.000
7094.299,20.000
7095.300,20.000
7096.301,20.000
7097.302,20.000
7098.303,20.000
7099.304,20.000
7100.305,20.000
7101.306,20.000
7102.307,20.194
7103.308,20.570
7104.309,21.288
7105.310,22.282
7106.311,23.515
7107.312,25.082
7108.313,26.930
7109.313,29.007
7110.314,31.305
7111.315,33.861
7112.316,36.698
7113.317,39.770
7114.318,43.064
7115.319,46.623
7116.320,50.382
7117.321,54.365
7118.322,58.582
7119.323,62.971
7120.324,67.514
7121.325,72.236
7122.326,77.088
7123.327,82.128
7124.328,87.265
7125.329,92.586
7126.330,98.007
7127.331,103.504
7128.332,109.117
7129.333,114.758
7130.334,120.454
7131.335,126.245
7132.336,132.001
7133.337,137.777
7134.338,143.528
7135.339,149.227
7136.340,154.930
7137.341,160.517
7138.342,166.063
7139.343,171.514
7140.344,176.894
7141.345,182.102
7142.346,187.195
7143.347,192.107
7144.348,196.871
7145.349,201.385
7146.350,205.794
7147.351,209.942
7148.352,213.877
7149.353,217.493
7150.354,220.954
7151.354,224.124
7152.355,226.973
7153.356,229.627
7154.357,231.871
7155.358,233.878
7156.359,235.588
7157.360,236.936
7158.361,238.022
7159.362,238.703
7160.363,239.052
7161.364,239.113
7162.365,238.848
7163.366,238.207
7164.367,237.184
7165.368,235.818
7166.369,234.158
7167.370,232.131
7168.371,229.770
7169.372,227.058
7170.373,224.002
7171.374,220.626
7172.375,216.962
7173.376,212.926
7174.377,208.625
7175.378,203.998
7176.379,199.160
7177.380,193.988
7178.381,188.588
7179.382,182.987
7180.383,177.095
7181.384,170.982
7182.385,164.680
7183.386,158.196
7184.387,151.545
7185.388,144.721
7186.389,137.737
7187.390,130.671
7188.391,123.527
7189.392,116.259
7190.393,108.927
7191.394,101.551
7192.395,94.197
7193.396,86.830
7194.396,79.439
7195.397,72.107
7196.398,64.848
7197.399,57.660
