time_s,temperature_C
2.000,20.000
4.000,20.000
6.000,20.000
8.000,20.000
9.000,20.000
10.000,20.000
11.000,20.000
12.000,20.000
13.000,20.000
14.000,20.000
15.000,20.000
16.000,20.000
17.000,20.000
18.000,20.000
19.000,20.000
20.000,20.000
21.000,20.000
22.000,20.000
23.000,20.000
24.000,20.000
25.000,20.000
26.000,20.000
27.000,20.000
28.000,20.000
29.000,20.000
30.001,20.000
31.001,20.000
32.001,20.000
33.001,20.000
34.001,20.000
35.001,20.000
36.001,20.000
37.001,20.000
38.001,20.000
39.001,20.000
40.001,20.000
41.001,20.000
42.001,20.000
43.001,20.000
44.001,20.000
45.001,20.000
46.001,20.000
47.001,20.000
48.001,20.000
49.001,20.000
50.001,20.000
51.001,20.000
52.001,20.000
53.001,20.000
54.001,20.000
55.001,20.000
56.001,20.000
57.001,20.000
58.001,20.000
59.001,20.000
60.001,20.000
61.001,20.000
62.001,20.001
63.001,20.002
64.001,20.005
66.001,20.012
68.001,20.022
70.000,20.034
72.000,20.047
74.000,20.062
75.999,20.078
77.999,20.095
79.999,20.112
81.998,20.130
83.998,20.149
85.998,20.169
87.997,20.189
89.997,20.209
91.997,20.230
93.996,20.251
95.996,20.272
97.996,20.294
99.995,20.316
101.995,20.338
103.995,20.360
105.994,20.383
107.994,20.406
109.994,20.429
111.993,20.452
113.993,20.476
115.993,20.500
117.992,20.524
119.992,20.548
121.992,20.572
123.991,20.596
125.991,20.620
127.991,20.645
128.991,20.657
129.991,20.670
130.991,20.682
131.991,20.694
132.992,20.707
133.992,20.719
134.992,20.732
135.992,20.744
136.992,20.757
137.993,20.769
138.993,20.782
139.993,20.794
140.993,20.807
141.994,20.820
142.994,20.832
143.994,20.845
144.994,20.858
145.994,20.870
146.995,20.883
147.995,20.896
148.995,20.909
149.995,20.921
150.995,20.934
151.996,20.947
152.996,20.960
153.996,20.972
154.996,20.985
155.997,20.998
156.997,21.011
157.997,21.024
158.997,21.037
159.997,21.049
160.998,21.062
161.998,21.075
162.998,21.088
163.998,21.101
164.998,21.114
165.999,21.127
166.999,21.140
167.999,21.153
168.999,21.166
170.000,21.179
171.000,21.192
172.000,21.204
173.000,21.217
174.000,21.230
175.001,21.243
176.001,21.256
177.001,21.269
178.001,21.282
179.001,21.295
180.002,21.308
181.002,21.321
182.002,21.334
183.002,21.347
184.003,21.360
185.003,21.373
186.003,21.386
187.003,21.399
188.003,21.412
189.004,21.425
190.004,21.438
191.004,21.451
192.004,21.464
193.004,21.477
194.005,21.490
195.005,21.503
196.005,21.516
197.005,21.529
198.006,21.542
199.006,21.555
200.006,21.568
201.006,21.581
202.006,21.594
203.007,21.607
204.007,21.620
205.007,21.633
206.007,21.646
207.007,21.659
208.008,21.672
209.008,21.685
210.008,21.698
211.008,21.711
212.009,21.724
213.009,21.737
214.009,21.750
215.009,21.763
216.009,21.776
217.010,21.789
218.010,21.802
219.010,21.815
220.010,21.828
221.010,21.841
222.011,21.854
223.011,21.867
224.011,21.880
225.011,21.893
226.012,21.906
227.012,21.919
228.012,21.931
229.012,21.944
230.012,21.957
231.013,21.970
232.013,21.983
233.013,21.996
234.013,22.009
235.013,22.022
236.014,22.035
237.014,22.048
238.014,22.061
239.014,22.073
240.015,22.086
241.015,22.099
242.015,22.112
243.015,22.125
244.015,22.138
245.016,22.151
246.016,22.164
247.016,22.176
248.016,22.189
249.016,22.202
250.017,22.215
251.017,22.228
252.017,22.241
253.017,22.253
254.017,22.266
255.018,22.279
256.018,22.292
258.017,22.317
260.016,22.343
262.015,22.368
264.014,22.394
266.012,22.419
268.011,22.445
270.010,22.470
272.009,22.496
274.008,22.521
276.007,22.547
278.006,22.572
280.005,22.597
282.004,22.623
284.003,22.648
286.001,22.673
288.000,22.698
289.999,22.724
291.998,22.749
293.997,22.774
295.996,22.799
297.995,22.824
299.994,22.849
301.993,22.875
303.992,22.900
305.990,22.925
307.989,22.950
309.988,22.975
311.987,23.000
313.986,23.025
315.985,23.050
317.984,23.074
319.983,23.099
321.982,23.124
323.981,23.149
325.979,23.174
327.978,23.199
329.977,23.223
331.976,23.248
333.975,23.273
335.974,23.297
337.973,23.322
339.972,23.347
341.971,23.371
343.970,23.396
345.968,23.421
347.967,23.445
349.966,23.470
351.965,23.494
353.964,23.519
355.963,23.543
357.962,23.567
359.961,23.592
361.960,23.616
363.959,23.641
365.957,23.665
367.956,23.689
369.955,23.713
371.954,23.738
373.953,23.762
375.952,23.786
377.951,23.810
379.950,23.835
381.949,23.859
383.948,23.883
385.946,23.907
387.945,23.931
389.944,23.955
391.943,23.979
393.942,24.003
395.941,24.027
397.940,24.051
399.939,24.075
401.938,24.099
403.937,24.123
405.936,24.147
407.934,24.170
409.933,24.194
411.932,24.218
413.931,24.242
415.930,24.266
417.929,24.289
419.928,24.313
421.927,24.337
423.926,24.360
425.925,24.384
427.923,24.408
429.922,24.431
431.921,24.455
433.920,24.478
435.919,24.502
437.918,24.526
439.917,24.549
441.916,24.572
443.915,24.596
445.914,24.619
447.912,24.643
449.911,24.666
451.910,24.690
453.909,24.713
455.908,24.736
457.907,24.759
459.906,24.783
461.905,24.806
463.904,24.829
465.903,24.852
467.901,24.876
469.900,24.899
471.899,24.922
473.898,24.945
475.897,24.968
477.896,24.991
479.895,25.014
481.894,25.037
483.893,25.060
485.892,25.083
487.890,25.106
489.889,25.129
491.888,25.152
493.887,25.175
495.886,25.198
497.885,25.221
499.884,25.244
501.883,25.267
503.882,25.290
505.881,25.312
507.879,25.335
509.878,25.358
511.877,25.381
512.878,25.392
513.879,25.403
514.880,25.415
515.881,25.426
516.882,25.437
517.883,25.449
518.884,25.460
519.885,25.471
520.886,25.483
521.887,25.494
522.888,25.505
523.889,25.517
524.890,25.528
525.891,25.539
526.892,25.550
527.893,25.562
528.894,25.573
529.895,25.584
530.896,25.596
531.897,25.607
532.898,25.618
533.899,25.629
534.900,25.641
535.901,25.652
536.901,25.663
537.902,25.674
538.903,25.686
539.904,25.697
540.905,25.708
541.906,25.719
542.907,25.730
543.908,25.742
544.909,25.753
545.910,25.764
546.911,25.775
547.912,25.786
548.913,25.798
549.914,25.809
550.915,25.820
551.916,25.831
552.917,25.842
553.918,25.853
554.919,25.865
555.920,25.876
556.921,25.887
557.922,25.898
558.923,25.909
559.924,25.920
560.925,25.931
561.926,25.943
562.927,25.954
563.928,25.965
564.929,25.976
565.930,25.987
566.931,25.998
567.932,26.009
568.933,26.020
569.934,26.031
570.935,26.042
571.936,26.053
572.937,26.065
573.938,26.076
574.939,26.087
575.940,26.098
576.941,26.109
577.942,26.120
578.942,26.131
579.943,26.142
580.944,26.153
581.945,26.164
582.946,26.175
583.947,26.186
584.948,26.197
585.949,26.208
586.950,26.219
587.951,26.230
588.952,26.241
589.953,26.252
590.954,26.263
591.955,26.274
592.956,26.285
593.957,26.296
594.958,26.307
595.959,26.318
596.960,26.329
597.961,26.340
598.962,26.351
599.963,26.361
600.964,26.372
601.965,26.383
602.966,26.394
603.967,26.405
604.968,26.416
605.969,26.427
606.970,26.438
607.971,26.449
608.972,26.460
609.973,26.471
610.974,26.481
611.975,26.492
612.976,26.503
613.977,26.514
614.978,26.525
615.979,26.536
616.980,26.547
617.981,26.557
618.982,26.568
619.983,26.579
620.984,26.590
621.984,26.601
622.985,26.612
623.986,26.622
624.987,26.633
625.988,26.644
626.989,26.655
627.990,26.666
628.991,26.677
629.992,26.687
630.993,26.698
631.994,26.709
632.995,26.720
633.996,26.730
634.997,26.741
635.998,26.752
636.999,26.763
638.000,26.774
639.001,26.784
640.002,26.795
641.003,26.806
642.004,26.817
643.005,26.827
644.006,26.838
645.007,26.849
646.008,26.859
647.009,26.870
648.010,26.881
649.011,26.892
650.012,26.902
651.013,26.913
652.014,26.924
653.015,26.934
654.016,26.945
655.017,26.956
656.018,26.966
657.019,26.977
658.020,26.988
659.021,26.998
660.022,27.009
661.023,27.020
662.024,27.030
663.025,27.041
664.026,27.052
665.026,27.062
666.027,27.073
667.028,27.084
668.029,27.094
669.030,27.105
670.031,27.116
671.032,27.126
672.033,27.137
673.034,27.147
674.035,27.158
675.036,27.169
676.037,27.179
677.038,27.190
678.039,27.200
679.040,27.211
680.041,27.221
681.042,27.232
682.043,27.243
683.044,27.253
684.045,27.264
685.046,27.274
686.047,27.285
687.048,27.295
688.049,27.306
689.050,27.316
690.051,27.327
691.052,27.337
692.053,27.348
693.054,27.358
694.055,27.369
695.056,27.379
696.057,27.390
697.058,27.400
698.059,27.411
699.060,27.421
700.061,27.432
701.062,27.442
702.063,27.453
703.064,27.463
704.065,27.474
705.066,27.484
706.067,27.495
707.067,27.505
708.068,27.516
709.069,27.526
710.070,27.536
711.071,27.547
712.072,27.557
713.073,27.568
714.074,27.578
715.075,27.589
716.076,27.599
717.077,27.609
718.078,27.620
719.079,27.630
720.080,27.641
721.081,27.651
722.082,27.661
723.083,27.672
724.084,27.682
725.085,27.693
726.086,27.703
727.087,27.713
728.088,27.724
729.089,27.734
730.090,27.744
731.091,27.755
732.092,27.765
733.093,27.775
734.094,27.786
735.095,27.796
736.096,27.806
737.097,27.817
738.098,27.827
739.099,27.837
740.100,27.848
741.101,27.858
742.102,27.868
743.103,27.879
744.104,27.889
745.105,27.899
746.106,27.910
747.107,27.920
748.108,27.930
749.109,27.940
750.109,27.951
751.110,27.961
752.111,27.971
753.112,27.981
754.113,27.992
755.114,28.002
756.115,28.012
757.116,28.022
758.117,28.033
759.118,28.043
760.119,28.053
761.120,28.063
762.121,28.073
763.122,28.084
764.123,28.094
765.124,28.104
766.125,28.114
767.126,28.125
768.127,28.135
769.128,28.145
770.129,28.155
771.130,28.165
772.131,28.175
773.132,28.186
774.133,28.196
775.134,28.206
776.135,28.216
777.136,28.226
778.137,28.236
779.138,28.247
780.139,28.257
781.140,28.267
782.141,28.277
783.142,28.287
784.143,28.297
785.144,28.307
786.145,28.318
787.146,28.328
788.147,28.338
789.148,28.348
790.149,28.358
791.150,28.368
792.151,28.378
793.151,28.388
794.152,28.398
795.153,28.408
796.154,28.418
797.155,28.429
798.156,28.439
799.157,28.449
800.158,28.459
801.159,28.469
802.160,28.479
803.161,28.489
804.162,28.499
805.163,28.509
806.164,28.519
807.165,28.529
808.166,28.539
809.167,28.549
810.168,28.559
811.169,28.569
812.170,28.579
813.171,28.589
814.172,28.599
815.173,28.609
816.174,28.619
817.175,28.629
818.176,28.639
819.177,28.649
820.178,28.659
821.179,28.669
822.180,28.679
823.181,28.689
824.182,28.699
825.183,28.709
826.184,28.719
827.185,28.729
828.186,28.739
829.187,28.749
830.188,28.759
831.189,28.769
832.190,28.779
833.191,28.789
834.192,28.798
835.192,28.808
836.193,28.818
837.194,28.828
838.195,28.838
839.196,28.848
840.197,28.858
841.198,28.868
842.199,28.878
843.200,28.888
844.201,28.897
845.202,28.907
846.203,28.917
847.204,28.927
848.205,28.937
849.206,28.947
850.207,28.957
851.208,28.967
852.209,28.976
853.210,28.986
854.211,28.996
855.212,29.006
856.213,29.016
857.214,29.026
858.215,29.035
859.216,29.045
860.217,29.055
861.218,29.065
862.219,29.075
863.220,29.085
864.221,29.094
865.222,29.104
866.223,29.114
867.224,29.124
868.225,29.134
869.226,29.143
870.227,29.153
871.228,29.163
872.229,29.173
873.230,29.183
874.231,29.192
875.232,29.202
876.233,29.212
877.234,29.222
878.234,29.231
879.235,29.241
880.236,29.251
881.237,29.261
882.238,29.270
883.239,29.280
884.240,29.290
885.241,29.299
886.242,29.309
887.243,29.319
888.244,29.329
889.245,29.338
890.246,29.348
891.247,29.358
892.248,29.367
893.249,29.377
894.250,29.387
895.251,29.396
896.252,29.406
897.253,29.416
898.254,29.426
899.255,29.435
900.256,29.445
901.257,29.455
902.258,29.464
903.259,29.474
904.260,29.483
905.261,29.493
906.262,29.503
907.263,29.512
908.264,29.522
909.265,29.532
910.266,29.541
911.267,29.551
912.268,29.561
913.269,29.570
914.270,29.580
915.271,29.589
916.272,29.599
917.273,29.609
918.274,29.618
919.275,29.628
920.276,29.637
921.276,29.647
922.277,29.657
923.278,29.666
924.279,29.676
925.280,29.685
926.281,29.695
927.282,29.704
928.283,29.714
929.284,29.724
930.285,29.733
931.286,29.743
932.287,29.752
933.288,29.762
934.289,29.771
935.290,29.781
936.291,29.790
937.292,29.800
938.293,29.809
939.294,29.819
940.295,29.828
941.296,29.838
942.297,29.847
943.298,29.857
944.299,29.866
945.300,29.876
946.301,29.885
947.302,29.895
948.303,29.904
949.304,29.914
950.305,29.923
951.306,29.933
952.307,29.942
953.308,29.952
954.309,29.961
955.310,29.971
956.311,29.980
957.312,29.990
958.313,29.999
959.314,30.009
960.315,30.018
961.316,30.027
962.317,30.037
963.317,30.046
964.318,30.056
965.319,30.065
966.320,30.075
967.321,30.084
968.322,30.093
969.323,30.103
970.324,30.112
971.325,30.122
972.326,30.131
973.327,30.140
974.328,30.150
975.329,30.159
976.330,30.168
977.331,30.178
978.332,30.187
979.333,30.197
980.334,30.206
981.335,30.215
982.336,30.225
983.337,30.234
984.338,30.243
985.339,30.253
986.340,30.262
987.341,30.271
988.342,30.281
989.343,30.290
990.344,30.299
991.345,30.309
992.346,30.318
993.347,30.327
994.348,30.337
995.349,30.346
996.350,30.355
997.351,30.365
998.352,30.374
999.353,30.383
1000.354,30.393
1001.355,30.402
1002.356,30.411
1003.357,30.420
1004.357,30.430
1005.358,30.439
1006.359,30.448
1007.360,30.458
1008.361,30.467
1009.362,30.476
1010.363,30.485
1011.364,30.495
1012.365,30.504
1013.366,30.513
1014.367,30.522
1015.368,30.532
1016.369,30.541
1017.370,30.550
1018.371,30.559
1019.372,30.568
1020.373,30.578
1021.374,30.587
1022.375,30.596
1023.376,30.605
1024.377,30.614
1025.378,30.624
1026.379,30.633
1027.380,30.642
1028.381,30.651
1029.382,30.660
1030.383,30.670
1031.384,30.679
1032.385,30.688
1033.386,30.697
1034.387,30.706
1035.388,30.716
1036.389,30.725
1037.390,30.734
1038.391,30.743
1039.392,30.752
1040.393,30.761
1041.394,30.770
1042.395,30.780
1043.396,30.789
1044.396,30.798
1045.397,30.807
1046.398,30.816
1047.399,30.825
1048.400,30.834
1049.401,30.843
1050.402,30.853
1051.403,30.862
1052.404,30.871
1053.405,30.880
1054.406,30.889
1055.407,30.898
1056.408,30.907
1057.409,30.916
1058.410,30.925
1059.411,30.934
1060.412,30.943
1061.413,30.953
1062.414,30.962
1063.415,30.971
1064.416,30.980
1065.417,30.989
1066.418,30.998
1067.419,31.007
1068.420,31.016
1069.421,31.025
1070.422,31.034
1071.423,31.043
1072.424,31.052
1073.425,31.061
1074.426,31.070
1075.427,31.079
1076.428,31.088
1077.429,31.097
1078.430,31.106
1079.431,31.115
1080.432,31.124
1081.433,31.133
1082.434,31.142
1083.435,31.151
1084.436,31.160
1085.437,31.169
1086.438,31.178
1087.438,31.187
1088.439,31.196
1089.440,31.205
1090.441,31.214
1091.442,31.223
1092.443,31.232
1093.444,31.241
1094.445,31.250
1095.446,31.259
1096.447,31.268
1097.448,31.277
1098.449,31.286
1099.450,31.295
1100.451,31.304
1101.452,31.313
1102.453,31.322
1103.454,31.330
1104.455,31.339
1105.456,31.348
1106.457,31.357
1107.458,31.366
1108.459,31.375
1109.460,31.384
1110.461,31.393
1111.462,31.402
1112.463,31.411
1113.464,31.420
1114.465,31.428
1115.466,31.437
1116.467,31.446
1117.468,31.455
1118.469,31.464
1119.470,31.473
1120.471,31.482
1121.472,31.491
1122.473,31.500
1123.474,31.508
1124.475,31.517
1125.476,31.526
1126.477,31.535
1127.478,31.544
1128.479,31.553
1129.479,31.561
1130.480,31.570
1131.481,31.579
1132.482,31.588
1133.483,31.597
1134.484,31.606
1135.485,31.614
1136.486,31.623
1137.487,31.632
1138.488,31.641
1139.489,31.650
1140.490,31.658
1141.491,31.667
1142.492,31.676
1143.493,31.685
1144.494,31.694
1145.495,31.702
1146.496,31.711
1147.497,31.720
1148.498,31.729
1149.499,31.738
1150.500,31.746
1151.501,31.755
1152.502,31.764
1153.503,31.773
1154.504,31.781
1155.505,31.790
1156.506,31.799
1157.507,31.808
1158.508,31.816
1159.509,31.825
1160.510,31.834
1161.511,31.843
1162.512,31.851
1163.513,31.860
1164.514,31.869
1165.515,31.877
1166.516,31.886
1167.517,31.895
1168.518,31.904
1169.519,31.912
1170.520,31.921
1171.521,31.930
1172.521,31.938
1173.522,31.947
1174.523,31.956
1175.524,31.964
1176.525,31.973
1177.526,31.982
1178.527,31.990
1179.528,31.999
1180.529,32.008
1181.530,32.016
1182.531,32.025
1183.532,32.034
1184.533,32.042
1185.534,32.051
1186.535,32.060
1187.536,32.068
1188.537,32.077
1189.538,32.086
1190.539,32.094
1191.540,32.103
1192.541,32.112
1193.542,32.120
1194.543,32.129
1195.544,32.137
1196.545,32.146
1197.546,32.155
1198.547,32.163
1199.548,32.172
1200.549,32.180
1201.550,32.189
1202.551,32.198
1203.552,32.206
1204.553,32.215
1205.554,32.223
1206.555,32.232
1207.556,32.241
1208.557,32.249
1209.558,32.258
1210.559,32.266
1211.560,32.275
1212.561,32.283
1213.562,32.292
1214.563,32.300
1215.563,32.309
1216.564,32.318
1217.565,32.326
1218.566,32.335
1219.567,32.343
1220.568,32.352
1221.569,32.360
1222.570,32.369
1223.571,32.377
1224.572,32.386
1225.573,32.394
1226.574,32.403
1227.575,32.411
1228.576,32.420
1229.577,32.428
1230.578,32.437
1231.579,32.445
1232.580,32.454
1233.581,32.462
1234.582,32.471
1235.583,32.479
1236.584,32.488
1237.585,32.496
1238.586,32.505
1239.587,32.513
1240.588,32.522
1241.589,32.530
1242.590,32.539
1243.591,32.547
1244.592,32.556
1245.593,32.564
1246.594,32.573
1247.595,32.581
1248.596,32.589
1249.597,32.598
1250.598,32.606
1251.599,32.615
1252.600,32.623
1253.601,32.632
1254.602,32.640
1255.603,32.648
1256.604,32.657
1257.604,32.665
1258.605,32.674
1259.606,32.682
1260.607,32.691
1261.608,32.699
1262.609,32.707
1263.610,32.716
1264.611,32.724
1265.612,32.733
1266.613,32.741
1267.614,32.749
1268.615,32.758
1269.616,32.766
1270.617,32.774
1271.618,32.783
1272.619,32.791
1273.620,32.800
1274.621,32.808
1275.622,32.816
1276.623,32.825
1277.624,32.833
1278.625,32.841
1279.626,32.850
1280.627,32.858
1281.628,32.866
1282.629,32.875
1283.630,32.883
1284.631,32.891
1285.632,32.900
1286.633,32.908
1287.634,32.916
1288.635,32.925
1289.636,32.933
1290.637,32.941
1291.638,32.949
1292.639,32.958
1293.640,32.966
1294.641,32.974
1295.642,32.983
1296.643,32.991
1297.644,32.999
1298.645,33.008
1299.646,33.016
1300.646,33.024
1301.647,33.032
1302.648,33.041
1303.649,33.049
1304.650,33.057
1305.651,33.065
1306.652,33.074
1307.653,33.082
1308.654,33.090
1309.655,33.098
1310.656,33.107
1311.657,33.115
1312.658,33.123
1313.659,33.131
1314.660,33.140
1315.661,33.148
1316.662,33.156
1317.663,33.164
1318.664,33.173
1319.665,33.181
1320.666,33.189
1321.667,33.197
1322.668,33.205
1323.669,33.214
1324.670,33.222
1325.671,33.230
1326.672,33.238
1327.673,33.246
1328.674,33.255
1329.675,33.263
1330.676,33.271
1331.677,33.279
1332.678,33.287
1333.679,33.296
1334.680,33.304
1335.681,33.312
1336.682,33.320
1337.683,33.328
1338.684,33.336
1339.685,33.345
1340.686,33.353
1341.687,33.361
1342.688,33.369
1343.688,33.377
1344.689,33.385
1345.690,33.393
1346.691,33.402
1347.692,33.410
1348.693,33.418
1349.694,33.426
1350.695,33.434
1351.696,33.442
1352.697,33.450
1353.698,33.458
1354.699,33.467
1355.700,33.475
1356.701,33.483
1357.702,33.491
1358.703,33.499
1359.704,33.507
1360.705,33.515
1361.706,33.523
1362.707,33.531
1363.708,33.539
1364.709,33.547
1365.710,33.556
1366.711,33.564
1367.712,33.572
1368.713,33.580
1369.714,33.588
1370.715,33.596
1371.716,33.604
1372.717,33.612
1373.718,33.620
1374.719,33.628
1375.720,33.636
1376.721,33.644
1377.722,33.652
1378.723,33.660
1379.724,33.668
1380.725,33.676
1381.726,33.684
1382.727,33.692
1383.728,33.700
1384.729,33.708
1385.729,33.716
1386.730,33.725
1387.731,33.733
1388.732,33.741
1389.733,33.749
1390.734,33.757
1391.735,33.765
1392.736,33.772
1393.737,33.781
1394.738,33.788
1395.739,33.796
1396.740,33.804
1397.741,33.812
1398.742,33.820
1399.743,33.828
1400.744,33.836
1401.745,33.844
1402.746,33.852
1403.747,33.860
1404.748,33.868
1405.749,33.876
1406.750,33.884
1407.751,33.892
1408.752,33.900
1409.753,33.908
1410.754,33.916
1411.755,33.924
1412.756,33.932
1413.757,33.940
1414.758,33.948
1415.759,33.955
1416.760,33.963
1417.761,33.971
1418.762,33.979
1419.763,33.987
1420.764,33.995
1421.765,34.003
1422.766,34.011
1423.767,34.019
1424.768,34.027
1425.769,34.035
1426.770,34.042
1427.771,34.050
1428.771,34.058
1429.772,34.066
1430.773,34.074
1431.774,34.082
1432.775,34.090
1433.776,34.098
1434.777,34.105
1435.778,34.113
1436.779,34.121
1437.780,34.129
1438.781,34.137
1439.782,34.145
1440.783,34.153
1441.784,34.161
1442.785,34.168
1443.786,34.176
1444.787,34.184
1445.788,34.192
1446.789,34.200
1447.790,34.208
1448.791,34.215
1449.792,34.223
1450.793,34.231
1451.794,34.239
1452.795,34.247
1453.796,34.254
1454.797,34.262
1455.798,34.270
1456.799,34.278
1457.800,34.286
1458.801,34.293
1459.802,34.301
1460.803,34.309
1461.804,34.317
1462.805,34.325
1463.806,34.332
1464.807,34.340
1465.808,34.348
1466.809,34.356
1467.810,34.363
1468.811,34.371
1469.812,34.379
1470.813,34.387
1471.813,34.394
1472.814,34.402
1473.815,34.410
1474.816,34.418
1475.817,34.425
1476.818,34.433
1477.819,34.441
1478.820,34.449
1479.821,34.456
1480.822,34.464
1481.823,34.472
1482.824,34.480
1483.825,34.487
1484.826,34.495
1485.827,34.503
1486.828,34.510
1487.829,34.518
1488.830,34.526
1489.831,34.534
1490.832,34.541
1491.833,34.549
1492.834,34.557
1493.835,34.564
1494.836,34.572
1495.837,34.580
1496.838,34.587
1497.839,34.595
1498.840,34.603
1499.841,34.610
1500.842,34.618
1501.843,34.626
1502.844,34.633
1503.845,34.641
1504.846,34.649
1505.847,34.656
1506.848,34.664
1507.849,34.672
1508.850,34.679
1509.851,34.687
1510.852,34.695
1511.853,34.702
1512.854,34.710
1513.854,34.718
1514.855,34.725
1515.856,34.733
1516.857,34.741
1517.858,34.748
1518.859,34.756
1519.860,34.763
1520.861,34.771
1521.862,34.779
1522.863,34.786
1523.864,34.794
1524.865,34.801
1525.866,34.809
1526.867,34.817
1527.868,34.824
1528.869,34.832
1529.870,34.839
1530.871,34.847
1531.872,34.855
1532.873,34.862
1533.874,34.870
1534.875,34.877
1535.876,34.885
1536.877,34.892
1537.878,34.900
1538.879,34.908
1539.880,34.915
1540.881,34.923
1541.882,34.930
1542.883,34.938
1543.884,34.945
1544.885,34.953
1545.886,34.960
1546.887,34.968
1547.888,34.976
1548.889,34.983
1549.890,34.991
1550.891,34.998
1551.892,35.006
1552.893,35.013
1553.894,35.021
1554.895,35.028
1555.896,35.036
1556.896,35.043
1557.897,35.051
1558.898,35.058
1559.899,35.066
1560.900,35.073
1561.901,35.081
1562.902,35.088
1563.903,35.096
1564.904,35.103
1565.905,35.111
1566.906,35.118
1567.907,35.126
1568.908,35.133
1569.909,35.141
1570.910,35.148
1571.911,35.156
1572.912,35.163
1573.913,35.171
1574.914,35.178
1575.915,35.186
1576.916,35.193
1577.917,35.200
1578.918,35.208
1579.919,35.215
1580.920,35.223
1581.921,35.230
1582.922,35.238
1583.923,35.245
1584.924,35.253
1585.925,35.260
1586.926,35.267
1587.927,35.275
1588.928,35.282
1589.929,35.290
1590.930,35.297
1591.931,35.304
1592.932,35.312
1593.933,35.319
1594.934,35.327
1595.935,35.334
1596.936,35.341
1597.937,35.349
1598.938,35.356
1599.938,35.364
1600.939,35.371
1601.940,35.378
1602.941,35.386
1603.942,35.393
1604.943,35.401
1605.944,35.408
1606.945,35.415
1607.946,35.423
1608.947,35.430
1609.948,35.437
1610.949,35.445
1611.950,35.452
1612.951,35.459
1613.952,35.467
1614.953,35.474
1615.954,35.482
1616.955,35.489
1617.956,35.496
1618.957,35.504
1619.958,35.511
1620.959,35.518
1621.960,35.526
1622.961,35.533
1623.962,35.540
1624.963,35.548
1625.964,35.555
1626.965,35.562
1627.966,35.570
1628.967,35.577
1629.968,35.584
1630.969,35.591
1631.970,35.599
1632.971,35.606
1633.972,35.613
1634.973,35.621
1635.974,35.628
1636.975,35.635
1637.976,35.643
1638.977,35.650
1639.978,35.657
1640.979,35.664
1641.979,35.672
1642.980,35.679
1643.981,35.686
1644.982,35.693
1645.983,35.701
1646.984,35.708
1647.985,35.715
1648.986,35.723
1649.987,35.730
1650.988,35.737
1651.989,35.744
1652.990,35.752
1653.991,35.759
1654.992,35.766
1655.993,35.773
1656.994,35.780
1657.995,35.788
1658.996,35.795
1659.997,35.802
1660.998,35.809
1661.999,35.817
1663.000,35.824
1664.001,35.831
1665.002,35.838
1666.003,35.845
1667.004,35.853
1668.005,35.860
1669.006,35.867
1670.007,35.874
1671.008,35.881
1672.009,35.889
1673.010,35.896
1674.011,35.903
1675.012,35.910
1676.013,35.917
1677.014,35.925
1678.015,35.932
1679.016,35.939
1680.017,35.946
1681.018,35.953
1682.019,35.960
1683.020,35.968
1684.021,35.975
1685.021,35.982
1686.022,35.989
1687.023,35.996
1688.024,36.003
1689.025,36.011
1690.026,36.018
1691.027,36.025
1692.028,36.032
1693.029,36.039
1694.030,36.046
1695.031,36.053
1696.032,36.060
1697.033,36.068
1698.034,36.075
1699.035,36.082
1700.036,36.089
1701.037,36.096
1702.038,36.103
1703.039,36.110
1704.040,36.117
1705.041,36.125
1706.042,36.132
1707.043,36.139
1708.044,36.146
1709.045,36.153
1710.046,36.160
1711.047,36.167
1712.048,36.174
1713.049,36.181
1714.050,36.188
1715.051,36.195
1716.052,36.203
1717.053,36.210
1718.054,36.217
1719.055,36.224
1720.056,36.231
1721.057,36.238
1722.058,36.245
1723.059,36.252
1724.060,36.259
1725.061,36.266
1726.062,36.273
1727.063,36.280
1728.063,36.287
1729.064,36.294
1730.065,36.301
1731.066,36.308
1732.067,36.315
1733.068,36.322
1734.069,36.330
1735.070,36.337
1736.071,36.344
1737.072,36.351
1738.073,36.358
1739.074,36.365
1740.075,36.372
1741.076,36.379
1742.077,36.386
1743.078,36.393
1744.079,36.400
1745.080,36.407
1746.081,36.414
1747.082,36.421
1748.083,36.428
1749.084,36.435
1750.085,36.442
1751.086,36.449
1752.087,36.456
1753.088,36.463
1754.089,36.470
1755.090,36.477
1756.091,36.483
1757.092,36.490
1758.093,36.497
1759.094,36.504
1760.095,36.511
1761.096,36.518
1762.097,36.525
1763.098,36.532
1764.099,36.539
1765.100,36.546
1766.101,36.553
1767.102,36.560
1768.103,36.567
1769.104,36.574
1770.104,36.581
1771.105,36.588
1772.106,36.595
1773.107,36.602
1774.108,36.608
1775.109,36.615
1776.110,36.622
1777.111,36.629
1778.112,36.636
1779.113,36.643
1780.114,36.650
1781.115,36.657
1782.116,36.664
1783.117,36.671
1784.118,36.678
1785.119,36.684
1786.120,36.691
1787.121,36.698
1788.122,36.705
1789.123,36.712
1790.124,36.719
1791.125,36.726
1792.126,36.733
1793.127,36.740
1794.128,36.746
1795.129,36.753
1796.130,36.760
1797.131,36.767
1798.132,36.774
1799.133,36.781
1800.134,36.788
1801.135,36.794
1802.136,36.801
1803.137,36.808
1804.138,36.815
1805.139,36.822
1806.140,36.829
1807.141,36.836
1808.142,36.842
1809.143,36.849
1810.144,36.856
1811.145,36.863
1812.146,36.870
1813.146,36.877
1814.147,36.883
1815.148,36.890
1816.149,36.897
1817.150,36.904
1818.151,36.911
1819.152,36.918
1820.153,36.924
1821.154,36.931
1822.155,36.938
1823.156,36.945
1824.157,36.951
1825.158,36.958
1826.159,36.965
1827.160,36.972
1828.161,36.979
1829.162,36.985
1830.163,36.992
1831.164,36.999
1832.165,37.006
1833.166,37.012
1834.167,37.019
1835.168,37.026
1836.169,37.033
1837.170,37.040
1838.171,37.046
1839.172,37.053
1840.173,37.060
1841.174,37.066
1842.175,37.073
1843.176,37.080
1844.177,37.087
1845.178,37.093
1846.179,37.100
1847.180,37.107
1848.181,37.114
1849.182,37.120
1850.183,37.127
1851.184,37.134
1852.185,37.141
1853.186,37.147
1854.187,37.154
1855.188,37.161
1856.188,37.167
1857.189,37.174
1858.190,37.181
1859.191,37.188
1860.192,37.194
1861.193,37.201
1862.194,37.208
1863.195,37.214
1864.196,37.221
1865.197,37.228
1866.198,37.234
1867.199,37.241
1868.200,37.248
1869.201,37.255
1870.202,37.261
1871.203,37.268
1872.204,37.275
1873.205,37.281
1874.206,37.288
1875.207,37.295
1876.208,37.301
1877.209,37.308
1878.210,37.315
1879.211,37.321
1880.212,37.328
1881.213,37.335
1882.214,37.341
1883.215,37.348
1884.216,37.355
1885.217,37.361
1886.218,37.368
1887.219,37.375
1888.220,37.381
1889.221,37.388
1890.222,37.394
1891.223,37.401
1892.224,37.408
1893.225,37.414
1894.226,37.421
1895.227,37.428
1896.228,37.434
1897.229,37.441
1898.229,37.447
1899.230,37.454
1900.231,37.461
1901.232,37.467
1902.233,37.474
1903.234,37.480
1904.235,37.487
1905.236,37.493
1906.237,37.500
1907.238,37.507
1908.239,37.513
1909.240,37.520
1910.241,37.526
1911.242,37.533
1912.243,37.540
1913.244,37.546
1914.245,37.553
1915.246,37.559
1916.247,37.566
1917.248,37.572
1918.249,37.579
1919.250,37.586
1920.251,37.592
1921.252,37.599
1922.253,37.605
1923.254,37.612
1924.255,37.618
1925.256,37.625
1926.257,37.631
1927.258,37.638
1928.259,37.644
1929.260,37.651
1930.261,37.658
1931.262,37.664
1932.263,37.671
1933.264,37.677
1934.265,37.684
1935.266,37.690
1936.267,37.697
1937.268,37.703
1938.269,37.710
1939.270,37.716
1940.271,37.723
1941.271,37.729
1942.272,37.736
1943.273,37.742
1944.274,37.749
1945.275,37.755
1946.276,37.762
1947.277,37.768
1948.278,37.775
1949.279,37.781
1950.280,37.788
1951.281,37.794
1952.282,37.801
1953.283,37.807
1954.284,37.814
1955.285,37.820
1956.286,37.827
1957.287,37.833
1958.288,37.839
1959.289,37.846
1960.290,37.852
1961.291,37.859
1962.292,37.865
1963.293,37.872
1964.294,37.878
1965.295,37.885
1966.296,37.891
1967.297,37.898
1968.298,37.904
1969.299,37.910
1970.300,37.917
1971.301,37.923
1972.302,37.930
1973.303,37.936
1974.304,37.943
1975.305,37.949
1976.306,37.955
1977.307,37.962
1978.308,37.968
1979.309,37.975
1980.310,37.981
1981.311,37.987
1982.312,37.994
1983.313,38.000
1984.313,38.007
1985.314,38.013
1986.315,38.020
1987.316,38.026
1988.317,38.032
1989.318,38.039
1990.319,38.045
1991.320,38.051
1992.321,38.058
1993.322,38.064
1994.323,38.071
1995.324,38.077
1996.325,38.083
1997.326,38.090
1998.327,38.096
1999.328,38.102
2000.329,38.109
2001.330,38.115
2002.331,38.122
2003.332,38.128
2004.333,38.134
2005.334,38.141
2006.335,38.147
2007.336,38.153
2008.337,38.160
2009.338,38.166
2010.339,38.172
2011.340,38.179
2012.341,38.185
2013.342,38.191
2014.343,38.198
2015.344,38.204
2016.345,38.210
2017.346,38.217
2018.347,38.223
2019.348,38.229
2020.349,38.236
2021.350,38.242
2022.351,38.248
2023.352,38.255
2024.353,38.261
2025.354,38.267
2026.354,38.273
2027.355,38.280
2028.356,38.286
2029.357,38.292
2030.358,38.299
2031.359,38.305
2032.360,38.311
2033.361,38.317
2034.362,38.324
2035.363,38.330
2036.364,38.336
2037.365,38.343
2038.366,38.349
2039.367,38.355
2040.368,38.361
2041.369,38.368
2042.370,38.374
2043.371,38.380
2044.372,38.386
2045.373,38.393
2046.374,38.399
2047.375,38.405
2048.376,38.411
2049.377,38.418
2050.378,38.424
2051.379,38.430
2052.380,38.436
2053.381,38.443
2054.382,38.449
2055.383,38.455
2056.384,38.461
2057.385,38.468
2058.386,38.474
2059.387,38.480
2060.388,38.486
2061.389,38.493
2062.390,38.499
2063.391,38.505
2064.392,38.511
2065.393,38.517
2066.394,38.524
2067.395,38.530
2068.396,38.536
2069.396,38.542
2070.397,38.548
2071.398,38.555
2072.399,38.561
2073.400,38.567
2074.401,38.573
2075.402,38.579
2076.403,38.586
2077.404,38.592
2078.405,38.598
2079.406,38.604
2080.407,38.610
2081.408,38.616
2082.409,38.623
2083.410,38.629
2084.411,38.635
2085.412,38.641
2086.413,38.647
2087.414,38.653
2088.415,38.660
2089.416,38.666
2090.417,38.672
2091.418,38.678
2092.419,38.684
2093.420,38.690
2094.421,38.696
2095.422,38.703
2096.423,38.709
2097.424,38.715
2098.425,38.721
2099.426,38.727
2100.427,38.733
2101.428,38.739
2102.429,38.746
2103.430,38.752
2104.431,38.758
2105.432,38.764
2106.433,38.770
2107.434,38.776
2108.435,38.782
2109.436,38.788
2110.437,38.794
2111.438,38.801
2112.438,38.807
2113.439,38.813
2114.440,38.819
2115.441,38.825
2116.442,38.831
2117.443,38.837
2118.444,38.843
2119.445,38.849
2120.446,38.855
2121.447,38.862
2122.448,38.868
2123.449,38.874
2124.450,38.880
2125.451,38.886
2126.452,38.892
2127.453,38.898
2128.454,38.904
2129.455,38.910
2130.456,38.916
2131.457,38.922
2132.458,38.928
2133.459,38.934
2134.460,38.940
2135.461,38.947
2136.462,38.953
2137.463,38.959
2138.464,38.965
2139.465,38.971
2140.466,38.977
2141.467,38.983
2142.468,38.989
2143.469,38.995
2144.470,39.001
2145.471,39.007
2146.472,39.013
2147.473,39.019
2148.474,39.025
2149.475,39.031
2150.476,39.037
2151.477,39.043
2152.478,39.049
2153.479,39.055
2154.479,39.061
2155.480,39.067
2156.481,39.073
2157.482,39.079
2158.483,39.085
2159.484,39.091
2160.485,39.097
2161.486,39.103
2162.487,39.109
2163.488,39.115
2164.489,39.121
2165.490,39.127
2166.491,39.133
2167.492,39.139
2168.493,39.145
2169.494,39.151
2170.495,39.157
2171.496,39.163
2172.497,39.169
2173.498,39.175
2174.499,39.181
2175.500,39.187
2176.501,39.193
2177.502,39.199
2178.503,39.205
2179.504,39.210
2180.505,39.216
2181.506,39.222
2182.507,39.228
2183.508,39.234
2184.509,39.240
2185.510,39.246
2186.511,39.252
2187.512,39.258
2188.513,39.264
2189.514,39.270
2190.515,39.276
2191.516,39.282
2192.517,39.288
2193.518,39.294
2194.519,39.300
2195.520,39.305
2196.521,39.311
2197.521,39.317
2198.522,39.323
2199.523,39.329
2200.524,39.335
2201.525,39.341
2202.526,39.347
2203.527,39.353
2204.528,39.359
2205.529,39.364
2206.530,39.370
2207.531,39.376
2208.532,39.382
2209.533,39.388
2210.534,39.394
2211.535,39.400
2212.536,39.406
2213.537,39.412
2214.538,39.417
2215.539,39.423
2216.540,39.429
2217.541,39.435
2218.542,39.441
2219.543,39.447
2220.544,39.453
2221.545,39.459
2222.546,39.464
2223.547,39.470
2224.548,39.476
2225.549,39.482
2226.550,39.488
2227.551,39.494
2228.552,39.500
2229.553,39.505
2230.554,39.511
2231.555,39.517
2232.556,39.523
2233.557,39.529
2234.558,39.535
2235.559,39.540
2236.560,39.546
2237.561,39.552
2238.562,39.558
2239.563,39.564
2240.563,39.570
2241.564,39.575
2242.565,39.581
2243.566,39.587
2244.567,39.593
2245.568,39.599
2246.569,39.604
2247.570,39.610
2248.571,39.616
2249.572,39.622
2250.573,39.628
2251.574,39.633
2252.575,39.639
2253.576,39.645
2254.577,39.651
2255.578,39.657
2256.579,39.662
2257.580,39.668
2258.581,39.674
2259.582,39.680
2260.583,39.685
2261.584,39.691
2262.585,39.697
2263.586,39.703
2264.587,39.708
2265.588,39.714
2266.589,39.720
2267.590,39.726
2268.591,39.732
2269.592,39.737
2270.593,39.743
2271.594,39.749
2272.595,39.755
2273.596,39.760
2274.597,39.766
2275.598,39.772
2276.599,39.778
2277.600,39.783
2278.601,39.789
2279.602,39.795
2280.603,39.800
2281.604,39.806
2282.604,39.812
2283.605,39.818
2284.606,39.823
2285.607,39.829
2286.608,39.835
2287.609,39.841
2288.610,39.846
2289.611,39.852
2290.612,39.858
2291.613,39.863
2292.614,39.869
2293.615,39.875
2294.616,39.881
2295.617,39.886
2296.618,39.892
2297.619,39.898
2298.620,39.903
2299.621,39.909
2300.622,39.915
2301.623,39.920
2302.624,39.926
2303.625,39.932
2304.626,39.937
2305.627,39.943
2306.628,39.949
2307.629,39.954
2308.630,39.960
2309.631,39.966
2310.632,39.972
2311.633,39.977
2312.634,39.983
2313.635,39.989
2314.636,39.994
2315.637,40.000
2316.638,40.006
2317.639,40.011
2318.640,40.017
2319.641,40.023
2320.642,40.028
2321.643,40.034
2322.644,40.039
2323.645,40.045
2324.646,40.051
2325.646,40.056
2326.647,40.062
2327.648,40.068
2328.649,40.073
2329.650,40.079
2330.651,40.085
2331.652,40.090
2332.653,40.096
2333.654,40.101
2334.655,40.107
2335.656,40.113
2336.657,40.118
2337.658,40.124
2338.659,40.130
2339.660,40.135
2340.661,40.141
2341.662,40.146
2342.663,40.152
2343.664,40.158
2344.665,40.163
2345.666,40.169
2346.667,40.174
2347.668,40.180
2348.669,40.185
2349.670,40.191
2350.671,40.197
2351.672,40.202
2352.673,40.208
2353.674,40.213
2354.675,40.219
2355.676,40.225
2356.677,40.230
2357.678,40.236
2358.679,40.241
2359.680,40.247
2360.681,40.252
2361.682,40.258
2362.683,40.263
2363.684,40.269
2364.685,40.275
2365.686,40.280
2366.687,40.286
2367.688,40.291
2368.688,40.297
2369.689,40.302
2370.690,40.308
2371.691,40.313
2372.692,40.319
2373.693,40.325
2374.694,40.330
2375.695,40.336
2376.696,40.341
2377.697,40.347
2378.698,40.352
2379.699,40.358
2380.700,40.363
2381.701,40.369
2382.702,40.374
2383.703,40.380
2384.704,40.385
2385.705,40.391
2386.706,40.396
2387.707,40.402
2388.708,40.407
2389.709,40.413
2390.710,40.418
2391.711,40.424
2392.712,40.429
2393.713,40.435
2394.714,40.440
2395.715,40.446
2396.716,40.451
2397.717,40.457
2398.718,40.462
2399.719,40.468
2400.720,40.473
2401.721,40.479
2402.722,40.484
2403.723,40.490
2404.724,40.495
2405.725,40.501
2406.726,40.506
2407.727,40.512
2408.728,40.517
2409.729,40.523
2410.729,40.528
2411.730,40.533
2412.731,40.539
2413.732,40.544
2414.733,40.550
2415.734,40.555
2416.735,40.561
2417.736,40.566
2418.737,40.572
2419.738,40.577
2420.739,40.582
2421.740,40.588
2422.741,40.593
2423.742,40.599
2424.743,40.604
2425.744,40.610
2426.745,40.615
2427.746,40.621
2428.747,40.626
2429.748,40.631
2430.749,40.637
2431.750,40.642
2432.751,40.648
2433.752,40.653
2434.753,40.658
2435.754,40.664
2436.755,40.669
2437.756,40.675
2438.757,40.680
2439.758,40.686
2440.759,40.691
2441.760,40.696
2442.761,40.702
2443.762,40.707
2444.763,40.713
2445.764,40.718
2446.765,40.723
2447.766,40.729
2448.767,40.734
2449.768,40.740
2450.769,40.745
2451.770,40.750
2452.771,40.756
2453.771,40.761
2454.772,40.766
2455.773,40.772
2456.774,40.777
2457.775,40.783
2458.776,40.788
2459.777,40.793
2460.778,40.799
2461.779,40.804
2462.780,40.809
2463.781,40.815
2464.782,40.820
2465.783,40.825
2466.784,40.831
2467.785,40.836
2468.786,40.841
2469.787,40.847
2470.788,40.852
2471.789,40.857
2472.790,40.863
2473.791,40.868
2474.792,40.873
2475.793,40.879
2476.794,40.884
2477.795,40.889
2478.796,40.895
2479.797,40.900
2480.798,40.905
2481.799,40.911
2482.800,40.916
2483.801,40.921
2484.802,40.927
2485.803,40.932
2486.804,40.937
2487.805,40.943
2488.806,40.948
2489.807,40.953
2490.808,40.959
2491.809,40.964
2492.810,40.969
2493.811,40.974
2494.812,40.980
2495.813,40.985
2496.813,40.990
2497.814,40.996
2498.815,41.001
2499.816,41.006
2500.817,41.011
2501.818,41.017
2502.819,41.022
2503.820,41.027
2504.821,41.032
2505.822,41.038
2506.823,41.043
2507.824,41.048
2508.825,41.054
2509.826,41.059
2510.827,41.064
2511.828,41.069
2512.829,41.075
2513.830,41.080
2514.831,41.085
2515.832,41.090
2516.833,41.096
2517.834,41.101
2518.835,41.106
2519.836,41.111
2520.837,41.117
2521.838,41.122
2522.839,41.127
2523.840,41.132
2524.841,41.138
2525.842,41.143
2526.843,41.148
2527.844,41.153
2528.845,41.158
2529.846,41.164
2530.847,41.169
2531.848,41.174
2532.849,41.179
2533.850,41.185
2534.851,41.190
2535.852,41.195
2536.853,41.200
2537.854,41.205
2538.854,41.211
2539.855,41.216
2540.856,41.221
2541.857,41.226
2542.858,41.231
2543.859,41.237
2544.860,41.242
2545.861,41.247
2546.862,41.252
2547.863,41.257
2548.864,41.263
2549.865,41.268
2550.866,41.273
2551.867,41.278
2552.868,41.283
2553.869,41.289
2554.870,41.294
2555.871,41.299
2556.872,41.304
2557.873,41.309
2558.874,41.315
2559.875,41.320
2560.876,41.325
2561.877,41.330
2562.878,41.335
2563.879,41.340
2564.880,41.346
2565.881,41.351
2566.882,41.356
2567.883,41.361
2568.884,41.366
2569.885,41.371
2570.886,41.376
2571.887,41.382
2572.888,41.387
2573.889,41.392
2574.890,41.397
2575.891,41.402
2576.892,41.407
2577.893,41.412
2578.894,41.418
2579.895,41.423
2580.896,41.428
2581.896,41.433
2582.897,41.438
2583.898,41.443
2584.899,41.448
2585.900,41.453
2586.901,41.459
2587.902,41.464
2588.903,41.469
2589.904,41.474
2590.905,41.479
2591.906,41.484
2592.907,41.489
2593.908,41.494
2594.909,41.499
2595.910,41.504
2596.911,41.510
2597.912,41.515
2598.913,41.520
2599.914,41.525
2600.915,41.530
2601.916,41.535
2602.917,41.540
2603.918,41.545
2604.919,41.550
2605.920,41.555
2606.921,41.560
2607.922,41.565
2608.923,41.570
2609.924,41.576
2610.925,41.581
2611.926,41.586
2612.927,41.591
2613.928,41.596
2614.929,41.601
2615.930,41.606
2616.931,41.611
2617.932,41.616
2618.933,41.621
2619.934,41.626
2620.935,41.631
2621.936,41.636
2622.937,41.641
2623.938,41.646
2624.938,41.651
2625.939,41.656
2626.940,41.662
2627.941,41.667
2628.942,41.672
2629.943,41.677
2630.944,41.682
2631.945,41.687
2632.946,41.692
2633.947,41.697
2634.948,41.702
2635.949,41.707
2636.950,41.712
2637.951,41.717
2638.952,41.722
2639.953,41.727
2640.954,41.732
2641.955,41.737
2642.956,41.742
2643.957,41.747
2644.958,41.752
2645.959,41.757
2646.960,41.762
2647.961,41.767
2648.962,41.772
2649.963,41.777
2650.964,41.782
2651.965,41.787
2652.966,41.792
2653.967,41.797
2654.968,41.802
2655.969,41.807
2656.970,41.812
2657.971,41.817
2658.972,41.822
2659.973,41.827
2660.974,41.832
2661.975,41.837
2662.976,41.842
2663.977,41.847
2664.978,41.852
2665.979,41.857
2666.979,41.862
2667.980,41.867
2668.981,41.872
2669.982,41.877
2670.983,41.882
2671.984,41.886
2672.985,41.891
2673.986,41.896
2674.987,41.901
2675.988,41.906
2676.989,41.911
2677.990,41.916
2678.991,41.921
2679.992,41.926
2680.993,41.931
2681.994,41.936
2682.995,41.941
2683.996,41.946
2684.997,41.951
2685.998,41.956
2686.999,41.961
2688.000,41.966
2689.001,41.971
2690.002,41.976
2691.003,41.981
2692.004,41.985
2693.005,41.990
2694.006,41.995
2695.007,42.000
2696.008,42.005
2697.009,42.010
2698.010,42.015
2699.011,42.020
2700.012,42.025
2701.013,42.030
2702.014,42.034
2703.015,42.039
2704.016,42.044
2705.017,42.049
2706.018,42.054
2707.019,42.059
2708.020,42.064
2709.021,42.069
2710.021,42.074
2711.022,42.078
2712.023,42.083
2713.024,42.088
2714.025,42.093
2715.026,42.098
2716.027,42.103
2717.028,42.108
2718.029,42.112
2719.030,42.117
2720.031,42.122
2721.032,42.127
2722.033,42.132
2723.034,42.137
2724.035,42.142
2725.036,42.147
2726.037,42.151
2727.038,42.156
2728.039,42.161
2729.040,42.166
2730.041,42.171
2731.042,42.176
2732.043,42.181
2733.044,42.185
2734.045,42.190
2735.046,42.195
2736.047,42.200
2737.048,42.205
2738.049,42.210
2739.050,42.214
2740.051,42.219
2741.052,42.224
2742.053,42.229
2743.054,42.234
2744.055,42.239
2745.056,42.243
2746.057,42.248
2747.058,42.253
2748.059,42.258
2749.060,42.263
2750.061,42.268
2751.062,42.272
2752.063,42.277
2753.063,42.282
2754.064,42.287
2755.065,42.292
2756.066,42.296
2757.067,42.301
2758.068,42.306
2759.069,42.311
2760.070,42.316
2761.071,42.320
2762.072,42.325
2763.073,42.330
2764.074,42.335
2765.075,42.340
2766.076,42.344
2767.077,42.349
2768.078,42.354
2769.079,42.359
2770.080,42.363
2771.081,42.368
2772.082,42.373
2773.083,42.378
2774.084,42.383
2775.085,42.387
2776.086,42.392
2777.087,42.397
2778.088,42.402
2779.089,42.406
2780.090,42.411
2781.091,42.416
2782.092,42.421
2783.093,42.426
2784.094,42.430
2785.095,42.435
2786.096,42.440
2787.097,42.445
2788.098,42.449
2789.099,42.454
2790.100,42.459
2791.101,42.464
2792.102,42.468
2793.103,42.473
2794.104,42.478
2795.104,42.483
2796.105,42.487
2797.106,42.492
2798.107,42.497
2799.108,42.501
2800.109,42.506
2801.110,42.511
2802.111,42.516
2803.112,42.520
2804.113,42.525
2805.114,42.530
2806.115,42.534
2807.116,42.539
2808.117,42.544
2809.118,42.549
2810.119,42.553
2811.120,42.558
2812.121,42.563
2813.122,42.567
2814.123,42.572
2815.124,42.577
2816.125,42.582
2817.126,42.586
2818.127,42.591
2819.128,42.596
2820.129,42.600
2821.130,42.605
2822.131,42.610
2823.132,42.614
2824.133,42.619
2825.134,42.624
2826.135,42.628
2827.136,42.633
2828.137,42.638
2829.138,42.642
2830.139,42.647
2831.140,42.652
2832.141,42.656
2833.142,42.661
2834.143,42.666
2835.144,42.670
2836.145,42.675
2837.146,42.680
2838.146,42.684
2839.147,42.689
2840.148,42.694
2841.149,42.698
2842.150,42.703
2843.151,42.708
2844.152,42.712
2845.153,42.717
2846.154,42.722
2847.155,42.726
2848.156,42.731
2849.157,42.736
2850.158,42.740
2851.159,42.745
2852.160,42.749
2853.161,42.754
2854.162,42.759
2855.163,42.763
2856.164,42.768
2857.165,42.773
2858.166,42.777
2859.167,42.782
2860.168,42.787
2861.169,42.791
2862.170,42.796
2863.171,42.800
2864.172,42.805
2865.173,42.810
2866.174,42.814
2867.175,42.819
2868.176,42.823
2869.177,42.828
2870.178,42.833
2871.179,42.837
2872.180,42.842
2873.181,42.846
2874.182,42.851
2875.183,42.856
2876.184,42.860
2877.185,42.865
2878.186,42.869
2879.187,42.874
2880.188,42.879
2881.188,42.883
2882.189,42.888
2883.190,42.892
2884.191,42.897
2885.192,42.902
2886.193,42.906
2887.194,42.911
2888.195,42.915
2889.196,42.920
2890.197,42.924
2891.198,42.929
2892.199,42.934
2893.200,42.938
2894.201,42.943
2895.202,42.947
2896.203,42.952
2897.204,42.956
2898.205,42.961
2899.206,42.966
2900.207,42.970
2901.208,42.975
2902.209,42.979
2903.210,42.984
2904.211,42.988
2905.212,42.993
2906.213,42.997
2907.214,43.002
2908.215,43.006
2909.216,43.011
2910.217,43.015
2911.218,43.020
2912.219,43.025
2913.220,43.029
2914.221,43.034
2915.222,43.038
2916.223,43.043
2917.224,43.047
2918.225,43.052
2919.226,43.056
2920.227,43.061
2921.228,43.065
2922.229,43.070
2923.229,43.074
2924.230,43.079
2925.231,43.083
2926.232,43.088
2927.233,43.092
2928.234,43.097
2929.235,43.101
2930.236,43.106
2931.237,43.110
2932.238,43.115
2933.239,43.119
2934.240,43.124
2935.241,43.128
2936.242,43.133
2937.243,43.137
2938.244,43.142
2939.245,43.146
2940.246,43.151
2941.247,43.155
2942.248,43.160
2943.249,43.164
2944.250,43.169
2945.251,43.173
2946.252,43.178
2947.253,43.182
2948.254,43.187
2949.255,43.191
2950.256,43.196
2951.257,43.200
2952.258,43.204
2953.259,43.209
2954.260,43.213
2955.261,43.218
2956.262,43.222
2957.263,43.227
2958.264,43.231
2959.265,43.236
2960.266,43.240
2961.267,43.245
2962.268,43.249
2963.269,43.254
2964.270,43.258
2965.271,43.262
2966.271,43.267
2967.272,43.271
2968.273,43.276
2969.274,43.280
2970.275,43.285
2971.276,43.289
2972.277,43.293
2973.278,43.298
2974.279,43.302
2975.280,43.307
2976.281,43.311
2977.282,43.316
2978.283,43.320
2979.284,43.325
2980.285,43.329
2981.286,43.333
2982.287,43.338
2983.288,43.342
2984.289,43.347
2985.290,43.351
2986.291,43.356
2987.292,43.360
2988.293,43.364
2989.294,43.369
2990.295,43.373
2991.296,43.378
2992.297,43.382
2993.298,43.386
2994.299,43.391
2995.300,43.395
2996.301,43.400
2997.302,43.404
2998.303,43.408
2999.304,43.413
3000.305,43.417
3001.306,43.421
3002.307,43.426
3003.308,43.430
3004.309,43.435
3005.310,43.439
3006.311,43.443
3007.312,43.448
3008.313,43.452
3009.313,43.457
3010.314,43.461
3011.315,43.465
3012.316,43.470
3013.317,43.474
3014.318,43.478
3015.319,43.483
3016.320,43.487
3017.321,43.491
3018.322,43.496
3019.323,43.500
3020.324,43.504
3021.325,43.509
3022.326,43.513
3023.327,43.518
3024.328,43.522
3025.329,43.526
3026.330,43.531
3027.331,43.535
3028.332,43.539
3029.333,43.544
3030.334,43.548
3031.335,43.552
3032.336,43.557
3033.337,43.561
3034.338,43.565
3035.339,43.570
3036.340,43.574
3037.341,43.578
3038.342,43.583
3039.343,43.587
3040.344,43.591
3041.345,43.595
3042.346,43.600
3043.347,43.604
3044.348,43.608
3045.349,43.613
3046.350,43.617
3047.351,43.621
3048.352,43.626
3049.353,43.630
3050.354,43.634
3051.354,43.638
3052.355,43.643
3053.356,43.647
3054.357,43.651
3055.358,43.656
3056.359,43.660
3057.360,43.664
3058.361,43.669
3059.362,43.673
3060.363,43.677
3061.364,43.681
3062.365,43.686
3063.366,43.690
3064.367,43.694
3065.368,43.699
3066.369,43.703
3067.370,43.707
3068.371,43.711
3069.372,43.716
3070.373,43.720
3071.374,43.724
3072.375,43.729
3073.376,43.733
3074.377,43.737
3075.378,43.741
3076.379,43.746
3077.380,43.750
3078.381,43.754
3079.382,43.759
3080.383,43.763
3081.384,43.767
3082.385,43.771
3083.386,43.776
3084.387,43.780
3085.388,43.784
3086.389,43.788
3087.390,43.793
3088.391,43.797
3089.392,43.801
3090.393,43.805
3091.394,43.810
3092.395,43.814
3093.396,43.818
3094.396,43.822
3095.397,43.827
3096.398,43.831
3097.399,43.835
3098.400,43.839
3099.401,43.844
3100.402,43.848
3101.403,43.852
3102.404,43.856
3103.405,43.860
3104.406,43.865
3105.407,43.869
3106.408,43.873
3107.409,43.877
3108.410,43.882
3109.411,43.886
3110.412,43.890
3111.413,43.894
3112.414,43.898
3113.415,43.903
3114.416,43.907
3115.417,43.911
3116.418,43.915
3117.419,43.919
3118.420,43.924
3119.421,43.928
3120.422,43.932
3121.423,43.936
3122.424,43.941
3123.425,43.945
3124.426,43.949
3125.427,43.953
3126.428,43.957
3127.429,43.961
3128.430,43.966
3129.431,43.970
3130.432,43.974
3131.433,43.978
3132.434,43.982
3133.435,43.987
3134.436,43.991
3135.437,43.995
3136.438,43.999
3137.438,44.003
3138.439,44.007
3139.440,44.012
3140.441,44.016
3141.442,44.020
3142.443,44.024
3143.444,44.028
3144.445,44.032
3145.446,44.037
3146.447,44.041
3147.448,44.045
3148.449,44.049
3149.450,44.053
3150.451,44.057
3151.452,44.061
3152.453,44.065
3153.454,44.070
3154.455,44.074
3155.456,44.078
3156.457,44.082
3157.458,44.086
3158.459,44.090
3159.460,44.094
3160.461,44.098
3161.462,44.103
3162.463,44.107
3163.464,44.111
3164.465,44.115
3165.466,44.119
3166.467,44.123
3167.468,44.127
3168.469,44.131
3169.470,44.136
3170.471,44.140
3171.472,44.144
3172.473,44.148
3173.474,44.152
3174.475,44.156
3175.476,44.160
3176.477,44.164
3177.478,44.168
3178.479,44.173
3179.479,44.177
3180.480,44.181
3181.481,44.185
3182.482,44.189
3183.483,44.193
3184.484,44.197
3185.485,44.201
3186.486,44.205
3187.487,44.209
3188.488,44.214
3189.489,44.218
3190.490,44.222
3191.491,44.226
3192.492,44.230
3193.493,44.234
3194.494,44.238
3195.495,44.242
3196.496,44.246
3197.497,44.250
3198.498,44.254
3199.499,44.259
3200.500,44.263
3201.501,44.267
3202.502,44.271
3203.503,44.275
3204.504,44.279
3205.505,44.283
3206.506,44.287
3207.507,44.291
3208.508,44.295
3209.509,44.299
3210.510,44.303
3211.511,44.307
3212.512,44.311
3213.513,44.315
3214.514,44.320
3215.515,44.324
3216.516,44.328
3217.517,44.332
3218.518,44.336
3219.519,44.340
3220.520,44.344
3221.521,44.348
3222.521,44.352
3223.522,44.356
3224.523,44.360
3225.524,44.364
3226.525,44.368
3227.526,44.372
3228.527,44.376
3229.528,44.380
3230.529,44.384
3231.530,44.388
3232.531,44.392
3233.532,44.396
3234.533,44.400
3235.534,44.404
3236.535,44.408
3237.536,44.412
3238.537,44.417
3239.538,44.421
3240.539,44.425
3241.540,44.429
3242.541,44.433
3243.542,44.437
3244.543,44.441
3245.544,44.445
3246.545,44.449
3247.546,44.453
3248.547,44.457
3249.548,44.461
3250.549,44.465
3251.550,44.469
3252.551,44.473
3253.552,44.477
3254.553,44.481
3255.554,44.485
3256.555,44.489
3257.556,44.493
3258.557,44.497
3259.558,44.501
3260.559,44.505
3261.560,44.509
3262.561,44.513
3263.562,44.517
3264.563,44.521
3265.563,44.525
3266.564,44.529
3267.565,44.533
3268.566,44.537
3269.567,44.540
3270.568,44.544
3271.569,44.548
3272.570,44.552
3273.571,44.556
3274.572,44.560
3275.573,44.564
3276.574,44.568
3277.575,44.572
3278.576,44.576
3279.577,44.580
3280.578,44.584
3281.579,44.588
3282.580,44.592
3283.581,44.596
3284.582,44.600
3285.583,44.604
3286.584,44.608
3287.585,44.612
3288.586,44.615
3289.587,44.619
3290.588,44.623
3291.589,44.627
3292.590,44.631
3293.591,44.635
3294.592,44.639
3295.593,44.643
3296.594,44.647
3297.595,44.651
3298.596,44.655
3299.597,44.659
3300.598,44.663
3301.599,44.666
3302.600,44.670
3303.601,44.674
3304.602,44.678
3305.603,44.682
3306.604,44.686
3307.604,44.690
3308.605,44.694
3309.606,44.698
3310.607,44.702
3311.608,44.706
3312.609,44.710
3313.610,44.713
3314.611,44.717
3315.612,44.721
3316.613,44.725
3317.614,44.729
3318.615,44.733
3319.616,44.737
3320.617,44.741
3321.618,44.745
3322.619,44.749
3323.620,44.752
3324.621,44.756
3325.622,44.760
3326.623,44.764
3327.624,44.768
3328.625,44.772
3329.626,44.776
3330.627,44.780
3331.628,44.784
3332.629,44.787
3333.630,44.791
3334.631,44.795
3335.632,44.799
3336.633,44.803
3337.634,44.807
3338.635,44.811
3339.636,44.815
3340.637,44.818
3341.638,44.822
3342.639,44.826
3343.640,44.830
3344.641,44.834
3345.642,44.838
3346.643,44.842
3347.644,44.845
3348.645,44.849
3349.646,44.853
3350.646,44.857
3351.647,44.861
3352.648,44.865
3353.649,44.869
3354.650,44.872
3355.651,44.876
3356.652,44.880
3357.653,44.884
3358.654,44.888
3359.655,44.892
3360.656,44.895
3361.657,44.899
3362.658,44.903
3363.659,44.907
3364.660,44.911
3365.661,44.915
3366.662,44.919
3367.663,44.922
3368.664,44.926
3369.665,44.930
3370.666,44.934
3371.667,44.938
3372.668,44.942
3373.669,44.945
3374.670,44.949
3375.671,44.953
3376.672,44.957
3377.673,44.961
3378.674,44.965
3379.675,44.968
3380.676,44.972
3381.677,44.976
3382.678,44.980
3383.679,44.984
3384.680,44.987
3385.681,44.991
3386.682,44.995
3387.683,44.999
3388.684,45.003
3389.685,45.007
3390.686,45.010
3391.687,45.014
3392.688,45.018
3393.688,45.022
3394.689,45.026
3395.690,45.029
3396.691,45.033
3397.692,45.037
3398.693,45.041
3399.694,45.044
3400.695,45.048
3401.696,45.052
3402.697,45.056
3403.698,45.060
3404.699,45.063
3405.700,45.067
3406.701,45.071
3407.702,45.075
3408.703,45.078
3409.704,45.082
3410.705,45.086
3411.706,45.090
3412.707,45.094
3413.708,45.097
3414.709,45.101
3415.710,45.105
3416.711,45.109
3417.712,45.112
3418.713,45.116
3419.714,45.120
3420.715,45.124
3421.716,45.127
3422.717,45.131
3423.718,45.135
3424.719,45.139
3425.720,45.142
3426.721,45.146
3427.722,45.150
3428.723,45.153
3429.724,45.157
3430.725,45.161
3431.726,45.165
3432.727,45.168
3433.728,45.172
3434.729,45.176
3435.729,45.180
3436.730,45.183
3437.731,45.187
3438.732,45.191
3439.733,45.194
3440.734,45.198
3441.735,45.202
3442.736,45.206
3443.737,45.209
3444.738,45.213
3445.739,45.217
3446.740,45.221
3447.741,45.224
3448.742,45.228
3449.743,45.232
3450.744,45.235
3451.745,45.239
3452.746,45.243
3453.747,45.246
3454.748,45.250
3455.749,45.254
3456.750,45.258
3457.751,45.261
3458.752,45.265
3459.753,45.269
3460.754,45.272
3461.755,45.276
3462.756,45.280
3463.757,45.283
3464.758,45.287
3465.759,45.291
3466.760,45.295
3467.761,45.298
3468.762,45.302
3469.763,45.306
3470.764,45.309
3471.765,45.313
3472.766,45.317
3473.767,45.320
3474.768,45.324
3475.769,45.328
3476.770,45.331
3477.771,45.335
3478.771,45.339
3479.772,45.342
3480.773,45.346
3481.774,45.350
3482.775,45.353
3483.776,45.357
3484.777,45.361
3485.778,45.364
3486.779,45.368
3487.780,45.372
3488.781,45.375
3489.782,45.379
3490.783,45.383
3491.784,45.386
3492.785,45.390
3493.786,45.394
3494.787,45.397
3495.788,45.401
3496.789,45.405
3497.790,45.408
3498.791,45.412
3499.792,45.416
3500.793,45.419
3501.794,45.423
3502.795,45.426
3503.796,45.430
3504.797,45.434
3505.798,45.437
3506.799,45.441
3507.800,45.445
3508.801,45.448
3509.802,45.452
3510.803,45.456
3511.804,45.459
3512.805,45.463
3513.806,45.467
3514.807,45.470
3515.808,45.474
3516.809,45.477
3517.810,45.481
3518.811,45.485
3519.812,45.488
3520.813,45.492
3521.813,45.495
3522.814,45.499
3523.815,45.503
3524.816,45.506
3525.817,45.510
3526.818,45.514
3527.819,45.517
3528.820,45.521
3529.821,45.524
3530.822,45.528
3531.823,45.532
3532.824,45.535
3533.825,45.539
3534.826,45.542
3535.827,45.546
3536.828,45.550
3537.829,45.553
3538.830,45.557
3539.831,45.560
3540.832,45.564
3541.833,45.568
3542.834,45.571
3543.835,45.575
3544.836,45.578
3545.837,45.582
3546.838,45.586
3547.839,45.589
3548.840,45.593
3549.841,45.596
3550.842,45.600
3551.843,45.604
3552.844,45.607
3553.845,45.611
3554.846,45.614
3555.847,45.618
3556.848,45.621
3557.849,45.625
3558.850,45.629
3559.851,45.632
3560.852,45.636
3561.853,45.639
3562.854,45.643
3563.854,45.646
3564.855,45.650
3565.856,45.653
3566.857,45.657
3567.858,45.661
3568.859,45.664
3569.860,45.668
3570.861,45.671
3571.862,45.675
3572.863,45.678
3573.864,45.682
3574.865,45.685
3575.866,45.689
3576.867,45.692
3577.868,45.696
3578.869,45.700
3579.870,45.703
3580.871,45.707
3581.872,45.710
3582.873,45.714
3583.874,45.717
3584.875,45.721
3585.876,45.724
3586.877,45.728
3587.878,45.731
3588.879,45.735
3589.880,45.738
3590.881,45.742
3591.882,45.745
3592.883,45.749
3593.884,45.752
3594.885,45.756
3595.886,45.759
3596.887,45.763
3597.888,45.766
3598.889,45.770
3599.890,45.773
3600.891,45.777
3601.892,45.781
3602.893,45.784
3603.894,45.788
3604.895,45.791
3605.896,45.794
3606.896,45.798
3607.897,45.802
3608.898,45.805
3609.899,45.809
3610.900,45.812
3611.901,45.815
3612.902,45.819
3613.903,45.822
3614.904,45.826
3615.905,45.829
3616.906,45.833
3617.907,45.836
3618.908,45.840
3619.909,45.843
3620.910,45.847
3621.911,45.850
3622.912,45.854
3623.913,45.857
3624.914,45.861
3625.915,45.864
3626.916,45.868
3627.917,45.871
3628.918,45.875
3629.919,45.878
3630.920,45.882
3631.921,45.885
3632.922,45.888
3633.923,45.892
3634.924,45.895
3635.925,45.899
3636.926,45.902
3637.927,45.906
3638.928,45.909
3639.929,45.913
3640.930,45.916
3641.931,45.920
3642.932,45.923
3643.933,45.927
3644.934,45.930
3645.935,45.934
3646.936,45.937
3647.937,45.940
3648.938,45.944
3649.938,45.947
3650.939,45.951
3651.940,45.954
3652.941,45.958
3653.942,45.961
3654.943,45.965
3655.944,45.968
3656.945,45.971
3657.946,45.975
3658.947,45.978
3659.948,45.982
3660.949,45.985
3661.950,45.989
3662.951,45.992
3663.952,45.995
3664.953,45.999
3665.954,46.002
3666.955,46.006
3667.956,46.009
3668.957,46.013
3669.958,46.016
3670.959,46.019
3671.960,46.023
3672.961,46.026
3673.962,46.030
3674.963,46.033
3675.964,46.037
3676.965,46.040
3677.966,46.043
3678.967,46.047
3679.968,46.050
3680.969,46.054
3681.970,46.057
3682.971,46.060
3683.972,46.064
3684.973,46.067
3685.974,46.071
3686.975,46.074
3687.976,46.077
3688.977,46.081
3689.978,46.084
3690.979,46.088
3691.979,46.091
3692.980,46.094
3693.981,46.098
3694.982,46.101
3695.983,46.105
3696.984,46.108
3697.985,46.111
3698.986,46.115
3699.987,46.118
3700.988,46.122
3701.989,46.125
3702.990,46.128
3703.991,46.132
3704.992,46.135
3705.993,46.139
3706.994,46.142
3707.995,46.145
3708.996,46.149
3709.997,46.152
3710.998,46.155
3711.999,46.159
3713.000,46.162
3714.001,46.165
3715.002,46.169
3716.003,46.172
3717.004,46.176
3718.005,46.179
3719.006,46.182
3720.007,46.186
3721.008,46.189
3722.009,46.192
3723.010,46.196
3724.011,46.199
3725.012,46.202
3726.013,46.206
3727.014,46.209
3728.015,46.213
3729.016,46.216
3730.017,46.219
3731.018,46.223
3732.019,46.226
3733.020,46.229
3734.021,46.233
3735.021,46.236
3736.022,46.239
3737.023,46.243
3738.024,46.246
3739.025,46.249
3740.026,46.253
3741.027,46.256
3742.028,46.259
3743.029,46.263
3744.030,46.266
3745.031,46.269
3746.032,46.273
3747.033,46.276
3748.034,46.279
3749.035,46.283
3750.036,46.286
3751.037,46.289
3752.038,46.292
3753.039,46.296
3754.040,46.299
3755.041,46.302
3756.042,46.306
3757.043,46.309
3758.044,46.312
3759.045,46.316
3760.046,46.319
3761.047,46.322
3762.048,46.326
3763.049,46.329
3764.050,46.332
3765.051,46.335
3766.052,46.339
3767.053,46.342
3768.054,46.345
3769.055,46.349
3770.056,46.352
3771.057,46.355
3772.058,46.359
3773.059,46.362
3774.060,46.365
3775.061,46.368
3776.062,46.372
3777.063,46.375
3778.063,46.378
3779.064,46.382
3780.065,46.385
3781.066,46.388
3782.067,46.391
3783.068,46.395
3784.069,46.398
3785.070,46.401
3786.071,46.404
3787.072,46.408
3788.073,46.411
3789.074,46.414
3790.075,46.418
3791.076,46.421
3792.077,46.424
3793.078,46.427
3794.079,46.431
3795.080,46.434
3796.081,46.437
3797.082,46.440
3798.083,46.444
3799.084,46.447
3800.085,46.450
3801.086,46.453
3802.087,46.457
3803.088,46.460
3804.089,46.463
3805.090,46.466
3806.091,46.470
3807.092,46.473
3808.093,46.476
3809.094,46.479
3810.095,46.483
3811.096,46.486
3812.097,46.489
3813.098,46.492
3814.099,46.496
3815.100,46.499
3816.101,46.502
3817.102,46.505
3818.103,46.509
3819.104,46.512
3820.104,46.515
3821.105,46.518
3822.106,46.522
3823.107,46.525
3824.108,46.528
3825.109,46.531
3826.110,46.535
3827.111,46.538
3828.112,46.541
3829.113,46.544
3830.114,46.547
3831.115,46.551
3832.116,46.554
3833.117,46.557
3834.118,46.560
3835.119,46.564
3836.120,46.567
3837.121,46.570
3838.122,46.573
3839.123,46.576
3840.124,46.580
3841.125,46.583
3842.126,46.586
3843.127,46.589
3844.128,46.592
3845.129,46.596
3846.130,46.599
3847.131,46.602
3848.132,46.605
3849.133,46.608
3850.134,46.612
3851.135,46.615
3852.136,46.618
3853.137,46.621
3854.138,46.624
3855.139,46.628
3856.140,46.631
3857.141,46.634
3858.142,46.637
3859.143,46.640
3860.144,46.644
3861.145,46.647
3862.146,46.650
3863.146,46.653
3864.147,46.656
3865.148,46.660
3866.149,46.663
3867.150,46.666
3868.151,46.669
3869.152,46.672
3870.153,46.675
3871.154,46.679
3872.155,46.682
3873.156,46.685
3874.157,46.688
3875.158,46.691
3876.159,46.695
3877.160,46.698
3878.161,46.701
3879.162,46.704
3880.163,46.707
3881.164,46.710
3882.165,46.714
3883.166,46.717
3884.167,46.720
3885.168,46.723
3886.169,46.726
3887.170,46.729
3888.171,46.733
3889.172,46.736
3890.173,46.739
3891.174,46.742
3892.175,46.745
3893.176,46.748
3894.177,46.751
3895.178,46.755
3896.179,46.758
3897.180,46.761
3898.181,46.764
3899.182,46.767
3900.183,46.770
3901.184,46.774
3902.185,46.777
3903.186,46.780
3904.187,46.783
3905.188,46.786
3906.188,46.789
3907.189,46.792
3908.190,46.796
3909.191,46.799
3910.192,46.802
3911.193,46.805
3912.194,46.808
3913.195,46.811
3914.196,46.814
3915.197,46.817
3916.198,46.821
3917.199,46.824
3918.200,46.827
3919.201,46.830
3920.202,46.833
3921.203,46.836
3922.204,46.839
3923.205,46.842
3924.206,46.845
3925.207,46.849
3926.208,46.852
3927.209,46.855
3928.210,46.858
3929.211,46.861
3930.212,46.864
3931.213,46.867
3932.214,46.870
3933.215,46.873
3934.216,46.876
3935.217,46.880
3936.218,46.883
3937.219,46.886
3938.220,46.889
3939.221,46.892
3940.222,46.895
3941.223,46.898
3942.224,46.901
3943.225,46.904
3944.226,46.907
3945.227,46.910
3946.228,46.914
3947.229,46.917
3948.229,46.920
3949.230,46.923
3950.231,46.926
3951.232,46.929
3952.233,46.932
3953.234,46.935
3954.235,46.938
3955.236,46.941
3956.237,46.944
3957.238,46.947
3958.239,46.950
3959.240,46.954
3960.241,46.957
3961.242,46.960
3962.243,46.963
3963.244,46.966
3964.245,46.969
3965.246,46.972
3966.247,46.975
3967.248,46.978
3968.249,46.981
3969.250,46.984
3970.251,46.987
3971.252,46.990
3972.253,46.993
3973.254,46.996
3974.255,46.999
3975.256,47.003
3976.257,47.006
3977.258,47.009
3978.259,47.012
3979.260,47.015
3980.261,47.018
3981.262,47.021
3982.263,47.024
3983.264,47.027
3984.265,47.030
3985.266,47.033
3986.267,47.036
3987.268,47.039
3988.269,47.042
3989.270,47.045
3990.271,47.048
3991.271,47.051
3992.272,47.054
3993.273,47.057
3994.274,47.060
3995.275,47.063
3996.276,47.066
3997.277,47.069
3998.278,47.072
3999.279,47.075
4000.280,47.078
4001.281,47.081
4002.282,47.085
4003.283,47.088
4004.284,47.091
4005.285,47.094
4006.286,47.097
4007.287,47.100
4008.288,47.103
4009.289,47.106
4010.290,47.109
4011.291,47.112
4012.292,47.115
4013.293,47.118
4014.294,47.121
4015.295,47.124
4016.296,47.127
4017.297,47.130
4018.298,47.133
4019.299,47.136
4020.300,47.139
4021.301,47.142
4022.302,47.145
4023.303,47.148
4024.304,47.151
4025.305,47.154
4026.306,47.157
4027.307,47.160
4028.308,47.163
4029.309,47.166
4030.310,47.169
4031.311,47.172
4032.312,47.175
4033.313,47.178
4034.313,47.181
4035.314,47.184
4036.315,47.187
4037.316,47.190
4038.317,47.193
4039.318,47.196
4040.319,47.199
4041.320,47.202
4042.321,47.205
4043.322,47.208
4044.323,47.211
4045.324,47.214
4046.325,47.217
4047.326,47.220
4048.327,47.222
4049.328,47.225
4050.329,47.228
4051.330,47.231
4052.331,47.234
4053.332,47.237
4054.333,47.240
4055.334,47.243
4056.335,47.246
4057.336,47.249
4058.337,47.252
4059.338,47.255
4060.339,47.258
4061.340,47.261
4062.341,47.264
4063.342,47.267
4064.343,47.270
4065.344,47.273
4066.345,47.276
4067.346,47.279
4068.347,47.282
4069.348,47.285
4070.349,47.288
4071.350,47.291
4072.351,47.294
4073.352,47.297
4074.353,47.299
4075.354,47.302
4076.354,47.305
4077.355,47.308
4078.356,47.311
4079.357,47.314
4080.358,47.317
4081.359,47.320
4082.360,47.323
4083.361,47.326
4084.362,47.329
4085.363,47.332
4086.364,47.335
4087.365,47.338
4088.366,47.341
4089.367,47.344
4090.368,47.347
4091.369,47.349
4092.370,47.352
4093.371,47.355
4094.372,47.358
4095.373,47.361
4096.374,47.364
4097.375,47.367
4098.376,47.370
4099.377,47.373
4100.378,47.376
4101.379,47.379
4102.380,47.382
4103.381,47.385
4104.382,47.387
4105.383,47.390
4106.384,47.393
4107.385,47.396
4108.386,47.399
4109.387,47.402
4110.388,47.405
4111.389,47.408
4112.390,47.411
4113.391,47.414
4114.392,47.416
4115.393,47.419
4116.394,47.422
4117.395,47.425
4118.396,47.428
4119.396,47.431
4120.397,47.434
4121.398,47.437
4122.399,47.440
4123.400,47.442
4124.401,47.445
4125.402,47.448
4126.403,47.451
4127.404,47.454
4128.405,47.457
4129.406,47.460
4130.407,47.463
4131.408,47.465
4132.409,47.468
4133.410,47.471
4134.411,47.474
4135.412,47.477
4136.413,47.480
4137.414,47.483
4138.415,47.486
4139.416,47.488
4140.417,47.491
4141.418,47.494
4142.419,47.497
4143.420,47.500
4144.421,47.503
4145.422,47.506
4146.423,47.508
4147.424,47.511
4148.425,47.514
4149.426,47.517
4150.427,47.520
4151.428,47.523
4152.429,47.526
4153.430,47.528
4154.431,47.531
4155.432,47.534
4156.433,47.537
4157.434,47.540
4158.435,47.543
4159.436,47.546
4160.437,47.548
4161.438,47.551
4162.438,47.554
4163.439,47.557
4164.440,47.560
4165.441,47.563
4166.442,47.565
4167.443,47.568
4168.444,47.571
4169.445,47.574
4170.446,47.577
4171.447,47.580
4172.448,47.583
4173.449,47.585
4174.450,47.588
4175.451,47.591
4176.452,47.594
4177.453,47.597
4178.454,47.600
4179.455,47.602
4180.456,47.605
4181.457,47.608
4182.458,47.611
4183.459,47.614
4184.460,47.617
4185.461,47.619
4186.462,47.622
4187.463,47.625
4188.464,47.628
4189.465,47.631
4190.466,47.633
4191.467,47.636
4192.468,47.639
4193.469,47.642
4194.470,47.645
4195.471,47.648
4196.472,47.650
4197.473,47.653
4198.474,47.656
4199.475,47.659
4200.476,47.662
4201.477,47.664
4202.478,47.667
4203.479,47.670
4204.479,47.673
4205.480,47.676
4206.481,47.678
4207.482,47.681
4208.483,47.684
4209.484,47.687
4210.485,47.690
4211.486,47.693
4212.487,47.695
4213.488,47.698
4214.489,47.701
4215.490,47.704
4216.491,47.707
4217.492,47.709
4218.493,47.712
4219.494,47.715
4220.495,47.718
4221.496,47.720
4222.497,47.723
4223.498,47.726
4224.499,47.729
4225.500,47.732
4226.501,47.734
4227.502,47.737
4228.503,47.740
4229.504,47.743
4230.505,47.746
4231.506,47.748
4232.507,47.751
4233.508,47.754
4234.509,47.757
4235.510,47.759
4236.511,47.762
4237.512,47.765
4238.513,47.768
4239.514,47.771
4240.515,47.773
4241.516,47.776
4242.517,47.779
4243.518,47.782
4244.519,47.784
4245.520,47.787
4246.521,47.790
4247.521,47.793
4248.522,47.795
4249.523,47.798
4250.524,47.801
4251.525,47.804
4252.526,47.806
4253.527,47.809
4254.528,47.812
4255.529,47.815
4256.530,47.817
4257.531,47.820
4258.532,47.823
4259.533,47.826
4260.534,47.828
4261.535,47.831
4262.536,47.834
4263.537,47.837
4264.538,47.839
4265.539,47.842
4266.540,47.845
4267.541,47.848
4268.542,47.850
4269.543,47.853
4270.544,47.856
4271.545,47.859
4272.546,47.861
4273.547,47.864
4274.548,47.867
4275.549,47.870
4276.550,47.872
4277.551,47.875
4278.552,47.878
4279.553,47.880
4280.554,47.883
4281.555,47.886
4282.556,47.889
4283.557,47.891
4284.558,47.894
4285.559,47.897
4286.560,47.899
4287.561,47.902
4288.562,47.905
4289.563,47.908
4290.563,47.910
4291.564,47.913
4292.565,47.916
4293.566,47.919
4294.567,47.921
4295.568,47.924
4296.569,47.927
4297.570,47.929
4298.571,47.932
4299.572,47.935
4300.573,47.937
4301.574,47.940
4302.575,47.943
4303.576,47.946
4304.577,47.948
4305.578,47.951
4306.579,47.954
4307.580,47.956
4308.581,47.959
4309.582,47.962
4310.583,47.965
4311.584,47.967
4312.585,47.970
4313.586,47.973
4314.587,47.975
4315.588,47.978
4316.589,47.981
4317.590,47.983
4318.591,47.986
4319.592,47.989
4320.593,47.991
4321.594,47.994
4322.595,47.997
4323.596,47.999
4324.597,48.002
4325.598,48.005
4326.599,48.007
4327.600,48.010
4328.601,48.013
4329.602,48.015
4330.603,48.018
4331.604,48.021
4332.604,48.023
4333.605,48.026
4334.606,48.029
4335.607,48.031
4336.608,48.034
4337.609,48.037
4338.610,48.039
4339.611,48.042
4340.612,48.045
4341.613,48.047
4342.614,48.050
4343.615,48.053
4344.616,48.055
4345.617,48.058
4346.618,48.061
4347.619,48.063
4348.620,48.066
4349.621,48.069
4350.622,48.071
4351.623,48.074
4352.624,48.077
4353.625,48.079
4354.626,48.082
4355.627,48.085
4356.628,48.087
4357.629,48.090
4358.630,48.092
4359.631,48.095
4360.632,48.098
4361.633,48.100
4362.634,48.103
4363.635,48.106
4364.636,48.108
4365.637,48.111
4366.638,48.114
4367.639,48.116
4368.640,48.119
4369.641,48.122
4370.642,48.124
4371.643,48.127
4372.644,48.129
4373.645,48.132
4374.646,48.135
4375.646,48.137
4376.647,48.140
4377.648,48.143
4378.649,48.145
4379.650,48.148
4380.651,48.150
4381.652,48.153
4382.653,48.156
4383.654,48.158
4384.655,48.161
4385.656,48.164
4386.657,48.166
4387.658,48.169
4388.659,48.172
4389.660,48.174
4390.661,48.177
4391.662,48.179
4392.663,48.182
4393.664,48.185
4394.665,48.187
4395.666,48.190
4396.667,48.193
4397.668,48.195
4398.669,48.198
4399.670,48.200
4400.671,48.203
4401.672,48.206
4402.673,48.208
4403.674,48.211
4404.675,48.213
4405.676,48.216
4406.677,48.219
4407.678,48.221
4408.679,48.224
4409.680,48.226
4410.681,48.229
4411.682,48.232
4412.683,48.234
4413.684,48.237
4414.685,48.239
4415.686,48.242
4416.687,48.245
4417.688,48.247
4418.688,48.250
4419.689,48.252
4420.690,48.255
4421.691,48.258
4422.692,48.260
4423.693,48.263
4424.694,48.265
4425.695,48.268
4426.696,48.270
4427.697,48.273
4428.698,48.276
4429.699,48.278
4430.700,48.281
4431.701,48.283
4432.702,48.286
4433.703,48.289
4434.704,48.291
4435.705,48.294
4436.706,48.296
4437.707,48.299
4438.708,48.301
4439.709,48.304
4440.710,48.307
4441.711,48.309
4442.712,48.312
4443.713,48.314
4444.714,48.317
4445.715,48.319
4446.716,48.322
4447.717,48.325
4448.718,48.327
4449.719,48.330
4450.720,48.332
4451.721,48.335
4452.722,48.337
4453.723,48.340
4454.724,48.343
4455.725,48.345
4456.726,48.348
4457.727,48.350
4458.728,48.353
4459.729,48.355
4460.729,48.358
4461.730,48.360
4462.731,48.363
4463.732,48.365
4464.733,48.368
4465.734,48.371
4466.735,48.373
4467.736,48.376
4468.737,48.378
4469.738,48.381
4470.739,48.383
4471.740,48.386
4472.741,48.388
4473.742,48.391
4474.743,48.393
4475.744,48.396
4476.745,48.398
4477.746,48.401
4478.747,48.403
4479.748,48.406
4480.749,48.408
4481.750,48.411
4482.751,48.413
4483.752,48.416
4484.753,48.419
4485.754,48.421
4486.755,48.424
4487.756,48.426
4488.757,48.429
4489.758,48.431
4490.759,48.434
4491.760,48.436
4492.761,48.439
4493.762,48.441
4494.763,48.444
4495.764,48.446
4496.765,48.449
4497.766,48.451
4498.767,48.454
4499.768,48.456
4500.769,48.459
4501.770,48.461
4502.771,48.464
4503.771,48.466
4504.772,48.469
4505.773,48.471
4506.774,48.474
4507.775,48.476
4508.776,48.479
4509.777,48.481
4510.778,48.484
4511.779,48.486
4512.780,48.489
4513.781,48.491
4514.782,48.494
4515.783,48.496
4516.784,48.499
4517.785,48.501
4518.786,48.504
4519.787,48.506
4520.788,48.509
4521.789,48.511
4522.790,48.514
4523.791,48.516
4524.792,48.519
4525.793,48.521
4526.794,48.524
4527.795,48.526
4528.796,48.529
4529.797,48.531
4530.798,48.534
4531.799,48.536
4532.800,48.539
4533.801,48.541
4534.802,48.544
4535.803,48.546
4536.804,48.548
4537.805,48.551
4538.806,48.553
4539.807,48.556
4540.808,48.558
4541.809,48.561
4542.810,48.563
4543.811,48.566
4544.812,48.568
4545.813,48.571
4546.813,48.573
4547.814,48.576
4548.815,48.578
4549.816,48.581
4550.817,48.583
4551.818,48.586
4552.819,48.588
4553.820,48.590
4554.821,48.593
4555.822,48.595
4556.823,48.598
4557.824,48.600
4558.825,48.603
4559.826,48.605
4560.827,48.608
4561.828,48.610
4562.829,48.613
4563.830,48.615
4564.831,48.618
4565.832,48.620
4566.833,48.622
4567.834,48.625
4568.835,48.627
4569.836,48.630
4570.837,48.632
4571.838,48.635
4572.839,48.637
4573.840,48.640
4574.841,48.642
4575.842,48.644
4576.843,48.647
4577.844,48.649
4578.845,48.652
4579.846,48.654
4580.847,48.657
4581.848,48.659
4582.849,48.662
4583.850,48.664
4584.851,48.666
4585.852,48.669
4586.853,48.671
4587.854,48.674
4588.854,48.676
4589.855,48.679
4590.856,48.681
4591.857,48.683
4592.858,48.686
4593.859,48.688
4594.860,48.691
4595.861,48.693
4596.862,48.696
4597.863,48.698
4598.864,48.700
4599.865,48.703
4600.866,48.705
4601.867,48.708
4602.868,48.710
4603.869,48.713
4604.870,48.715
4605.871,48.717
4606.872,48.720
4607.873,48.722
4608.874,48.725
4609.875,48.727
4610.876,48.729
4611.877,48.732
4612.878,48.734
4613.879,48.737
4614.880,48.739
4615.881,48.741
4616.882,48.744
4617.883,48.746
4618.884,48.749
4619.885,48.751
4620.886,48.753
4621.887,48.756
4622.888,48.758
4623.889,48.761
4624.890,48.763
4625.891,48.766
4626.892,48.768
4627.893,48.770
4628.894,48.773
4629.895,48.775
4630.896,48.778
4631.896,48.780
4632.897,48.782
4633.898,48.785
4634.899,48.787
4635.900,48.789
4636.901,48.792
4637.902,48.794
4638.903,48.797
4639.904,48.799
4640.905,48.801
4641.906,48.804
4642.907,48.806
4643.908,48.809
4644.909,48.811
4645.910,48.813
4646.911,48.816
4647.912,48.818
4648.913,48.820
4649.914,48.823
4650.915,48.825
4651.916,48.828
4652.917,48.830
4653.918,48.832
4654.919,48.835
4655.920,48.837
4656.921,48.839
4657.922,48.842
4658.923,48.844
4659.924,48.847
4660.925,48.849
4661.926,48.851
4662.927,48.854
4663.928,48.856
4664.929,48.858
4665.930,48.861
4666.931,48.863
4667.932,48.866
4668.933,48.868
4669.934,48.870
4670.935,48.873
4671.936,48.875
4672.937,48.877
4673.938,48.880
4674.938,48.882
4675.939,48.884
4676.940,48.887
4677.941,48.889
4678.942,48.891
4679.943,48.894
4680.944,48.896
4681.945,48.898
4682.946,48.901
4683.947,48.903
4684.948,48.905
4685.949,48.908
4686.950,48.910
4687.951,48.913
4688.952,48.915
4689.953,48.917
4690.954,48.919
4691.955,48.922
4692.956,48.924
4693.957,48.927
4694.958,48.929
4695.959,48.931
4696.960,48.934
4697.961,48.936
4698.962,48.938
4699.963,48.940
4700.964,48.943
4701.965,48.945
4702.966,48.947
4703.967,48.950
4704.968,48.952
4705.969,48.954
4706.970,48.957
4707.971,48.959
4708.972,48.961
4709.973,48.964
4710.974,48.966
4711.975,48.968
4712.976,48.971
4713.977,48.973
4714.978,48.975
4715.979,48.978
4716.979,48.980
4717.980,48.982
4718.981,48.985
4719.982,48.987
4720.983,48.989
4721.984,48.991
4722.985,48.994
4723.986,48.996
4724.987,48.998
4725.988,49.001
4726.989,49.003
4727.990,49.005
4728.991,49.008
4729.992,49.010
4730.993,49.012
4731.994,49.015
4732.995,49.017
4733.996,49.019
4734.997,49.021
4735.998,49.024
4736.999,49.026
4738.000,49.028
4739.001,49.031
4740.002,49.033
4741.003,49.035
4742.004,49.037
4743.005,49.040
4744.006,49.042
4745.007,49.044
4746.008,49.047
4747.009,49.049
4748.010,49.051
4749.011,49.053
4750.012,49.056
4751.013,49.058
4752.014,49.060
4753.015,49.063
4754.016,49.065
4755.017,49.067
4756.018,49.069
4757.019,49.072
4758.020,49.074
4759.021,49.076
4760.021,49.079
4761.022,49.081
4762.023,49.083
4763.024,49.085
4764.025,49.088
4765.026,49.090
4766.027,49.092
4767.028,49.095
4768.029,49.097
4769.030,49.099
4770.031,49.101
4771.032,49.104
4772.033,49.106
4773.034,49.108
4774.035,49.110
4775.036,49.113
4776.037,49.115
4777.038,49.117
4778.039,49.120
4779.040,49.122
4780.041,49.124
4781.042,49.126
4782.043,49.129
4783.044,49.131
4784.045,49.133
4785.046,49.135
4786.047,49.138
4787.048,49.140
4788.049,49.142
4789.050,49.144
4790.051,49.147
4791.052,49.149
4792.053,49.151
4793.054,49.153
4794.055,49.156
4795.056,49.158
4796.057,49.160
4797.058,49.162
4798.059,49.165
4799.060,49.167
4800.061,49.169
4801.062,49.171
4802.063,49.174
4803.063,49.176
4804.064,49.178
4805.065,49.180
4806.066,49.183
4807.067,49.185
4808.068,49.187
4809.069,49.189
4810.070,49.192
4811.071,49.194
4812.072,49.196
4813.073,49.198
4814.074,49.201
4815.075,49.203
4816.076,49.205
4817.077,49.207
4818.078,49.210
4819.079,49.212
4820.080,49.214
4821.081,49.216
4822.082,49.218
4823.083,49.221
4824.084,49.223
4825.085,49.225
4826.086,49.227
4827.087,49.230
4828.088,49.232
4829.089,49.234
4830.090,49.236
4831.091,49.238
4832.092,49.241
4833.093,49.243
4834.094,49.245
4835.095,49.247
4836.096,49.250
4837.097,49.252
4838.098,49.254
4839.099,49.256
4840.100,49.258
4841.101,49.261
4842.102,49.263
4843.103,49.265
4844.104,49.267
4845.104,49.269
4846.105,49.272
4847.106,49.274
4848.107,49.276
4849.108,49.278
4850.109,49.280
4851.110,49.283
4852.111,49.285
4853.112,49.287
4854.113,49.289
4855.114,49.292
4856.115,49.294
4857.116,49.296
4858.117,49.298
4859.118,49.300
4860.119,49.302
4861.120,49.305
4862.121,49.307
4863.122,49.309
4864.123,49.311
4865.124,49.313
4866.125,49.316
4867.126,49.318
4868.127,49.320
4869.128,49.322
4870.129,49.324
4871.130,49.327
4872.131,49.329
4873.132,49.331
4874.133,49.333
4875.134,49.335
4876.135,49.338
4877.136,49.340
4878.137,49.342
4879.138,49.344
4880.139,49.346
4881.140,49.349
4882.141,49.351
4883.142,49.353
4884.143,49.355
4885.144,49.357
4886.145,49.359
4887.146,49.362
4888.146,49.364
4889.147,49.366
4890.148,49.368
4891.149,49.370
4892.150,49.373
4893.151,49.375
4894.152,49.377
4895.153,49.379
4896.154,49.381
4897.155,49.383
4898.156,49.386
4899.157,49.388
4900.158,49.390
4901.159,49.392
4902.160,49.394
4903.161,49.396
4904.162,49.399
4905.163,49.401
4906.164,49.403
4907.165,49.405
4908.166,49.407
4909.167,49.409
4910.168,49.412
4911.169,49.414
4912.170,49.416
4913.171,49.418
4914.172,49.420
4915.173,49.422
4916.174,49.424
4917.175,49.427
4918.176,49.429
4919.177,49.431
4920.178,49.433
4921.179,49.435
4922.180,49.437
4923.181,49.440
4924.182,49.442
4925.183,49.444
4926.184,49.446
4927.185,49.448
4928.186,49.450
4929.187,49.452
4930.188,49.454
4931.188,49.457
4932.189,49.459
4933.190,49.461
4934.191,49.463
4935.192,49.465
4936.193,49.467
4937.194,49.469
4938.195,49.472
4939.196,49.474
4940.197,49.476
4941.198,49.478
4942.199,49.480
4943.200,49.482
4944.201,49.484
4945.202,49.486
4946.203,49.489
4947.204,49.491
4948.205,49.493
4949.206,49.495
4950.207,49.497
4951.208,49.499
4952.209,49.501
4953.210,49.503
4954.211,49.506
4955.212,49.508
4956.213,49.510
4957.214,49.512
4958.215,49.514
4959.216,49.516
4960.217,49.518
4961.218,49.520
4962.219,49.522
4963.220,49.525
4964.221,49.527
4965.222,49.529
4966.223,49.531
4967.224,49.533
4968.225,49.535
4969.226,49.537
4970.227,49.539
4971.228,49.541
4972.229,49.544
4973.229,49.546
4974.230,49.548
4975.231,49.550
4976.232,49.552
4977.233,49.554
4978.234,49.556
4979.235,49.558
4980.236,49.560
4981.237,49.562
4982.238,49.565
4983.239,49.567
4984.240,49.569
4985.241,49.571
4986.242,49.573
4987.243,49.575
4988.244,49.577
4989.245,49.579
4990.246,49.581
4991.247,49.583
4992.248,49.586
4993.249,49.588
4994.250,49.590
4995.251,49.592
4996.252,49.594
4997.253,49.596
4998.254,49.598
4999.255,49.600
5000.256,49.602
5001.257,49.604
5002.258,49.606
5003.259,49.608
5004.260,49.611
5005.261,49.613
5006.262,49.615
5007.263,49.617
5008.264,49.619
5009.265,49.621
5010.266,49.623
5011.267,49.625
5012.268,49.627
5013.269,49.629
5014.270,49.631
5015.271,49.633
5016.271,49.636
5017.272,49.638
5018.273,49.640
5019.274,49.642
5020.275,49.644
5021.276,49.646
5022.277,49.648
5023.278,49.650
5024.279,49.652
5025.280,49.654
5026.281,49.656
5027.282,49.658
5028.283,49.661
5029.284,49.663
5030.285,49.665
5031.286,49.667
5032.287,49.669
5033.288,49.671
5034.289,49.673
5035.290,49.675
5036.291,49.677
5037.292,49.679
5038.293,49.681
5039.294,49.683
5040.295,49.685
5041.296,49.687
5042.297,49.689
5043.298,49.691
5044.299,49.693
5045.300,49.696
5046.301,49.698
5047.302,49.700
5048.303,49.702
5049.304,49.704
5050.305,49.706
5051.306,49.708
5052.307,49.710
5053.308,49.712
5054.309,49.714
5055.310,49.716
5056.311,49.718
5057.312,49.720
5058.313,49.722
5059.313,49.724
5060.314,49.726
5061.315,49.728
5062.316,49.730
5063.317,49.732
5064.318,49.734
5065.319,49.736
5066.320,49.738
5067.321,49.740
5068.322,49.742
5069.323,49.744
5070.324,49.747
5071.325,49.749
5072.326,49.751
5073.327,49.753
5074.328,49.755
5075.329,49.757
5076.330,49.759
5077.331,49.761
5078.332,49.763
5079.333,49.765
5080.334,49.767
5081.335,49.769
5082.336,49.771
5083.337,49.773
5084.338,49.775
5085.339,49.777
5086.340,49.779
5087.341,49.781
5088.342,49.783
5089.343,49.785
5090.344,49.787
5091.345,49.789
5092.346,49.791
5093.347,49.793
5094.348,49.795
5095.349,49.797
5096.350,49.799
5097.351,49.801
5098.352,49.803
5099.353,49.805
5100.354,49.807
5101.354,49.809
5102.355,49.811
5103.356,49.813
5104.357,49.815
5105.358,49.817
5106.359,49.819
5107.360,49.821
5108.361,49.823
5109.362,49.825
5110.363,49.827
5111.364,49.829
5112.365,49.831
5113.366,49.833
5114.367,49.835
5115.368,49.837
5116.369,49.839
5117.370,49.841
5118.371,49.843
5119.372,49.845
5120.373,49.847
5121.374,49.849
5122.375,49.851
5123.376,49.853
5124.377,49.855
5125.378,49.857
5126.379,49.859
5127.380,49.861
5128.381,49.863
5129.382,49.865
5130.383,49.867
5131.384,49.869
5132.385,49.871
5133.386,49.873
5134.387,49.875
5135.388,49.877
5136.389,49.879
5137.390,49.881
5138.391,49.883
5139.392,49.885
5140.393,49.887
5141.394,49.889
5142.395,49.891
5143.396,49.893
5144.396,49.895
5145.397,49.897
5146.398,49.899
5147.399,49.901
5148.400,49.903
5149.401,49.905
5150.402,49.907
5151.403,49.908
5152.404,49.910
5153.405,49.912
5154.406,49.914
5155.407,49.916
5156.408,49.918
5157.409,49.920
5158.410,49.922
5159.411,49.924
5160.412,49.926
5161.413,49.928
5162.414,49.930
5163.415,49.932
5164.416,49.934
5165.417,49.936
5166.418,49.938
5167.419,49.940
5168.420,49.942
5169.421,49.944
5170.422,49.946
5171.423,49.948
5172.424,49.950
5173.425,49.952
5174.426,49.954
5175.427,49.956
5176.428,49.958
5177.429,49.960
5178.430,49.962
5179.431,49.964
5180.432,49.966
5181.433,49.967
5182.434,49.969
5183.435,49.971
5184.436,49.973
5185.437,49.975
5186.438,49.977
5187.438,49.979
5188.439,49.981
5189.440,49.983
5190.441,49.985
5191.442,49.987
5192.443,49.989
5193.444,49.991
5194.445,49.993
5195.446,49.995
5196.447,49.997
5197.448,49.999
5198.449,50.001
5199.450,50.003
5200.451,50.005
5201.452,50.006
5202.453,50.008
5203.454,50.010
5204.455,50.012
5205.456,50.014
5206.457,50.016
5207.458,50.018
5208.459,50.020
5209.460,50.022
5210.461,50.024
5211.462,50.026
5212.463,50.028
5213.464,50.030
5214.465,50.032
5215.466,50.033
5216.467,50.035
5217.468,50.037
5218.469,50.039
5219.470,50.041
5220.471,50.043
5221.472,50.045
5222.473,50.047
5223.474,50.049
5224.475,50.051
5225.476,50.053
5226.477,50.055
5227.478,50.057
5228.479,50.058
5229.479,50.060
5230.480,50.062
5231.481,50.064
5232.482,50.066
5233.483,50.068
5234.484,50.070
5235.485,50.072
5236.486,50.074
5237.487,50.076
5238.488,50.078
5239.489,50.080
5240.490,50.081
5241.491,50.083
5242.492,50.085
5243.493,50.087
5244.494,50.089
5245.495,50.091
5246.496,50.093
5247.497,50.095
5248.498,50.097
5249.499,50.099
5250.500,50.100
5251.501,50.102
5252.502,50.104
5253.503,50.106
5254.504,50.108
5255.505,50.110
5256.506,50.112
5257.507,50.114
5258.508,50.116
5259.509,50.118
5260.510,50.119
5261.511,50.121
5262.512,50.123
5263.513,50.125
5264.514,50.127
5265.515,50.129
5266.516,50.131
5267.517,50.133
5268.518,50.135
5269.519,50.136
5270.520,50.138
5271.521,50.140
5272.521,50.142
5273.522,50.144
5274.523,50.146
5275.524,50.148
5276.525,50.150
5277.526,50.152
5278.527,50.153
5279.528,50.155
5280.529,50.157
5281.530,50.159
5282.531,50.161
5283.532,50.163
5284.533,50.165
5285.534,50.167
5286.535,50.168
5287.536,50.170
5288.537,50.172
5289.538,50.174
5290.539,50.176
5291.540,50.178
5292.541,50.180
5293.542,50.182
5294.543,50.183
5295.544,50.185
5296.545,50.187
5297.546,50.189
5298.547,50.191
5299.548,50.193
5300.549,50.195
5301.550,50.197
5302.551,50.198
5303.552,50.200
5304.553,50.202
5305.554,50.204
5306.555,50.206
5307.556,50.208
5308.557,50.210
5309.558,50.211
5310.559,50.213
5311.560,50.215
5312.561,50.217
5313.562,50.219
5314.563,50.221
5315.563,50.223
5316.564,50.224
5317.565,50.226
5318.566,50.228
5319.567,50.230
5320.568,50.232
5321.569,50.234
5322.570,50.236
5323.571,50.237
5324.572,50.239
5325.573,50.241
5326.574,50.243
5327.575,50.245
5328.576,50.247
5329.577,50.249
5330.578,50.250
5331.579,50.252
5332.580,50.254
5333.581,50.256
5334.582,50.258
5335.583,50.260
5336.584,50.261
5337.585,50.263
5338.586,50.265
5339.587,50.267
5340.588,50.269
5341.589,50.271
5342.590,50.272
5343.591,50.274
5344.592,50.276
5345.593,50.278
5346.594,50.280
5347.595,50.282
5348.596,50.283
5349.597,50.285
5350.598,50.287
5351.599,50.289
5352.600,50.291
5353.601,50.293
5354.602,50.294
5355.603,50.296
5356.604,50.298
5357.604,50.300
5358.605,50.302
5359.606,50.303
5360.607,50.305
5361.608,50.307
5362.609,50.309
5363.610,50.311
5364.611,50.313
5365.612,50.314
5366.613,50.316
5367.614,50.318
5368.615,50.320
5369.616,50.322
5370.617,50.323
5371.618,50.325
5372.619,50.327
5373.620,50.329
5374.621,50.331
5375.622,50.332
5376.623,50.334
5377.624,50.336
5378.625,50.338
5379.626,50.340
5380.627,50.341
5381.628,50.343
5382.629,50.345
5383.630,50.347
5384.631,50.349
5385.632,50.350
5386.633,50.352
5387.634,50.354
5388.635,50.356
5389.636,50.358
5390.637,50.359
5391.638,50.361
5392.639,50.363
5393.640,50.365
5394.641,50.367
5395.642,50.368
5396.643,50.370
5397.644,50.372
5398.645,50.374
5399.646,50.376
5400.646,50.377
5401.647,50.379
5402.648,50.381
5403.649,50.383
5404.650,50.385
5405.651,50.386
5406.652,50.388
5407.653,50.390
5408.654,50.392
5409.655,50.394
5410.656,50.395
5411.657,50.397
5412.658,50.399
5413.659,50.401
5414.660,50.402
5415.661,50.404
5416.662,50.406
5417.663,50.408
5418.664,50.410
5419.665,50.411
5420.666,50.413
5421.667,50.415
5422.668,50.417
5423.669,50.419
5424.670,50.420
5425.671,50.422
5426.672,50.424
5427.673,50.426
5428.674,50.427
5429.675,50.429
5430.676,50.431
5431.677,50.433
5432.678,50.435
5433.679,50.436
5434.680,50.438
5435.681,50.440
5436.682,50.442
5437.683,50.443
5438.684,50.445
5439.685,50.447
5440.686,50.449
5441.687,50.451
5442.688,50.452
5443.688,50.454
5444.689,50.456
5445.690,50.458
5446.691,50.459
5447.692,50.461
5448.693,50.463
5449.694,50.465
5450.695,50.467
5451.696,50.468
5452.697,50.470
5453.698,50.472
5454.699,50.474
5455.700,50.475
5456.701,50.477
5457.702,50.479
5458.703,50.481
5459.704,50.482
5460.705,50.484
5461.706,50.486
5462.707,50.488
5463.708,50.490
5464.709,50.491
5465.710,50.493
5466.711,50.495
5467.712,50.497
5468.713,50.498
5469.714,50.500
5470.715,50.502
5471.716,50.504
5472.717,50.505
5473.718,50.507
5474.719,50.509
5475.720,50.511
5476.721,50.512
5477.722,50.514
5478.723,50.516
5479.724,50.518
5480.725,50.519
5481.726,50.521
5482.727,50.523
5483.728,50.525
5484.729,50.526
5485.729,50.528
5486.730,50.530
5487.731,50.532
5488.732,50.533
5489.733,50.535
5490.734,50.537
5491.735,50.539
5492.736,50.540
5493.737,50.542
5494.738,50.544
5495.739,50.546
5496.740,50.547
5497.741,50.549
5498.742,50.551
5499.743,50.552
5500.744,50.554
5501.745,50.556
5502.746,50.558
5503.747,50.559
5504.748,50.561
5505.749,50.563
5506.750,50.565
5507.751,50.566
5508.752,50.568
5509.753,50.570
5510.754,50.572
5511.755,50.573
5512.756,50.575
5513.757,50.577
5514.758,50.578
5515.759,50.580
5516.760,50.582
5517.761,50.584
5518.762,50.585
5519.763,50.587
5520.764,50.589
5521.765,50.591
5522.766,50.592
5523.767,50.594
5524.768,50.596
5525.769,50.597
5526.770,50.599
5527.771,50.601
5528.771,50.603
5529.772,50.604
5530.773,50.606
5531.774,50.608
5532.775,50.609
5533.776,50.611
5534.777,50.613
5535.778,50.615
5536.779,50.616
5537.780,50.618
5538.781,50.620
5539.782,50.621
5540.783,50.623
5541.784,50.625
5542.785,50.627
5543.786,50.628
5544.787,50.630
5545.788,50.632
5546.789,50.633
5547.790,50.635
5548.791,50.637
5549.792,50.638
5550.793,50.640
5551.794,50.642
5552.795,50.644
5553.796,50.645
5554.797,50.647
5555.798,50.649
5556.799,50.650
5557.800,50.652
5558.801,50.654
5559.802,50.655
5560.803,50.657
5561.804,50.659
5562.805,50.660
5563.806,50.662
5564.807,50.664
5565.808,50.666
5566.809,50.667
5567.810,50.669
5568.811,50.671
5569.812,50.672
5570.813,50.674
5571.813,50.676
5572.814,50.677
5573.815,50.679
5574.816,50.681
5575.817,50.682
5576.818,50.684
5577.819,50.686
5578.820,50.688
5579.821,50.689
5580.822,50.691
5581.823,50.693
5582.824,50.694
5583.825,50.696
5584.826,50.698
5585.827,50.699
5586.828,50.701
5587.829,50.703
5588.830,50.704
5589.831,50.706
5590.832,50.708
5591.833,50.709
5592.834,50.711
5593.835,50.713
5594.836,50.714
5595.837,50.716
5596.838,50.718
5597.839,50.719
5598.840,50.721
5599.841,50.723
5600.842,50.724
5601.843,50.726
5602.844,50.728
5603.845,50.729
5604.846,50.731
5605.847,50.733
5606.848,50.734
5607.849,50.736
5608.850,50.738
5609.851,50.739
5610.852,50.741
5611.853,50.743
5612.854,50.744
5613.854,50.746
5614.855,50.748
5615.856,50.749
5616.857,50.751
5617.858,50.752
5618.859,50.754
5619.860,50.756
5620.861,50.757
5621.862,50.759
5622.863,50.761
5623.864,50.762
5624.865,50.764
5625.866,50.766
5626.867,50.767
5627.868,50.769
5628.869,50.771
5629.870,50.772
5630.871,50.774
5631.872,50.776
5632.873,50.777
5633.874,50.779
5634.875,50.781
5635.876,50.782
5636.877,50.784
5637.878,50.785
5638.879,50.787
5639.880,50.789
5640.881,50.790
5641.882,50.792
5642.883,50.794
5643.884,50.795
5644.885,50.797
5645.886,50.799
5646.887,50.800
5647.888,50.802
5648.889,50.804
5649.890,50.805
5650.891,50.807
5651.892,50.808
5652.893,50.810
5653.894,50.812
5654.895,50.813
5655.896,50.815
5656.896,50.817
5657.897,50.818
5658.898,50.820
5659.899,50.822
5660.900,50.823
5661.901,50.825
5662.902,50.826
5663.903,50.828
5664.904,50.830
5665.905,50.831
5666.906,50.833
5667.907,50.835
5668.908,50.836
5669.909,50.838
5670.910,50.839
5671.911,50.841
5672.912,50.843
5673.913,50.844
5674.914,50.846
5675.915,50.848
5676.916,50.849
5677.917,50.851
5678.918,50.852
5679.919,50.854
5680.920,50.856
5681.921,50.857
5682.922,50.859
5683.923,50.860
5684.924,50.862
5685.925,50.864
5686.926,50.865
5687.927,50.867
5688.928,50.869
5689.929,50.870
5690.930,50.872
5691.931,50.873
5692.932,50.875
5693.933,50.877
5694.934,50.878
5695.935,50.880
5696.936,50.881
5697.937,50.883
5698.938,50.885
5699.938,50.886
5700.939,50.888
5701.940,50.889
5702.941,50.891
5703.942,50.893
5704.943,50.894
5705.944,50.896
5706.945,50.897
5707.946,50.899
5708.947,50.901
5709.948,50.902
5710.949,50.904
5711.950,50.905
5712.951,50.907
5713.952,50.909
5714.953,50.910
5715.954,50.912
5716.955,50.913
5717.956,50.915
5718.957,50.917
5719.958,50.918
5720.959,50.920
5721.960,50.921
5722.961,50.923
5723.962,50.925
5724.963,50.926
5725.964,50.928
5726.965,50.929
5727.966,50.931
5728.967,50.933
5729.968,50.934
5730.969,50.936
5731.970,50.937
5732.971,50.939
5733.972,50.940
5734.973,50.942
5735.974,50.944
5736.975,50.945
5737.976,50.947
5738.977,50.948
5739.978,50.950
5740.979,50.952
5741.979,50.953
5742.980,50.955
5743.981,50.956
5744.982,50.958
5745.983,50.959
5746.984,50.961
5747.985,50.963
5748.986,50.964
5749.987,50.966
5750.988,50.967
5751.989,50.969
5752.990,50.971
5753.991,50.972
5754.992,50.974
5755.993,50.975
5756.994,50.977
5757.995,50.978
5758.996,50.980
5759.997,50.982
5760.998,50.983
5761.999,50.985
5763.000,50.986
5764.001,50.988
5765.002,50.989
5766.003,50.991
5767.004,50.993
5768.005,50.994
5769.006,50.996
5770.007,50.997
5771.008,50.999
5772.009,51.000
5773.010,51.002
5774.011,51.004
5775.012,51.005
5776.013,51.007
5777.014,51.008
5778.015,51.010
5779.016,51.011
5780.017,51.013
5781.018,51.014
5782.019,51.016
5783.020,51.018
5784.021,51.019
5785.021,51.021
5786.022,51.022
5787.023,51.024
5788.024,51.025
5789.025,51.027
5790.026,51.029
5791.027,51.030
5792.028,51.032
5793.029,51.033
5794.030,51.035
5795.031,51.036
5796.032,51.038
5797.033,51.039
5798.034,51.041
5799.035,51.043
5800.036,51.044
5801.037,51.046
5802.038,51.047
5803.039,51.049
5804.040,51.050
5805.041,51.052
5806.042,51.053
5807.043,51.055
5808.044,51.057
5809.045,51.058
5810.046,51.060
5811.047,51.061
5812.048,51.063
5813.049,51.064
5814.050,51.066
5815.051,51.067
5816.052,51.069
5817.053,51.070
5818.054,51.072
5819.055,51.074
5820.056,51.075
5821.057,51.077
5822.058,51.078
5823.059,51.080
5824.060,51.081
5825.061,51.083
5826.062,51.084
5827.063,51.086
5828.063,51.087
5829.064,51.089
5830.065,51.091
5831.066,51.092
5832.067,51.094
5833.068,51.095
5834.069,51.097
5835.070,51.098
5836.071,51.100
5837.072,51.101
5838.073,51.103
5839.074,51.104
5840.075,51.106
5841.076,51.107
5842.077,51.109
5843.078,51.110
5844.079,51.112
5845.080,51.113
5846.081,51.115
5847.082,51.117
5848.083,51.118
5849.084,51.120
5850.085,51.121
5851.086,51.123
5852.087,51.124
5853.088,51.126
5854.089,51.127
5855.090,51.129
5856.091,51.130
5857.092,51.132
5858.093,51.133
5859.094,51.135
5860.095,51.136
5861.096,51.138
5862.097,51.139
5863.098,51.141
5864.099,51.142
5865.100,51.144
5866.101,51.145
5867.102,51.147
5868.103,51.148
5869.104,51.150
5870.104,51.151
5871.105,51.153
5872.106,51.154
5873.107,51.156
5874.108,51.157
5875.109,51.159
5876.110,51.160
5877.111,51.162
5878.112,51.163
5879.113,51.165
5880.114,51.166
5881.115,51.168
5882.116,51.169
5883.117,51.171
5884.118,51.172
5885.119,51.174
5886.120,51.175
5887.121,51.177
5888.122,51.179
5889.123,51.180
5890.124,51.181
5891.125,51.183
5892.126,51.184
5893.127,51.186
5894.128,51.187
5895.129,51.189
5896.130,51.190
5897.131,51.192
5898.132,51.193
5899.133,51.195
5900.134,51.196
5901.135,51.198
5902.136,51.199
5903.137,51.201
5904.138,51.202
5905.139,51.204
5906.140,51.205
5907.141,51.207
5908.142,51.208
5909.143,51.210
5910.144,51.211
5911.145,51.213
5912.146,51.214
5913.146,51.216
5914.147,51.217
5915.148,51.219
5916.149,51.220
5917.150,51.222
5918.151,51.223
5919.152,51.225
5920.153,51.226
5921.154,51.228
5922.155,51.229
5923.156,51.231
5924.157,51.232
5925.158,51.234
5926.159,51.235
5927.160,51.237
5928.161,51.238
5929.162,51.240
5930.163,51.241
5931.164,51.242
5932.165,51.244
5933.166,51.245
5934.167,51.247
5935.168,51.248
5936.169,51.250
5937.170,51.251
5938.171,51.253
5939.172,51.254
5940.173,51.256
5941.174,51.257
5942.175,51.259
5943.176,51.260
5944.177,51.262
5945.178,51.263
5946.179,51.265
5947.180,51.266
5948.181,51.267
5949.182,51.269
5950.183,51.270
5951.184,51.272
5952.185,51.273
5953.186,51.275
5954.187,51.276
5955.188,51.278
5956.188,51.279
5957.189,51.281
5958.190,51.282
5959.191,51.284
5960.192,51.285
5961.193,51.286
5962.194,51.288
5963.195,51.289
5964.196,51.291
5965.197,51.292
5966.198,51.294
5967.199,51.295
5968.200,51.297
5969.201,51.298
5970.202,51.300
5971.203,51.301
5972.204,51.303
5973.205,51.304
5974.206,51.305
5975.207,51.307
5976.208,51.308
5977.209,51.310
5978.210,51.311
5979.211,51.313
5980.212,51.314
5981.213,51.315
5982.214,51.317
5983.215,51.318
5984.216,51.320
5985.217,51.321
5986.218,51.323
5987.219,51.324
5988.220,51.326
5989.221,51.327
5990.222,51.329
5991.223,51.330
5992.224,51.331
5993.225,51.333
5994.226,51.334
5995.227,51.336
5996.228,51.337
5997.229,51.339
5998.229,51.340
5999.230,51.341
6000.231,51.343
6001.232,51.344
6002.233,51.346
6003.234,51.347
6004.235,51.349
6005.236,51.350
6006.237,51.352
6007.238,51.353
6008.239,51.354
6009.240,51.356
6010.241,51.357
6011.242,51.359
6012.243,51.360
6013.244,51.362
6014.245,51.363
6015.246,51.364
6016.247,51.366
6017.248,51.367
6018.249,51.369
6019.250,51.370
6020.251,51.372
6021.252,51.373
6022.253,51.374
6023.254,51.376
6024.255,51.377
6025.256,51.379
6026.257,51.380
6027.258,51.382
6028.259,51.383
6029.260,51.384
6030.261,51.386
6031.262,51.387
6032.263,51.389
6033.264,51.390
6034.265,51.392
6035.266,51.393
6036.267,51.394
6037.268,51.396
6038.269,51.397
6039.270,51.399
6040.271,51.400
6041.271,51.402
6042.272,51.403
6043.273,51.404
6044.274,51.406
6045.275,51.407
6046.276,51.409
6047.277,51.410
6048.278,51.411
6049.279,51.413
6050.280,51.414
6051.281,51.416
6052.282,51.417
6053.283,51.419
6054.284,51.420
6055.285,51.421
6056.286,51.423
6057.287,51.424
6058.288,51.426
6059.289,51.427
6060.290,51.428
6061.291,51.430
6062.292,51.431
6063.293,51.433
6064.294,51.434
6065.295,51.435
6066.296,51.437
6067.297,51.438
6068.298,51.440
6069.299,51.441
6070.300,51.442
6071.301,51.444
6072.302,51.445
6073.303,51.447
6074.304,51.448
6075.305,51.449
6076.306,51.451
6077.307,51.452
6078.308,51.454
6079.309,51.455
6080.310,51.456
6081.311,51.458
6082.312,51.459
6083.313,51.461
6084.313,51.462
6085.314,51.463
6086.315,51.465
6087.316,51.466
6088.317,51.468
6089.318,51.469
6090.319,51.470
6091.320,51.472
6092.321,51.473
6093.322,51.475
6094.323,51.476
6095.324,51.477
6096.325,51.479
6097.326,51.480
6098.327,51.481
6099.328,51.483
6100.329,51.484
6101.330,51.486
6102.331,51.487
6103.332,51.488
6104.333,51.490
6105.334,51.491
6106.335,51.492
6107.336,51.494
6108.337,51.495
6109.338,51.497
6110.339,51.498
6111.340,51.499
6112.341,51.501
6113.342,51.502
6114.343,51.503
6115.344,51.505
6116.345,51.506
6117.346,51.508
6118.347,51.509
6119.348,51.510
6120.349,51.512
6121.350,51.513
6122.351,51.514
6123.352,51.516
6124.353,51.517
6125.354,51.518
6126.354,51.520
6127.355,51.521
6128.356,51.523
6129.357,51.524
6130.358,51.525
6131.359,51.527
6132.360,51.528
6133.361,51.529
6134.362,51.531
6135.363,51.532
6136.364,51.534
6137.365,51.535
6138.366,51.536
6139.367,51.538
6140.368,51.539
6141.369,51.540
6142.370,51.542
6143.371,51.543
6144.372,51.544
6145.373,51.546
6146.374,51.547
6147.375,51.549
6148.376,51.550
6149.377,51.551
6150.378,51.553
6151.379,51.554
6152.380,51.555
6153.381,51.557
6154.382,51.558
6155.383,51.560
6156.384,51.561
6157.385,51.562
6158.386,51.564
6159.387,51.565
6160.388,51.566
6161.389,51.568
6162.390,51.569
6163.391,51.570
6164.392,51.572
6165.393,51.573
6166.394,51.574
6167.395,51.576
6168.396,51.577
6169.396,51.578
6170.397,51.580
6171.398,51.581
6172.399,51.583
6173.400,51.584
6174.401,51.585
6175.402,51.587
6176.403,51.588
6177.404,51.589
6178.405,51.591
6179.406,51.592
6180.407,51.593
6181.408,51.595
6182.409,51.596
6183.410,51.597
6184.411,51.599
6185.412,51.600
6186.413,51.601
6187.414,51.603
6188.415,51.604
6189.416,51.605
6190.417,51.607
6191.418,51.608
6192.419,51.609
6193.420,51.611
6194.421,51.612
6195.422,51.613
6196.423,51.615
6197.424,51.616
6198.425,51.618
6199.426,51.619
6200.427,51.620
6201.428,51.622
6202.429,51.623
6203.430,51.624
6204.431,51.626
6205.432,51.627
6206.433,51.628
6207.434,51.630
6208.435,51.631
6209.436,51.632
6210.437,51.634
6211.438,51.635
6212.438,51.636
6213.439,51.638
6214.440,51.639
6215.441,51.640
6216.442,51.642
6217.443,51.643
6218.444,51.644
6219.445,51.646
6220.446,51.647
6221.447,51.648
6222.448,51.650
6223.449,51.651
6224.450,51.652
6225.451,51.654
6226.452,51.655
6227.453,51.656
6228.454,51.657
6229.455,51.659
6230.456,51.660
6231.457,51.661
6232.458,51.663
6233.459,51.664
6234.460,51.665
6235.461,51.667
6236.462,51.668
6237.463,51.669
6238.464,51.671
6239.465,51.672
6240.466,51.673
6241.467,51.675
6242.468,51.676
6243.469,51.677
6244.470,51.679
6245.471,51.680
6246.472,51.681
6247.473,51.682
6248.474,51.684
6249.475,51.685
6250.476,51.686
6251.477,51.688
6252.478,51.689
6253.479,51.690
6254.479,51.692
6255.480,51.693
6256.481,51.694
6257.482,51.696
6258.483,51.697
6259.484,51.698
6260.485,51.700
6261.486,51.701
6262.487,51.702
6263.488,51.703
6264.489,51.705
6265.490,51.706
6266.491,51.707
6267.492,51.709
6268.493,51.710
6269.494,51.711
6270.495,51.713
6271.496,51.714
6272.497,51.715
6273.498,51.717
6274.499,51.718
6275.500,51.719
6276.501,51.720
6277.502,51.722
6278.503,51.723
6279.504,51.724
6280.505,51.726
6281.506,51.727
6282.507,51.728
6283.508,51.730
6284.509,51.731
6285.510,51.732
6286.511,51.733
6287.512,51.735
6288.513,51.736
6289.514,51.737
6290.515,51.739
6291.516,51.740
6292.517,51.741
6293.518,51.742
6294.519,51.744
6295.520,51.745
6296.521,51.746
6297.521,51.748
6298.522,51.749
6299.523,51.750
6300.524,51.752
6301.525,51.753
6302.526,51.754
6303.527,51.755
6304.528,51.757
6305.529,51.758
6306.530,51.759
6307.531,51.761
6308.532,51.762
6309.533,51.763
6310.534,51.764
6311.535,51.766
6312.536,51.767
6313.537,51.768
6314.538,51.769
6315.539,51.771
6316.540,51.772
6317.541,51.773
6318.542,51.775
6319.543,51.776
6320.544,51.777
6321.545,51.778
6322.546,51.780
6323.547,51.781
6324.548,51.782
6325.549,51.784
6326.550,51.785
6327.551,51.786
6328.552,51.787
6329.553,51.789
6330.554,51.790
6331.555,51.791
6332.556,51.792
6333.557,51.794
6334.558,51.795
6335.559,51.796
6336.560,51.798
6337.561,51.799
6338.562,51.800
6339.563,51.801
6340.563,51.803
6341.564,51.804
6342.565,51.805
6343.566,51.806
6344.567,51.808
6345.568,51.809
6346.569,51.810
6347.570,51.812
6348.571,51.813
6349.572,51.814
6350.573,51.815
6351.574,51.817
6352.575,51.818
6353.576,51.819
6354.577,51.820
6355.578,51.822
6356.579,51.823
6357.580,51.824
6358.581,51.825
6359.582,51.827
6360.583,51.828
6361.584,51.829
6362.585,51.831
6363.586,51.832
6364.587,51.833
6365.588,51.834
6366.589,51.836
6367.590,51.837
6368.591,51.838
6369.592,51.839
6370.593,51.841
6371.594,51.842
6372.595,51.843
6373.596,51.844
6374.597,51.846
6375.598,51.847
6376.599,51.848
6377.600,51.849
6378.601,51.851
6379.602,51.852
6380.603,51.853
6381.604,51.854
6382.604,51.856
6383.605,51.857
6384.606,51.858
6385.607,51.859
6386.608,51.861
6387.609,51.862
6388.610,51.863
6389.611,51.864
6390.612,51.866
6391.613,51.867
6392.614,51.868
6393.615,51.869
6394.616,51.871
6395.617,51.872
6396.618,51.873
6397.619,51.874
6398.620,51.876
6399.621,51.877
6400.622,51.878
6401.623,51.879
6402.624,51.881
6403.625,51.882
6404.626,51.883
6405.627,51.884
6406.628,51.886
6407.629,51.887
6408.630,51.888
6409.631,51.889
6410.632,51.891
6411.633,51.892
6412.634,51.893
6413.635,51.894
6414.636,51.895
6415.637,51.897
6416.638,51.898
6417.639,51.899
6418.640,51.900
6419.641,51.902
6420.642,51.903
6421.643,51.904
6422.644,51.905
6423.645,51.907
6424.646,51.908
6425.646,51.909
6426.647,51.910
6427.648,51.911
6428.649,51.913
6429.650,51.914
6430.651,51.915
6431.652,51.916
6432.653,51.918
6433.654,51.919
6434.655,51.920
6435.656,51.921
6436.657,51.922
6437.658,51.924
6438.659,51.925
6439.660,51.926
6440.661,51.927
6441.662,51.929
6442.663,51.930
6443.664,51.931
6444.665,51.932
6445.666,51.933
6446.667,51.935
6447.668,51.936
6448.669,51.937
6449.670,51.938
6450.671,51.940
6451.672,51.941
6452.673,51.942
6453.674,51.943
6454.675,51.944
6455.676,51.946
6456.677,51.947
6457.678,51.948
6458.679,51.949
6459.680,51.951
6460.681,51.952
6461.682,51.953
6462.683,51.954
6463.684,51.955
6464.685,51.957
6465.686,51.958
6466.687,51.959
6467.688,51.960
6468.688,51.961
6469.689,51.963
6470.690,51.964
6471.691,51.965
6472.692,51.966
6473.693,51.967
6474.694,51.969
6475.695,51.970
6476.696,51.971
6477.697,51.972
6478.698,51.973
6479.699,51.975
6480.700,51.976
6481.701,51.977
6482.702,51.978
6483.703,51.979
6484.704,51.981
6485.705,51.982
6486.706,51.983
6487.707,51.984
6488.708,51.985
6489.709,51.987
6490.710,51.988
6491.711,51.989
6492.712,51.990
6493.713,51.991
6494.714,51.993
6495.715,51.994
6496.716,51.995
6497.717,51.996
6498.718,51.997
6499.719,51.998
6500.720,52.000
6501.721,52.001
6502.722,52.002
6503.723,52.003
6504.724,52.004
6505.725,52.006
6506.726,52.007
6507.727,52.008
6508.728,52.009
6509.729,52.010
6510.729,52.012
6511.730,52.013
6512.731,52.014
6513.732,52.015
6514.733,52.016
6515.734,52.018
6516.735,52.019
6517.736,52.020
6518.737,52.021
6519.738,52.022
6520.739,52.023
6521.740,52.025
6522.741,52.026
6523.742,52.027
6524.743,52.028
6525.744,52.029
6526.745,52.031
6527.746,52.032
6528.747,52.033
6529.748,52.034
6530.749,52.035
6531.750,52.037
6532.751,52.038
6533.752,52.039
6534.753,52.040
6535.754,52.041
6536.755,52.042
6537.756,52.044
6538.757,52.045
6539.758,52.046
6540.759,52.047
6541.760,52.048
6542.761,52.049
6543.762,52.051
6544.763,52.052
6545.764,52.053
6546.765,52.054
6547.766,52.055
6548.767,52.056
6549.768,52.058
6550.769,52.059
6551.770,52.060
6552.771,52.061
6553.771,52.062
6554.772,52.064
6555.773,52.065
6556.774,52.066
6557.775,52.067
6558.776,52.068
6559.777,52.069
6560.778,52.071
6561.779,52.072
6562.780,52.073
6563.781,52.074
6564.782,52.075
6565.783,52.076
6566.784,52.078
6567.785,52.079
6568.786,52.080
6569.787,52.081
6570.788,52.082
6571.789,52.083
6572.790,52.085
6573.791,52.086
6574.792,52.087
6575.793,52.088
6576.794,52.089
6577.795,52.090
6578.796,52.091
6579.797,52.093
6580.798,52.094
6581.799,52.095
6582.800,52.096
6583.801,52.097
6584.802,52.098
6585.803,52.100
6586.804,52.101
6587.805,52.102
6588.806,52.103
6589.807,52.104
6590.808,52.105
6591.809,52.107
6592.810,52.108
6593.811,52.109
6594.812,52.110
6595.813,52.111
6596.813,52.112
6597.814,52.114
6598.815,52.115
6599.816,52.116
6600.817,52.117
6601.818,52.118
6602.819,52.119
6603.820,52.121
6604.821,52.122
6605.822,52.123
6606.823,52.124
6607.824,52.125
6608.825,52.126
6609.826,52.127
6610.827,52.129
6611.828,52.130
6612.829,52.131
6613.830,52.132
6614.831,52.133
6615.832,52.134
6616.833,52.135
6617.834,52.137
6618.835,52.138
6619.836,52.139
6620.837,52.140
6621.838,52.141
6622.839,52.142
6623.840,52.143
6624.841,52.145
6625.842,52.146
6626.843,52.147
6627.844,52.148
6628.845,52.149
6629.846,52.150
6630.847,52.151
6631.848,52.153
6632.849,52.154
6633.850,52.155
6634.851,52.156
6635.852,52.157
6636.853,52.158
6637.854,52.159
6638.854,52.161
6639.855,52.162
6640.856,52.163
6641.857,52.164
6642.858,52.165
6643.859,52.166
6644.860,52.167
6645.861,52.169
6646.862,52.170
6647.863,52.171
6648.864,52.172
6649.865,52.173
6650.866,52.174
6651.867,52.175
6652.868,52.176
6653.869,52.178
6654.870,52.179
6655.871,52.180
6656.872,52.181
6657.873,52.182
6658.874,52.183
6659.875,52.184
6660.876,52.185
6661.877,52.187
6662.878,52.188
6663.879,52.189
6664.880,52.190
6665.881,52.191
6666.882,52.192
6667.883,52.193
6668.884,52.195
6669.885,52.196
6670.886,52.197
6671.887,52.198
6672.888,52.199
6673.889,52.200
6674.890,52.201
6675.891,52.202
6676.892,52.204
6677.893,52.205
6678.894,52.206
6679.895,52.207
6680.896,52.208
6681.896,52.209
6682.897,52.210
6683.898,52.211
6684.899,52.212
6685.900,52.214
6686.901,52.215
6687.902,52.216
6688.903,52.217
6689.904,52.218
6690.905,52.219
6691.906,52.220
6692.907,52.221
6693.908,52.222
6694.909,52.224
6695.910,52.225
6696.911,52.226
6697.912,52.227
6698.913,52.228
6699.914,52.229
6700.915,52.230
6701.916,52.231
6702.917,52.232
6703.918,52.234
6704.919,52.235
6705.920,52.236
6706.921,52.237
6707.922,52.238
6708.923,52.239
6709.924,52.240
6710.925,52.241
6711.926,52.242
6712.927,52.244
6713.928,52.245
6714.929,52.246
6715.930,52.247
6716.931,52.248
6717.932,52.249
6718.933,52.250
6719.934,52.251
6720.935,52.252
6721.936,52.254
6722.937,52.255
6723.938,52.256
6724.938,52.257
6725.939,52.258
6726.940,52.259
6727.941,52.260
6728.942,52.261
6729.943,52.262
6730.944,52.263
6731.945,52.265
6732.946,52.266
6733.947,52.267
6734.948,52.268
6735.949,52.269
6736.950,52.270
6737.951,52.271
6738.952,52.272
6739.953,52.273
6740.954,52.274
6741.955,52.276
6742.956,52.277
6743.957,52.278
6744.958,52.279
6745.959,52.280
6746.960,52.281
6747.961,52.282
6748.962,52.283
6749.963,52.284
6750.964,52.285
6751.965,52.287
6752.966,52.288
6753.967,52.289
6754.968,52.290
6755.969,52.291
6756.970,52.292
6757.971,52.293
6758.972,52.294
6759.973,52.295
6760.974,52.296
6761.975,52.297
6762.976,52.299
6763.977,52.300
6764.978,52.301
6765.979,52.302
6766.979,52.303
6767.980,52.304
6768.981,52.305
6769.982,52.306
6770.983,52.307
6771.984,52.308
6772.985,52.309
6773.986,52.311
6774.987,52.312
6775.988,52.313
6776.989,52.314
6777.990,52.315
6778.991,52.316
6779.992,52.317
6780.993,52.318
6781.994,52.319
6782.995,52.320
6783.996,52.321
6784.997,52.322
6785.998,52.324
6786.999,52.325
6788.000,52.326
6789.001,52.327
6790.002,52.328
6791.003,52.329
6792.004,52.330
6793.005,52.331
6794.006,52.332
6795.007,52.333
6796.008,52.334
6797.009,52.335
6798.010,52.336
6799.011,52.338
6800.012,52.339
6801.013,52.340
6802.014,52.341
6803.015,52.342
6804.016,52.343
6805.017,52.344
6806.018,52.345
6807.019,52.346
6808.020,52.347
6809.021,52.348
6810.021,52.349
6811.022,52.350
6812.023,52.351
6813.024,52.352
6814.025,52.354
6815.026,52.355
6816.027,52.356
6817.028,52.357
6818.029,52.358
6819.030,52.359
6820.031,52.360
6821.032,52.361
6822.033,52.362
6823.034,52.363
6824.035,52.364
6825.036,52.365
6826.037,52.366
6827.038,52.367
6828.039,52.368
6829.040,52.369
6830.041,52.371
6831.042,52.372
6832.043,52.373
6833.044,52.374
6834.045,52.375
6835.046,52.376
6836.047,52.377
6837.048,52.378
6838.049,52.379
6839.050,52.380
6840.051,52.381
6841.052,52.382
6842.053,52.383
6843.054,52.384
6844.055,52.385
6845.056,52.386
6846.057,52.388
6847.058,52.389
6848.059,52.390
6849.060,52.391
6850.061,52.392
6851.062,52.393
6852.063,52.394
6853.063,52.395
6854.064,52.396
6855.065,52.397
6856.066,52.398
6857.067,52.399
6858.068,52.400
6859.069,52.401
6860.070,52.402
6861.071,52.403
6862.072,52.404
6863.073,52.405
6864.074,52.406
6865.075,52.407
6866.076,52.408
6867.077,52.410
6868.078,52.411
6869.079,52.412
6870.080,52.413
6871.081,52.414
6872.082,52.415
6873.083,52.416
6874.084,52.417
6875.085,52.418
6876.086,52.419
6877.087,52.420
6878.088,52.421
6879.089,52.422
6880.090,52.423
6881.091,52.424
6882.092,52.425
6883.093,52.426
6884.094,52.427
6885.095,52.428
6886.096,52.429
6887.097,52.430
6888.098,52.431
6889.099,52.432
6890.100,52.433
6891.101,52.434
6892.102,52.435
6893.103,52.437
6894.104,52.438
6895.104,52.439
6896.105,52.440
6897.106,52.441
6898.107,52.442
6899.108,52.443
6900.109,52.444
6901.110,52.445
6902.111,52.446
6903.112,52.447
6904.113,52.448
6905.114,52.449
6906.115,52.450
6907.116,52.451
6908.117,52.452
6909.118,52.453
6910.119,52.454
6911.120,52.455
6912.121,52.456
6913.122,52.457
6914.123,52.458
6915.124,52.459
6916.125,52.460
6917.126,52.461
6918.127,52.462
6919.128,52.463
6920.129,52.464
6921.130,52.465
6922.131,52.466
6923.132,52.467
6924.133,52.468
6925.134,52.469
6926.135,52.470
6927.136,52.472
6928.137,52.473
6929.138,52.474
6930.139,52.475
6931.140,52.476
6932.141,52.477
6933.142,52.478
6934.143,52.479
6935.144,52.480
6936.145,52.481
6937.146,52.482
6938.146,52.483
6939.147,52.484
6940.148,52.485
6941.149,52.486
6942.150,52.487
6943.151,52.488
6944.152,52.489
6945.153,52.490
6946.154,52.491
6947.155,52.492
6948.156,52.493
6949.157,52.494
6950.158,52.495
6951.159,52.496
6952.160,52.497
6953.161,52.498
6954.162,52.499
6955.163,52.500
6956.164,52.501
6957.165,52.502
6958.166,52.503
6959.167,52.504
6960.168,52.505
6961.169,52.506
6962.170,52.507
6963.171,52.508
6964.172,52.509
6965.173,52.510
6966.174,52.511
6967.175,52.512
6968.176,52.513
6969.177,52.514
6970.178,52.515
6971.179,52.516
6972.180,52.517
6973.181,52.518
6974.182,52.519
6975.183,52.520
6976.184,52.521
6977.185,52.522
6978.186,52.523
6979.187,52.524
6980.188,52.525
6981.188,52.526
6982.189,52.527
6983.190,52.528
6984.191,52.529
6985.192,52.530
6986.193,52.531
6987.194,52.532
6988.195,52.533
6989.196,52.534
6990.197,52.535
6991.198,52.536
6992.199,52.537
6993.200,52.538
6994.201,52.539
6995.202,52.540
6996.203,52.541
6997.204,52.542
6998.205,52.543
6999.206,52.544
7000.207,52.545
7001.208,52.546
7002.209,52.547
7003.210,52.548
7004.211,52.549
7005.212,52.550
7006.213,52.551
7007.214,52.552
7008.215,52.553
7009.216,52.554
7010.217,52.555
7011.218,52.556
7012.219,52.557
7013.220,52.558
7014.221,52.559
7015.222,52.560
7016.223,52.561
7017.224,52.562
7018.225,52.563
7019.226,52.564
7020.227,52.565
7021.228,52.566
7022.229,52.567
7023.229,52.568
7024.230,52.569
7025.231,52.570
7026.232,52.571
7027.233,52.572
7028.234,52.573
7029.235,52.574
7030.236,52.575
7031.237,52.576
7032.238,52.577
7033.239,52.577
7034.240,52.578
7035.241,52.579
7036.242,52.580
7037.243,52.581
7038.244,52.582
7039.245,52.583
7040.246,52.584
7041.247,52.585
7042.248,52.586
7043.249,52.587
7044.250,52.588
7045.251,52.589
7046.252,52.590
7047.253,52.591
7048.254,52.592
7049.255,52.593
7050.256,52.594
7051.257,52.595
7052.258,52.596
7053.259,52.597
7054.260,52.598
7055.261,52.599
7056.262,52.600
7057.263,52.601
7058.264,52.602
7059.265,52.603
7060.266,52.604
7061.267,52.605
7062.268,52.606
7063.269,52.607
7064.270,52.608
7065.271,52.609
7066.271,52.610
7067.272,52.611
7068.273,52.612
7069.274,52.613
7070.275,52.614
7071.276,52.615
7072.277,52.615
7073.278,52.616
7074.279,52.617
7075.280,52.618
7076.281,52.619
7077.282,52.620
7078.283,52.621
7079.284,52.622
7080.285,52.623
7081.286,52.624
7082.287,52.625
7083.288,52.626
7084.289,52.627
7085.290,52.628
7086.291,52.629
7087.292,52.630
7088.293,52.631
7089.294,52.632
7090.295,52.633
7091.296,52.634
7092.297,52.635
7093.298,52.636
7094.299,52.637
7095.300,52.638
7096.301,52.639
7097.302,52.640
7098.303,52.641
7099.304,52.642
7100.305,52.642
7101.306,52.643
7102.307,52.644
7103.308,52.645
7104.309,52.646
7105.310,52.647
7106.311,52.648
7107.312,52.649
7108.313,52.650
7109.313,52.651
7110.314,52.652
7111.315,52.653
7112.316,52.654
7113.317,52.655
7114.318,52.656
7115.319,52.657
7116.320,52.658
7117.321,52.659
7118.322,52.660
7119.323,52.661
7120.324,52.662
7121.325,52.663
7122.326,52.664
7123.327,52.664
7124.328,52.665
7125.329,52.666
7126.330,52.667
7127.331,52.668
7128.332,52.669
7129.333,52.670
7130.334,52.671
7131.335,52.672
7132.336,52.673
7133.337,52.674
7134.338,52.675
7135.339,52.676
7136.340,52.677
7137.341,52.678
7138.342,52.679
7139.343,52.680
7140.344,52.681
7141.345,52.682
7142.346,52.683
7143.347,52.683
7144.348,52.684
7145.349,52.685
7146.350,52.686
7147.351,52.687
7148.352,52.688
7149.353,52.689
7150.354,52.690
7151.354,52.691
7152.355,52.692
7153.356,52.693
7154.357,52.694
7155.358,52.695
7156.359,52.696
7157.360,52.697
7158.361,52.698
7159.362,52.699
7160.363,52.700
7161.364,52.700
7162.365,52.701
7163.366,52.702
7164.367,52.703
7165.368,52.704
7166.369,52.705
7167.370,52.706
7168.371,52.707
7169.372,52.708
7170.373,52.709
7171.374,52.710
7172.375,52.711
7173.376,52.712
7174.377,52.713
7175.378,52.714
7176.379,52.715
7177.380,52.715
7178.381,52.716
7179.382,52.717
7180.383,52.718
7181.384,52.719
7182.385,52.720
7183.386,52.721
7184.387,52.722
7185.388,52.723
7186.389,52.724
7187.390,52.725
7188.391,52.726
7189.392,52.727
7190.393,52.728
7191.394,52.729
7192.395,52.729
7193.396,52.730
7194.396,52.731
7195.397,52.732
7196.398,52.733
7197.399,52.734
7198.400,52.735
7199.401,52.736
7200.402,52.737
7201.403,52.738
7202.404,52.739
7203.405,52.740
7204.406,52.741
7205.407,52.742
7206.408,52.742
7207.409,52.743
7208.410,52.744
7209.411,52.745
7210.412,52.746
7211.413,52.747
7212.414,52.748
7213.415,52.749
7214.416,52.750
7215.417,52.751
7216.418,52.752
7217.419,52.753
7218.420,52.754
7219.421,52.754
7220.422,52.755
7221.423,52.756
7222.424,52.757
7223.425,52.758
7224.426,52.759
7225.427,52.760
7226.428,52.761
7227.429,52.762
7228.430,52.763
7229.431,52.764
7230.432,52.765
7231.433,52.765
7232.434,52.766
7233.435,52.767
7234.436,52.768
7235.437,52.769
7236.438,52.770
7237.438,52.771
7238.439,52.772
7239.440,52.773
7240.441,52.774
7241.442,52.775
7242.443,52.776
7243.444,52.776
7244.445,52.777
7245.446,52.778
7246.447,52.779
7247.448,52.780
7248.449,52.781
7249.450,52.782
7250.451,52.783
7251.452,52.784
7252.453,52.785
7253.454,52.785
7254.455,52.786
7255.456,52.787
7256.457,52.788
7257.458,52.789
7258.459,52.790
7259.460,52.791
7260.461,52.792
7261.462,52.793
7262.463,52.794
7263.464,52.795
7264.465,52.795
7265.466,52.796
7266.467,52.797
7267.468,52.798
7268.469,52.799
7269.470,52.800
7270.471,52.801
7271.472,52.802
7272.473,52.803
7273.474,52.804
7274.475,52.804
7275.476,52.805
7276.477,52.806
7277.478,52.807
7278.479,52.808
7279.479,52.809
7280.480,52.810
7281.481,52.811
7282.482,52.812
7283.483,52.813
7284.484,52.813
7285.485,52.814
7286.486,52.815
7287.487,52.816
7288.488,52.817
7289.489,52.818
7290.490,52.819
7291.491,52.820
7292.492,52.821
7293.493,52.822
7294.494,52.822
7295.495,52.823
7296.496,52.824
7297.497,52.825
7298.498,52.826
7299.499,52.827
7300.500,52.828
7301.501,52.829
7302.502,52.830
7303.503,52.831
7304.504,52.831
7305.505,52.832
7306.506,52.833
7307.507,52.834
7308.508,52.835
7309.509,52.836
7310.510,52.837
7311.511,52.838
7312.512,52.839
7313.513,52.839
7314.514,52.840
7315.515,52.841
7316.516,52.842
7317.517,52.843
7318.518,52.844
7319.519,52.845
7320.520,52.846
7321.521,52.846
7322.521,52.847
7323.522,52.848
7324.523,52.849
7325.524,52.850
7326.525,52.851
7327.526,52.852
7328.527,52.853
7329.528,52.853
7330.529,52.854
7331.530,52.855
7332.531,52.856
7333.532,52.857
7334.533,52.858
7335.534,52.859
7336.535,52.860
7337.536,52.861
7338.537,52.861
7339.538,52.862
7340.539,52.863
7341.540,52.864
7342.541,52.865
7343.542,52.866
7344.543,52.867
7345.544,52.868
7346.545,52.868
7347.546,52.869
7348.547,52.870
7349.548,52.871
7350.549,52.872
7351.550,52.873
7352.551,52.874
7353.552,52.875
7354.553,52.875
7355.554,52.876
7356.555,52.877
7357.556,52.878
7358.557,52.879
7359.558,52.880
7360.559,52.881
7361.560,52.882
7362.561,52.882
7363.562,52.883
7364.563,52.884
7365.563,52.885
7366.564,52.886
7367.565,52.887
7368.566,52.888
7369.567,52.888
7370.568,52.889
7371.569,52.890
7372.570,52.891
7373.571,52.892
7374.572,52.893
7375.573,52.894
7376.574,52.895
7377.575,52.895
7378.576,52.896
7379.577,52.897
7380.578,52.898
7381.579,52.899
7382.580,52.900
7383.581,52.901
7384.582,52.901
7385.583,52.902
7386.584,52.903
7387.585,52.904
7388.586,52.905
7389.587,52.906
7390.588,52.907
7391.589,52.907
7392.590,52.908
7393.591,52.909
7394.592,52.910
7395.593,52.911
7396.594,52.912
7397.595,52.913
7398.596,52.913
7399.597,52.914
7400.598,52.915
7401.599,52.916
7402.600,52.917
7403.601,52.918
7404.602,52.919
7405.603,52.919
7406.604,52.920
7407.604,52.921
7408.605,52.922
7409.606,52.923
7410.607,52.924
7411.608,52.925
7412.609,52.925
7413.610,52.926
7414.611,52.927
7415.612,52.928
7416.613,52.929
7417.614,52.930
7418.615,52.931
7419.616,52.931
7420.617,52.932
7421.618,52.933
7422.619,52.934
7423.620,52.935
7424.621,52.936
7425.622,52.936
7426.623,52.937
7427.624,52.938
7428.625,52.939
7429.626,52.940
7430.627,52.941
7431.628,52.942
7432.629,52.942
7433.630,52.943
7434.631,52.944
7435.632,52.945
7436.633,52.946
7437.634,52.947
7438.635,52.948
7439.636,52.948
7440.637,52.949
7441.638,52.950
7442.639,52.951
7443.640,52.952
7444.641,52.953
7445.642,52.953
7446.643,52.954
7447.644,52.955
7448.645,52.956
7449.646,52.957
7450.646,52.958
7451.647,52.959
7452.648,52.959
7453.649,52.960
7454.650,52.961
7455.651,52.962
7456.652,52.963
7457.653,52.964
7458.654,52.964
7459.655,52.965
7460.656,52.966
7461.657,52.967
7462.658,52.968
7463.659,52.969
7464.660,52.969
7465.661,52.970
7466.662,52.971
7467.663,52.972
7468.664,52.973
7469.665,52.974
7470.666,52.974
7471.667,52.975
7472.668,52.976
7473.669,52.977
7474.670,52.978
7475.671,52.979
7476.672,52.979
7477.673,52.980
7478.674,52.981
7479.675,52.982
7480.676,52.983
7481.677,52.984
7482.678,52.984
7483.679,52.985
7484.680,52.986
7485.681,52.987
7486.682,52.988
7487.683,52.989
7488.684,52.989
7489.685,52.990
7490.686,52.991
7491.687,52.992
7492.688,52.993
7493.688,52.994
7494.689,52.994
7495.690,52.995
7496.691,52.996
7497.692,52.997
7498.693,52.998
7499.694,52.999
7500.695,52.999
7501.696,53.000
7502.697,53.001
7503.698,53.002
7504.699,53.003
7505.700,53.003
7506.701,53.004
7507.702,53.005
7508.703,53.006
7509.704,53.007
7510.705,53.008
7511.706,53.008
7512.707,53.009
7513.708,53.010
7514.709,53.011
7515.710,53.012
7516.711,53.013
7517.712,53.013
7518.713,53.014
7519.714,53.015
7520.715,53.016
7521.716,53.017
7522.717,53.017
7523.718,53.018
7524.719,53.019
7525.720,53.020
7526.721,53.021
7527.722,53.022
7528.723,53.022
7529.724,53.023
7530.725,53.024
7531.726,53.025
7532.727,53.026
7533.728,53.026
7534.729,53.027
7535.729,53.028
7536.730,53.029
7537.731,53.030
7538.732,53.031
7539.733,53.031
7540.734,53.032
7541.735,53.033
7542.736,53.034
7543.737,53.035
7544.738,53.035
7545.739,53.036
7546.740,53.037
7547.741,53.038
7548.742,53.039
7549.743,53.040
7550.744,53.040
7551.745,53.041
7552.746,53.042
7553.747,53.043
7554.748,53.044
7555.749,53.044
7556.750,53.045
7557.751,53.046
7558.752,53.047
7559.753,53.048
7560.754,53.048
7561.755,53.049
7562.756,53.050
7563.757,53.051
7564.758,53.052
7565.759,53.053
7566.760,53.053
7567.761,53.054
7568.762,53.055
7569.763,53.056
7570.764,53.057
7571.765,53.057
7572.766,53.058
7573.767,53.059
7574.768,53.060
7575.769,53.061
7576.770,53.061
7577.771,53.062
7578.771,53.063
7579.772,53.064
7580.773,53.065
7581.774,53.065
7582.775,53.066
7583.776,53.067
7584.777,53.068
7585.778,53.069
7586.779,53.069
7587.780,53.070
7588.781,53.071
7589.782,53.072
7590.783,53.073
7591.784,53.073
7592.785,53.074
7593.786,53.075
7594.787,53.076
7595.788,53.077
7596.789,53.077
7597.790,53.078
7598.791,53.079
7599.792,53.080
7600.793,53.081
7601.794,53.081
7602.795,53.082
7603.796,53.083
7604.797,53.084
7605.798,53.084
7606.799,53.085
7607.800,53.086
7608.801,53.087
7609.802,53.088
7610.803,53.088
7611.804,53.089
7612.805,53.090
7613.806,53.091
7614.807,53.092
7615.808,53.092
7616.809,53.093
7617.810,53.094
7618.811,53.095
7619.812,53.096
7620.813,53.096
7621.813,53.097
7622.814,53.098
7623.815,53.099
7624.816,53.099
7625.817,53.100
7626.818,53.101
7627.819,53.102
7628.820,53.103
7629.821,53.103
7630.822,53.104
7631.823,53.105
7632.824,53.106
7633.825,53.107
7634.826,53.107
7635.827,53.108
7636.828,53.109
7637.829,53.110
7638.830,53.110
7639.831,53.111
7640.832,53.112
7641.833,53.113
7642.834,53.114
7643.835,53.114
7644.836,53.115
7645.837,53.116
7646.838,53.117
7647.839,53.118
7648.840,53.118
7649.841,53.119
7650.842,53.120
7651.843,53.121
7652.844,53.121
7653.845,53.122
7654.846,53.123
7655.847,53.124
7656.848,53.125
7657.849,53.125
7658.850,53.126
7659.851,53.127
7660.852,53.128
7661.853,53.128
7662.854,53.129
7663.854,53.130
7664.855,53.131
7665.856,53.132
7666.857,53.132
7667.858,53.133
7668.859,53.134
7669.860,53.135
7670.861,53.135
7671.862,53.136
7672.863,53.137
7673.864,53.138
7674.865,53.139
7675.866,53.139
7676.867,53.140
7677.868,53.141
7678.869,53.142
7679.870,53.142
7680.871,53.143
7681.872,53.144
7682.873,53.145
7683.874,53.145
7684.875,53.146
7685.876,53.147
7686.877,53.148
7687.878,53.149
7688.879,53.149
7689.880,53.150
7690.881,53.151
7691.882,53.152
7692.883,53.152
7693.884,53.153
7694.885,53.154
7695.886,53.155
7696.887,53.155
7697.888,53.156
7698.889,53.157
7699.890,53.158
7700.891,53.159
7701.892,53.159
7702.893,53.160
7703.894,53.161
7704.895,53.162
7705.896,53.162
7706.896,53.163
7707.897,53.164
7708.898,53.165
7709.899,53.165
7710.900,53.166
7711.901,53.167
7712.902,53.168
7713.903,53.169
7714.904,53.169
7715.905,53.170
7716.906,53.171
7717.907,53.172
7718.908,53.172
7719.909,53.173
7720.910,53.174
7721.911,53.175
7722.912,53.175
7723.913,53.176
7724.914,53.177
7725.915,53.178
7726.916,53.178
7727.917,53.179
7728.918,53.180
7729.919,53.181
7730.920,53.182
7731.921,53.182
7732.922,53.183
7733.923,53.184
7734.924,53.185
7735.925,53.185
7736.926,53.186
7737.927,53.187
7738.928,53.188
7739.929,53.188
7740.930,53.189
7741.931,53.190
7742.932,53.191
7743.933,53.191
7744.934,53.192
7745.935,53.193
7746.936,53.194
7747.937,53.194
7748.938,53.195
7749.938,53.196
7750.939,53.197
7751.940,53.198
7752.941,53.198
7753.942,53.199
7754.943,53.200
7755.944,53.201
7756.945,53.201
7757.946,53.202
7758.947,53.203
7759.948,53.204
7760.949,53.204
7761.950,53.205
7762.951,53.206
7763.952,53.207
7764.953,53.207
7765.954,53.208
7766.955,53.209
7767.956,53.210
7768.957,53.210
7769.958,53.211
7770.959,53.212
7771.960,53.213
7772.961,53.213
7773.962,53.214
7774.963,53.215
7775.964,53.216
7776.965,53.216
7777.966,53.217
7778.967,53.218
7779.968,53.219
7780.969,53.219
7781.970,53.220
7782.971,53.221
7783.972,53.222
7784.973,53.222
7785.974,53.223
7786.975,53.224
7787.976,53.225
7788.977,53.225
7789.978,53.226
7790.979,53.227
7791.979,53.228
7792.980,53.228
7793.981,53.229
7794.982,53.230
7795.983,53.231
7796.984,53.231
7797.985,53.232
7798.986,53.233
7799.987,53.234
7800.988,53.234
7801.989,53.235
7802.990,53.236
7803.991,53.236
7804.992,53.237
7805.993,53.238
7806.994,53.239
7807.995,53.239
7808.996,53.240
7809.997,53.241
7810.998,53.242
7811.999,53.242
7813.000,53.243
7814.001,53.244
7815.002,53.245
7816.003,53.245
7817.004,53.246
7818.005,53.247
7819.006,53.248
7820.007,53.248
7821.008,53.249
7822.009,53.250
7823.010,53.251
7824.011,53.251
7825.012,53.252
7826.013,53.253
7827.014,53.253
7828.015,53.254
7829.016,53.255
7830.017,53.256
7831.018,53.256
7832.019,53.257
7833.020,53.258
7834.021,53.259
7835.021,53.259
7836.022,53.260
7837.023,53.261
7838.024,53.262
7839.025,53.262
7840.026,53.263
7841.027,53.264
7842.028,53.265
7843.029,53.265
7844.030,53.266
7845.031,53.267
7846.032,53.267
7847.033,53.268
7848.034,53.269
7849.035,53.270
7850.036,53.270
7851.037,53.271
7852.038,53.272
7853.039,53.273
7854.040,53.273
7855.041,53.274
7856.042,53.275
7857.043,53.275
7858.044,53.276
7859.045,53.277
7860.046,53.278
7861.047,53.278
7862.048,53.279
7863.049,53.280
7864.050,53.281
7865.051,53.281
7866.052,53.282
7867.053,53.283
7868.054,53.283
7869.055,53.284
7870.056,53.285
7871.057,53.286
7872.058,53.286
7873.059,53.287
7874.060,53.288
7875.061,53.288
7876.062,53.289
7877.063,53.290
7878.063,53.291
7879.064,53.291
7880.065,53.292
7881.066,53.293
7882.067,53.294
7883.068,53.294
7884.069,53.295
7885.070,53.296
7886.071,53.296
7887.072,53.297
7888.073,53.298
7889.074,53.299
7890.075,53.299
7891.076,53.300
7892.077,53.301
7893.078,53.301
7894.079,53.302
7895.080,53.303
7896.081,53.304
7897.082,53.304
7898.083,53.305
7899.084,53.306
7900.085,53.306
7901.086,53.307
7902.087,53.308
7903.088,53.309
7904.089,53.309
7905.090,53.310
7906.091,53.311
7907.092,53.311
7908.093,53.312
7909.094,53.313
7910.095,53.314
7911.096,53.314
7912.097,53.315
7913.098,53.316
7914.099,53.316
7915.100,53.317
7916.101,53.318
7917.102,53.318
7918.103,53.319
7919.104,53.320
7920.104,53.321
7921.105,53.321
7922.106,53.322
7923.107,53.323
7924.108,53.323
7925.109,53.324
7926.110,53.325
7927.111,53.326
7928.112,53.326
7929.113,53.327
7930.114,53.328
7931.115,53.328
7932.116,53.329
7933.117,53.330
7934.118,53.330
7935.119,53.331
7936.120,53.332
7937.121,53.333
7938.122,53.333
7939.123,53.334
7940.124,53.335
7941.125,53.335
7942.126,53.336
7943.127,53.337
7944.128,53.337
7945.129,53.338
7946.130,53.339
7947.131,53.340
7948.132,53.340
7949.133,53.341
7950.134,53.342
7951.135,53.342
7952.136,53.343
7953.137,53.344
7954.138,53.344
7955.139,53.345
7956.140,53.346
7957.141,53.347
7958.142,53.347
7959.143,53.348
7960.144,53.349
7961.145,53.349
7962.146,53.350
7963.146,53.351
7964.147,53.351
7965.148,53.352
7966.149,53.353
7967.150,53.354
7968.151,53.354
7969.152,53.355
7970.153,53.356
7971.154,53.356
7972.155,53.357
7973.156,53.358
7974.157,53.358
7975.158,53.359
7976.159,53.360
7977.160,53.360
7978.161,53.361
7979.162,53.362
7980.163,53.362
7981.164,53.363
7982.165,53.364
7983.166,53.365
7984.167,53.365
7985.168,53.366
7986.169,53.367
7987.170,53.367
7988.171,53.368
7989.172,53.369
7990.173,53.369
7991.174,53.370
7992.175,53.371
7993.176,53.371
7994.177,53.372
7995.178,53.373
7996.179,53.374
7997.180,53.374
7998.181,53.375
7999.182,53.376
8000.183,53.376
8001.184,53.377
8002.185,53.378
8003.186,53.378
8004.187,53.379
8005.188,53.380
8006.188,53.380
8007.189,53.381
8008.190,53.382
8009.191,53.382
8010.192,53.383
8011.193,53.384
8012.194,53.385
8013.195,53.385
8014.196,53.386
8015.197,53.387
8016.198,53.387
8017.199,53.388
8018.200,53.389
8019.201,53.389
8020.202,53.390
8021.203,53.391
8022.204,53.391
8023.205,53.392
8024.206,53.393
8025.207,53.393
8026.208,53.394
8027.209,53.395
8028.210,53.395
8029.211,53.396
8030.212,53.397
8031.213,53.397
8032.214,53.398
8033.215,53.399
8034.216,53.399
8035.217,53.400
8036.218,53.401
8037.219,53.402
8038.220,53.402
8039.221,53.403
8040.222,53.404
8041.223,53.404
8042.224,53.405
8043.225,53.406
8044.226,53.406
8045.227,53.407
8046.228,53.408
8047.229,53.408
8048.229,53.409
8049.230,53.410
8050.231,53.410
8051.232,53.411
8052.233,53.412
8053.234,53.412
8054.235,53.413
8055.236,53.414
8056.237,53.414
8057.238,53.415
8058.239,53.416
8059.240,53.416
8060.241,53.417
8061.242,53.418
8062.243,53.418
8063.244,53.419
8064.245,53.420
8065.246,53.420
8066.247,53.421
8067.248,53.422
8068.249,53.422
8069.250,53.423
8070.251,53.424
8071.252,53.424
8072.253,53.425
8073.254,53.426
8074.255,53.426
8075.256,53.427
8076.257,53.428
8077.258,53.428
8078.259,53.429
8079.260,53.430
8080.261,53.430
8081.262,53.431
8082.263,53.432
8083.264,53.432
8084.265,53.433
8085.266,53.434
8086.267,53.434
8087.268,53.435
8088.269,53.436
8089.270,53.436
8090.271,53.437
8091.271,53.438
8092.272,53.438
8093.273,53.439
8094.274,53.440
8095.275,53.440
8096.276,53.441
8097.277,53.442
8098.278,53.442
8099.279,53.443
8100.280,53.444
8101.281,53.444
8102.282,53.445
8103.283,53.446
8104.284,53.446
8105.285,53.447
8106.286,53.448
8107.287,53.448
8108.288,53.449
8109.289,53.450
8110.290,53.450
8111.291,53.451
8112.292,53.452
8113.293,53.452
8114.294,53.453
8115.295,53.454
8116.296,53.454
8117.297,53.455
8118.298,53.456
8119.299,53.456
8120.300,53.457
8121.301,53.458
8122.302,53.458
8123.303,53.459
8124.304,53.460
8125.305,53.460
8126.306,53.461
8127.307,53.461
8128.308,53.462
8129.309,53.463
8130.310,53.463
8131.311,53.464
8132.312,53.465
8133.313,53.465
8134.313,53.466
8135.314,53.467
8136.315,53.467
8137.316,53.468
8138.317,53.469
8139.318,53.469
8140.319,53.470
8141.320,53.471
8142.321,53.471
8143.322,53.472
8144.323,53.473
8145.324,53.473
8146.325,53.474
8147.326,53.474
8148.327,53.475
8149.328,53.476
8150.329,53.476
8151.330,53.477
8152.331,53.478
8153.332,53.478
8154.333,53.479
8155.334,53.480
8156.335,53.480
8157.336,53.481
8158.337,53.482
8159.338,53.482
8160.339,53.483
8161.340,53.484
8162.341,53.484
8163.342,53.485
8164.343,53.485
8165.344,53.486
8166.345,53.487
8167.346,53.487
8168.347,53.488
8169.348,53.489
8170.349,53.489
8171.350,53.490
8172.351,53.491
8173.352,53.491
8174.353,53.492
8175.354,53.493
8176.354,53.493
8177.355,53.494
8178.356,53.495
8179.357,53.495
8180.358,53.496
8181.359,53.496
8182.360,53.497
8183.361,53.498
8184.362,53.498
8185.363,53.499
8186.364,53.500
8187.365,53.500
8188.366,53.501
8189.367,53.502
8190.368,53.502
8191.369,53.503
8193.338,53.504
8195.291,53.505
8197.244,53.507
8199.197,53.508
8201.150,53.509
8203.104,53.511
8205.057,53.512
8207.010,53.513
8208.963,53.514
8210.916,53.516
8212.869,53.517
8214.822,53.518
8216.775,53.519
8218.729,53.521
8220.682,53.522
8222.635,53.523
8224.588,53.524
8226.541,53.526
8228.494,53.527
8230.447,53.528
8232.400,53.530
8234.354,53.531
8236.307,53.532
8238.260,53.533
8240.213,53.535
8242.166,53.536
8244.119,53.537
8246.072,53.538
8248.025,53.540
8249.979,53.541
8251.932,53.542
8253.885,53.543
8255.838,53.544
8257.791,53.546
8259.744,53.547
8261.697,53.548
8263.650,53.549
8265.604,53.551
8267.557,53.552
8269.510,53.553
8271.463,53.554
8273.416,53.556
8275.369,53.557
8277.322,53.558
8279.275,53.559
8281.229,53.560
8283.182,53.562
8285.135,53.563
8287.088,53.564
8289.041,53.565
8290.994,53.567
8292.947,53.568
8294.900,53.569
8296.854,53.570
8298.807,53.572
8300.760,53.573
8302.713,53.574
8304.666,53.575
8306.619,53.576
8308.572,53.578
8310.525,53.579
8312.479,53.580
8314.432,53.581
8316.385,53.582
8318.338,53.584
8320.291,53.585
8322.244,53.586
8324.197,53.587
8326.150,53.589
8328.104,53.590
8330.057,53.591
8332.010,53.592
8333.963,53.593
8335.916,53.595
8337.869,53.596
8339.822,53.597
8341.775,53.598
8343.729,53.599
8345.682,53.601
8347.635,53.602
8349.588,53.603
8351.541,53.604
8353.494,53.605
8355.447,53.607
8357.400,53.608
8359.354,53.609
8361.307,53.610
8363.260,53.611
8365.213,53.613
8367.166,53.614
8369.119,53.615
8371.072,53.616
8373.025,53.617
8374.979,53.618
8376.932,53.620
8378.885,53.621
8380.838,53.622
8382.791,53.623
8384.744,53.624
8386.697,53.626
8388.650,53.627
8390.604,53.628
8392.557,53.629
8394.510,53.630
8396.463,53.632
8398.416,53.633
8400.369,53.634
8402.322,53.635
8404.275,53.636
8406.229,53.637
8408.182,53.639
8410.135,53.640
8412.088,53.641
8414.041,53.642
8415.994,53.643
8417.947,53.645
8419.900,53.646
8421.854,53.647
8423.807,53.648
8425.760,53.649
8427.713,53.650
8429.666,53.651
8431.619,53.653
8433.572,53.654
8435.525,53.655
8437.479,53.656
8439.432,53.657
8441.385,53.658
8443.338,53.660
8445.291,53.661
8447.244,53.662
8449.197,53.663
8451.150,53.664
8453.104,53.665
8455.057,53.667
8457.010,53.668
8458.963,53.669
8460.916,53.670
8462.869,53.671
8464.822,53.672
8466.775,53.673
8468.729,53.675
8470.682,53.676
8472.635,53.677
8474.588,53.678
8476.541,53.679
8478.494,53.680
8480.447,53.682
8482.400,53.683
8484.354,53.684
8486.307,53.685
8488.260,53.686
8490.213,53.687
8492.166,53.688
8494.119,53.690
8496.072,53.691
8498.025,53.692
8499.979,53.693
8501.932,53.694
8503.885,53.695
8505.838,53.696
8507.791,53.698
8509.744,53.699
8511.697,53.700
8513.650,53.701
8515.604,53.702
8517.557,53.703
8519.510,53.704
8521.463,53.705
8523.416,53.707
8525.369,53.708
8527.322,53.709
8529.275,53.710
8531.229,53.711
8533.182,53.712
8535.135,53.713
8537.088,53.714
8539.041,53.715
8540.994,53.717
8542.947,53.718
8544.900,53.719
8546.854,53.720
8548.807,53.721
8550.760,53.722
8552.713,53.723
8554.666,53.724
8556.619,53.726
8558.572,53.727
8560.525,53.728
8562.479,53.729
8564.432,53.730
8566.385,53.731
8568.338,53.732
8570.291,53.733
8572.244,53.735
8574.197,53.736
8576.150,53.737
8578.104,53.738
8580.057,53.739
8582.010,53.740
8583.963,53.741
8585.916,53.742
8587.869,53.743
8589.822,53.744
8591.775,53.746
8593.729,53.747
8595.682,53.748
8597.635,53.749
8599.588,53.750
8601.541,53.751
8603.494,53.752
8605.447,53.753
8607.400,53.754
8609.354,53.755
8611.307,53.757
8613.260,53.758
8615.213,53.759
8617.166,53.760
8619.119,53.761
8621.072,53.762
8623.025,53.763
8624.979,53.764
8626.932,53.765
8628.885,53.766
8630.838,53.767
8632.791,53.769
8634.744,53.770
8636.697,53.771
8638.650,53.772
8640.604,53.773
8642.557,53.774
8644.510,53.775
8646.463,53.776
8648.416,53.777
8650.369,53.778
8652.322,53.779
8654.275,53.780
8656.229,53.782
8658.182,53.783
8660.135,53.784
8662.088,53.785
8664.041,53.786
8665.994,53.787
8667.947,53.788
8669.900,53.789
8671.854,53.790
8673.807,53.791
8675.760,53.792
8677.713,53.793
8679.666,53.795
8681.619,53.796
8683.572,53.797
8685.525,53.798
8687.479,53.799
8689.432,53.800
8691.385,53.801
8693.338,53.802
8695.291,53.803
8697.244,53.804
8699.197,53.805
8701.150,53.806
8703.104,53.807
8705.057,53.809
8707.010,53.810
8708.963,53.811
8710.916,53.812
8712.869,53.813
8714.822,53.814
8716.775,53.815
8718.729,53.816
8720.682,53.817
8722.635,53.818
8724.588,53.819
8726.541,53.820
8728.494,53.821
8730.447,53.822
8732.400,53.823
8734.354,53.825
8736.307,53.826
8738.260,53.827
8740.213,53.828
8742.166,53.829
8744.119,53.830
8746.072,53.831
8748.025,53.832
8749.979,53.833
8751.932,53.834
8753.885,53.835
8755.838,53.836
8757.791,53.837
8759.744,53.838
8761.697,53.839
8763.650,53.840
8765.604,53.841
8767.557,53.842
8769.510,53.843
8771.463,53.845
8773.416,53.846
8775.369,53.847
8777.322,53.848
8779.275,53.849
8781.229,53.850
8783.182,53.851
8785.135,53.852
8787.088,53.853
8789.041,53.854
8790.994,53.855
8792.947,53.856
8794.900,53.857
8796.854,53.858
8798.807,53.859
8800.760,53.860
8802.713,53.861
8804.666,53.862
8806.619,53.863
8808.572,53.864
8810.525,53.865
8812.479,53.866
8814.432,53.867
8816.385,53.868
8818.338,53.869
8820.291,53.870
8822.244,53.871
8824.197,53.873
8826.150,53.874
8828.104,53.875
8830.057,53.876
8832.010,53.877
8833.963,53.878
8835.916,53.879
8837.869,53.880
8839.822,53.881
8841.775,53.882
8843.729,53.883
8845.682,53.884
8847.635,53.885
8849.588,53.886
8851.541,53.887
8853.494,53.888
8855.447,53.889
8857.400,53.890
8859.354,53.891
8861.307,53.892
8863.260,53.893
8865.213,53.894
8867.166,53.895
8869.119,53.896
8871.072,53.897
8873.025,53.898
8874.979,53.899
8876.932,53.900
8878.885,53.901
8880.838,53.902
8882.791,53.903
8884.744,53.904
8886.697,53.905
8888.650,53.906
8890.604,53.907
8892.557,53.908
8894.510,53.909
8896.463,53.910
8898.416,53.911
8900.369,53.912
8902.322,53.913
8904.275,53.914
8906.229,53.915
8908.182,53.916
8910.135,53.917
8912.088,53.918
8914.041,53.919
8915.994,53.920
8917.947,53.921
8919.900,53.922
8921.854,53.923
8923.807,53.924
8925.760,53.925
8927.713,53.926
8929.666,53.927
8931.619,53.928
8933.572,53.928
8935.525,53.929
8937.479,53.930
8939.432,53.931
8941.385,53.932
8943.338,53.933
8945.291,53.934
8947.244,53.935
8949.197,53.936
8951.150,53.937
8953.104,53.938
8955.057,53.939
8957.010,53.940
8958.963,53.941
8960.916,53.942
8962.869,53.943
8964.822,53.944
8966.775,53.945
8968.729,53.946
8970.682,53.947
8972.635,53.948
8974.588,53.949
8976.541,53.950
8978.494,53.951
8980.447,53.952
8982.400,53.953
8984.354,53.954
8986.307,53.954
8988.260,53.955
8990.213,53.956
8992.166,53.957
8994.119,53.958
8996.072,53.959
8998.025,53.960
8999.979,53.961
9001.932,53.962
9003.885,53.963
9005.838,53.964
9007.791,53.965
9009.744,53.966
9011.697,53.967
9013.650,53.968
9015.604,53.969
9017.557,53.969
9019.510,53.970
9021.463,53.971
9023.416,53.972
9025.369,53.973
9027.322,53.974
9029.275,53.975
9031.229,53.976
9033.182,53.977
9035.135,53.978
9037.088,53.979
9039.041,53.980
9040.994,53.981
9042.947,53.982
9044.900,53.983
9046.854,53.983
9048.807,53.984
9050.760,53.985
9052.713,53.986
9054.666,53.987
9056.619,53.988
9058.572,53.989
9060.525,53.990
9062.479,53.991
9064.432,53.992
9066.385,53.993
9068.338,53.994
9070.291,53.994
9072.244,53.995
9074.197,53.996
9076.150,53.997
9078.104,53.998
9080.057,53.999
9082.010,54.000
9083.963,54.001
9085.916,54.002
9087.869,54.003
9089.822,54.004
9091.775,54.004
9093.729,54.005
9095.682,54.006
9097.635,54.007
9099.588,54.008
9101.541,54.009
9103.494,54.010
9105.447,54.011
9107.400,54.012
9109.354,54.012
9111.307,54.013
9113.260,54.014
9115.213,54.015
9117.166,54.016
9119.119,54.017
9121.072,54.018
9123.025,54.019
9124.979,54.019
9126.932,54.020
9128.885,54.021
9130.838,54.022
9132.791,54.023
9134.744,54.024
9136.697,54.025
9138.650,54.026
9140.604,54.026
9142.557,54.027
9144.510,54.028
9146.463,54.029
9148.416,54.030
9150.369,54.031
9152.322,54.032
9154.275,54.032
9156.229,54.033
9158.182,54.034
9160.135,54.035
9162.088,54.036
9164.041,54.037
9165.994,54.038
9167.947,54.038
9169.900,54.039
9171.854,54.040
9173.807,54.041
9175.760,54.042
9177.713,54.043
9179.666,54.044
9181.619,54.044
9183.572,54.045
9185.525,54.046
9187.479,54.047
9189.432,54.048
9191.385,54.049
9193.338,54.050
9195.291,54.050
9197.244,54.051
9199.197,54.052
9201.150,54.053
9203.104,54.054
9205.057,54.055
9207.010,54.056
9208.963,54.056
9210.916,54.057
9212.869,54.058
9214.822,54.059
9216.775,54.060
9218.729,54.061
9220.682,54.061
9222.635,54.062
9224.588,54.063
9226.541,54.064
9228.494,54.065
9230.447,54.066
9232.400,54.066
9234.354,54.067
9236.307,54.068
9238.260,54.069
9240.213,54.070
9242.166,54.071
9244.119,54.071
9246.072,54.072
9248.025,54.073
9249.979,54.074
9251.932,54.075
9253.885,54.076
9255.838,54.076
9257.791,54.077
9259.744,54.078
9261.697,54.079
9263.650,54.080
9265.604,54.081
9267.557,54.081
9269.510,54.082
9271.463,54.083
9273.416,54.084
9275.369,54.085
9277.322,54.086
9279.275,54.086
9281.229,54.087
9283.182,54.088
9285.135,54.089
9287.088,54.090
9289.041,54.091
9290.994,54.091
9292.947,54.092
9294.900,54.093
9296.854,54.094
9298.807,54.095
9300.760,54.095
9302.713,54.096
9304.666,54.097
9306.619,54.098
9308.572,54.099
9310.525,54.100
9312.479,54.100
9314.432,54.101
9316.385,54.102
9318.338,54.103
9320.291,54.104
9322.244,54.104
9324.197,54.105
9326.150,54.106
9328.104,54.107
9330.057,54.108
9332.010,54.108
9333.963,54.109
9335.916,54.110
9337.869,54.111
9339.822,54.112
9341.775,54.112
9343.729,54.113
9345.682,54.114
9347.635,54.115
9349.588,54.116
9351.541,54.116
9353.494,54.117
9355.447,54.118
9357.400,54.119
9359.354,54.120
9361.307,54.120
9363.260,54.121
9365.213,54.122
9367.166,54.123
9369.119,54.124
9371.072,54.124
9373.025,54.125
9374.979,54.126
9376.932,54.127
9378.885,54.128
9380.838,54.128
9382.791,54.129
9384.744,54.130
9386.697,54.131
9388.650,54.131
9390.604,54.132
9392.557,54.133
9394.510,54.134
9396.463,54.135
9398.416,54.135
9400.369,54.136
9402.322,54.137
9404.275,54.138
9406.229,54.138
9408.182,54.139
9410.135,54.140
9412.088,54.141
9414.041,54.142
9415.994,54.142
9417.947,54.143
9419.900,54.144
9421.854,54.145
9423.807,54.145
9425.760,54.146
9427.713,54.147
9429.666,54.148
9431.619,54.149
9433.572,54.149
9435.525,54.150
9437.479,54.151
9439.432,54.152
9441.385,54.152
9443.338,54.153
9445.291,54.154
9447.244,54.155
9449.197,54.156
9451.150,54.156
9453.104,54.157
9455.057,54.158
9457.010,54.159
9458.963,54.159
9460.916,54.160
9462.869,54.161
9464.822,54.162
9466.775,54.162
9468.729,54.163
9470.682,54.164
9472.635,54.165
9474.588,54.165
9476.541,54.166
9478.494,54.167
9480.447,54.168
9482.400,54.168
9484.354,54.169
9486.307,54.170
9488.260,54.171
9490.213,54.172
9492.166,54.172
9494.119,54.173
9496.072,54.174
9498.025,54.175
9499.979,54.175
9501.932,54.176
9503.885,54.177
9505.838,54.178
9507.791,54.178
9509.744,54.179
9511.697,54.180
9513.650,54.181
9515.604,54.181
9517.557,54.182
9519.510,54.183
9521.463,54.184
9523.416,54.184
9525.369,54.185
9527.322,54.186
9529.275,54.187
9531.229,54.187
9533.182,54.188
9535.135,54.189
9537.088,54.190
9539.041,54.190
9540.994,54.191
9542.947,54.192
9544.900,54.193
9546.854,54.193
9548.807,54.194
9550.760,54.195
9552.713,54.196
9554.666,54.196
9556.619,54.197
9558.572,54.198
9560.525,54.199
9562.479,54.199
9564.432,54.200
9566.385,54.201
9568.338,54.202
9570.291,54.202
9572.244,54.203
9574.197,54.204
9576.150,54.205
9578.104,54.205
9580.057,54.206
9582.010,54.207
9583.963,54.208
9585.916,54.208
9587.869,54.209
9589.822,54.210
9591.775,54.211
9593.729,54.211
9595.682,54.212
9597.635,54.213
9599.588,54.214
9601.541,54.214
9603.494,54.215
9605.447,54.216
9607.400,54.217
9609.354,54.217
9611.307,54.218
9613.260,54.219
9615.213,54.220
9617.166,54.220
9619.119,54.221
9621.072,54.222
9623.025,54.223
9624.979,54.223
9626.932,54.224
9628.885,54.225
9630.838,54.225
9632.791,54.226
9634.744,54.227
9636.697,54.228
9638.650,54.228
9640.604,54.229
9642.557,54.230
9644.510,54.231
9646.463,54.231
9648.416,54.232
9650.369,54.233
9652.322,54.234
9654.275,54.234
9656.229,54.235
9658.182,54.236
9660.135,54.237
9662.088,54.237
9664.041,54.238
9665.994,54.239
9667.947,54.240
9669.900,54.240
9671.854,54.241
9673.807,54.242
9675.760,54.243
9677.713,54.243
9679.666,54.244
9681.619,54.245
9683.572,54.246
9685.525,54.246
9687.479,54.247
9689.432,54.248
9691.385,54.248
9693.338,54.249
9695.291,54.250
9697.244,54.251
9699.197,54.251
9701.150,54.252
9703.104,54.253
9705.057,54.254
9707.010,54.254
9708.963,54.255
9710.916,54.256
9712.869,54.257
9714.822,54.257
9716.775,54.258
9718.729,54.259
9720.682,54.260
9722.635,54.260
9724.588,54.261
9726.541,54.262
9728.494,54.262
9730.447,54.263
9732.400,54.264
9734.354,54.265
9736.307,54.265
9738.260,54.266
9740.213,54.267
9742.166,54.268
9744.119,54.268
9746.072,54.269
9748.025,54.270
9749.979,54.271
9751.932,54.271
9753.885,54.272
9755.838,54.273
9757.791,54.274
9759.744,54.274
9761.697,54.275
9763.650,54.276
9765.604,54.276
9767.557,54.277
9769.510,54.278
9771.463,54.279
9773.416,54.279
9775.369,54.280
9777.322,54.281
9779.275,54.282
9781.229,54.282
9783.182,54.283
9785.135,54.284
9787.088,54.285
9789.041,54.285
9790.994,54.286
9792.947,54.287
9794.900,54.287
9796.854,54.288
9798.807,54.289
9800.760,54.290
9802.713,54.290
9804.666,54.291
9806.619,54.292
9808.572,54.293
9810.525,54.293
9812.479,54.294
9814.432,54.295
9816.385,54.295
9818.338,54.296
9820.291,54.297
9822.244,54.298
9824.197,54.298
9826.150,54.299
9828.104,54.300
9830.057,54.301
9832.010,54.301
9833.963,54.302
9835.916,54.303
9837.869,54.304
9839.822,54.304
9841.775,54.305
9843.729,54.306
9845.682,54.306
9847.635,54.307
9849.588,54.308
9851.541,54.309
9853.494,54.309
9855.447,54.310
9857.400,54.311
9859.354,54.312
9861.307,54.312
9863.260,54.313
9865.213,54.314
9867.166,54.314
9869.119,54.315
9871.072,54.316
9873.025,54.317
9874.979,54.317
9876.932,54.318
9878.885,54.319
9880.838,54.319
9882.791,54.320
9884.744,54.321
9886.697,54.322
9888.650,54.322
9890.604,54.323
9892.557,54.324
9894.510,54.324
9896.463,54.325
9898.416,54.326
9900.369,54.327
9902.322,54.327
9904.275,54.328
9906.229,54.329
9908.182,54.330
9910.135,54.330
9912.088,54.331
9914.041,54.332
9915.994,54.332
9917.947,54.333
9919.900,54.334
9921.854,54.335
9923.807,54.335
9925.760,54.336
9927.713,54.337
9929.666,54.337
9931.619,54.338
9933.572,54.339
9935.525,54.340
9937.479,54.340
9939.432,54.341
9941.385,54.342
9943.338,54.342
9945.291,54.343
9947.244,54.344
9949.197,54.345
9951.150,54.345
9953.104,54.346
9955.057,54.347
9957.010,54.347
9958.963,54.348
9960.916,54.349
9962.869,54.349
9964.822,54.350
9966.775,54.351
9968.729,54.352
9970.682,54.352
9972.635,54.353
9974.588,54.354
9976.541,54.354
9978.494,54.355
9980.447,54.356
9982.400,54.357
9984.354,54.357
9986.307,54.358
9988.260,54.359
9990.213,54.359
9992.166,54.360
9994.119,54.361
9996.072,54.361
9998.025,54.362
9999.979,54.363
10001.930,54.364
10003.880,54.364
10005.840,54.365
10007.790,54.366
10009.740,54.366
10011.700,54.367
10013.650,54.368
10015.600,54.368
10017.560,54.369
10019.510,54.370
10021.460,54.371
10023.420,54.371
10025.370,54.372
10027.320,54.373
10029.280,54.373
10031.230,54.374
10033.180,54.375
10035.130,54.375
10037.090,54.376
10039.040,54.377
10040.990,54.377
10042.950,54.378
10044.900,54.379
10046.850,54.380
10048.810,54.380
10050.760,54.381
10052.710,54.382
10054.670,54.382
10056.620,54.383
10058.570,54.384
10060.530,54.384
10062.480,54.385
10064.430,54.386
10066.380,54.386
10068.340,54.387
10070.290,54.388
10072.240,54.388
10074.200,54.389
10076.150,54.390
10078.100,54.390
10080.060,54.391
10082.010,54.392
10083.960,54.393
10085.920,54.393
10087.870,54.394
10089.820,54.395
10091.780,54.395
10093.730,54.396
10095.680,54.397
10097.630,54.397
10099.590,54.398
10101.540,54.399
10103.490,54.399
10105.450,54.400
10107.400,54.401
10109.350,54.401
10111.310,54.402
10113.260,54.403
10115.210,54.403
10117.170,54.404
10119.120,54.405
10121.070,54.405
10123.030,54.406
10124.980,54.407
10126.930,54.407
10128.880,54.408
10130.840,54.409
10132.790,54.409
10134.740,54.410
10136.700,54.411
10138.650,54.411
10140.600,54.412
10142.560,54.413
10144.510,54.413
10146.460,54.414
10148.420,54.415
10150.370,54.415
10152.320,54.416
10154.280,54.417
10156.230,54.417
10158.180,54.418
10160.130,54.419
10162.090,54.419
10164.040,54.420
10165.990,54.421
10167.950,54.421
10169.900,54.422
10171.850,54.422
10173.810,54.423
10175.760,54.424
10177.710,54.424
10179.670,54.425
10181.620,54.426
10183.570,54.426
10185.530,54.427
10187.480,54.428
10189.430,54.428
10191.380,54.429
10193.340,54.430
10195.290,54.430
10197.240,54.431
10199.200,54.432
10201.150,54.432
10203.100,54.433
10205.060,54.433
10207.010,54.434
10208.960,54.435
10210.920,54.435
10212.870,54.436
10214.820,54.437
10216.780,54.437
10218.730,54.438
10220.680,54.439
10222.630,54.439
10224.590,54.440
10226.540,54.441
10228.490,54.441
10230.450,54.442
10232.400,54.443
10234.350,54.443
10236.310,54.444
10238.260,54.444
10240.210,54.445
10242.170,54.446
10244.120,54.446
10246.070,54.447
10248.030,54.448
10249.980,54.448
10251.930,54.449
10253.880,54.449
10255.840,54.450
10257.790,54.451
10259.740,54.451
10261.700,54.452
10263.650,54.453
10265.600,54.453
10267.560,54.454
10269.510,54.454
10271.460,54.455
10273.420,54.456
10275.370,54.456
10277.320,54.457
10279.280,54.457
10281.230,54.458
10283.180,54.459
10285.130,54.459
10287.090,54.460
10289.040,54.460
10290.990,54.461
10292.950,54.462
10294.900,54.462
10296.850,54.463
10298.810,54.463
10300.760,54.464
10302.710,54.465
10304.670,54.465
10306.620,54.466
10308.570,54.466
10310.530,54.467
10312.480,54.468
10314.430,54.468
10316.380,54.469
10318.340,54.470
10320.290,54.470
10322.240,54.471
10324.200,54.471
10326.150,54.472
10328.100,54.473
10330.060,54.473
10332.010,54.474
10333.960,54.474
10335.920,54.475
10337.870,54.476
10339.820,54.476
10341.780,54.477
10343.730,54.477
10345.680,54.478
10347.630,54.478
10349.590,54.479
10351.540,54.480
10353.490,54.480
10355.450,54.481
10357.400,54.481
10359.350,54.482
10361.310,54.483
10363.260,54.483
10365.210,54.484
10367.170,54.484
10369.120,54.485
10371.070,54.486
10373.030,54.486
10374.980,54.487
10376.930,54.487
10378.880,54.488
10380.840,54.488
10382.790,54.489
10384.740,54.490
10386.700,54.490
10388.650,54.491
10390.600,54.491
10392.560,54.492
10394.510,54.492
10396.460,54.493
10398.420,54.494
10400.370,54.494
10402.320,54.495
10404.280,54.495
10406.230,54.496
10408.180,54.496
10410.130,54.497
10412.090,54.498
10414.040,54.498
10415.990,54.499
10417.950,54.499
10419.900,54.500
10421.850,54.500
10423.810,54.501
10425.760,54.502
10427.710,54.502
10429.670,54.503
10431.620,54.503
10433.570,54.504
10435.530,54.504
10437.480,54.505
10439.430,54.505
10441.380,54.506
10443.340,54.506
10445.290,54.507
10447.240,54.507
10449.200,54.508
10451.150,54.509
10453.100,54.509
10455.060,54.510
10457.010,54.510
10458.960,54.511
10460.920,54.511
10462.870,54.512
10464.820,54.512
10466.780,54.513
10468.730,54.513
10470.680,54.514
10472.630,54.514
10474.590,54.515
10476.540,54.515
10478.490,54.516
10480.450,54.516
10482.400,54.517
10484.350,54.517
10486.310,54.518
10488.260,54.519
10490.210,54.519
10492.170,54.520
10494.120,54.520
10496.070,54.521
10498.030,54.521
10499.980,54.522
10501.930,54.522
10503.880,54.523
10505.840,54.523
10507.790,54.524
10509.740,54.524
10511.700,54.525
10513.650,54.525
10515.600,54.526
10517.560,54.526
10519.510,54.527
10521.460,54.527
10523.420,54.528
10525.370,54.528
10527.320,54.529
10529.280,54.529
10531.230,54.530
10533.180,54.530
10535.130,54.531
10537.090,54.531
10539.040,54.532
10540.990,54.532
10542.950,54.533
10544.900,54.533
10546.850,54.534
10548.810,54.534
10550.760,54.535
10552.710,54.535
10554.670,54.536
10556.620,54.536
10558.570,54.537
10560.530,54.537
10562.480,54.538
10564.430,54.538
10566.380,54.539
10568.340,54.539
10570.290,54.540
10572.240,54.540
10574.200,54.541
10576.150,54.541
10578.100,54.542
10580.060,54.542
10582.010,54.543
10583.960,54.543
10585.920,54.544
10587.870,54.544
10589.820,54.545
10591.780,54.545
10593.730,54.546
10595.680,54.546
10597.630,54.546
10599.590,54.547
10601.540,54.547
10603.490,54.548
10605.450,54.548
10607.400,54.549
10609.350,54.549
10611.310,54.550
10613.260,54.550
10615.210,54.551
10617.170,54.551
10619.120,54.552
10621.070,54.552
10623.030,54.553
10624.980,54.553
10626.930,54.554
10628.880,54.554
10630.840,54.555
10632.790,54.555
10634.740,54.555
10636.700,54.556
10638.650,54.556
10640.600,54.557
10642.560,54.557
10644.510,54.558
10646.460,54.558
10648.420,54.559
10650.370,54.559
10652.320,54.560
10654.280,54.560
10656.230,54.561
10658.180,54.561
10660.130,54.562
10662.090,54.562
10664.040,54.562
10665.990,54.563
10667.950,54.563
10669.900,54.564
10671.850,54.564
10673.810,54.565
10675.760,54.565
10677.710,54.566
10679.670,54.566
10681.620,54.566
10683.570,54.567
10685.530,54.567
10687.480,54.568
10689.430,54.568
10691.380,54.569
10693.340,54.569
10695.290,54.569
10697.240,54.570
10699.200,54.570
10701.150,54.571
10703.100,54.571
10705.060,54.572
10707.010,54.572
10708.960,54.573
10710.920,54.573
10712.870,54.573
10714.820,54.574
10716.780,54.574
10718.730,54.575
10720.680,54.575
10722.630,54.576
10724.590,54.576
10726.540,54.576
10728.490,54.577
10730.450,54.577
10732.400,54.578
10734.350,54.578
10736.310,54.579
10738.260,54.579
10740.210,54.579
10742.170,54.580
10744.120,54.580
10746.070,54.581
10748.030,54.581
10749.980,54.582
10751.930,54.582
10753.880,54.582
10755.840,54.583
10757.790,54.583
10759.740,54.584
10761.700,54.584
10763.650,54.584
10765.600,54.585
10767.560,54.585
10769.510,54.586
10771.460,54.586
10773.420,54.587
10775.370,54.587
10777.320,54.587
10779.280,54.588
10781.230,54.588
10783.180,54.589
10785.130,54.589
10787.090,54.589
10789.040,54.590
10790.990,54.590
10792.950,54.591
10794.900,54.591
10796.850,54.591
10798.810,54.592
10800.760,54.592
10802.710,54.593
10804.670,54.593
10806.620,54.593
10808.570,54.594
10810.530,54.594
10812.480,54.595
10814.430,54.595
10816.380,54.595
10818.340,54.596
10820.290,54.596
10822.240,54.596
10824.200,54.597
10826.150,54.597
10828.100,54.598
10830.060,54.598
10832.010,54.598
10833.960,54.599
10835.920,54.599
10837.870,54.600
10839.820,54.600
10841.780,54.600
10843.730,54.601
10845.680,54.601
10847.630,54.602
10849.590,54.602
10851.540,54.602
10853.490,54.603
10855.450,54.603
10857.400,54.603
10859.350,54.604
10861.310,54.604
10863.260,54.605
10865.210,54.605
10867.170,54.605
10869.120,54.606
10871.070,54.606
10873.030,54.607
10874.980,54.607
10876.930,54.607
10878.880,54.608
10880.840,54.608
10882.790,54.608
10884.740,54.609
10886.700,54.609
10888.650,54.610
10890.600,54.610
10892.560,54.610
10894.510,54.611
10896.460,54.611
10898.420,54.611
10900.370,54.612
10902.320,54.612
10904.280,54.613
10906.230,54.613
10908.180,54.613
10910.130,54.614
10912.090,54.614
10914.040,54.615
10915.990,54.615
10917.950,54.615
10919.900,54.616
10921.850,54.616
10923.810,54.616
10925.760,54.617
10927.710,54.617
10929.670,54.618
10931.620,54.618
10933.570,54.618
10935.530,54.619
10937.480,54.619
10939.430,54.619
10941.380,54.620
10943.340,54.620
10945.290,54.621
10947.240,54.621
10949.200,54.621
10951.150,54.622
10953.100,54.622
10955.060,54.623
10957.010,54.623
10958.960,54.623
10960.920,54.624
10962.870,54.624
10964.820,54.624
10966.780,54.625
10968.730,54.625
10970.680,54.626
10972.630,54.626
10974.590,54.626
10976.540,54.627
10978.490,54.627
10980.450,54.627
10982.400,54.628
10984.350,54.628
10986.310,54.629
10988.260,54.629
10990.210,54.629
10992.170,54.630
10994.120,54.630
10996.070,54.631
10998.030,54.631
10999.980,54.631
11001.930,54.632
11003.880,54.632
11005.840,54.632
11007.790,54.633
11009.740,54.633
11011.700,54.634
11013.650,54.634
11015.600,54.634
11017.560,54.635
11019.510,54.635
11021.460,54.635
11023.420,54.636
11025.370,54.636
11027.320,54.637
11029.280,54.637
11031.230,54.637
11033.180,54.638
11035.130,54.638
11037.090,54.639
11039.040,54.639
11040.990,54.639
11042.950,54.640
11044.900,54.640
11046.850,54.640
11048.810,54.641
11050.760,54.641
11052.710,54.642
11054.670,54.642
11056.620,54.642
11058.570,54.643
11060.530,54.643
11062.480,54.644
11064.430,54.644
11066.380,54.644
11068.340,54.645
11070.290,54.645
11072.240,54.645
11074.200,54.646
11076.150,54.646
11078.100,54.647
11080.060,54.647
11082.010,54.647
11083.960,54.648
11085.920,54.648
11087.870,54.648
11089.820,54.649
11091.780,54.649
11093.730,54.650
11095.680,54.650
11097.630,54.650
11099.590,54.651
11101.540,54.651
11103.490,54.652
11105.450,54.652
11107.400,54.652
11109.350,54.653
11111.310,54.653
11113.260,54.653
11115.210,54.654
11117.170,54.654
11119.120,54.655
11121.070,54.655
11123.030,54.655
11124.980,54.656
11126.930,54.656
11128.880,54.656
11130.840,54.657
11132.790,54.657
11134.740,54.658
11136.700,54.658
11138.650,54.658
11140.600,54.659
11142.560,54.659
11144.510,54.660
11146.460,54.660
11148.420,54.660
11150.370,54.661
11152.320,54.661
11154.280,54.661
11156.230,54.662
11158.180,54.662
11160.130,54.663
11162.090,54.663
11164.040,54.663
11165.990,54.664
11167.950,54.664
11169.900,54.664
11171.850,54.665
11173.810,54.665
11175.760,54.666
11177.710,54.666
11179.670,54.666
11181.620,54.667
11183.570,54.667
11185.530,54.668
11187.480,54.668
11189.430,54.668
11191.380,54.669
11193.340,54.669
11195.290,54.669
11197.240,54.670
11199.200,54.670
11201.150,54.671
11203.100,54.671
11205.060,54.671
11207.010,54.672
11208.960,54.672
11210.920,54.672
11212.870,54.673
11214.820,54.673
11216.780,54.674
11218.730,54.674
11220.680,54.674
11222.630,54.675
11224.590,54.675
11226.540,54.676
11228.490,54.676
11230.450,54.676
11232.400,54.677
11234.350,54.677
11236.310,54.677
11238.260,54.678
11240.210,54.678
11242.170,54.679
11244.120,54.679
11246.070,54.679
11248.030,54.680
11249.980,54.680
11251.930,54.680
11253.880,54.681
11255.840,54.681
11257.790,54.682
11259.740,54.682
11261.700,54.682
11263.650,54.683
11265.600,54.683
11267.560,54.683
11269.510,54.684
11271.460,54.684
11273.420,54.685
11275.370,54.685
11277.320,54.685
11279.280,54.686
11281.230,54.686
11283.180,54.687
11285.130,54.687
11287.090,54.687
11289.040,54.688
11290.990,54.688
11292.950,54.688
11294.900,54.689
11296.850,54.689
11298.810,54.690
11300.760,54.690
11302.710,54.690
11304.670,54.691
11306.620,54.691
11308.570,54.691
11310.530,54.692
11312.480,54.692
11314.430,54.693
11316.380,54.693
11318.340,54.693
11320.290,54.694
11322.240,54.694
11324.200,54.694
11326.150,54.695
11328.100,54.695
11330.060,54.696
11332.010,54.696
11333.960,54.696
11335.920,54.697
11337.870,54.697
11339.820,54.698
11341.780,54.698
11343.730,54.698
11345.680,54.699
11347.630,54.699
11349.590,54.699
11351.540,54.700
11353.490,54.700
11355.450,54.701
11357.400,54.701
11359.350,54.701
11361.310,54.702
11363.260,54.702
11365.210,54.702
11367.170,54.703
11369.120,54.703
11371.070,54.704
11373.030,54.704
11374.980,54.704
11376.930,54.705
11378.880,54.705
11380.840,54.706
11382.790,54.706
11384.740,54.706
11386.700,54.707
11388.650,54.707
11390.600,54.707
11392.560,54.708
11394.510,54.708
11396.460,54.709
11398.420,54.709
11400.370,54.709
11402.320,54.710
11404.280,54.710
11406.230,54.710
11408.180,54.711
11410.130,54.711
11412.090,54.712
11414.040,54.712
11415.990,54.712
11417.950,54.713
11419.900,54.713
11421.850,54.713
11423.810,54.714
11425.760,54.714
11427.710,54.715
11429.670,54.715
11431.620,54.715
11433.570,54.716
11435.530,54.716
11437.480,54.717
11439.430,54.717
11441.380,54.717
11443.340,54.718
11445.290,54.718
11447.240,54.718
11449.200,54.719
11451.150,54.719
11453.100,54.720
11455.060,54.720
11457.010,54.720
11458.960,54.721
11460.920,54.721
11462.870,54.721
11464.820,54.722
11466.780,54.722
11468.730,54.723
11470.680,54.723
11472.630,54.723
11474.590,54.724
11476.540,54.724
11478.490,54.724
11480.450,54.725
11482.400,54.725
11484.350,54.726
11486.310,54.726
11488.260,54.726
11490.210,54.727
11492.170,54.727
11494.120,54.728
11496.070,54.728
11498.030,54.728
11499.980,54.729
11501.930,54.729
11503.880,54.729
11505.840,54.730
11507.790,54.730
11509.740,54.731
11511.700,54.731
11513.650,54.731
11515.600,54.732
11517.560,54.732
11519.510,54.732
11521.460,54.733
11523.420,54.733
11525.370,54.734
11527.320,54.734
11529.280,54.734
11531.230,54.735
11533.180,54.735
11535.130,54.735
11537.090,54.736
11539.040,54.736
11540.990,54.737
11542.950,54.737
11544.900,54.737
11546.850,54.738
11548.810,54.738
11550.760,54.738
11552.710,54.739
11554.670,54.739
11556.620,54.740
11558.570,54.740
11560.530,54.740
11562.480,54.741
11564.430,54.741
11566.380,54.742
11568.340,54.742
11570.290,54.742
11572.240,54.743
11574.200,54.743
11576.150,54.743
11578.100,54.744
11580.060,54.744
11582.010,54.745
11583.960,54.745
11585.920,54.745
11587.870,54.746
11589.820,54.746
11591.780,54.746
11593.730,54.747
11595.680,54.747
11597.630,54.748
11599.590,54.748
11601.540,54.748
11603.490,54.749
11605.450,54.749
11607.400,54.749
11609.350,54.750
11611.310,54.750
11613.260,54.751
11615.210,54.751
11617.170,54.751
11619.120,54.752
11621.070,54.752
11623.030,54.752
11624.980,54.753
11626.930,54.753
11628.880,54.754
11630.840,54.754
11632.790,54.754
11634.740,54.755
11636.700,54.755
11638.650,54.755
11640.600,54.756
11642.560,54.756
11644.510,54.757
11646.460,54.757
11648.420,54.757
11650.370,54.758
11652.320,54.758
11654.280,54.758
11656.230,54.759
11658.180,54.759
11660.130,54.760
11662.090,54.760
11664.040,54.760
11665.990,54.761
11667.950,54.761
11669.900,54.761
11671.850,54.762
11673.810,54.762
11675.760,54.763
11677.710,54.763
11679.670,54.763
11681.620,54.764
11683.570,54.764
11685.530,54.764
11687.480,54.765
11689.430,54.765
11691.380,54.766
11693.340,54.766
11695.290,54.766
11697.240,54.767
11699.200,54.767
11701.150,54.767
11703.100,54.768
11705.060,54.768
11707.010,54.769
11708.960,54.769
11710.920,54.769
11712.870,54.770
11714.820,54.770
11716.780,54.770
11718.730,54.771
11720.680,54.771
11722.630,54.772
11724.590,54.772
11726.540,54.772
11728.490,54.773
11730.450,54.773
11732.400,54.773
11734.350,54.774
11736.310,54.774
11738.260,54.774
11740.210,54.775
11742.170,54.775
11744.120,54.776
11746.070,54.776
11748.030,54.776
11749.980,54.777
11751.930,54.777
11753.880,54.777
11755.840,54.778
11757.790,54.778
11759.740,54.779
11761.700,54.779
11763.650,54.779
11765.600,54.780
11767.560,54.780
11769.510,54.780
11771.460,54.781
11773.420,54.781
11775.370,54.782
11777.320,54.782
11779.280,54.782
11781.230,54.783
11783.180,54.783
11785.130,54.783
11787.090,54.784
11789.040,54.784
11790.990,54.785
11792.950,54.785
11794.900,54.785
11796.850,54.786
11798.810,54.786
11800.760,54.786
11802.710,54.787
11804.670,54.787
11806.620,54.787
11808.570,54.788
11810.530,54.788
11812.480,54.789
11814.430,54.789
11816.380,54.789
11818.340,54.790
11820.290,54.790
11822.240,54.790
11824.200,54.791
11826.150,54.791
11828.100,54.792
11830.060,54.792
11832.010,54.792
11833.960,54.793
11835.920,54.793
11837.870,54.793
11839.820,54.794
11841.780,54.794
11843.730,54.794
11845.680,54.795
11847.630,54.795
11849.590,54.796
11851.540,54.796
11853.490,54.796
11855.450,54.797
11857.400,54.797
11859.350,54.797
11861.310,54.798
11863.260,54.798
11865.210,54.799
11867.170,54.799
11869.120,54.799
11871.070,54.800
11873.030,54.800
11874.980,54.800
11876.930,54.801
11878.880,54.801
11880.840,54.801
11882.790,54.802
11884.740,54.802
11886.700,54.803
11888.650,54.803
11890.600,54.803
11892.560,54.804
11894.510,54.804
11896.460,54.804
11898.420,54.805
11900.370,54.805
11902.320,54.806
11904.280,54.806
11906.230,54.806
11908.180,54.807
11910.130,54.807
11912.090,54.807
11914.040,54.808
11915.990,54.808
11917.950,54.808
11919.900,54.809
11921.850,54.809
11923.810,54.810
11925.760,54.810
11927.710,54.810
11929.670,54.811
11931.620,54.811
11933.570,54.811
11935.530,54.812
11937.480,54.812
11939.430,54.812
11941.380,54.813
11943.340,54.813
11945.290,54.814
11947.240,54.814
11949.200,54.814
11951.150,54.815
11953.100,54.815
11955.060,54.815
11957.010,54.816
11958.960,54.816
11960.920,54.817
11962.870,54.817
11964.820,54.817
11966.780,54.818
11968.730,54.818
11970.680,54.818
11972.630,54.819
11974.590,54.819
11976.540,54.819
11978.490,54.820
11980.450,54.820
11982.400,54.821
11984.350,54.821
11986.310,54.821
11988.260,54.822
11990.210,54.822
11992.170,54.822
11994.120,54.823
11996.070,54.823
11998.030,54.824
11999.980,54.824
12001.930,54.824
12003.880,54.825
12005.840,54.825
12007.790,54.825
12009.740,54.826
12011.700,54.826
12013.650,54.826
12015.600,54.827
12017.560,54.827
12019.510,54.828
12021.460,54.828
12023.420,54.828
12025.370,54.829
12027.320,54.829
12029.280,54.829
12031.230,54.830
12033.180,54.830
12035.130,54.830
12037.090,54.831
12039.040,54.831
12040.990,54.832
12042.950,54.832
12044.900,54.832
12046.850,54.833
12048.810,54.833
12050.760,54.833
12052.710,54.834
12054.670,54.834
12056.620,54.834
12058.570,54.835
12060.530,54.835
12062.480,54.836
12064.430,54.836
12066.380,54.836
12068.340,54.837
12070.290,54.837
12072.240,54.837
12074.200,54.838
12076.150,54.838
12078.100,54.838
12080.060,54.839
12082.010,54.839
12083.960,54.839
12085.920,54.840
12087.870,54.840
12089.820,54.841
12091.780,54.841
12093.730,54.841
12095.680,54.842
12097.630,54.842
12099.590,54.842
12101.540,54.843
12103.490,54.843
12105.450,54.843
12107.400,54.844
12109.350,54.844
12111.310,54.845
12113.260,54.845
12115.210,54.845
12117.170,54.846
12119.120,54.846
12121.070,54.846
12123.030,54.847
12124.980,54.847
12126.930,54.847
12128.880,54.848
12130.840,54.848
12132.790,54.849
12134.740,54.849
12136.700,54.849
12138.650,54.850
12140.600,54.850
12142.560,54.850
12144.510,54.851
12146.460,54.851
12148.420,54.851
12150.370,54.852
12152.320,54.852
12154.280,54.852
12156.230,54.853
12158.180,54.853
12160.130,54.854
12162.090,54.854
12164.040,54.854
12165.990,54.855
12167.950,54.855
12169.900,54.855
12171.850,54.856
12173.810,54.856
12175.760,54.856
12177.710,54.857
12179.670,54.857
12181.620,54.858
12183.570,54.858
12185.530,54.858
12187.480,54.859
12189.430,54.859
12191.380,54.859
12193.340,54.860
12195.290,54.860
12197.240,54.860
12199.200,54.861
12201.150,54.861
12203.100,54.861
12205.060,54.862
12207.010,54.862
12208.960,54.863
12210.920,54.863
12212.870,54.863
12214.820,54.864
12216.780,54.864
12218.730,54.864
12220.680,54.865
12222.630,54.865
12224.590,54.865
12226.540,54.866
12228.490,54.866
12230.450,54.866
12232.400,54.867
12234.350,54.867
12236.310,54.868
12238.260,54.868
12240.210,54.868
12242.170,54.869
12244.120,54.869
12246.070,54.869
12248.030,54.870
12249.980,54.870
12251.930,54.870
12253.880,54.871
12255.840,54.871
12257.790,54.871
12259.740,54.872
12261.700,54.872
12263.650,54.873
12265.600,54.873
12267.560,54.873
12269.510,54.874
12271.460,54.874
12273.420,54.874
12275.370,54.875
12277.320,54.875
12279.280,54.875
12281.230,54.876
12283.180,54.876
12285.130,54.876
12287.090,54.877
12289.040,54.877
12290.990,54.877
12292.950,54.878
12294.900,54.878
12296.850,54.879
12298.810,54.879
12300.760,54.879
12302.710,54.880
12304.670,54.880
12306.620,54.880
12308.570,54.881
12310.530,54.881
12312.480,54.881
12314.430,54.882
12316.380,54.882
12318.340,54.882
12320.290,54.883
12322.240,54.883
12324.200,54.883
12326.150,54.884
12328.100,54.884
12330.060,54.885
12332.010,54.885
12333.960,54.885
12335.920,54.886
12337.870,54.886
12339.820,54.886
12341.780,54.887
12343.730,54.887
12345.680,54.887
12347.630,54.888
12349.590,54.888
12351.540,54.888
12353.490,54.889
12355.450,54.889
12357.400,54.889
12359.350,54.890
12361.310,54.890
12363.260,54.890
12365.210,54.891
12367.170,54.891
12369.120,54.892
12371.070,54.892
12373.030,54.892
12374.980,54.893
12376.930,54.893
12378.880,54.893
12380.840,54.894
12382.790,54.894
12384.740,54.894
12386.700,54.895
12388.650,54.895
12390.600,54.895
12392.560,54.896
12394.510,54.896
12396.460,54.896
12398.420,54.897
12400.370,54.897
12402.320,54.897
12404.280,54.898
12406.230,54.898
12408.180,54.898
12410.130,54.899
12412.090,54.899
12414.040,54.900
12415.990,54.900
12417.950,54.900
12419.900,54.901
12421.850,54.901
12423.810,54.901
12425.760,54.902
12427.710,54.902
12429.670,54.902
12431.620,54.903
12433.570,54.903
12435.530,54.903
12437.480,54.904
12439.430,54.904
12441.380,54.904
12443.340,54.905
12445.290,54.905
12447.240,54.905
12449.200,54.906
12451.150,54.906
12453.100,54.906
12455.060,54.907
12457.010,54.907
12458.960,54.907
12460.920,54.908
12462.870,54.908
12464.820,54.908
12466.780,54.909
12468.730,54.909
12470.680,54.909
12472.630,54.910
12474.590,54.910
12476.540,54.910
12478.490,54.911
12480.450,54.911
12482.400,54.911
12484.350,54.912
12486.310,54.912
12488.260,54.912
12490.210,54.913
12492.170,54.913
12494.120,54.913
12496.070,54.914
12498.030,54.914
12499.980,54.914
12501.930,54.915
12503.880,54.915
12505.840,54.915
12507.790,54.916
12509.740,54.916
12511.700,54.916
12513.650,54.917
12515.600,54.917
12517.560,54.917
12519.510,54.918
12521.460,54.918
12523.420,54.918
12525.370,54.919
12527.320,54.919
12529.280,54.919
12531.230,54.920
12533.180,54.920
12535.130,54.921
12537.090,54.921
12539.040,54.921
12540.990,54.921
12542.950,54.922
12544.900,54.922
12546.850,54.922
12548.810,54.923
12550.760,54.923
12552.710,54.923
12554.670,54.924
12556.620,54.924
12558.570,54.924
12560.530,54.925
12562.480,54.925
12564.430,54.925
12566.380,54.926
12568.340,54.926
12570.290,54.926
12572.240,54.927
12574.200,54.927
12576.150,54.927
12578.100,54.928
12580.060,54.928
12582.010,54.928
12583.960,54.929
12585.920,54.929
12587.870,54.929
12589.820,54.930
12591.780,54.930
12593.730,54.930
12595.680,54.931
12597.630,54.931
12599.590,54.931
12601.540,54.932
12603.490,54.932
12605.450,54.932
12607.400,54.933
12609.350,54.933
12611.310,54.933
12613.260,54.934
12615.210,54.934
12617.170,54.934
12619.120,54.935
12621.070,54.935
12623.030,54.935
12624.980,54.936
12626.930,54.936
12628.880,54.936
12630.840,54.937
12632.790,54.937
12634.740,54.937
12636.700,54.938
12638.650,54.938
12640.600,54.938
12642.560,54.939
12644.510,54.939
12646.460,54.939
12648.420,54.940
12650.370,54.940
12652.320,54.940
12654.280,54.941
12656.230,54.941
12658.180,54.941
12660.130,54.942
12662.090,54.942
12664.040,54.942
12665.990,54.942
12667.950,54.943
12669.900,54.943
12671.850,54.943
12673.810,54.944
12675.760,54.944
12677.710,54.944
12679.670,54.945
12681.620,54.945
12683.570,54.945
12685.530,54.946
12687.480,54.946
12689.430,54.946
12691.380,54.947
12693.340,54.947
12695.290,54.947
12697.240,54.948
12699.200,54.948
12701.150,54.948
12703.100,54.949
12705.060,54.949
12707.010,54.949
12708.960,54.950
12710.920,54.950
12712.870,54.950
12714.820,54.951
12716.780,54.951
12718.730,54.951
12720.680,54.952
12722.630,54.952
12724.590,54.952
12726.540,54.952
12728.490,54.953
12730.450,54.953
12732.400,54.953
12734.350,54.954
12736.310,54.954
12738.260,54.954
12740.210,54.955
12742.170,54.955
12744.120,54.955
12746.070,54.956
12748.030,54.956
12749.980,54.956
12751.930,54.957
12753.880,54.957
12755.840,54.957
12757.790,54.958
12759.740,54.958
12761.700,54.958
12763.650,54.958
12765.600,54.959
12767.560,54.959
12769.510,54.959
12771.460,54.960
12773.420,54.960
12775.370,54.960
12777.320,54.961
12779.280,54.961
12781.230,54.961
12783.180,54.962
12785.130,54.962
12787.090,54.962
12789.040,54.962
12790.990,54.963
12792.950,54.963
12794.900,54.963
12796.850,54.964
12798.810,54.964
12800.760,54.964
12802.710,54.965
12804.670,54.965
12806.620,54.965
12808.570,54.965
12810.530,54.966
12812.480,54.966
12814.430,54.966
12816.380,54.967
12818.340,54.967
12820.290,54.967
12822.240,54.968
12824.200,54.968
12826.150,54.968
12828.100,54.969
12830.060,54.969
12832.010,54.969
12833.960,54.969
12835.920,54.970
12837.870,54.970
12839.820,54.970
12841.780,54.971
12843.730,54.971
12845.680,54.971
12847.630,54.972
12849.590,54.972
12851.540,54.972
12853.490,54.972
12855.450,54.973
12857.400,54.973
12859.350,54.973
12861.310,54.974
12863.260,54.974
12865.210,54.974
12867.170,54.975
12869.120,54.975
12871.070,54.975
12873.030,54.976
12874.980,54.976
12876.930,54.976
12878.880,54.976
12880.840,54.977
12882.790,54.977
12884.740,54.977
12886.700,54.978
12888.650,54.978
12890.600,54.978
12892.560,54.979
12894.510,54.979
12896.460,54.979
12898.420,54.979
12900.370,54.980
12902.320,54.980
12904.280,54.980
12906.230,54.981
12908.180,54.981
12910.130,54.981
12912.090,54.982
12914.040,54.982
12915.990,54.982
12917.950,54.982
12919.900,54.983
12921.850,54.983
12923.810,54.983
12925.760,54.984
12927.710,54.984
12929.670,54.984
12931.620,54.984
12933.570,54.985
12935.530,54.985
12937.480,54.985
12939.430,54.986
12941.380,54.986
12943.340,54.986
12945.290,54.987
12947.240,54.987
12949.200,54.987
12951.150,54.987
12953.100,54.988
12955.060,54.988
12957.010,54.988
12958.960,54.989
12960.920,54.989
12962.870,54.989
12964.820,54.989
12966.780,54.990
12968.730,54.990
12970.680,54.990
12972.630,54.991
12974.590,54.991
12976.540,54.991
12978.490,54.991
12980.450,54.992
12982.400,54.992
12984.350,54.992
12986.310,54.993
12988.260,54.993
12990.210,54.993
12992.170,54.994
12994.120,54.994
12996.070,54.994
12998.030,54.994
12999.980,54.995
13001.930,54.995
13003.880,54.995
13005.840,54.996
13007.790,54.996
13009.740,54.996
13011.700,54.996
13013.650,54.997
13015.600,54.997
13017.560,54.997
13019.510,54.998
13021.460,54.998
13023.420,54.998
13025.370,54.998
13027.320,54.999
13029.280,54.999
13031.230,54.999
13033.180,55.000
13035.130,55.000
13037.090,55.000
13039.040,55.000
13040.990,55.001
13042.950,55.001
13044.900,55.001
13046.850,55.001
13048.810,55.002
13050.760,55.002
13052.710,55.002
13054.670,55.003
13056.620,55.003
13058.570,55.003
13060.530,55.003
13062.480,55.004
13064.430,55.004
13066.380,55.004
13068.340,55.004
13070.290,55.005
13072.240,55.005
13074.200,55.005
13076.150,55.006
13078.100,55.006
13080.060,55.006
13082.010,55.006
13083.960,55.007
13085.920,55.007
13087.870,55.007
13089.820,55.007
13091.780,55.008
13093.730,55.008
13095.680,55.008
13097.630,55.009
13099.590,55.009
13101.540,55.009
13103.490,55.009
13105.450,55.010
13107.400,55.010
13109.350,55.010
13111.310,55.010
13113.260,55.011
13115.210,55.011
13117.170,55.011
13119.120,55.012
13121.070,55.012
13123.030,55.012
13124.980,55.012
13126.930,55.013
13128.880,55.013
13130.840,55.013
13132.790,55.013
13134.740,55.014
13136.700,55.014
13138.650,55.014
13140.600,55.014
13142.560,55.015
13144.510,55.015
13146.460,55.015
13148.420,55.016
13150.370,55.016
13152.320,55.016
13154.280,55.016
13156.230,55.017
13158.180,55.017
13160.130,55.017
13162.090,55.017
13164.040,55.018
13165.990,55.018
13167.950,55.018
13169.900,55.018
13171.850,55.019
13173.810,55.019
13175.760,55.019
13177.710,55.020
13179.670,55.020
13181.620,55.020
13183.570,55.020
13185.530,55.021
13187.480,55.021
13189.430,55.021
13191.380,55.021
13193.340,55.022
13195.290,55.022
13197.240,55.022
13199.200,55.022
13201.150,55.023
13203.100,55.023
13205.060,55.023
13207.010,55.023
13208.960,55.024
13210.920,55.024
13212.870,55.024
13214.820,55.024
13216.780,55.025
13218.730,55.025
13220.680,55.025
13222.630,55.025
13224.590,55.026
13226.540,55.026
13228.490,55.026
13230.450,55.026
13232.400,55.027
13234.350,55.027
13236.310,55.027
13238.260,55.027
13240.210,55.028
13242.170,55.028
13244.120,55.028
13246.070,55.028
13248.030,55.029
13249.980,55.029
13251.930,55.029
13253.880,55.030
13255.840,55.030
13257.790,55.030
13259.740,55.030
13261.700,55.031
13263.650,55.031
13265.600,55.031
13267.560,55.031
13269.510,55.032
13271.460,55.032
13273.420,55.032
13275.370,55.032
13277.320,55.033
13279.280,55.033
13281.230,55.033
13283.180,55.033
13285.130,55.034
13287.090,55.034
13289.040,55.034
13290.990,55.034
13292.950,55.035
13294.900,55.035
13296.850,55.035
13298.810,55.035
13300.760,55.036
13302.710,55.036
13304.670,55.036
13306.620,55.036
13308.570,55.037
13310.530,55.037
13312.480,55.037
13314.430,55.037
13316.380,55.038
13318.340,55.038
13320.290,55.038
13322.240,55.038
13324.200,55.038
13326.150,55.039
13328.100,55.039
13330.060,55.039
13332.010,55.039
13333.960,55.040
13335.920,55.040
13337.870,55.040
13339.820,55.040
13341.780,55.041
13343.730,55.041
13345.680,55.041
13347.630,55.041
13349.590,55.042
13351.540,55.042
13353.490,55.042
13355.450,55.042
13357.400,55.043
13359.350,55.043
13361.310,55.043
13363.260,55.043
13365.210,55.043
13367.170,55.044
13369.120,55.044
13371.070,55.044
13373.030,55.044
13374.980,55.045
13376.930,55.045
13378.880,55.045
13380.840,55.045
13382.790,55.046
13384.740,55.046
13386.700,55.046
13388.650,55.046
13390.600,55.047
13392.560,55.047
13394.510,55.047
13396.460,55.047
13398.420,55.047
13400.370,55.048
13402.320,55.048
13404.280,55.048
13406.230,55.048
13408.180,55.049
13410.130,55.049
13412.090,55.049
13414.040,55.049
13415.990,55.050
13417.950,55.050
13419.900,55.050
13421.850,55.050
13423.810,55.050
13425.760,55.051
13427.710,55.051
13429.670,55.051
13431.620,55.051
13433.570,55.052
13435.530,55.052
13437.480,55.052
13439.430,55.052
13441.380,55.052
13443.340,55.053
13445.290,55.053
13447.240,55.053
13449.200,55.053
13451.150,55.054
13453.100,55.054
13455.060,55.054
13457.010,55.054
13458.960,55.054
13460.920,55.055
13462.870,55.055
13464.820,55.055
13466.780,55.055
13468.730,55.056
13470.680,55.056
13472.630,55.056
13474.590,55.056
13476.540,55.056
13478.490,55.057
13480.450,55.057
13482.400,55.057
13484.350,55.057
13486.310,55.058
13488.260,55.058
13490.210,55.058
13492.170,55.058
13494.120,55.058
13496.070,55.059
13498.030,55.059
13499.980,55.059
13501.930,55.059
13503.880,55.059
13505.840,55.060
13507.790,55.060
13509.740,55.060
13511.700,55.060
13513.650,55.061
13515.600,55.061
13517.560,55.061
13519.510,55.061
13521.460,55.061
13523.420,55.062
13525.370,55.062
13527.320,55.062
13529.280,55.062
13531.230,55.062
13533.180,55.063
13535.130,55.063
13537.090,55.063
13539.040,55.063
13540.990,55.063
13542.950,55.064
13544.900,55.064
13546.850,55.064
13548.810,55.064
13550.760,55.064
13552.710,55.065
13554.670,55.065
13556.620,55.065
13558.570,55.065
13560.530,55.065
13562.480,55.065
13564.430,55.066
13566.380,55.066
13568.340,55.066
13570.290,55.066
13572.240,55.066
13574.200,55.067
13576.150,55.067
13578.100,55.067
13580.060,55.067
13582.010,55.067
13583.960,55.068
13585.920,55.068
13587.870,55.068
13589.820,55.068
13591.780,55.068
13593.730,55.068
13595.680,55.069
13597.630,55.069
13599.590,55.069
13601.540,55.069
13603.490,55.069
13605.450,55.069
13607.400,55.070
13609.350,55.070
13611.310,55.070
13613.260,55.070
13615.210,55.070
13617.170,55.070
13619.120,55.070
13621.070,55.071
13623.030,55.071
13624.980,55.071
13626.930,55.071
13628.880,55.071
13630.840,55.071
13632.790,55.072
13634.740,55.072
13636.700,55.072
13638.650,55.072
13640.600,55.072
13642.560,55.072
13644.510,55.073
13646.460,55.073
13648.420,55.073
13650.370,55.073
13652.320,55.073
13654.280,55.073
13656.230,55.074
13658.180,55.074
13660.130,55.074
13662.090,55.074
13664.040,55.074
13665.990,55.074
13667.950,55.074
13669.900,55.075
13671.850,55.075
13673.810,55.075
13675.760,55.075
13677.710,55.075
13679.670,55.075
13681.620,55.075
13683.570,55.076
13685.530,55.076
13687.480,55.076
13689.430,55.076
13691.380,55.076
13693.340,55.076
13695.290,55.076
13697.240,55.077
13699.200,55.077
13701.150,55.077
13703.100,55.077
13705.060,55.077
13707.010,55.077
13708.960,55.077
13710.920,55.077
13712.870,55.078
13714.820,55.078
13716.780,55.078
13718.730,55.078
13720.680,55.078
13722.630,55.078
13724.590,55.078
13726.540,55.078
13728.490,55.078
13730.450,55.078
13732.400,55.079
13734.350,55.079
13736.310,55.079
13738.260,55.079
13740.210,55.079
13742.170,55.079
13744.120,55.079
13746.070,55.079
13748.030,55.079
13749.980,55.079
13751.930,55.080
13753.880,55.080
13755.840,55.080
13757.790,55.080
13759.740,55.080
13761.700,55.080
13763.650,55.080
13765.600,55.080
13767.560,55.080
13769.510,55.080
13771.460,55.080
13773.420,55.080
13775.370,55.081
13777.320,55.081
13779.280,55.081
13781.230,55.081
13783.180,55.081
13785.130,55.081
13787.090,55.081
13789.040,55.081
13790.990,55.081
13792.950,55.081
13794.900,55.081
13796.850,55.081
13798.810,55.081
13800.760,55.081
13802.710,55.081
13804.670,55.082
13806.620,55.082
13808.570,55.082
13810.530,55.082
13812.480,55.082
13814.430,55.082
13816.380,55.082
13818.340,55.082
13820.290,55.082
13822.240,55.082
13824.200,55.082
13826.150,55.082
13828.100,55.082
13830.060,55.082
13832.010,55.082
13833.960,55.082
13835.920,55.082
13837.870,55.082
13839.820,55.082
13841.780,55.082
13843.730,55.082
13845.680,55.082
13847.630,55.082
13849.590,55.082
13851.540,55.082
13853.490,55.082
13855.450,55.082
13857.400,55.082
13859.350,55.082
13861.310,55.082
13863.260,55.082
13865.210,55.082
13867.170,55.082
13869.120,55.082
13871.070,55.082
13873.030,55.082
13874.980,55.082
13876.930,55.082
13878.880,55.082
13880.840,55.082
13882.790,55.082
13884.740,55.082
13886.700,55.082
13888.650,55.082
13890.600,55.082
13892.560,55.082
13894.510,55.082
13896.460,55.082
13898.420,55.082
13900.370,55.082
13902.320,55.082
13904.280,55.082
13906.230,55.082
13908.180,55.082
13910.130,55.082
13912.090,55.082
13914.040,55.082
13915.990,55.082
13917.950,55.082
13919.900,55.082
13921.850,55.082
13923.810,55.082
13925.760,55.082
13927.710,55.082
13929.670,55.082
13931.620,55.082
13933.570,55.082
13935.530,55.082
13937.480,55.082
13939.430,55.082
13941.380,55.082
13943.340,55.082
13945.290,55.082
13947.240,55.082
13949.200,55.082
13951.150,55.082
13953.100,55.082
13955.060,55.082
13957.010,55.082
13958.960,55.082
13960.920,55.082
13962.870,55.082
13964.820,55.082
13966.780,55.082
13968.730,55.082
13970.680,55.082
13972.630,55.082
13974.590,55.082
13976.540,55.082
13978.490,55.082
13980.450,55.082
13982.400,55.082
13984.350,55.082
13986.310,55.082
13988.260,55.082
13990.210,55.082
13992.170,55.082
13994.120,55.082
13996.070,55.082
13998.030,55.082
13999.980,55.082
14001.930,55.082
14003.880,55.082
14005.840,55.082
14007.790,55.082
14009.740,55.082
14011.700,55.082
14013.650,55.082
14015.600,55.082
14017.560,55.082
14019.510,55.082
14021.460,55.082
14023.420,55.082
14025.370,55.082
14027.320,55.082
14029.280,55.082
14031.230,55.082
14033.180,55.082
14035.130,55.082
14037.090,55.082
14039.040,55.082
14040.990,55.082
14042.950,55.082
14044.900,55.082
14046.850,55.082
14048.810,55.082
14050.760,55.082
14052.710,55.082
14054.670,55.082
14056.620,55.082
14058.570,55.082
14060.530,55.082
14062.480,55.082
14064.430,55.082
14066.380,55.082
14068.340,55.082
14070.290,55.082
14072.240,55.082
14074.200,55.082
14076.150,55.082
14078.100,55.082
14080.060,55.082
14082.010,55.082
14083.960,55.082
14085.920,55.082
14087.870,55.082
14089.820,55.082
14091.780,55.082
14093.730,55.082
14095.680,55.082
14097.630,55.082
14099.590,55.082
14101.540,55.082
14103.490,55.082
14105.450,55.082
14107.400,55.082
14109.350,55.082
14111.310,55.082
14113.260,55.082
14115.210,55.082
14117.170,55.082
14119.120,55.082
14121.070,55.082
14123.030,55.082
14124.980,55.082
14126.930,55.082
14128.880,55.082
14130.840,55.082
14132.790,55.082
14134.740,55.082
14136.700,55.082
14138.650,55.082
14140.600,55.082
14142.560,55.082
14144.510,55.082
14146.460,55.082
14148.420,55.082
14150.370,55.082
14152.320,55.082
14154.280,55.082
14156.230,55.082
14158.180,55.082
14160.130,55.082
14162.090,55.082
14164.040,55.082
14165.990,55.082
14167.950,55.082
14169.900,55.082
14171.850,55.082
14173.810,55.082
14175.760,55.082
14177.710,55.082
14179.670,55.082
14181.620,55.082
14183.570,55.082
14185.530,55.082
14187.480,55.082
14189.430,55.082
14191.380,55.082
14193.340,55.082
14195.290,55.082
14197.240,55.082
14199.200,55.082
14201.150,55.082
14203.100,55.082
14205.060,55.082
14207.010,55.082
14208.960,55.082
14210.920,55.082
14212.870,55.082
14214.820,55.082
14216.780,55.082
14218.730,55.082
14220.680,55.082
14222.630,55.082
14224.590,55.082
14226.540,55.082
14228.490,55.082
14230.450,55.082
14232.400,55.082
14234.350,55.082
14236.310,55.082
14238.260,55.082
14240.210,55.082
14242.170,55.082
14244.120,55.082
14246.070,55.082
14248.030,55.082
14249.980,55.082
14251.930,55.082
14253.880,55.082
14255.840,55.082
14257.790,55.082
14259.740,55.082
14261.700,55.082
14263.650,55.082
14265.600,55.082
14267.560,55.082
14269.510,55.082
14271.460,55.082
14273.420,55.082
14275.370,55.082
14277.320,55.082
14279.280,55.082
14281.230,55.082
14283.180,55.082
14285.130,55.082
14287.090,55.082
14289.040,55.082
14290.990,55.082
14292.950,55.082
14294.900,55.082
14296.850,55.082
14298.810,55.082
14300.760,55.082
14302.710,55.082
14304.670,55.082
14306.620,55.082
14308.570,55.082
14310.530,55.082
14312.480,55.082
14314.430,55.082
14316.380,55.082
14318.340,55.082
14320.290,55.082
14322.240,55.082
14324.200,55.082
14326.150,55.082
14328.100,55.082
14330.060,55.082
14332.010,55.082
14333.960,55.082
14335.920,55.082
14337.870,55.082
14339.820,55.082
14341.780,55.082
14343.730,55.082
14345.680,55.082
14347.630,55.082
14349.590,55.082
14351.540,55.082
14353.490,55.082
14355.450,55.082
14357.400,55.082
14359.350,55.082
14361.310,55.082
14363.260,55.082
14365.210,55.082
14367.170,55.082
14369.120,55.082
14371.070,55.082
14373.030,55.082
14374.980,55.082
14376.930,55.082
14378.880,55.082
14380.840,55.082
14382.790,55.082
14384.740,55.082
14386.700,55.082
14388.650,55.082
14390.600,55.082
14392.560,55.082
14394.510,55.082
14396.460,55.082
14398.420,55.082
14400.370,55.082
14402.320,55.082
14404.280,55.082
14406.230,55.082
14408.180,55.082
14410.130,55.082
14412.090,55.082
14414.040,55.082
14415.990,55.082
14417.950,55.082
14419.900,55.082
14421.850,55.082
14423.810,55.082
14425.760,55.082
14427.710,55.082
14429.670,55.082
14431.620,55.082
14433.570,55.082
14435.530,55.082
14437.480,55.082
14439.430,55.082
14441.380,55.082
14443.340,55.082
14445.290,55.082
14447.240,55.082
14449.200,55.082
14451.150,55.082
14453.100,55.082
14455.060,55.082
14457.010,55.082
14458.960,55.082
14460.920,55.082
14462.870,55.082
14464.820,55.082
14466.780,55.082
14468.730,55.082
14470.680,55.082
14472.630,55.082
14474.590,55.082
14476.540,55.082
14478.490,55.082
14480.450,55.082
14482.400,55.082
14484.350,55.082
14486.310,55.082
14488.260,55.082
14490.210,55.082
14492.170,55.082
14494.120,55.082
14496.070,55.082
14498.030,55.082
14499.980,55.082
14501.930,55.082
14503.880,55.082
14505.840,55.082
14507.790,55.082
14509.740,55.082
14511.700,55.082
14513.650,55.082
14515.600,55.082
14517.560,55.082
14519.510,55.082
14521.460,55.082
14523.420,55.082
14525.370,55.082
14527.320,55.082
14529.280,55.082
14531.230,55.082
14533.180,55.082
14535.130,55.082
14537.090,55.082
14539.040,55.082
14540.990,55.082
14542.950,55.082
14544.900,55.082
14546.850,55.082
14548.810,55.082
14550.760,55.082
14552.710,55.082
14554.670,55.082
14556.620,55.082
14558.570,55.082
14560.530,55.082
14562.480,55.082
14564.430,55.082
14566.380,55.082
14568.340,55.082
14570.290,55.082
14572.240,55.082
14574.200,55.082
14576.150,55.082
14578.100,55.082
14580.060,55.082
14582.010,55.082
14583.960,55.082
14585.920,55.082
14587.870,55.082
14589.820,55.082
14591.780,55.082
14593.730,55.082
14595.680,55.082
14597.630,55.082
14599.590,55.082
14601.540,55.082
14603.490,55.082
14605.450,55.082
14607.400,55.082
14609.350,55.082
14611.310,55.082
14613.260,55.082
14615.210,55.082
14617.170,55.082
14619.120,55.082
14621.070,55.082
14623.030,55.082
14624.980,55.082
14626.930,55.082
14628.880,55.082
14630.840,55.082
14632.790,55.082
14634.740,55.082
14636.700,55.082
14638.650,55.082
14640.600,55.082
14642.560,55.082
14644.510,55.082
14646.460,55.082
14648.420,55.082
14650.370,55.082
14652.320,55.082
14654.280,55.082
14656.230,55.082
14658.180,55.082
14660.130,55.082
14662.090,55.082
14664.040,55.082
14665.990,55.082
14667.950,55.082
14669.900,55.082
14671.850,55.082
14673.810,55.082
14675.760,55.082
14677.710,55.082
14679.670,55.082
14681.620,55.082
14683.570,55.082
14685.530,55.082
14687.480,55.082
14689.430,55.082
14691.380,55.082
14693.340,55.082
14695.290,55.082
14697.240,55.082
14699.200,55.082
14701.150,55.082
14703.100,55.082
14705.060,55.082
14707.010,55.082
14708.960,55.082
14710.920,55.082
14712.870,55.082
14714.820,55.082
14716.780,55.082
14718.730,55.082
14720.680,55.082
14722.630,55.082
14724.590,55.082
14726.540,55.082
14728.490,55.082
14730.450,55.082
14732.400,55.082
14734.350,55.082
14736.310,55.082
14738.260,55.082
14740.210,55.082
14742.170,55.082
14744.120,55.082
14746.070,55.082
14748.030,55.082
14749.980,55.082
14751.930,55.082
14753.880,55.082
14755.840,55.082
14757.790,55.082
14759.740,55.082
14761.700,55.082
14763.650,55.082
14765.600,55.082
14767.560,55.082
14769.510,55.082
14771.460,55.082
14773.420,55.082
14775.370,55.082
14777.320,55.082
14779.280,55.082
14781.230,55.082
14783.180,55.082
14785.130,55.082
14787.090,55.082
14789.040,55.082
14790.990,55.082
14792.950,55.082
14794.900,55.082
14796.850,55.082
14798.810,55.082
14800.760,55.082
14802.710,55.082
14804.670,55.082
14806.620,55.082
14808.570,55.082
14810.530,55.082
14812.480,55.082
14814.430,55.082
14816.380,55.082
14818.340,55.082
14820.290,55.082
14822.240,55.082
14824.200,55.082
14826.150,55.082
14828.100,55.082
14830.060,55.082
14832.010,55.082
14833.960,55.082
14835.920,55.082
14837.870,55.082
14839.820,55.082
14841.780,55.082
14843.730,55.082
14845.680,55.082
14847.630,55.082
14849.590,55.082
14851.540,55.082
14853.490,55.082
14855.450,55.082
14857.400,55.082
14859.350,55.082
14861.310,55.082
14863.260,55.082
14865.210,55.082
