time_s,temperature_C
2.000,1000.000
4.000,1000.000
6.000,1000.000
8.000,1000.000
9.000,1000.000
10.000,1000.000
11.000,1000.000
12.000,1000.000
13.000,1000.000
14.000,1000.000
15.000,1000.000
16.000,1000.000
17.000,1000.000
18.000,1000.000
19.000,1000.000
20.000,1000.000
21.000,1000.000
22.000,1000.000
23.000,1000.000
24.000,1000.000
25.000,1000.000
26.000,1000.000
27.000,1000.000
28.000,1000.000
29.000,1000.000
30.001,1000.000
31.001,1000.000
32.001,1000.000
33.001,1000.000
34.001,1000.000
35.001,1000.000
36.001,1000.000
37.001,1000.000
38.001,1000.000
39.001,1000.000
40.001,1000.000
41.001,1000.000
42.001,1000.000
43.001,1000.000
44.001,1000.000
45.001,1000.000
46.001,1000.000
47.001,1000.000
48.001,1000.000
49.001,1000.000
50.001,1000.000
51.001,1000.000
52.001,1000.000
53.001,1000.000
54.001,1000.000
55.001,1000.000
56.001,1000.000
57.001,1000.000
58.001,1000.000
59.001,1000.000
60.001,1000.000
61.001,1000.000
62.001,1000.000
63.001,1000.000
64.001,1000.000
66.001,1000.000
68.001,1000.000
70.000,1000.000
72.000,1000.000
74.000,1000.000
75.999,1000.000
77.999,1000.000
79.999,1000.000
81.998,1000.000
83.998,1000.000
85.998,1000.000
87.997,1000.000
89.997,1000.000
91.997,1000.000
93.996,1000.000
95.996,1000.000
97.996,1000.000
99.995,1000.000
101.995,1000.000
103.995,1000.000
105.994,1000.000
107.994,1000.000
109.994,1000.000
111.993,1000.000
113.993,1000.000
115.993,1000.000
117.992,1000.000
119.992,1000.000
121.992,1000.000
123.991,1000.000
125.991,1000.000
127.991,1000.000
128.991,1000.000
129.991,1000.000
130.991,1000.000
131.991,1000.000
132.992,1000.000
133.992,1000.000
134.992,1000.000
135.992,1000.000
136.992,1000.000
137.993,1000.000
138.993,1000.000
139.993,1000.000
140.993,1000.000
141.994,1000.000
142.994,1000.000
143.994,1000.000
144.994,1000.000
145.994,1000.000
146.995,1000.000
147.995,1000.000
148.995,1000.000
149.995,1000.000
150.995,1000.000
151.996,1000.000
152.996,1000.000
153.996,1000.000
154.996,1000.000
155.997,1000.000
156.997,1000.000
157.997,1000.000
158.997,1000.000
159.997,1000.000
160.998,1000.000
161.998,1000.000
162.998,1000.000
163.998,1000.000
164.998,1000.000
165.999,1000.000
166.999,1000.000
167.999,1000.000
168.999,1000.000
170.000,1000.000
171.000,1000.000
172.000,1000.000
173.000,1000.000
174.000,1000.000
175.001,1000.000
176.001,1000.000
177.001,1000.000
178.001,1000.000
179.001,1000.000
180.002,1000.000
181.002,1000.000
182.002,1000.000
183.002,1000.000
184.003,1000.000
185.003,1000.000
186.003,1000.000
187.003,1000.000
188.003,1000.000
189.004,1000.000
190.004,1000.000
191.004,1000.000
192.004,1000.000
193.004,1000.000
194.005,1000.000
195.005,1000.000
196.005,1000.000
197.005,1000.000
198.006,1000.000
199.006,1000.000
200.006,1000.000
201.006,1000.000
202.006,1000.000
203.007,1000.000
204.007,1000.000
205.007,1000.000
206.007,1000.000
207.007,1000.000
208.008,1000.000
209.008,1000.000
210.008,1000.000
211.008,1000.000
212.009,1000.000
213.009,1000.000
214.009,1000.000
215.009,1000.000
216.009,1000.000
217.010,1000.000
218.010,1000.000
219.010,1000.000
220.010,1000.000
221.010,1000.000
222.011,1000.000
223.011,1000.000
224.011,1000.000
225.011,1000.000
226.012,1000.000
227.012,1000.000
228.012,1000.000
229.012,1000.000
230.012,1000.000
231.013,1000.000
232.013,1000.000
233.013,1000.000
234.013,1000.000
235.013,1000.000
236.014,1000.000
237.014,1000.000
238.014,1000.000
239.014,1000.000
240.015,1000.000
241.015,1000.000
242.015,1000.000
243.015,1000.000
244.015,1000.000
245.016,1000.000
246.016,1000.000
247.016,1000.000
248.016,1000.000
249.016,1000.000
250.017,1000.000
251.017,1000.000
252.017,1000.000
253.017,1000.000
254.017,1000.000
255.018,1000.000
256.018,1000.000
258.017,1000.000
260.016,1000.000
262.015,1000.000
264.014,1000.000
266.012,1000.000
268.011,1000.000
270.010,1000.000
272.009,1000.000
274.008,1000.000
276.007,1000.000
278.006,1000.000
280.005,1000.000
282.004,1000.000
284.003,1000.000
286.001,1000.000
288.000,1000.000
289.999,1000.000
291.998,1000.000
293.997,1000.000
295.996,1000.000
297.995,1000.000
299.994,1000.000
301.993,1000.000
303.992,1000.000
305.990,1000.000
307.989,1000.000
309.988,1000.000
311.987,1000.000
313.986,1000.000
315.985,1000.000
317.984,1000.000
319.983,1000.000
321.982,1000.000
323.981,1000.000
325.979,1000.000
327.978,1000.000
329.977,1000.000
331.976,1000.000
333.975,1000.000
335.974,1000.000
337.973,1000.000
339.972,1000.000
341.971,1000.000
343.970,1000.000
345.968,1000.000
347.967,1000.000
349.966,1000.000
351.965,1000.000
353.964,1000.000
355.963,1000.000
357.962,1000.000
359.961,1000.000
361.960,1000.000
363.959,1000.000
365.957,1000.000
367.956,1000.000
369.955,1000.000
371.954,1000.000
373.953,1000.000
375.952,1000.000
377.951,1000.000
379.950,1000.000
381.949,1000.000
383.948,1000.000
385.946,1000.000
387.945,1000.000
389.944,1000.000
391.943,1000.000
393.942,1000.000
395.941,1000.000
397.940,1000.000
399.939,1000.000
401.938,1000.000
403.937,1000.000
405.936,1000.000
407.934,1000.000
409.933,1000.000
411.932,1000.000
413.931,1000.000
415.930,1000.000
417.929,1000.000
419.928,1000.000
421.927,1000.000
423.926,1000.000
425.925,1000.000
427.923,1000.000
429.922,1000.000
431.921,1000.000
433.920,1000.000
435.919,1000.000
437.918,1000.000
439.917,1000.000
441.916,1000.000
443.915,1000.000
445.914,1000.000
447.912,1000.000
449.911,1000.000
451.910,1000.000
453.909,1000.000
455.908,1000.000
457.907,1000.000
459.906,1000.000
461.905,1000.000
463.904,1000.000
465.903,1000.000
467.901,1000.000
469.900,1000.000
471.899,1000.000
473.898,1000.000
475.897,1000.000
477.896,1000.000
479.895,1000.000
481.894,1000.000
483.893,1000.000
485.892,1000.000
487.890,1000.000
489.889,1000.000
491.888,1000.000
493.887,1000.000
495.886,1000.000
497.885,1000.000
499.884,1000.000
501.883,1000.000
503.882,1000.000
505.881,1000.000
507.879,1000.000
509.878,1000.000
511.877,1000.000
512.878,1000.000
513.879,1000.000
514.880,1000.000
515.881,1000.000
516.882,1000.000
517.883,1000.000
518.884,1000.000
519.885,1000.000
520.886,1000.000
521.887,1000.000
522.888,1000.000
523.889,1000.000
524.890,1000.000
525.891,1000.000
526.892,1000.000
527.893,1000.000
528.894,1000.000
529.895,1000.000
530.896,1000.000
531.897,1000.000
532.898,1000.000
533.899,1000.000
534.900,1000.000
535.901,1000.000
536.901,1000.000
537.902,1000.000
538.903,1000.000
539.904,1000.000
540.905,1000.000
541.906,1000.000
542.907,1000.000
543.908,1000.000
544.909,1000.000
545.910,1000.000
546.911,1000.000
547.912,1000.000
548.913,1000.000
549.914,1000.000
550.915,1000.000
551.916,1000.000
552.917,1000.000
553.918,1000.000
554.919,1000.000
555.920,1000.000
556.921,1000.000
557.922,1000.000
558.923,1000.000
559.924,1000.000
560.925,1000.000
561.926,1000.000
562.927,1000.000
563.928,1000.000
564.929,1000.000
565.930,1000.000
566.931,1000.000
567.932,1000.000
568.933,1000.000
569.934,1000.000
570.935,1000.000
571.936,1000.000
572.937,1000.000
573.938,1000.000
574.939,1000.000
575.940,1000.000
576.941,1000.000
577.942,1000.000
578.942,1000.000
579.943,1000.000
580.944,1000.000
581.945,1000.000
582.946,1000.000
583.947,1000.000
584.948,1000.000
585.949,1000.000
586.950,1000.000
587.951,1000.000
588.952,1000.000
589.953,1000.000
590.954,1000.000
591.955,1000.000
592.956,1000.000
593.957,1000.000
594.958,1000.000
595.959,1000.000
596.960,1000.000
597.961,1000.000
598.962,1000.000
599.963,1000.000
600.964,1000.000
601.965,1000.000
602.966,1000.000
603.967,1000.000
604.968,1000.000
605.969,1000.000
606.970,1000.000
607.971,1000.000
608.972,1000.000
609.973,1000.000
610.974,1000.000
611.975,1000.000
612.976,1000.000
613.977,1000.000
614.978,1000.000
615.979,1000.000
616.980,1000.000
617.981,1000.000
618.982,1000.000
619.983,1000.000
620.984,1000.000
621.984,1000.000
622.985,1000.000
623.986,1000.000
624.987,1000.000
625.988,1000.000
626.989,1000.000
627.990,1000.000
628.991,1000.000
629.992,1000.000
630.993,1000.000
631.994,1000.000
632.995,1000.000
633.996,1000.000
634.997,1000.000
635.998,1000.000
636.999,1000.000
638.000,1000.000
639.001,1000.000
640.002,1000.000
641.003,1000.000
642.004,1000.000
643.005,1000.000
644.006,1000.000
645.007,1000.000
646.008,1000.000
647.009,1000.000
648.010,1000.000
649.011,1000.000
650.012,1000.000
651.013,1000.000
652.014,1000.000
653.015,1000.000
654.016,1000.000
655.017,1000.000
656.018,1000.000
657.019,1000.000
658.020,1000.000
659.021,1000.000
660.022,1000.000
661.023,1000.000
662.024,1000.000
663.025,1000.000
664.026,1000.000
665.026,1000.000
666.027,1000.000
667.028,1000.000
668.029,1000.000
669.030,1000.000
670.031,1000.000
671.032,1000.000
672.033,1000.000
673.034,1000.000
674.035,1000.000
675.036,1000.000
676.037,1000.000
677.038,1000.000
678.039,1000.000
679.040,1000.000
680.041,1000.000
681.042,1000.000
682.043,1000.000
683.044,1000.000
684.045,1000.000
685.046,1000.000
686.047,1000.000
687.048,1000.000
688.049,1000.000
689.050,1000.000
690.051,1000.000
691.052,1000.000
692.053,1000.000
693.054,1000.000
694.055,1000.000
695.056,1000.000
696.057,1000.000
697.058,1000.000
698.059,1000.000
699.060,1000.000
700.061,1000.000
701.062,1000.000
702.063,1000.000
703.064,1000.000
704.065,1000.000
705.066,1000.000
706.067,1000.000
707.067,1000.000
708.068,1000.000
709.069,1000.000
710.070,1000.000
711.071,1000.000
712.072,1000.000
713.073,1000.000
714.074,1000.000
715.075,1000.000
716.076,1000.000
717.077,1000.000
718.078,1000.000
719.079,1000.000
720.080,1000.000
721.081,1000.000
722.082,1000.000
723.083,1000.000
724.084,1000.000
725.085,1000.000
726.086,1000.000
727.087,1000.000
728.088,1000.000
729.089,1000.000
730.090,1000.000
731.091,1000.000
732.092,1000.000
733.093,1000.000
734.094,1000.000
735.095,1000.000
736.096,1000.000
737.097,1000.000
738.098,1000.000
739.099,1000.000
740.100,1000.000
741.101,1000.000
742.102,1000.000
743.103,1000.000
744.104,1000.000
745.105,1000.000
746.106,1000.000
747.107,1000.000
748.108,1000.000
749.109,1000.000
750.109,1000.000
751.110,1000.000
752.111,1000.000
753.112,1000.000
754.113,1000.000
755.114,1000.000
756.115,1000.000
757.116,1000.000
758.117,1000.000
759.118,1000.000
760.119,1000.000
761.120,1000.000
762.121,1000.000
763.122,1000.000
764.123,1000.000
765.124,1000.000
766.125,1000.000
767.126,1000.000
768.127,1000.000
769.128,1000.000
770.129,1000.000
771.130,1000.000
772.131,1000.000
773.132,1000.000
774.133,1000.000
775.134,1000.000
776.135,1000.000
777.136,1000.000
778.137,1000.000
779.138,1000.000
780.139,1000.000
781.140,1000.000
782.141,1000.000
783.142,1000.000
784.143,1000.000
785.144,1000.000
786.145,1000.000
787.146,1000.000
788.147,1000.000
789.148,1000.000
790.149,1000.000
791.150,1000.000
792.151,1000.000
793.151,1000.000
794.152,1000.000
795.153,1000.000
796.154,1000.000
797.155,1000.000
798.156,1000.000
799.157,1000.000
800.158,1000.000
801.159,1000.000
802.160,1000.000
803.161,1000.000
804.162,1000.000
805.163,1000.000
806.164,1000.000
807.165,1000.000
808.166,1000.000
809.167,1000.000
810.168,1000.000
811.169,1000.000
812.170,1000.000
813.171,1000.000
814.172,1000.000
815.173,1000.000
816.174,1000.000
817.175,1000.000
818.176,1000.000
819.177,1000.000
820.178,1000.000
821.179,1000.000
822.180,1000.000
823.181,1000.000
824.182,1000.000
825.183,1000.000
826.184,1000.000
827.185,1000.000
828.186,1000.000
829.187,1000.000
830.188,1000.000
831.189,1000.000
832.190,1000.000
833.191,1000.000
834.192,1000.000
835.192,1000.000
836.193,1000.000
837.194,1000.000
838.195,1000.000
839.196,1000.000
840.197,1000.000
841.198,1000.000
842.199,1000.000
843.200,1000.000
844.201,1000.000
845.202,1000.000
846.203,1000.000
847.204,1000.000
848.205,1000.000
849.206,1000.000
850.207,1000.000
851.208,1000.000
852.209,1000.000
853.210,1000.000
854.211,1000.000
855.212,1000.000
856.213,1000.000
857.214,1000.000
858.215,1000.000
859.216,1000.000
860.217,1000.000
861.218,1000.000
862.219,1000.000
863.220,1000.000
864.221,1000.000
865.222,1000.000
866.223,1000.000
867.224,1000.000
868.225,1000.000
869.226,1000.000
870.227,1000.000
871.228,1000.000
872.229,1000.000
873.230,1000.000
874.231,1000.000
875.232,1000.000
876.233,1000.000
877.234,1000.000
878.234,1000.000
879.235,1000.000
880.236,1000.000
881.237,1000.000
882.238,1000.000
883.239,1000.000
884.240,1000.000
885.241,1000.000
886.242,1000.000
887.243,1000.000
888.244,1000.000
889.245,1000.000
890.246,1000.000
891.247,1000.000
892.248,1000.000
893.249,1000.000
894.250,1000.000
895.251,1000.000
896.252,1000.000
897.253,1000.000
898.254,1000.000
899.255,1000.000
900.256,1000.000
901.257,1000.000
902.258,1000.000
903.259,1000.000
904.260,1000.000
905.261,1000.000
906.262,1000.000
907.263,1000.000
908.264,1000.000
909.265,1000.000
910.266,1000.000
911.267,1000.000
912.268,1000.000
913.269,1000.000
914.270,1000.000
915.271,1000.000
916.272,1000.000
917.273,1000.000
918.274,1000.000
919.275,1000.000
920.276,1000.000
921.276,1000.000
922.277,1000.000
923.278,1000.000
924.279,1000.000
925.280,1000.000
926.281,1000.000
927.282,1000.000
928.283,1000.000
929.284,1000.000
930.285,1000.000
931.286,1000.000
932.287,1000.000
933.288,1000.000
934.289,1000.000
935.290,1000.000
936.291,1000.000
937.292,1000.000
938.293,1000.000
939.294,1000.000
940.295,1000.000
941.296,1000.000
942.297,1000.000
943.298,1000.000
944.299,1000.000
945.300,1000.000
946.301,1000.000
947.302,1000.000
948.303,1000.000
949.304,1000.000
950.305,1000.000
951.306,1000.000
952.307,1000.000
953.308,1000.000
954.309,1000.000
955.310,1000.000
956.311,1000.000
957.312,1000.000
958.313,1000.000
959.314,1000.000
960.315,1000.000
961.316,1000.000
962.317,1000.000
963.317,1000.000
964.318,1000.000
965.319,1000.000
966.320,1000.000
967.321,1000.000
968.322,1000.000
969.323,1000.000
970.324,1000.000
971.325,1000.000
972.326,1000.000
973.327,1000.000
974.328,1000.000
975.329,1000.000
976.330,1000.000
977.331,1000.000
978.332,1000.000
979.333,1000.000
980.334,1000.000
981.335,1000.000
982.336,1000.000
983.337,1000.000
984.338,1000.000
985.339,1000.000
986.340,1000.000
987.341,1000.000
988.342,1000.000
989.343,1000.000
990.344,1000.000
991.345,1000.000
992.346,1000.000
993.347,1000.000
994.348,1000.000
995.349,1000.000
996.350,1000.000
997.351,1000.000
998.352,1000.000
999.353,1000.000
1000.354,1000.000
1001.355,1000.000
1002.356,1000.000
1003.357,1000.000
1004.357,1000.000
1005.358,1000.000
1006.359,1000.000
1007.360,1000.000
1008.361,1000.000
1009.362,1000.000
1010.363,1000.000
1011.364,1000.000
1012.365,1000.000
1013.366,1000.000
1014.367,1000.000
1015.368,1000.000
1016.369,1000.000
1017.370,1000.000
1018.371,1000.000
1019.372,1000.000
1020.373,1000.000
1021.374,1000.000
1022.375,1000.000
1023.376,1000.000
1024.377,1000.000
1025.378,1000.000
1026.379,1000.000
1027.380,1000.000
1028.381,1000.000
1029.382,1000.000
1030.383,1000.000
1031.384,1000.000
1032.385,1000.000
1033.386,1000.000
1034.387,1000.000
1035.388,1000.000
1036.389,1000.000
1037.390,1000.000
1038.391,1000.000
1039.392,1000.000
1040.393,1000.000
1041.394,1000.000
1042.395,1000.000
1043.396,1000.000
1044.396,1000.000
1045.397,1000.000
1046.398,1000.000
1047.399,1000.000
1048.400,1000.000
1049.401,1000.000
1050.402,1000.000
1051.403,1000.000
1052.404,1000.000
1053.405,1000.000
1054.406,1000.000
1055.407,1000.000
1056.408,1000.000
1057.409,1000.000
1058.410,1000.000
1059.411,1000.000
1060.412,1000.000
1061.413,1000.000
1062.414,1000.000
1063.415,1000.000
1064.416,1000.000
1065.417,1000.000
1066.418,1000.000
1067.419,1000.000
1068.420,1000.000
1069.421,1000.000
1070.422,1000.000
1071.423,1000.000
1072.424,1000.000
1073.425,1000.000
1074.426,1000.000
1075.427,1000.000
1076.428,1000.000
1077.429,1000.000
1078.430,1000.000
1079.431,1000.000
1080.432,1000.000
1081.433,1000.000
1082.434,1000.000
1083.435,1000.000
1084.436,1000.000
1085.437,1000.000
1086.438,1000.000
1087.438,1000.000
1088.439,1000.000
1089.440,1000.000
1090.441,1000.000
1091.442,1000.000
1092.443,1000.000
1093.444,1000.000
1094.445,1000.000
1095.446,1000.000
1096.447,1000.000
1097.448,1000.000
1098.449,1000.000
1099.450,1000.000
1100.451,1000.000
1101.452,1000.000
1102.453,1000.000
1103.454,1000.000
1104.455,1000.000
1105.456,1000.000
1106.457,1000.000
1107.458,1000.000
1108.459,1000.000
1109.460,1000.000
1110.461,1000.000
1111.462,1000.000
1112.463,1000.000
1113.464,1000.000
1114.465,1000.000
1115.466,1000.000
1116.467,1000.000
1117.468,1000.000
1118.469,1000.000
1119.470,1000.000
1120.471,1000.000
1121.472,1000.000
1122.473,1000.000
1123.474,1000.000
1124.475,1000.000
1125.476,1000.000
1126.477,1000.000
1127.478,1000.000
1128.479,1000.000
1129.479,1000.000
1130.480,1000.000
1131.481,1000.000
1132.482,1000.000
1133.483,1000.000
1134.484,1000.000
1135.485,1000.000
1136.486,1000.000
1137.487,1000.000
1138.488,1000.000
1139.489,1000.000
1140.490,1000.000
1141.491,1000.000
1142.492,1000.000
1143.493,1000.000
1144.494,1000.000
1145.495,1000.000
1146.496,1000.000
1147.497,1000.000
1148.498,1000.000
1149.499,1000.000
1150.500,1000.000
1151.501,1000.000
1152.502,1000.000
1153.503,1000.000
1154.504,1000.000
1155.505,1000.000
1156.506,1000.000
1157.507,1000.000
1158.508,1000.000
1159.509,1000.000
1160.510,1000.000
1161.511,1000.000
1162.512,1000.000
1163.513,1000.000
1164.514,1000.000
1165.515,1000.000
1166.516,1000.000
1167.517,1000.000
1168.518,1000.000
1169.519,1000.000
1170.520,1000.000
1171.521,1000.000
1172.521,1000.000
1173.522,1000.000
1174.523,1000.000
1175.524,1000.000
1176.525,1000.000
1177.526,1000.000
1178.527,1000.000
1179.528,1000.000
1180.529,1000.000
1181.530,1000.000
1182.531,1000.000
1183.532,1000.000
1184.533,1000.000
1185.534,1000.000
1186.535,1000.000
1187.536,1000.000
1188.537,1000.000
1189.538,1000.000
1190.539,1000.000
1191.540,1000.000
1192.541,1000.000
1193.542,1000.000
1194.543,1000.000
1195.544,1000.000
1196.545,1000.000
1197.546,1000.000
1198.547,1000.000
1199.548,1000.000
1200.549,1000.000
1201.550,1000.000
1202.551,1000.000
1203.552,1000.000
1204.553,1000.000
1205.554,1000.000
1206.555,1000.000
1207.556,1000.000
1208.557,1000.000
1209.558,1000.000
1210.559,1000.000
1211.560,1000.000
1212.561,1000.000
1213.562,1000.000
1214.563,1000.000
1215.563,1000.000
1216.564,1000.000
1217.565,1000.000
1218.566,1000.000
1219.567,1000.000
1220.568,1000.000
1221.569,1000.000
1222.570,1000.000
1223.571,1000.000
1224.572,1000.000
1225.573,1000.000
1226.574,1000.000
1227.575,1000.000
1228.576,1000.000
1229.577,1000.000
1230.578,1000.000
1231.579,1000.000
1232.580,1000.000
1233.581,1000.000
1234.582,1000.000
1235.583,1000.000
1236.584,1000.000
1237.585,1000.000
1238.586,1000.000
1239.587,1000.000
1240.588,1000.000
1241.589,1000.000
1242.590,1000.000
1243.591,1000.000
1244.592,1000.000
1245.593,1000.000
1246.594,1000.000
1247.595,1000.000
1248.596,1000.000
1249.597,1000.000
1250.598,1000.000
1251.599,1000.000
1252.600,1000.000
1253.601,1000.000
1254.602,1000.000
1255.603,1000.000
1256.604,1000.000
1257.604,1000.000
1258.605,1000.000
1259.606,1000.000
1260.607,1000.000
1261.608,1000.000
1262.609,1000.000
1263.610,1000.000
1264.611,1000.000
1265.612,1000.000
1266.613,1000.000
1267.614,1000.000
1268.615,1000.000
1269.616,1000.000
1270.617,1000.000
1271.618,1000.000
1272.619,1000.000
1273.620,1000.000
1274.621,1000.000
1275.622,1000.000
1276.623,1000.000
1277.624,1000.000
1278.625,1000.000
1279.626,1000.000
1280.627,1000.000
1281.628,1000.000
1282.629,1000.000
1283.630,1000.000
1284.631,1000.000
1285.632,1000.000
1286.633,1000.000
1287.634,1000.000
1288.635,1000.000
1289.636,1000.000
1290.637,1000.000
1291.638,1000.000
1292.639,1000.000
1293.640,1000.000
1294.641,1000.000
1295.642,1000.000
1296.643,1000.000
1297.644,1000.000
1298.645,1000.000
1299.646,1000.000
1300.646,1000.000
1301.647,1000.000
1302.648,1000.000
1303.649,1000.000
1304.650,1000.000
1305.651,1000.000
1306.652,1000.000
1307.653,1000.000
1308.654,1000.000
1309.655,1000.000
1310.656,1000.000
1311.657,1000.000
1312.658,1000.000
1313.659,1000.000
1314.660,1000.000
1315.661,1000.000
1316.662,1000.000
1317.663,1000.000
1318.664,1000.000
1319.665,1000.000
1320.666,1000.000
1321.667,1000.000
1322.668,1000.000
1323.669,1000.000
1324.670,1000.000
1325.671,1000.000
1326.672,1000.000
1327.673,1000.000
1328.674,1000.000
1329.675,1000.000
1330.676,1000.000
1331.677,1000.000
1332.678,1000.000
1333.679,1000.000
1334.680,1000.000
1335.681,1000.000
1336.682,1000.000
1337.683,1000.000
1338.684,1000.000
1339.685,1000.000
1340.686,1000.000
1341.687,1000.000
1342.688,1000.000
1343.688,1000.000
1344.689,1000.000
1345.690,1000.000
1346.691,1000.000
1347.692,1000.000
1348.693,1000.000
1349.694,1000.000
1350.695,1000.000
1351.696,1000.000
1352.697,1000.000
1353.698,1000.000
1354.699,1000.000
1355.700,1000.000
1356.701,1000.000
1357.702,1000.000
1358.703,1000.000
1359.704,1000.000
1360.705,1000.000
1361.706,1000.000
1362.707,1000.000
1363.708,1000.000
1364.709,1000.000
1365.710,1000.000
1366.711,1000.000
1367.712,1000.000
1368.713,1000.000
1369.714,1000.000
1370.715,1000.000
1371.716,1000.000
1372.717,1000.000
1373.718,1000.000
1374.719,1000.000
1375.720,1000.000
1376.721,1000.000
1377.722,1000.000
1378.723,1000.000
1379.724,1000.000
1380.725,1000.000
1381.726,1000.000
1382.727,1000.000
1383.728,1000.000
1384.729,1000.000
1385.729,1000.000
1386.730,1000.000
1387.731,1000.000
1388.732,1000.000
1389.733,1000.000
1390.734,1000.000
1391.735,1000.000
1392.736,1000.000
1393.737,1000.000
1394.738,1000.000
1395.739,1000.000
1396.740,1000.000
1397.741,1000.000
1398.742,1000.000
1399.743,1000.000
1400.744,1000.000
1401.745,1000.000
1402.746,1000.000
1403.747,1000.000
1404.748,1000.000
1405.749,1000.000
1406.750,1000.000
1407.751,1000.000
1408.752,1000.000
1409.753,1000.000
1410.754,1000.000
1411.755,1000.000
1412.756,1000.000
1413.757,1000.000
1414.758,1000.000
1415.759,1000.000
1416.760,1000.000
1417.761,1000.000
1418.762,1000.000
1419.763,1000.000
1420.764,1000.000
1421.765,1000.000
1422.766,1000.000
1423.767,1000.000
1424.768,1000.000
1425.769,1000.000
1426.770,1000.000
1427.771,1000.000
1428.771,1000.000
1429.772,1000.000
1430.773,1000.000
1431.774,1000.000
1432.775,1000.000
1433.776,1000.000
1434.777,1000.000
1435.778,1000.000
1436.779,1000.000
1437.780,1000.000
1438.781,1000.000
1439.782,1000.000
1440.783,1000.000
1441.784,1000.000
1442.785,1000.000
1443.786,1000.000
1444.787,1000.000
1445.788,1000.000
1446.789,1000.000
1447.790,1000.000
1448.791,1000.000
1449.792,1000.000
1450.793,1000.000
1451.794,1000.000
1452.795,1000.000
1453.796,1000.000
1454.797,1000.000
1455.798,1000.000
1456.799,1000.000
1457.800,1000.000
1458.801,1000.000
1459.802,1000.000
1460.803,1000.000
1461.804,1000.000
1462.805,1000.000
1463.806,1000.000
1464.807,1000.000
1465.808,1000.000
1466.809,1000.000
1467.810,1000.000
1468.811,1000.000
1469.812,1000.000
1470.813,1000.000
1471.813,1000.000
1472.814,1000.000
1473.815,1000.000
1474.816,1000.000
1475.817,1000.000
1476.818,1000.000
1477.819,1000.000
1478.820,1000.000
1479.821,1000.000
1480.822,1000.000
1481.823,1000.000
1482.824,1000.000
1483.825,1000.000
1484.826,1000.000
1485.827,1000.000
1486.828,1000.000
1487.829,1000.000
1488.830,1000.000
1489.831,1000.000
1490.832,1000.000
1491.833,1000.000
1492.834,1000.000
1493.835,1000.000
1494.836,1000.000
1495.837,1000.000
1496.838,1000.000
1497.839,1000.000
1498.840,1000.000
1499.841,1000.000
1500.842,1000.000
1501.843,1000.000
1502.844,1000.000
1503.845,1000.000
1504.846,1000.000
1505.847,1000.000
1506.848,1000.000
1507.849,1000.000
1508.850,1000.000
1509.851,1000.000
1510.852,1000.000
1511.853,1000.000
1512.854,1000.000
1513.854,1000.000
1514.855,1000.000
1515.856,1000.000
1516.857,1000.000
1517.858,1000.000
1518.859,1000.000
1519.860,1000.000
1520.861,1000.000
1521.862,1000.000
1522.863,1000.000
1523.864,1000.000
1524.865,1000.000
1525.866,1000.000
1526.867,1000.000
1527.868,1000.000
1528.869,1000.000
1529.870,1000.000
1530.871,1000.000
1531.872,1000.000
1532.873,1000.000
1533.874,1000.000
1534.875,1000.000
1535.876,1000.000
1536.877,1000.000
1537.878,1000.000
1538.879,1000.000
1539.880,1000.000
1540.881,1000.000
1541.882,1000.000
1542.883,1000.000
1543.884,1000.000
1544.885,1000.000
1545.886,1000.000
1546.887,1000.000
1547.888,1000.000
1548.889,1000.000
1549.890,1000.000
1550.891,1000.000
1551.892,1000.000
1552.893,1000.000
1553.894,1000.000
1554.895,1000.000
1555.896,1000.000
1556.896,1000.000
1557.897,1000.000
1558.898,1000.000
1559.899,1000.000
1560.900,1000.000
1561.901,1000.000
1562.902,1000.000
1563.903,1000.000
1564.904,1000.000
1565.905,1000.000
1566.906,1000.000
1567.907,1000.000
1568.908,1000.000
1569.909,1000.000
1570.910,1000.000
1571.911,1000.000
1572.912,1000.000
1573.913,1000.000
1574.914,1000.000
1575.915,1000.000
1576.916,1000.000
1577.917,1000.000
1578.918,1000.000
1579.919,1000.000
1580.920,1000.000
1581.921,1000.000
1582.922,1000.000
1583.923,1000.000
1584.924,1000.000
1585.925,1000.000
1586.926,1000.000
1587.927,1000.000
1588.928,1000.000
1589.929,1000.000
1590.930,1000.000
1591.931,1000.000
1592.932,1000.000
1593.933,1000.000
1594.934,1000.000
1595.935,1000.000
1596.936,1000.000
1597.937,1000.000
1598.938,1000.000
1599.938,1000.000
1600.939,1000.000
1601.940,1000.000
1602.941,1000.000
1603.942,1000.000
1604.943,1000.000
1605.944,1000.000
1606.945,1000.000
1607.946,1000.000
1608.947,1000.000
1609.948,1000.000
1610.949,1000.000
1611.950,1000.000
1612.951,1000.000
1613.952,1000.000
1614.953,1000.000
1615.954,1000.000
1616.955,1000.000
1617.956,1000.000
1618.957,1000.000
1619.958,1000.000
1620.959,1000.000
1621.960,1000.000
1622.961,1000.000
1623.962,1000.000
1624.963,1000.000
1625.964,1000.000
1626.965,1000.000
1627.966,1000.000
1628.967,1000.000
1629.968,1000.000
1630.969,1000.000
1631.970,1000.000
1632.971,1000.000
1633.972,1000.000
1634.973,1000.000
1635.974,1000.000
1636.975,1000.000
1637.976,1000.000
1638.977,1000.000
1639.978,1000.000
1640.979,1000.000
1641.979,1000.000
1642.980,1000.000
1643.981,1000.000
1644.982,1000.000
1645.983,1000.000
1646.984,1000.000
1647.985,1000.000
1648.986,1000.000
1649.987,1000.000
1650.988,1000.000
1651.989,1000.000
1652.990,1000.000
1653.991,1000.000
1654.992,1000.000
1655.993,1000.000
1656.994,1000.000
1657.995,1000.000
1658.996,1000.000
1659.997,1000.000
1660.998,1000.000
1661.999,1000.000
1663.000,1000.000
1664.001,1000.000
1665.002,1000.000
1666.003,1000.000
1667.004,1000.000
1668.005,1000.000
1669.006,1000.000
1670.007,1000.000
1671.008,1000.000
1672.009,1000.000
1673.010,1000.000
1674.011,1000.000
1675.012,1000.000
1676.013,1000.000
1677.014,1000.000
1678.015,1000.000
1679.016,1000.000
1680.017,1000.000
1681.018,1000.000
1682.019,1000.000
1683.020,1000.000
1684.021,1000.000
1685.021,1000.000
1686.022,1000.000
1687.023,1000.000
1688.024,1000.000
1689.025,1000.000
1690.026,1000.000
1691.027,1000.000
1692.028,1000.000
1693.029,1000.000
1694.030,1000.000
1695.031,1000.000
1696.032,1000.000
1697.033,1000.000
1698.034,1000.000
1699.035,1000.000
1700.036,1000.000
1701.037,1000.000
1702.038,1000.000
1703.039,1000.000
1704.040,1000.000
1705.041,1000.000
1706.042,1000.000
1707.043,1000.000
1708.044,1000.000
1709.045,1000.000
1710.046,1000.000
1711.047,1000.000
1712.048,1000.000
1713.049,1000.000
1714.050,1000.000
1715.051,1000.000
1716.052,1000.000
1717.053,1000.000
1718.054,1000.000
1719.055,1000.000
1720.056,1000.000
1721.057,1000.000
1722.058,1000.000
1723.059,1000.000
1724.060,1000.000
1725.061,1000.000
1726.062,1000.000
1727.063,1000.000
1728.063,1000.000
1729.064,1000.000
1730.065,1000.000
1731.066,1000.000
1732.067,1000.000
1733.068,1000.000
1734.069,1000.000
1735.070,1000.000
1736.071,1000.000
1737.072,1000.000
1738.073,1000.000
1739.074,1000.000
1740.075,1000.000
1741.076,1000.000
1742.077,1000.000
1743.078,1000.000
1744.079,1000.000
1745.080,1000.000
1746.081,1000.000
1747.082,1000.000
1748.083,1000.000
1749.084,1000.000
1750.085,1000.000
1751.086,1000.000
1752.087,1000.000
1753.088,1000.000
1754.089,1000.000
1755.090,1000.000
1756.091,1000.000
1757.092,1000.000
1758.093,1000.000
1759.094,1000.000
1760.095,1000.000
1761.096,1000.000
1762.097,1000.000
1763.098,1000.000
1764.099,1000.000
1765.100,1000.000
1766.101,1000.000
1767.102,1000.000
1768.103,1000.000
1769.104,1000.000
1770.104,1000.000
1771.105,1000.000
1772.106,1000.000
1773.107,1000.000
1774.108,1000.000
1775.109,1000.000
1776.110,1000.000
1777.111,1000.000
1778.112,1000.000
1779.113,1000.000
1780.114,1000.000
1781.115,1000.000
1782.116,1000.000
1783.117,1000.000
1784.118,1000.000
1785.119,1000.000
1786.120,1000.000
1787.121,1000.000
1788.122,1000.000
1789.123,1000.000
1790.124,1000.000
1791.125,1000.000
1792.126,1000.000
1793.127,1000.000
1794.128,1000.000
1795.129,1000.000
1796.130,1000.000
1797.131,1000.000
1798.132,1000.000
1799.133,1000.000
1800.134,1000.000
1801.135,1000.000
1802.136,1000.000
1803.137,1000.000
1804.138,1000.000
1805.139,1000.000
1806.140,1000.000
1807.141,1000.000
1808.142,1000.000
1809.143,1000.000
1810.144,1000.000
1811.145,1000.000
1812.146,1000.000
1813.146,1000.000
1814.147,1000.000
1815.148,1000.000
1816.149,1000.000
1817.150,1000.000
1818.151,1000.000
1819.152,1000.000
1820.153,1000.000
1821.154,1000.000
1822.155,1000.000
1823.156,1000.000
1824.157,1000.000
1825.158,1000.000
1826.159,1000.000
1827.160,1000.000
1828.161,1000.000
1829.162,1000.000
1830.163,1000.000
1831.164,1000.000
1832.165,1000.000
1833.166,1000.000
1834.167,1000.000
1835.168,1000.000
1836.169,1000.000
1837.170,1000.000
1838.171,1000.000
1839.172,1000.000
1840.173,1000.000
1841.174,1000.000
1842.175,1000.000
1843.176,1000.000
1844.177,1000.000
1845.178,1000.000
1846.179,1000.000
1847.180,1000.000
1848.181,1000.000
1849.182,1000.000
1850.183,1000.000
1851.184,1000.000
1852.185,1000.000
1853.186,1000.000
1854.187,1000.000
1855.188,1000.000
1856.188,1000.000
1857.189,1000.000
1858.190,1000.000
1859.191,1000.000
1860.192,1000.000
1861.193,1000.000
1862.194,1000.000
1863.195,1000.000
1864.196,1000.000
1865.197,1000.000
1866.198,1000.000
1867.199,1000.000
1868.200,1000.000
1869.201,1000.000
1870.202,1000.000
1871.203,1000.000
1872.204,1000.000
1873.205,1000.000
1874.206,1000.000
1875.207,1000.000
1876.208,1000.000
1877.209,1000.000
1878.210,1000.000
1879.211,1000.000
1880.212,1000.000
1881.213,1000.000
1882.214,1000.000
1883.215,1000.000
1884.216,1000.000
1885.217,1000.000
1886.218,1000.000
1887.219,1000.000
1888.220,1000.000
1889.221,1000.000
1890.222,1000.000
1891.223,1000.000
1892.224,1000.000
1893.225,1000.000
1894.226,1000.000
1895.227,1000.000
1896.228,1000.000
1897.229,1000.000
1898.229,1000.000
1899.230,1000.000
1900.231,1000.000
1901.232,1000.000
1902.233,1000.000
1903.234,1000.000
1904.235,1000.000
1905.236,1000.000
1906.237,1000.000
1907.238,1000.000
1908.239,1000.000
1909.240,1000.000
1910.241,1000.000
1911.242,1000.000
1912.243,1000.000
1913.244,1000.000
1914.245,1000.000
1915.246,1000.000
1916.247,1000.000
1917.248,1000.000
1918.249,1000.000
1919.250,1000.000
1920.251,1000.000
1921.252,1000.000
1922.253,1000.000
1923.254,1000.000
1924.255,1000.000
1925.256,1000.000
1926.257,1000.000
1927.258,1000.000
1928.259,1000.000
1929.260,1000.000
1930.261,1000.000
1931.262,1000.000
1932.263,1000.000
1933.264,1000.000
1934.265,1000.000
1935.266,1000.000
1936.267,1000.000
1937.268,1000.000
1938.269,1000.000
1939.270,1000.000
1940.271,1000.000
1941.271,1000.000
1942.272,1000.000
1943.273,1000.000
1944.274,1000.000
1945.275,1000.000
1946.276,1000.000
1947.277,1000.000
1948.278,1000.000
1949.279,1000.000
1950.280,1000.000
1951.281,1000.000
1952.282,1000.000
1953.283,1000.000
1954.284,1000.000
1955.285,1000.000
1956.286,1000.000
1957.287,1000.000
1958.288,1000.000
1959.289,1000.000
1960.290,1000.000
1961.291,1000.000
1962.292,1000.000
1963.293,1000.000
1964.294,1000.000
1965.295,1000.000
1966.296,1000.000
1967.297,1000.000
1968.298,1000.000
1969.299,1000.000
1970.300,1000.000
1971.301,1000.000
1972.302,1000.000
1973.303,1000.000
1974.304,1000.000
1975.305,1000.000
1976.306,1000.000
1977.307,1000.000
1978.308,1000.000
1979.309,1000.000
1980.310,1000.000
1981.311,1000.000
1982.312,1000.000
1983.313,1000.000
1984.313,1000.000
1985.314,1000.000
1986.315,1000.000
1987.316,1000.000
1988.317,1000.000
1989.318,1000.000
1990.319,1000.000
1991.320,1000.000
1992.321,1000.000
1993.322,1000.000
1994.323,1000.000
1995.324,1000.000
1996.325,1000.000
1997.326,1000.000
1998.327,1000.000
1999.328,1000.000
2000.329,1000.000
2001.330,1000.000
2002.331,1000.000
2003.332,1000.000
2004.333,1000.000
2005.334,1000.000
2006.335,1000.000
2007.336,1000.000
2008.337,1000.000
2009.338,1000.000
2010.339,1000.000
2011.340,1000.000
2012.341,1000.000
2013.342,1000.000
2014.343,1000.000
2015.344,1000.000
2016.345,1000.000
2017.346,1000.000
2018.347,1000.000
2019.348,1000.000
2020.349,1000.000
2021.350,1000.000
2022.351,1000.000
2023.352,1000.000
2024.353,1000.000
2025.354,1000.000
2026.354,1000.000
2027.355,1000.000
2028.356,1000.000
2029.357,1000.000
2030.358,1000.000
2031.359,1000.000
2032.360,1000.000
2033.361,1000.000
2034.362,1000.000
2035.363,1000.000
2036.364,1000.000
2037.365,1000.000
2038.366,1000.000
2039.367,1000.000
2040.368,1000.000
2041.369,1000.000
2042.370,1000.000
2043.371,1000.000
2044.372,1000.000
2045.373,1000.000
2046.374,1000.000
2047.375,1000.000
2048.376,1000.000
2049.377,1000.000
2050.378,1000.000
2051.379,1000.000
2052.380,1000.000
2053.381,1000.000
2054.382,1000.000
2055.383,1000.000
2056.384,1000.000
2057.385,1000.000
2058.386,1000.000
2059.387,1000.000
2060.388,1000.000
2061.389,1000.000
2062.390,1000.000
2063.391,1000.000
2064.392,1000.000
2065.393,1000.000
2066.394,1000.000
2067.395,1000.000
2068.396,1000.000
2069.396,1000.000
2070.397,1000.000
2071.398,1000.000
2072.399,1000.000
2073.400,1000.000
2074.401,1000.000
2075.402,1000.000
2076.403,1000.000
2077.404,1000.000
2078.405,1000.000
2079.406,1000.000
2080.407,1000.000
2081.408,1000.000
2082.409,1000.000
2083.410,1000.000
2084.411,1000.000
2085.412,1000.000
2086.413,1000.000
2087.414,1000.000
2088.415,1000.000
2089.416,1000.000
2090.417,1000.000
2091.418,1000.000
2092.419,1000.000
2093.420,1000.000
2094.421,1000.000
2095.422,1000.000
2096.423,1000.000
2097.424,1000.000
2098.425,1000.000
2099.426,1000.000
2100.427,1000.000
2101.428,1000.000
2102.429,1000.000
2103.430,1000.000
2104.431,1000.000
2105.432,1000.000
2106.433,1000.000
2107.434,1000.000
2108.435,1000.000
2109.436,1000.000
2110.437,1000.000
2111.438,1000.000
2112.438,1000.000
2113.439,1000.000
2114.440,1000.000
2115.441,1000.000
2116.442,1000.000
2117.443,1000.000
2118.444,1000.000
2119.445,1000.000
2120.446,1000.000
2121.447,1000.000
2122.448,1000.000
2123.449,1000.000
2124.450,1000.000
2125.451,1000.000
2126.452,1000.000
2127.453,1000.000
2128.454,1000.000
2129.455,1000.000
2130.456,1000.000
2131.457,1000.000
2132.458,1000.000
2133.459,1000.000
2134.460,1000.000
2135.461,1000.000
2136.462,1000.000
2137.463,1000.000
2138.464,1000.000
2139.465,1000.000
2140.466,1000.000
2141.467,1000.000
2142.468,1000.000
2143.469,1000.000
2144.470,1000.000
2145.471,1000.000
2146.472,1000.000
2147.473,1000.000
2148.474,1000.000
2149.475,1000.000
2150.476,1000.000
2151.477,1000.000
2152.478,1000.000
2153.479,1000.000
2154.479,1000.000
2155.480,1000.000
2156.481,1000.000
2157.482,1000.000
2158.483,1000.000
2159.484,1000.000
2160.485,1000.000
2161.486,1000.000
2162.487,1000.000
2163.488,1000.000
2164.489,1000.000
2165.490,1000.000
2166.491,1000.000
2167.492,1000.000
2168.493,1000.000
2169.494,1000.000
2170.495,1000.000
2171.496,1000.000
2172.497,1000.000
2173.498,1000.000
2174.499,1000.000
2175.500,1000.000
2176.501,1000.000
2177.502,1000.000
2178.503,1000.000
2179.504,1000.000
2180.505,1000.000
2181.506,1000.000
2182.507,1000.000
2183.508,1000.000
2184.509,1000.000
2185.510,1000.000
2186.511,1000.000
2187.512,1000.000
2188.513,1000.000
2189.514,1000.000
2190.515,1000.000
2191.516,1000.000
2192.517,1000.000
2193.518,1000.000
2194.519,1000.000
2195.520,1000.000
2196.521,1000.000
2197.521,1000.000
2198.522,1000.000
2199.523,1000.000
2200.524,1000.000
2201.525,1000.000
2202.526,1000.000
2203.527,1000.000
2204.528,1000.000
2205.529,1000.000
2206.530,1000.000
2207.531,1000.000
2208.532,1000.000
2209.533,1000.000
2210.534,1000.000
2211.535,1000.000
2212.536,1000.000
2213.537,1000.000
2214.538,1000.000
2215.539,1000.000
2216.540,1000.000
2217.541,1000.000
2218.542,1000.000
2219.543,1000.000
2220.544,1000.000
2221.545,1000.000
2222.546,1000.000
2223.547,1000.000
2224.548,1000.000
2225.549,1000.000
2226.550,1000.000
2227.551,1000.000
2228.552,1000.000
2229.553,1000.000
2230.554,1000.000
2231.555,1000.000
2232.556,1000.000
2233.557,1000.000
2234.558,1000.000
2235.559,1000.000
2236.560,1000.000
2237.561,1000.000
2238.562,1000.000
2239.563,1000.000
2240.563,1000.000
2241.564,1000.000
2242.565,1000.000
2243.566,1000.000
2244.567,1000.000
2245.568,1000.000
2246.569,1000.000
2247.570,1000.000
2248.571,1000.000
2249.572,1000.000
2250.573,1000.000
2251.574,1000.000
2252.575,1000.000
2253.576,1000.000
2254.577,1000.000
2255.578,1000.000
2256.579,1000.000
2257.580,1000.000
2258.581,1000.000
2259.582,1000.000
2260.583,1000.000
2261.584,1000.000
2262.585,1000.000
2263.586,1000.000
2264.587,1000.000
2265.588,1000.000
2266.589,1000.000
2267.590,1000.000
2268.591,1000.000
2269.592,1000.000
2270.593,1000.000
2271.594,1000.000
2272.595,1000.000
2273.596,1000.000
2274.597,1000.000
2275.598,1000.000
2276.599,1000.000
2277.600,1000.000
2278.601,1000.000
2279.602,1000.000
2280.603,1000.000
2281.604,1000.000
2282.604,1000.000
2283.605,1000.000
2284.606,1000.000
2285.607,1000.000
2286.608,1000.000
2287.609,1000.000
2288.610,1000.000
2289.611,1000.000
2290.612,1000.000
2291.613,1000.000
2292.614,1000.000
2293.615,1000.000
2294.616,1000.000
2295.617,1000.000
2296.618,1000.000
2297.619,1000.000
2298.620,1000.000
2299.621,1000.000
2300.622,1000.000
2301.623,1000.000
2302.624,1000.000
2303.625,1000.000
2304.626,1000.000
2305.627,1000.000
2306.628,1000.000
2307.629,1000.000
2308.630,1000.000
2309.631,1000.000
2310.632,1000.000
2311.633,1000.000
2312.634,1000.000
2313.635,1000.000
2314.636,1000.000
2315.637,1000.000
2316.638,1000.000
2317.639,1000.000
2318.640,1000.000
2319.641,1000.000
2320.642,1000.000
2321.643,1000.000
2322.644,1000.000
2323.645,1000.000
2324.646,1000.000
2325.646,1000.000
2326.647,1000.000
2327.648,1000.000
2328.649,1000.000
2329.650,1000.000
2330.651,1000.000
2331.652,1000.000
2332.653,1000.000
2333.654,1000.000
2334.655,1000.000
2335.656,1000.000
2336.657,1000.000
2337.658,1000.000
2338.659,1000.000
2339.660,1000.000
2340.661,1000.000
2341.662,1000.000
2342.663,1000.000
2343.664,1000.000
2344.665,1000.000
2345.666,1000.000
2346.667,1000.000
2347.668,1000.000
2348.669,1000.000
2349.670,1000.000
2350.671,1000.000
2351.672,1000.000
2352.673,1000.000
2353.674,1000.000
2354.675,1000.000
2355.676,1000.000
2356.677,1000.000
2357.678,1000.000
2358.679,1000.000
2359.680,1000.000
2360.681,1000.000
2361.682,1000.000
2362.683,1000.000
2363.684,1000.000
2364.685,1000.000
2365.686,1000.000
2366.687,1000.000
2367.688,1000.000
2368.688,1000.000
2369.689,1000.000
2370.690,1000.000
2371.691,1000.000
2372.692,1000.000
2373.693,1000.000
2374.694,1000.000
2375.695,1000.000
2376.696,1000.000
2377.697,1000.000
2378.698,1000.000
2379.699,1000.000
2380.700,1000.000
2381.701,1000.000
2382.702,1000.000
2383.703,1000.000
2384.704,1000.000
2385.705,1000.000
2386.706,1000.000
2387.707,1000.000
2388.708,1000.000
2389.709,1000.000
2390.710,1000.000
2391.711,1000.000
2392.712,1000.000
2393.713,1000.000
2394.714,1000.000
2395.715,1000.000
2396.716,1000.000
2397.717,1000.000
2398.718,1000.000
2399.719,1000.000
2400.720,1000.000
2401.721,1000.000
2402.722,1000.000
2403.723,1000.000
2404.724,1000.000
2405.725,1000.000
2406.726,1000.000
2407.727,1000.000
2408.728,1000.000
2409.729,1000.000
2410.729,1000.000
2411.730,1000.000
2412.731,1000.000
2413.732,1000.000
2414.733,1000.000
2415.734,1000.000
2416.735,1000.000
2417.736,1000.000
2418.737,1000.000
2419.738,1000.000
2420.739,1000.000
2421.740,1000.000
2422.741,1000.000
2423.742,1000.000
2424.743,1000.000
2425.744,1000.000
2426.745,1000.000
2427.746,1000.000
2428.747,1000.000
2429.748,1000.000
2430.749,1000.000
2431.750,1000.000
2432.751,1000.000
2433.752,1000.000
2434.753,1000.000
2435.754,1000.000
2436.755,1000.000
2437.756,1000.000
2438.757,1000.000
2439.758,1000.000
2440.759,1000.000
2441.760,1000.000
2442.761,1000.000
2443.762,1000.000
2444.763,1000.000
2445.764,1000.000
2446.765,1000.000
2447.766,1000.000
2448.767,1000.000
2449.768,1000.000
2450.769,1000.000
2451.770,1000.000
2452.771,1000.000
2453.771,1000.000
2454.772,1000.000
2455.773,1000.000
2456.774,1000.000
2457.775,1000.000
2458.776,1000.000
2459.777,1000.000
2460.778,1000.000
2461.779,1000.000
2462.780,1000.000
2463.781,1000.000
2464.782,1000.000
2465.783,1000.000
2466.784,1000.000
2467.785,1000.000
2468.786,1000.000
2469.787,1000.000
2470.788,1000.000
2471.789,1000.000
2472.790,1000.000
2473.791,1000.000
2474.792,1000.000
2475.793,1000.000
2476.794,1000.000
2477.795,1000.000
2478.796,1000.000
2479.797,1000.000
2480.798,1000.000
2481.799,1000.000
2482.800,1000.000
2483.801,1000.000
2484.802,1000.000
2485.803,1000.000
2486.804,1000.000
2487.805,1000.000
2488.806,1000.000
2489.807,1000.000
2490.808,1000.000
2491.809,1000.000
2492.810,1000.000
2493.811,1000.000
2494.812,1000.000
2495.813,1000.000
2496.813,1000.000
2497.814,1000.000
2498.815,1000.000
2499.816,1000.000
2500.817,1000.000
2501.818,1000.000
2502.819,1000.000
2503.820,1000.000
2504.821,1000.000
2505.822,1000.000
2506.823,1000.000
2507.824,1000.000
2508.825,1000.000
2509.826,1000.000
2510.827,1000.000
2511.828,1000.000
2512.829,1000.000
2513.830,1000.000
2514.831,1000.000
2515.832,1000.000
2516.833,1000.000
2517.834,1000.000
2518.835,1000.000
2519.836,1000.000
2520.837,1000.000
2521.838,1000.000
2522.839,1000.000
2523.840,1000.000
2524.841,1000.000
2525.842,1000.000
2526.843,1000.000
2527.844,1000.000
2528.845,1000.000
2529.846,1000.000
2530.847,1000.000
2531.848,1000.000
2532.849,1000.000
2533.850,1000.000
2534.851,1000.000
2535.852,1000.000
2536.853,1000.000
2537.854,1000.000
2538.854,1000.000
2539.855,1000.000
2540.856,1000.000
2541.857,1000.000
2542.858,1000.000
2543.859,1000.000
2544.860,1000.000
2545.861,1000.000
2546.862,1000.000
2547.863,1000.000
2548.864,1000.000
2549.865,1000.000
2550.866,1000.000
2551.867,1000.000
2552.868,1000.000
2553.869,1000.000
2554.870,1000.000
2555.871,1000.000
2556.872,1000.000
2557.873,1000.000
2558.874,1000.000
2559.875,1000.000
2560.876,1000.000
2561.877,1000.000
2562.878,1000.000
2563.879,1000.000
2564.880,1000.000
2565.881,1000.000
2566.882,1000.000
2567.883,1000.000
2568.884,1000.000
2569.885,1000.000
2570.886,1000.000
2571.887,1000.000
2572.888,1000.000
2573.889,1000.000
2574.890,1000.000
2575.891,1000.000
2576.892,1000.000
2577.893,1000.000
2578.894,1000.000
2579.895,1000.000
2580.896,1000.000
2581.896,1000.000
2582.897,1000.000
2583.898,1000.000
2584.899,1000.000
2585.900,1000.000
2586.901,1000.000
2587.902,1000.000
2588.903,1000.000
2589.904,1000.000
2590.905,1000.000
2591.906,1000.000
2592.907,1000.000
2593.908,1000.000
2594.909,1000.000
2595.910,1000.000
2596.911,1000.000
2597.912,1000.000
2598.913,1000.000
2599.914,1000.000
2600.915,1000.000
2601.916,1000.000
2602.917,1000.000
2603.918,1000.000
2604.919,1000.000
2605.920,1000.000
2606.921,1000.000
2607.922,1000.000
2608.923,1000.000
2609.924,1000.000
2610.925,1000.000
2611.926,1000.000
2612.927,1000.000
2613.928,1000.000
2614.929,1000.000
2615.930,1000.000
2616.931,1000.000
2617.932,1000.000
2618.933,1000.000
2619.934,1000.000
2620.935,1000.000
2621.936,1000.000
2622.937,1000.000
2623.938,1000.000
2624.938,1000.000
2625.939,1000.000
2626.940,1000.000
2627.941,1000.000
2628.942,1000.000
2629.943,1000.000
2630.944,1000.000
2631.945,1000.000
2632.946,1000.000
2633.947,1000.000
2634.948,1000.000
2635.949,1000.000
2636.950,1000.000
2637.951,1000.000
2638.952,1000.000
2639.953,1000.000
2640.954,1000.000
2641.955,1000.000
2642.956,1000.000
2643.957,1000.000
2644.958,1000.000
2645.959,1000.000
2646.960,1000.000
2647.961,1000.000
2648.962,1000.000
2649.963,1000.000
2650.964,1000.000
2651.965,1000.000
2652.966,1000.000
2653.967,1000.000
2654.968,1000.000
2655.969,1000.000
2656.970,1000.000
2657.971,1000.000
2658.972,1000.000
2659.973,1000.000
2660.974,1000.000
2661.975,1000.000
2662.976,1000.000
2663.977,1000.000
2664.978,1000.000
2665.979,1000.000
2666.979,1000.000
2667.980,1000.000
2668.981,1000.000
2669.982,1000.000
2670.983,1000.000
2671.984,1000.000
2672.985,1000.000
2673.986,1000.000
2674.987,1000.000
2675.988,1000.000
2676.989,1000.000
2677.990,1000.000
2678.991,1000.000
2679.992,1000.000
2680.993,1000.000
2681.994,1000.000
2682.995,1000.000
2683.996,1000.000
2684.997,1000.000
2685.998,1000.000
2686.999,1000.000
2688.000,1000.000
2689.001,1000.000
2690.002,1000.000
2691.003,1000.000
2692.004,1000.000
2693.005,1000.000
2694.006,1000.000
2695.007,1000.000
2696.008,1000.000
2697.009,1000.000
2698.010,1000.000
2699.011,1000.000
2700.012,1000.000
2701.013,1000.000
2702.014,1000.000
2703.015,1000.000
2704.016,1000.000
2705.017,1000.000
2706.018,1000.000
2707.019,1000.000
2708.020,1000.000
2709.021,1000.000
2710.021,1000.000
2711.022,1000.000
2712.023,1000.000
2713.024,1000.000
2714.025,1000.000
2715.026,1000.000
2716.027,1000.000
2717.028,1000.000
2718.029,1000.000
2719.030,1000.000
2720.031,1000.000
2721.032,1000.000
2722.033,1000.000
2723.034,1000.000
2724.035,1000.000
2725.036,1000.000
2726.037,1000.000
2727.038,1000.000
2728.039,1000.000
2729.040,1000.000
2730.041,1000.000
2731.042,1000.000
2732.043,1000.000
2733.044,1000.000
2734.045,1000.000
2735.046,1000.000
2736.047,1000.000
2737.048,1000.000
2738.049,1000.000
2739.050,1000.000
2740.051,1000.000
2741.052,1000.000
2742.053,1000.000
2743.054,1000.000
2744.055,1000.000
2745.056,1000.000
2746.057,1000.000
2747.058,1000.000
2748.059,1000.000
2749.060,1000.000
2750.061,1000.000
2751.062,1000.000
2752.063,1000.000
2753.063,1000.000
2754.064,1000.000
2755.065,1000.000
2756.066,1000.000
2757.067,1000.000
2758.068,1000.000
2759.069,1000.000
2760.070,1000.000
2761.071,1000.000
2762.072,1000.000
2763.073,1000.000
2764.074,1000.000
2765.075,1000.000
2766.076,1000.000
2767.077,1000.000
2768.078,1000.000
2769.079,1000.000
2770.080,1000.000
2771.081,1000.000
2772.082,1000.000
2773.083,1000.000
2774.084,1000.000
2775.085,1000.000
2776.086,1000.000
2777.087,1000.000
2778.088,1000.000
2779.089,1000.000
2780.090,1000.000
2781.091,1000.000
2782.092,1000.000
2783.093,1000.000
2784.094,1000.000
2785.095,1000.000
2786.096,1000.000
2787.097,1000.000
2788.098,1000.000
2789.099,1000.000
2790.100,1000.000
2791.101,1000.000
2792.102,1000.000
2793.103,1000.000
2794.104,1000.000
2795.104,1000.000
2796.105,1000.000
2797.106,1000.000
2798.107,1000.000
2799.108,1000.000
2800.109,1000.000
2801.110,1000.000
2802.111,1000.000
2803.112,1000.000
2804.113,1000.000
2805.114,1000.000
2806.115,1000.000
2807.116,1000.000
2808.117,1000.000
2809.118,1000.000
2810.119,1000.000
2811.120,1000.000
2812.121,1000.000
2813.122,1000.000
2814.123,1000.000
2815.124,1000.000
2816.125,1000.000
2817.126,1000.000
2818.127,1000.000
2819.128,1000.000
2820.129,1000.000
2821.130,1000.000
2822.131,1000.000
2823.132,1000.000
2824.133,1000.000
2825.134,1000.000
2826.135,1000.000
2827.136,1000.000
2828.137,1000.000
2829.138,1000.000
2830.139,1000.000
2831.140,1000.000
2832.141,1000.000
2833.142,1000.000
2834.143,1000.000
2835.144,1000.000
2836.145,1000.000
2837.146,1000.000
2838.146,1000.000
2839.147,1000.000
2840.148,1000.000
2841.149,1000.000
2842.150,1000.000
2843.151,1000.000
2844.152,1000.000
2845.153,1000.000
2846.154,1000.000
2847.155,1000.000
2848.156,1000.000
2849.157,1000.000
2850.158,1000.000
2851.159,1000.000
2852.160,1000.000
2853.161,1000.000
2854.162,1000.000
2855.163,1000.000
2856.164,1000.000
2857.165,1000.000
2858.166,1000.000
2859.167,1000.000
2860.168,1000.000
2861.169,1000.000
2862.170,1000.000
2863.171,1000.000
2864.172,1000.000
2865.173,1000.000
2866.174,1000.000
2867.175,1000.000
2868.176,1000.000
2869.177,1000.000
2870.178,1000.000
2871.179,1000.000
2872.180,1000.000
2873.181,1000.000
2874.182,1000.000
2875.183,1000.000
2876.184,1000.000
2877.185,1000.000
2878.186,1000.000
2879.187,1000.000
2880.188,1000.000
2881.188,1000.000
2882.189,1000.000
2883.190,1000.000
2884.191,1000.000
2885.192,1000.000
2886.193,1000.000
2887.194,1000.000
2888.195,1000.000
2889.196,1000.000
2890.197,1000.000
2891.198,1000.000
2892.199,1000.000
2893.200,1000.000
2894.201,1000.000
2895.202,1000.000
2896.203,1000.000
2897.204,1000.000
2898.205,1000.000
2899.206,1000.000
2900.207,1000.000
2901.208,1000.000
2902.209,1000.000
2903.210,1000.000
2904.211,1000.000
2905.212,1000.000
2906.213,1000.000
2907.214,1000.000
2908.215,1000.000
2909.216,1000.000
2910.217,1000.000
2911.218,1000.000
2912.219,1000.000
2913.220,1000.000
2914.221,1000.000
2915.222,1000.000
2916.223,1000.000
2917.224,1000.000
2918.225,1000.000
2919.226,1000.000
2920.227,1000.000
2921.228,1000.000
2922.229,1000.000
2923.229,1000.000
2924.230,1000.000
2925.231,1000.000
2926.232,1000.000
2927.233,1000.000
2928.234,1000.000
2929.235,1000.000
2930.236,1000.000
2931.237,1000.000
2932.238,1000.000
2933.239,1000.000
2934.240,1000.000
2935.241,1000.000
2936.242,1000.000
2937.243,1000.000
2938.244,1000.000
2939.245,1000.000
2940.246,1000.000
2941.247,1000.000
2942.248,1000.000
2943.249,1000.000
2944.250,1000.000
2945.251,1000.000
2946.252,1000.000
2947.253,1000.000
2948.254,1000.000
2949.255,1000.000
2950.256,1000.000
2951.257,1000.000
2952.258,1000.000
2953.259,1000.000
2954.260,1000.000
2955.261,1000.000
2956.262,1000.000
2957.263,1000.000
2958.264,1000.000
2959.265,1000.000
2960.266,1000.000
2961.267,1000.000
2962.268,1000.000
2963.269,1000.000
2964.270,1000.000
2965.271,1000.000
2966.271,1000.000
2967.272,1000.000
2968.273,1000.000
2969.274,1000.000
2970.275,1000.000
2971.276,1000.000
2972.277,1000.000
2973.278,1000.000
2974.279,1000.000
2975.280,1000.000
2976.281,1000.000
2977.282,1000.000
2978.283,1000.000
2979.284,1000.000
2980.285,1000.000
2981.286,1000.000
2982.287,1000.000
2983.288,1000.000
2984.289,1000.000
2985.290,1000.000
2986.291,1000.000
2987.292,1000.000
2988.293,1000.000
2989.294,1000.000
2990.295,1000.000
2991.296,1000.000
2992.297,1000.000
2993.298,1000.000
2994.299,1000.000
2995.300,1000.000
2996.301,1000.000
2997.302,1000.000
2998.303,1000.000
2999.304,1000.000
3000.305,1000.000
3001.306,1000.000
3002.307,1000.000
3003.308,1000.000
3004.309,1000.000
3005.310,1000.000
3006.311,1000.000
3007.312,1000.000
3008.313,1000.000
3009.313,1000.000
3010.314,1000.000
3011.315,1000.000
3012.316,1000.000
3013.317,1000.000
3014.318,1000.000
3015.319,1000.000
3016.320,1000.000
3017.321,1000.000
3018.322,1000.000
3019.323,1000.000
3020.324,1000.000
3021.325,1000.000
3022.326,1000.000
3023.327,1000.000
3024.328,1000.000
3025.329,1000.000
3026.330,1000.000
3027.331,1000.000
3028.332,1000.000
3029.333,1000.000
3030.334,1000.000
3031.335,1000.000
3032.336,1000.000
3033.337,1000.000
3034.338,1000.000
3035.339,1000.000
3036.340,1000.000
3037.341,1000.000
3038.342,1000.000
3039.343,1000.000
3040.344,1000.000
3041.345,1000.000
3042.346,1000.000
3043.347,1000.000
3044.348,1000.000
3045.349,1000.000
3046.350,1000.000
3047.351,1000.000
3048.352,1000.000
3049.353,1000.000
3050.354,1000.000
3051.354,1000.000
3052.355,1000.000
3053.356,1000.000
3054.357,1000.000
3055.358,1000.000
3056.359,1000.000
3057.360,1000.000
3058.361,1000.000
3059.362,1000.000
3060.363,1000.000
3061.364,1000.000
3062.365,1000.000
3063.366,1000.000
3064.367,1000.000
3065.368,1000.000
3066.369,1000.000
3067.370,1000.000
3068.371,1000.000
3069.372,1000.000
3070.373,1000.000
3071.374,1000.000
3072.375,1000.000
3073.376,1000.000
3074.377,1000.000
3075.378,1000.000
3076.379,1000.000
3077.380,1000.000
3078.381,1000.000
3079.382,1000.000
3080.383,1000.000
3081.384,1000.000
3082.385,1000.000
3083.386,1000.000
3084.387,1000.000
3085.388,1000.000
3086.389,1000.000
3087.390,1000.000
3088.391,1000.000
3089.392,1000.000
3090.393,1000.000
3091.394,1000.000
3092.395,1000.000
3093.396,1000.000
3094.396,1000.000
3095.397,1000.000
3096.398,1000.000
3097.399,1000.000
3098.400,1000.000
3099.401,1000.000
3100.402,1000.000
3101.403,1000.000
3102.404,1000.000
3103.405,1000.000
3104.406,1000.000
3105.407,1000.000
3106.408,1000.000
3107.409,1000.000
3108.410,1000.000
3109.411,1000.000
3110.412,1000.000
3111.413,1000.000
3112.414,1000.000
3113.415,1000.000
3114.416,1000.000
3115.417,1000.000
3116.418,1000.000
3117.419,1000.000
3118.420,1000.000
3119.421,1000.000
3120.422,1000.000
3121.423,1000.000
3122.424,1000.000
3123.425,1000.000
3124.426,1000.000
3125.427,1000.000
3126.428,1000.000
3127.429,1000.000
3128.430,1000.000
3129.431,1000.000
3130.432,1000.000
3131.433,1000.000
3132.434,1000.000
3133.435,1000.000
3134.436,1000.000
3135.437,1000.000
3136.438,1000.000
3137.438,1000.000
3138.439,1000.000
3139.440,1000.000
3140.441,1000.000
3141.442,1000.000
3142.443,1000.000
3143.444,1000.000
3144.445,1000.000
3145.446,1000.000
3146.447,1000.000
3147.448,1000.000
3148.449,1000.000
3149.450,1000.000
3150.451,1000.000
3151.452,1000.000
3152.453,1000.000
3153.454,1000.000
3154.455,1000.000
3155.456,1000.000
3156.457,1000.000
3157.458,1000.000
3158.459,1000.000
3159.460,1000.000
3160.461,1000.000
3161.462,1000.000
3162.463,1000.000
3163.464,1000.000
3164.465,1000.000
3165.466,1000.000
3166.467,1000.000
3167.468,1000.000
3168.469,1000.000
3169.470,1000.000
3170.471,1000.000
3171.472,1000.000
3172.473,1000.000
3173.474,1000.000
3174.475,1000.000
3175.476,1000.000
3176.477,1000.000
3177.478,1000.000
3178.479,1000.000
3179.479,1000.000
3180.480,1000.000
3181.481,1000.000
3182.482,1000.000
3183.483,1000.000
3184.484,1000.000
3185.485,1000.000
3186.486,1000.000
3187.487,1000.000
3188.488,1000.000
3189.489,1000.000
3190.490,1000.000
3191.491,1000.000
3192.492,1000.000
3193.493,1000.000
3194.494,1000.000
3195.495,1000.000
3196.496,1000.000
3197.497,1000.000
3198.498,1000.000
3199.499,1000.000
3200.500,1000.000
3201.501,1000.000
3202.502,1000.000
3203.503,1000.000
3204.504,1000.000
3205.505,1000.000
3206.506,1000.000
3207.507,1000.000
3208.508,1000.000
3209.509,1000.000
3210.510,1000.000
3211.511,1000.000
3212.512,1000.000
3213.513,1000.000
3214.514,1000.000
3215.515,1000.000
3216.516,1000.000
3217.517,1000.000
3218.518,1000.000
3219.519,1000.000
3220.520,1000.000
3221.521,1000.000
3222.521,1000.000
3223.522,1000.000
3224.523,1000.000
3225.524,1000.000
3226.525,1000.000
3227.526,1000.000
3228.527,1000.000
3229.528,1000.000
3230.529,1000.000
3231.530,1000.000
3232.531,1000.000
3233.532,1000.000
3234.533,1000.000
3235.534,1000.000
3236.535,1000.000
3237.536,1000.000
3238.537,1000.000
3239.538,1000.000
3240.539,1000.000
3241.540,1000.000
3242.541,1000.000
3243.542,1000.000
3244.543,1000.000
3245.544,1000.000
3246.545,1000.000
3247.546,1000.000
3248.547,1000.000
3249.548,1000.000
3250.549,1000.000
3251.550,1000.000
3252.551,1000.000
3253.552,1000.000
3254.553,1000.000
3255.554,1000.000
3256.555,1000.000
3257.556,1000.000
3258.557,1000.000
3259.558,1000.000
3260.559,1000.000
3261.560,1000.000
3262.561,1000.000
3263.562,1000.000
3264.563,1000.000
3265.563,1000.000
3266.564,1000.000
3267.565,1000.000
3268.566,1000.000
3269.567,1000.000
3270.568,1000.000
3271.569,1000.000
3272.570,1000.000
3273.571,1000.000
3274.572,1000.000
3275.573,1000.000
3276.574,1000.000
3277.575,1000.000
3278.576,1000.000
3279.577,1000.000
3280.578,1000.000
3281.579,1000.000
3282.580,1000.000
3283.581,1000.000
3284.582,1000.000
3285.583,1000.000
3286.584,1000.000
3287.585,1000.000
3288.586,1000.000
3289.587,1000.000
3290.588,1000.000
3291.589,1000.000
3292.590,1000.000
3293.591,1000.000
3294.592,1000.000
3295.593,1000.000
3296.594,1000.000
3297.595,1000.000
3298.596,1000.000
3299.597,1000.000
3300.598,1000.000
3301.599,1000.000
3302.600,1000.000
3303.601,1000.000
3304.602,1000.000
3305.603,1000.000
3306.604,1000.000
3307.604,1000.000
3308.605,1000.000
3309.606,1000.000
3310.607,1000.000
3311.608,1000.000
3312.609,1000.000
3313.610,1000.000
3314.611,1000.000
3315.612,1000.000
3316.613,1000.000
3317.614,1000.000
3318.615,1000.000
3319.616,1000.000
3320.617,1000.000
3321.618,1000.000
3322.619,1000.000
3323.620,1000.000
3324.621,1000.000
3325.622,1000.000
3326.623,1000.000
3327.624,1000.000
3328.625,1000.000
3329.626,1000.000
3330.627,1000.000
3331.628,1000.000
3332.629,1000.000
3333.630,1000.000
3334.631,1000.000
3335.632,1000.000
3336.633,1000.000
3337.634,1000.000
3338.635,1000.000
3339.636,1000.000
3340.637,1000.000
3341.638,1000.000
3342.639,1000.000
3343.640,1000.000
3344.641,1000.000
3345.642,1000.000
3346.643,1000.000
3347.644,1000.000
3348.645,1000.000
3349.646,1000.000
3350.646,1000.000
3351.647,1000.000
3352.648,1000.000
3353.649,1000.000
3354.650,1000.000
3355.651,1000.000
3356.652,1000.000
3357.653,1000.000
3358.654,1000.000
3359.655,1000.000
3360.656,1000.000
3361.657,1000.000
3362.658,1000.000
3363.659,1000.000
3364.660,1000.000
3365.661,1000.000
3366.662,1000.000
3367.663,1000.000
3368.664,1000.000
3369.665,1000.000
3370.666,1000.000
3371.667,1000.000
3372.668,1000.000
3373.669,1000.000
3374.670,1000.000
3375.671,1000.000
3376.672,1000.000
3377.673,1000.000
3378.674,1000.000
3379.675,1000.000
3380.676,1000.000
3381.677,1000.000
3382.678,1000.000
3383.679,1000.000
3384.680,1000.000
3385.681,1000.000
3386.682,1000.000
3387.683,1000.000
3388.684,1000.000
3389.685,1000.000
3390.686,1000.000
3391.687,1000.000
3392.688,1000.000
3393.688,1000.000
3394.689,1000.000
3395.690,1000.000
3396.691,1000.000
3397.692,1000.000
3398.693,1000.000
3399.694,1000.000
3400.695,1000.000
3401.696,1000.000
3402.697,1000.000
3403.698,1000.000
3404.699,1000.000
3405.700,1000.000
3406.701,1000.000
3407.702,1000.000
3408.703,1000.000
3409.704,1000.000
3410.705,1000.000
3411.706,1000.000
3412.707,1000.000
3413.708,1000.000
3414.709,1000.000
3415.710,1000.000
3416.711,1000.000
3417.712,1000.000
3418.713,1000.000
3419.714,1000.000
3420.715,1000.000
3421.716,1000.000
3422.717,1000.000
3423.718,1000.000
3424.719,1000.000
3425.720,1000.000
3426.721,1000.000
3427.722,1000.000
3428.723,1000.000
3429.724,1000.000
3430.725,1000.000
3431.726,1000.000
3432.727,1000.000
3433.728,1000.000
3434.729,1000.000
3435.729,1000.000
3436.730,1000.000
3437.731,1000.000
3438.732,1000.000
3439.733,1000.000
3440.734,1000.000
3441.735,1000.000
3442.736,1000.000
3443.737,1000.000
3444.738,1000.000
3445.739,1000.000
3446.740,1000.000
3447.741,1000.000
3448.742,1000.000
3449.743,1000.000
3450.744,1000.000
3451.745,1000.000
3452.746,1000.000
3453.747,1000.000
3454.748,1000.000
3455.749,1000.000
3456.750,1000.000
3457.751,1000.000
3458.752,1000.000
3459.753,1000.000
3460.754,1000.000
3461.755,1000.000
3462.756,1000.000
3463.757,1000.000
3464.758,1000.000
3465.759,1000.000
3466.760,1000.000
3467.761,1000.000
3468.762,1000.000
3469.763,1000.000
3470.764,1000.000
3471.765,1000.000
3472.766,1000.000
3473.767,1000.000
3474.768,1000.000
3475.769,1000.000
3476.770,1000.000
3477.771,1000.000
3478.771,1000.000
3479.772,1000.000
3480.773,1000.000
3481.774,1000.000
3482.775,1000.000
3483.776,1000.000
3484.777,1000.000
3485.778,1000.000
3486.779,1000.000
3487.780,1000.000
3488.781,1000.000
3489.782,1000.000
3490.783,1000.000
3491.784,1000.000
3492.785,1000.000
3493.786,1000.000
3494.787,1000.000
3495.788,1000.000
3496.789,1000.000
3497.790,1000.000
3498.791,1000.000
3499.792,1000.000
3500.793,1000.000
3501.794,1000.000
3502.795,1000.000
3503.796,1000.000
3504.797,1000.000
3505.798,1000.000
3506.799,1000.000
3507.800,1000.000
3508.801,1000.000
3509.802,1000.000
3510.803,1000.000
3511.804,1000.000
3512.805,1000.000
3513.806,1000.000
3514.807,1000.000
3515.808,1000.000
3516.809,1000.000
3517.810,1000.000
3518.811,1000.000
3519.812,1000.000
3520.813,1000.000
3521.813,1000.000
3522.814,1000.000
3523.815,1000.000
3524.816,1000.000
3525.817,1000.000
3526.818,1000.000
3527.819,1000.000
3528.820,1000.000
3529.821,1000.000
3530.822,1000.000
3531.823,1000.000
3532.824,1000.000
3533.825,1000.000
3534.826,1000.000
3535.827,1000.000
3536.828,1000.000
3537.829,1000.000
3538.830,1000.000
3539.831,1000.000
3540.832,1000.000
3541.833,1000.000
3542.834,1000.000
3543.835,1000.000
3544.836,1000.000
3545.837,1000.000
3546.838,1000.000
3547.839,1000.000
3548.840,1000.000
3549.841,1000.000
3550.842,1000.000
3551.843,1000.000
3552.844,1000.000
3553.845,1000.000
3554.846,1000.000
3555.847,1000.000
3556.848,1000.000
3557.849,1000.000
3558.850,1000.000
3559.851,1000.000
3560.852,1000.000
3561.853,1000.000
3562.854,1000.000
3563.854,1000.000
3564.855,1000.000
3565.856,1000.000
3566.857,1000.000
3567.858,1000.000
3568.859,1000.000
3569.860,1000.000
3570.861,1000.000
3571.862,1000.000
3572.863,1000.000
3573.864,1000.000
3574.865,1000.000
3575.866,1000.000
3576.867,1000.000
3577.868,1000.000
3578.869,1000.000
3579.870,1000.000
3580.871,1000.000
3581.872,1000.000
3582.873,1000.000
3583.874,1000.000
3584.875,1000.000
3585.876,1000.000
3586.877,1000.000
3587.878,1000.000
3588.879,1000.000
3589.880,1000.000
3590.881,1000.000
3591.882,1000.000
3592.883,1000.000
3593.884,1000.000
3594.885,1000.000
3595.886,1000.000
3596.887,1000.000
3597.888,1000.000
3598.889,1000.000
3599.890,1000.000
3600.891,1000.000
3601.892,1000.000
3602.893,1000.000
3603.894,1000.000
3604.895,1000.000
3605.896,1000.000
3606.896,1000.000
3607.897,1000.000
3608.898,1000.000
3609.899,1000.000
3610.900,1000.000
3611.901,1000.000
3612.902,1000.000
3613.903,1000.000
3614.904,1000.000
3615.905,1000.000
3616.906,1000.000
3617.907,1000.000
3618.908,1000.000
3619.909,1000.000
3620.910,1000.000
3621.911,1000.000
3622.912,1000.000
3623.913,1000.000
3624.914,1000.000
3625.915,1000.000
3626.916,1000.000
3627.917,1000.000
3628.918,1000.000
3629.919,1000.000
3630.920,1000.000
3631.921,1000.000
3632.922,1000.000
3633.923,1000.000
3634.924,1000.000
3635.925,1000.000
3636.926,1000.000
3637.927,1000.000
3638.928,1000.000
3639.929,1000.000
3640.930,1000.000
3641.931,1000.000
3642.932,1000.000
3643.933,1000.000
3644.934,1000.000
3645.935,1000.000
3646.936,1000.000
3647.937,1000.000
3648.938,1000.000
3649.938,1000.000
3650.939,1000.000
3651.940,1000.000
3652.941,1000.000
3653.942,1000.000
3654.943,1000.000
3655.944,1000.000
3656.945,1000.000
3657.946,1000.000
3658.947,1000.000
3659.948,1000.000
3660.949,1000.000
3661.950,1000.000
3662.951,1000.000
3663.952,1000.000
3664.953,1000.000
3665.954,1000.000
3666.955,1000.000
3667.956,1000.000
3668.957,1000.000
3669.958,1000.000
3670.959,1000.000
3671.960,1000.000
3672.961,1000.000
3673.962,1000.000
3674.963,1000.000
3675.964,1000.000
3676.965,1000.000
3677.966,1000.000
3678.967,1000.000
3679.968,1000.000
3680.969,1000.000
3681.970,1000.000
3682.971,1000.000
3683.972,1000.000
3684.973,1000.000
3685.974,1000.000
3686.975,1000.000
3687.976,1000.000
3688.977,1000.000
3689.978,1000.000
3690.979,1000.000
3691.979,1000.000
3692.980,1000.000
3693.981,1000.000
3694.982,1000.000
3695.983,1000.000
3696.984,1000.000
3697.985,1000.000
3698.986,1000.000
3699.987,1000.000
3700.988,1000.000
3701.989,1000.000
3702.990,1000.000
3703.991,1000.000
3704.992,1000.000
3705.993,1000.000
3706.994,1000.000
3707.995,1000.000
3708.996,1000.000
3709.997,1000.000
3710.998,1000.000
3711.999,1000.000
3713.000,1000.000
3714.001,1000.000
3715.002,1000.000
3716.003,1000.000
3717.004,1000.000
3718.005,1000.000
3719.006,1000.000
3720.007,1000.000
3721.008,1000.000
3722.009,1000.000
3723.010,1000.000
3724.011,1000.000
3725.012,1000.000
3726.013,1000.000
3727.014,1000.000
3728.015,1000.000
3729.016,1000.000
3730.017,1000.000
3731.018,1000.000
3732.019,1000.000
3733.020,1000.000
3734.021,1000.000
3735.021,1000.000
3736.022,1000.000
3737.023,1000.000
3738.024,1000.000
3739.025,1000.000
3740.026,1000.000
3741.027,1000.000
3742.028,1000.000
3743.029,1000.000
3744.030,1000.000
3745.031,1000.000
3746.032,1000.000
3747.033,1000.000
3748.034,1000.000
3749.035,1000.000
3750.036,1000.000
3751.037,1000.000
3752.038,1000.000
3753.039,1000.000
3754.040,1000.000
3755.041,1000.000
3756.042,1000.000
3757.043,1000.000
3758.044,1000.000
3759.045,1000.000
3760.046,1000.000
3761.047,1000.000
3762.048,1000.000
3763.049,1000.000
3764.050,1000.000
3765.051,1000.000
3766.052,1000.000
3767.053,1000.000
3768.054,1000.000
3769.055,1000.000
3770.056,1000.000
3771.057,1000.000
3772.058,1000.000
3773.059,1000.000
3774.060,1000.000
3775.061,1000.000
3776.062,1000.000
3777.063,1000.000
3778.063,1000.000
3779.064,1000.000
3780.065,1000.000
3781.066,1000.000
3782.067,1000.000
3783.068,1000.000
3784.069,1000.000
3785.070,1000.000
3786.071,1000.000
3787.072,1000.000
3788.073,1000.000
3789.074,1000.000
3790.075,1000.000
3791.076,1000.000
3792.077,1000.000
3793.078,1000.000
3794.079,1000.000
3795.080,1000.000
3796.081,1000.000
3797.082,1000.000
3798.083,1000.000
3799.084,1000.000
3800.085,1000.000
3801.086,1000.000
3802.087,1000.000
3803.088,1000.000
3804.089,1000.000
3805.090,1000.000
3806.091,1000.000
3807.092,1000.000
3808.093,1000.000
3809.094,1000.000
3810.095,1000.000
3811.096,1000.000
3812.097,1000.000
3813.098,1000.000
3814.099,1000.000
3815.100,1000.000
3816.101,1000.000
3817.102,1000.000
3818.103,1000.000
3819.104,1000.000
3820.104,1000.000
3821.105,1000.000
3822.106,1000.000
3823.107,1000.000
3824.108,1000.000
3825.109,1000.000
3826.110,1000.000
3827.111,1000.000
3828.112,1000.000
3829.113,1000.000
3830.114,1000.000
3831.115,1000.000
3832.116,1000.000
3833.117,1000.000
3834.118,1000.000
3835.119,1000.000
3836.120,1000.000
3837.121,1000.000
3838.122,1000.000
3839.123,1000.000
3840.124,1000.000
3841.125,1000.000
3842.126,1000.000
3843.127,1000.000
3844.128,1000.000
3845.129,1000.000
3846.130,1000.000
3847.131,1000.000
3848.132,1000.000
3849.133,1000.000
3850.134,1000.000
3851.135,1000.000
3852.136,1000.000
3853.137,1000.000
3854.138,1000.000
3855.139,1000.000
3856.140,1000.000
3857.141,1000.000
3858.142,1000.000
3859.143,1000.000
3860.144,1000.000
3861.145,1000.000
3862.146,1000.000
3863.146,1000.000
3864.147,1000.000
3865.148,1000.000
3866.149,1000.000
3867.150,1000.000
3868.151,1000.000
3869.152,1000.000
3870.153,1000.000
3871.154,1000.000
3872.155,1000.000
3873.156,1000.000
3874.157,1000.000
3875.158,1000.000
3876.159,1000.000
3877.160,1000.000
3878.161,1000.000
3879.162,1000.000
3880.163,1000.000
3881.164,1000.000
3882.165,1000.000
3883.166,1000.000
3884.167,1000.000
3885.168,1000.000
3886.169,1000.000
3887.170,1000.000
3888.171,1000.000
3889.172,1000.000
3890.173,1000.000
3891.174,1000.000
3892.175,1000.000
3893.176,1000.000
3894.177,1000.000
3895.178,1000.000
3896.179,1000.000
3897.180,1000.000
3898.181,1000.000
3899.182,1000.000
3900.183,1000.000
3901.184,1000.000
3902.185,1000.000
3903.186,1000.000
3904.187,1000.000
3905.188,1000.000
3906.188,1000.000
3907.189,1000.000
3908.190,1000.000
3909.191,1000.000
3910.192,1000.000
3911.193,1000.000
3912.194,1000.000
3913.195,1000.000
3914.196,1000.000
3915.197,1000.000
3916.198,1000.000
3917.199,1000.000
3918.200,1000.000
3919.201,1000.000
3920.202,1000.000
3921.203,1000.000
3922.204,1000.000
3923.205,1000.000
3924.206,1000.000
3925.207,1000.000
3926.208,1000.000
3927.209,1000.000
3928.210,1000.000
3929.211,1000.000
3930.212,1000.000
3931.213,1000.000
3932.214,1000.000
3933.215,1000.000
3934.216,1000.000
3935.217,1000.000
3936.218,1000.000
3937.219,1000.000
3938.220,1000.000
3939.221,1000.000
3940.222,1000.000
3941.223,1000.000
3942.224,1000.000
3943.225,1000.000
3944.226,1000.000
3945.227,1000.000
3946.228,1000.000
3947.229,1000.000
3948.229,1000.000
3949.230,1000.000
3950.231,1000.000
3951.232,1000.000
3952.233,1000.000
3953.234,1000.000
3954.235,1000.000
3955.236,1000.000
3956.237,1000.000
3957.238,1000.000
3958.239,1000.000
3959.240,1000.000
3960.241,1000.000
3961.242,1000.000
3962.243,1000.000
3963.244,1000.000
3964.245,1000.000
3965.246,1000.000
3966.247,1000.000
3967.248,1000.000
3968.249,1000.000
3969.250,1000.000
3970.251,1000.000
3971.252,1000.000
3972.253,1000.000
3973.254,1000.000
3974.255,1000.000
3975.256,1000.000
3976.257,1000.000
3977.258,1000.000
3978.259,1000.000
3979.260,1000.000
3980.261,1000.000
3981.262,1000.000
3982.263,1000.000
3983.264,1000.000
3984.265,1000.000
3985.266,1000.000
3986.267,1000.000
3987.268,1000.000
3988.269,1000.000
3989.270,1000.000
3990.271,1000.000
3991.271,1000.000
3992.272,1000.000
3993.273,1000.000
3994.274,1000.000
3995.275,1000.000
3996.276,1000.000
3997.277,1000.000
3998.278,1000.000
3999.279,1000.000
4000.280,1000.000
4001.281,1000.000
4002.282,1000.000
4003.283,1000.000
4004.284,1000.000
4005.285,1000.000
4006.286,1000.000
4007.287,1000.000
4008.288,1000.000
4009.289,1000.000
4010.290,1000.000
4011.291,1000.000
4012.292,1000.000
4013.293,1000.000
4014.294,1000.000
4015.295,1000.000
4016.296,1000.000
4017.297,1000.000
4018.298,1000.000
4019.299,1000.000
4020.300,1000.000
4021.301,1000.000
4022.302,1000.000
4023.303,1000.000
4024.304,1000.000
4025.305,1000.000
4026.306,1000.000
4027.307,1000.000
4028.308,1000.000
4029.309,1000.000
4030.310,1000.000
4031.311,1000.000
4032.312,1000.000
4033.313,1000.000
4034.313,1000.000
4035.314,1000.000
4036.315,1000.000
4037.316,1000.000
4038.317,1000.000
4039.318,1000.000
4040.319,1000.000
4041.320,1000.000
4042.321,1000.000
4043.322,1000.000
4044.323,1000.000
4045.324,1000.000
4046.325,1000.000
4047.326,1000.000
4048.327,1000.000
4049.328,1000.000
4050.329,1000.000
4051.330,1000.000
4052.331,1000.000
4053.332,1000.000
4054.333,1000.000
4055.334,1000.000
4056.335,1000.000
4057.336,1000.000
4058.337,1000.000
4059.338,1000.000
4060.339,1000.000
4061.340,1000.000
4062.341,1000.000
4063.342,1000.000
4064.343,1000.000
4065.344,1000.000
4066.345,1000.000
4067.346,1000.000
4068.347,1000.000
4069.348,1000.000
4070.349,1000.000
4071.350,1000.000
4072.351,1000.000
4073.352,1000.000
4074.353,1000.000
4075.354,1000.000
4076.354,1000.000
4077.355,1000.000
4078.356,1000.000
4079.357,1000.000
4080.358,1000.000
4081.359,1000.000
4082.360,1000.000
4083.361,1000.000
4084.362,1000.000
4085.363,1000.000
4086.364,1000.000
4087.365,1000.000
4088.366,1000.000
4089.367,1000.000
4090.368,1000.000
4091.369,1000.000
4092.370,1000.000
4093.371,1000.000
4094.372,1000.000
4095.373,1000.000
4096.374,1000.000
4097.375,1000.000
4098.376,1000.000
4099.377,1000.000
4100.378,1000.000
4101.379,1000.000
4102.380,1000.000
4103.381,1000.000
4104.382,1000.000
4105.383,1000.000
4106.384,1000.000
4107.385,1000.000
4108.386,1000.000
4109.387,1000.000
4110.388,1000.000
4111.389,1000.000
4112.390,1000.000
4113.391,1000.000
4114.392,1000.000
4115.393,1000.000
4116.394,1000.000
4117.395,1000.000
4118.396,1000.000
4119.396,1000.000
4120.397,1000.000
4121.398,1000.000
4122.399,1000.000
4123.400,1000.000
4124.401,1000.000
4125.402,1000.000
4126.403,1000.000
4127.404,1000.000
4128.405,1000.000
4129.406,1000.000
4130.407,1000.000
4131.408,1000.000
4132.409,1000.000
4133.410,1000.000
4134.411,1000.000
4135.412,1000.000
4136.413,1000.000
4137.414,1000.000
4138.415,1000.000
4139.416,1000.000
4140.417,1000.000
4141.418,1000.000
4142.419,1000.000
4143.420,1000.000
4144.421,1000.000
4145.422,1000.000
4146.423,1000.000
4147.424,1000.000
4148.425,1000.000
4149.426,1000.000
4150.427,1000.000
4151.428,1000.000
4152.429,1000.000
4153.430,1000.000
4154.431,1000.000
4155.432,1000.000
4156.433,1000.000
4157.434,1000.000
4158.435,1000.000
4159.436,1000.000
4160.437,1000.000
4161.438,1000.000
4162.438,1000.000
4163.439,1000.000
4164.440,1000.000
4165.441,1000.000
4166.442,1000.000
4167.443,1000.000
4168.444,1000.000
4169.445,1000.000
4170.446,1000.000
4171.447,1000.000
4172.448,1000.000
4173.449,1000.000
4174.450,1000.000
4175.451,1000.000
4176.452,1000.000
4177.453,1000.000
4178.454,1000.000
4179.455,1000.000
4180.456,1000.000
4181.457,1000.000
4182.458,1000.000
4183.459,1000.000
4184.460,1000.000
4185.461,1000.000
4186.462,1000.000
4187.463,1000.000
4188.464,1000.000
4189.465,1000.000
4190.466,1000.000
4191.467,1000.000
4192.468,1000.000
4193.469,1000.000
4194.470,1000.000
4195.471,1000.000
4196.472,1000.000
4197.473,1000.000
4198.474,1000.000
4199.475,1000.000
4200.476,1000.000
4201.477,1000.000
4202.478,1000.000
4203.479,1000.000
4204.479,1000.000
4205.480,1000.000
4206.481,1000.000
4207.482,1000.000
4208.483,1000.000
4209.484,1000.000
4210.485,1000.000
4211.486,1000.000
4212.487,1000.000
4213.488,1000.000
4214.489,1000.000
4215.490,1000.000
4216.491,1000.000
4217.492,1000.000
4218.493,1000.000
4219.494,1000.000
4220.495,1000.000
4221.496,1000.000
4222.497,1000.000
4223.498,1000.000
4224.499,1000.000
4225.500,1000.000
4226.501,1000.000
4227.502,1000.000
4228.503,1000.000
4229.504,1000.000
4230.505,1000.000
4231.506,1000.000
4232.507,1000.000
4233.508,1000.000
4234.509,1000.000
4235.510,1000.000
4236.511,1000.000
4237.512,1000.000
4238.513,1000.000
4239.514,1000.000
4240.515,1000.000
4241.516,1000.000
4242.517,1000.000
4243.518,1000.000
4244.519,1000.000
4245.520,1000.000
4246.521,1000.000
4247.521,1000.000
4248.522,1000.000
4249.523,1000.000
4250.524,1000.000
4251.525,1000.000
4252.526,1000.000
4253.527,1000.000
4254.528,1000.000
4255.529,1000.000
4256.530,1000.000
4257.531,1000.000
4258.532,1000.000
4259.533,1000.000
4260.534,1000.000
4261.535,1000.000
4262.536,1000.000
4263.537,1000.000
4264.538,1000.000
4265.539,1000.000
4266.540,1000.000
4267.541,1000.000
4268.542,1000.000
4269.543,1000.000
4270.544,1000.000
4271.545,1000.000
4272.546,1000.000
4273.547,1000.000
4274.548,1000.000
4275.549,1000.000
4276.550,1000.000
4277.551,1000.000
4278.552,1000.000
4279.553,1000.000
4280.554,1000.000
4281.555,1000.000
4282.556,1000.000
4283.557,1000.000
4284.558,1000.000
4285.559,1000.000
4286.560,1000.000
4287.561,1000.000
4288.562,1000.000
4289.563,1000.000
4290.563,1000.000
4291.564,1000.000
4292.565,1000.000
4293.566,1000.000
4294.567,1000.000
4295.568,1000.000
4296.569,1000.000
4297.570,1000.000
4298.571,1000.000
4299.572,1000.000
4300.573,1000.000
4301.574,1000.000
4302.575,1000.000
4303.576,1000.000
4304.577,1000.000
4305.578,1000.000
4306.579,1000.000
4307.580,1000.000
4308.581,1000.000
4309.582,1000.000
4310.583,1000.000
4311.584,1000.000
4312.585,1000.000
4313.586,1000.000
4314.587,1000.000
4315.588,1000.000
4316.589,1000.000
4317.590,1000.000
4318.591,1000.000
4319.592,1000.000
4320.593,1000.000
4321.594,1000.000
4322.595,1000.000
4323.596,1000.000
4324.597,1000.000
4325.598,1000.000
4326.599,1000.000
4327.600,1000.000
4328.601,1000.000
4329.602,1000.000
4330.603,1000.000
4331.604,1000.000
4332.604,1000.000
4333.605,1000.000
4334.606,1000.000
4335.607,1000.000
4336.608,1000.000
4337.609,1000.000
4338.610,1000.000
4339.611,1000.000
4340.612,1000.000
4341.613,1000.000
4342.614,1000.000
4343.615,1000.000
4344.616,1000.000
4345.617,1000.000
4346.618,1000.000
4347.619,1000.000
4348.620,1000.000
4349.621,1000.000
4350.622,1000.000
4351.623,1000.000
4352.624,1000.000
4353.625,1000.000
4354.626,1000.000
4355.627,1000.000
4356.628,1000.000
4357.629,1000.000
4358.630,1000.000
4359.631,1000.000
4360.632,1000.000
4361.633,1000.000
4362.634,1000.000
4363.635,1000.000
4364.636,1000.000
4365.637,1000.000
4366.638,1000.000
4367.639,1000.000
4368.640,1000.000
4369.641,1000.000
4370.642,1000.000
4371.643,1000.000
4372.644,1000.000
4373.645,1000.000
4374.646,1000.000
4375.646,1000.000
4376.647,1000.000
4377.648,1000.000
4378.649,1000.000
4379.650,1000.000
4380.651,1000.000
4381.652,1000.000
4382.653,1000.000
4383.654,1000.000
4384.655,1000.000
4385.656,1000.000
4386.657,1000.000
4387.658,1000.000
4388.659,1000.000
4389.660,1000.000
4390.661,1000.000
4391.662,1000.000
4392.663,1000.000
4393.664,1000.000
4394.665,1000.000
4395.666,1000.000
4396.667,1000.000
4397.668,1000.000
4398.669,1000.000
4399.670,1000.000
4400.671,1000.000
4401.672,1000.000
4402.673,1000.000
4403.674,1000.000
4404.675,1000.000
4405.676,1000.000
4406.677,1000.000
4407.678,1000.000
4408.679,1000.000
4409.680,1000.000
4410.681,1000.000
4411.682,1000.000
4412.683,1000.000
4413.684,1000.000
4414.685,1000.000
4415.686,1000.000
4416.687,1000.000
4417.688,1000.000
4418.688,1000.000
4419.689,1000.000
4420.690,1000.000
4421.691,1000.000
4422.692,1000.000
4423.693,1000.000
4424.694,1000.000
4425.695,1000.000
4426.696,1000.000
4427.697,1000.000
4428.698,1000.000
4429.699,1000.000
4430.700,1000.000
4431.701,1000.000
4432.702,1000.000
4433.703,1000.000
4434.704,1000.000
4435.705,1000.000
4436.706,1000.000
4437.707,1000.000
4438.708,1000.000
4439.709,1000.000
4440.710,1000.000
4441.711,1000.000
4442.712,1000.000
4443.713,1000.000
4444.714,1000.000
4445.715,1000.000
4446.716,1000.000
4447.717,1000.000
4448.718,1000.000
4449.719,1000.000
4450.720,1000.000
4451.721,1000.000
4452.722,1000.000
4453.723,1000.000
4454.724,1000.000
4455.725,1000.000
4456.726,1000.000
4457.727,1000.000
4458.728,1000.000
4459.729,1000.000
4460.729,1000.000
4461.730,1000.000
4462.731,1000.000
4463.732,1000.000
4464.733,1000.000
4465.734,1000.000
4466.735,1000.000
4467.736,1000.000
4468.737,1000.000
4469.738,1000.000
4470.739,1000.000
4471.740,1000.000
4472.741,1000.000
4473.742,1000.000
4474.743,1000.000
4475.744,1000.000
4476.745,1000.000
4477.746,1000.000
4478.747,1000.000
4479.748,1000.000
4480.749,1000.000
4481.750,1000.000
4482.751,1000.000
4483.752,1000.000
4484.753,1000.000
4485.754,1000.000
4486.755,1000.000
4487.756,1000.000
4488.757,1000.000
4489.758,1000.000
4490.759,1000.000
4491.760,1000.000
4492.761,1000.000
4493.762,1000.000
4494.763,1000.000
4495.764,1000.000
4496.765,1000.000
4497.766,1000.000
4498.767,1000.000
4499.768,1000.000
4500.769,1000.000
4501.770,1000.000
4502.771,1000.000
4503.771,1000.000
4504.772,1000.000
4505.773,1000.000
4506.774,1000.000
4507.775,1000.000
4508.776,1000.000
4509.777,1000.000
4510.778,1000.000
4511.779,1000.000
4512.780,1000.000
4513.781,1000.000
4514.782,1000.000
4515.783,1000.000
4516.784,1000.000
4517.785,1000.000
4518.786,1000.000
4519.787,1000.000
4520.788,1000.000
4521.789,1000.000
4522.790,1000.000
4523.791,1000.000
4524.792,1000.000
4525.793,1000.000
4526.794,1000.000
4527.795,1000.000
4528.796,1000.000
4529.797,1000.000
4530.798,1000.000
4531.799,1000.000
4532.800,1000.000
4533.801,1000.000
4534.802,1000.000
4535.803,1000.000
4536.804,1000.000
4537.805,1000.000
4538.806,1000.000
4539.807,1000.000
4540.808,1000.000
4541.809,1000.000
4542.810,1000.000
4543.811,1000.000
4544.812,1000.000
4545.813,1000.000
4546.813,1000.000
4547.814,1000.000
4548.815,1000.000
4549.816,1000.000
4550.817,1000.000
4551.818,1000.000
4552.819,1000.000
4553.820,1000.000
4554.821,1000.000
4555.822,1000.000
4556.823,1000.000
4557.824,1000.000
4558.825,1000.000
4559.826,1000.000
4560.827,1000.000
4561.828,1000.000
4562.829,1000.000
4563.830,1000.000
4564.831,1000.000
4565.832,1000.000
4566.833,1000.000
4567.834,1000.000
4568.835,1000.000
4569.836,1000.000
4570.837,1000.000
4571.838,1000.000
4572.839,1000.000
4573.840,1000.000
4574.841,1000.000
4575.842,1000.000
4576.843,1000.000
4577.844,1000.000
4578.845,1000.000
4579.846,1000.000
4580.847,1000.000
4581.848,1000.000
4582.849,1000.000
4583.850,1000.000
4584.851,1000.000
4585.852,1000.000
4586.853,1000.000
4587.854,1000.000
4588.854,1000.000
4589.855,1000.000
4590.856,1000.000
4591.857,1000.000
4592.858,1000.000
4593.859,1000.000
4594.860,1000.000
4595.861,1000.000
4596.862,1000.000
4597.863,1000.000
4598.864,1000.000
4599.865,1000.000
4600.866,1000.000
4601.867,1000.000
4602.868,1000.000
4603.869,1000.000
4604.870,1000.000
4605.871,1000.000
4606.872,1000.000
4607.873,1000.000
4608.874,1000.000
4609.875,1000.000
4610.876,1000.000
4611.877,1000.000
4612.878,1000.000
4613.879,1000.000
4614.880,1000.000
4615.881,1000.000
4616.882,1000.000
4617.883,1000.000
4618.884,1000.000
4619.885,1000.000
4620.886,1000.000
4621.887,1000.000
4622.888,1000.000
4623.889,1000.000
4624.890,1000.000
4625.891,1000.000
4626.892,1000.000
4627.893,1000.000
4628.894,1000.000
4629.895,1000.000
4630.896,1000.000
4631.896,1000.000
4632.897,1000.000
4633.898,1000.000
4634.899,1000.000
4635.900,1000.000
4636.901,1000.000
4637.902,1000.000
4638.903,1000.000
4639.904,1000.000
4640.905,1000.000
4641.906,1000.000
4642.907,1000.000
4643.908,1000.000
4644.909,1000.000
4645.910,1000.000
4646.911,1000.000
4647.912,1000.000
4648.913,1000.000
4649.914,1000.000
4650.915,1000.000
4651.916,1000.000
4652.917,1000.000
4653.918,1000.000
4654.919,1000.000
4655.920,1000.000
4656.921,1000.000
4657.922,1000.000
4658.923,1000.000
4659.924,1000.000
4660.925,1000.000
4661.926,1000.000
4662.927,1000.000
4663.928,1000.000
4664.929,1000.000
4665.930,1000.000
4666.931,1000.000
4667.932,1000.000
4668.933,1000.000
4669.934,1000.000
4670.935,1000.000
4671.936,1000.000
4672.937,1000.000
4673.938,1000.000
4674.938,1000.000
4675.939,1000.000
4676.940,1000.000
4677.941,1000.000
4678.942,1000.000
4679.943,1000.000
4680.944,1000.000
4681.945,1000.000
4682.946,1000.000
4683.947,1000.000
4684.948,1000.000
4685.949,1000.000
4686.950,1000.000
4687.951,1000.000
4688.952,1000.000
4689.953,1000.000
4690.954,1000.000
4691.955,1000.000
4692.956,1000.000
4693.957,1000.000
4694.958,1000.000
4695.959,1000.000
4696.960,1000.000
4697.961,1000.000
4698.962,1000.000
4699.963,1000.000
4700.964,1000.000
4701.965,1000.000
4702.966,1000.000
4703.967,1000.000
4704.968,1000.000
4705.969,1000.000
4706.970,1000.000
4707.971,1000.000
4708.972,1000.000
4709.973,1000.000
4710.974,1000.000
4711.975,1000.000
4712.976,1000.000
4713.977,1000.000
4714.978,1000.000
4715.979,1000.000
4716.979,1000.000
4717.980,1000.000
4718.981,1000.000
4719.982,1000.000
4720.983,1000.000
4721.984,1000.000
4722.985,1000.000
4723.986,1000.000
4724.987,1000.000
4725.988,1000.000
4726.989,1000.000
4727.990,1000.000
4728.991,1000.000
4729.992,1000.000
4730.993,1000.000
4731.994,1000.000
4732.995,1000.000
4733.996,1000.000
4734.997,1000.000
4735.998,1000.000
4736.999,1000.000
4738.000,1000.000
4739.001,1000.000
4740.002,1000.000
4741.003,1000.000
4742.004,1000.000
4743.005,1000.000
4744.006,1000.000
4745.007,1000.000
4746.008,1000.000
4747.009,1000.000
4748.010,1000.000
4749.011,1000.000
4750.012,1000.000
4751.013,1000.000
4752.014,1000.000
4753.015,1000.000
4754.016,1000.000
4755.017,1000.000
4756.018,1000.000
4757.019,1000.000
4758.020,1000.000
4759.021,1000.000
4760.021,1000.000
4761.022,1000.000
4762.023,1000.000
4763.024,1000.000
4764.025,1000.000
4765.026,1000.000
4766.027,1000.000
4767.028,1000.000
4768.029,1000.000
4769.030,1000.000
4770.031,1000.000
4771.032,1000.000
4772.033,1000.000
4773.034,1000.000
4774.035,1000.000
4775.036,1000.000
4776.037,1000.000
4777.038,1000.000
4778.039,1000.000
4779.040,1000.000
4780.041,1000.000
4781.042,1000.000
4782.043,1000.000
4783.044,1000.000
4784.045,1000.000
4785.046,1000.000
4786.047,1000.000
4787.048,1000.000
4788.049,1000.000
4789.050,1000.000
4790.051,1000.000
4791.052,1000.000
4792.053,1000.000
4793.054,1000.000
4794.055,1000.000
4795.056,1000.000
4796.057,1000.000
4797.058,1000.000
4798.059,1000.000
4799.060,1000.000
4800.061,1000.000
4801.062,1000.000
4802.063,1000.000
4803.063,1000.000
4804.064,1000.000
4805.065,1000.000
4806.066,1000.000
4807.067,1000.000
4808.068,1000.000
4809.069,1000.000
4810.070,1000.000
4811.071,1000.000
4812.072,1000.000
4813.073,1000.000
4814.074,1000.000
4815.075,1000.000
4816.076,1000.000
4817.077,1000.000
4818.078,1000.000
4819.079,1000.000
4820.080,1000.000
4821.081,1000.000
4822.082,1000.000
4823.083,1000.000
4824.084,1000.000
4825.085,1000.000
4826.086,1000.000
4827.087,1000.000
4828.088,1000.000
4829.089,1000.000
4830.090,1000.000
4831.091,1000.000
4832.092,1000.000
4833.093,1000.000
4834.094,1000.000
4835.095,1000.000
4836.096,1000.000
4837.097,1000.000
4838.098,1000.000
4839.099,1000.000
4840.100,1000.000
4841.101,1000.000
4842.102,1000.000
4843.103,1000.000
4844.104,1000.000
4845.104,1000.000
4846.105,1000.000
4847.106,1000.000
4848.107,1000.000
4849.108,1000.000
4850.109,1000.000
4851.110,1000.000
4852.111,1000.000
4853.112,1000.000
4854.113,1000.000
4855.114,1000.000
4856.115,1000.000
4857.116,1000.000
4858.117,1000.000
4859.118,1000.000
4860.119,1000.000
4861.120,1000.000
4862.121,1000.000
4863.122,1000.000
4864.123,1000.000
4865.124,1000.000
4866.125,1000.000
4867.126,1000.000
4868.127,1000.000
4869.128,1000.000
4870.129,1000.000
4871.130,1000.000
4872.131,1000.000
4873.132,1000.000
4874.133,1000.000
4875.134,1000.000
4876.135,1000.000
4877.136,1000.000
4878.137,1000.000
4879.138,1000.000
4880.139,1000.000
4881.140,1000.000
4882.141,1000.000
4883.142,1000.000
4884.143,1000.000
4885.144,1000.000
4886.145,1000.000
4887.146,1000.000
4888.146,1000.000
4889.147,1000.000
4890.148,1000.000
4891.149,1000.000
4892.150,1000.000
4893.151,1000.000
4894.152,1000.000
4895.153,1000.000
4896.154,1000.000
4897.155,1000.000
4898.156,1000.000
4899.157,1000.000
4900.158,1000.000
4901.159,1000.000
4902.160,1000.000
4903.161,1000.000
4904.162,1000.000
4905.163,1000.000
4906.164,1000.000
4907.165,1000.000
4908.166,1000.000
4909.167,1000.000
4910.168,1000.000
4911.169,1000.000
4912.170,1000.000
4913.171,1000.000
4914.172,1000.000
4915.173,1000.000
4916.174,1000.000
4917.175,1000.000
4918.176,1000.000
4919.177,1000.000
4920.178,1000.000
4921.179,1000.000
4922.180,1000.000
4923.181,1000.000
4924.182,1000.000
4925.183,1000.000
4926.184,1000.000
4927.185,1000.000
4928.186,1000.000
4929.187,1000.000
4930.188,1000.000
4931.188,1000.000
4932.189,1000.000
4933.190,1000.000
4934.191,1000.000
4935.192,1000.000
4936.193,1000.000
4937.194,1000.000
4938.195,1000.000
4939.196,1000.000
4940.197,1000.000
4941.198,1000.000
4942.199,1000.000
4943.200,1000.000
4944.201,1000.000
4945.202,1000.000
4946.203,1000.000
4947.204,1000.000
4948.205,1000.000
4949.206,1000.000
4950.207,1000.000
4951.208,1000.000
4952.209,1000.000
4953.210,1000.000
4954.211,1000.000
4955.212,1000.000
4956.213,1000.000
4957.214,1000.000
4958.215,1000.000
4959.216,1000.000
4960.217,1000.000
4961.218,1000.000
4962.219,1000.000
4963.220,1000.000
4964.221,1000.000
4965.222,1000.000
4966.223,1000.000
4967.224,1000.000
4968.225,1000.000
4969.226,1000.000
4970.227,1000.000
4971.228,1000.000
4972.229,1000.000
4973.229,1000.000
4974.230,1000.000
4975.231,1000.000
4976.232,1000.000
4977.233,1000.000
4978.234,1000.000
4979.235,1000.000
4980.236,1000.000
4981.237,1000.000
4982.238,1000.000
4983.239,1000.000
4984.240,1000.000
4985.241,1000.000
4986.242,1000.000
4987.243,1000.000
4988.244,1000.000
4989.245,1000.000
4990.246,1000.000
4991.247,1000.000
4992.248,1000.000
4993.249,1000.000
4994.250,1000.000
4995.251,1000.000
4996.252,1000.000
4997.253,1000.000
4998.254,1000.000
4999.255,1000.000
5000.256,1000.000
5001.257,1000.000
5002.258,1000.000
5003.259,1000.000
5004.260,1000.000
5005.261,1000.000
5006.262,1000.000
5007.263,1000.000
5008.264,1000.000
5009.265,1000.000
5010.266,1000.000
5011.267,1000.000
5012.268,1000.000
5013.269,1000.000
5014.270,1000.000
5015.271,1000.000
5016.271,1000.000
5017.272,1000.000
5018.273,1000.000
5019.274,1000.000
5020.275,1000.000
5021.276,1000.000
5022.277,1000.000
5023.278,1000.000
5024.279,1000.000
5025.280,1000.000
5026.281,1000.000
5027.282,1000.000
5028.283,1000.000
5029.284,1000.000
5030.285,1000.000
5031.286,1000.000
5032.287,1000.000
5033.288,1000.000
5034.289,1000.000
5035.290,1000.000
5036.291,1000.000
5037.292,1000.000
5038.293,1000.000
5039.294,1000.000
5040.295,1000.000
5041.296,1000.000
5042.297,1000.000
5043.298,1000.000
5044.299,1000.000
5045.300,1000.000
5046.301,1000.000
5047.302,1000.000
5048.303,1000.000
5049.304,1000.000
5050.305,1000.000
5051.306,1000.000
5052.307,1000.000
5053.308,1000.000
5054.309,1000.000
5055.310,1000.000
5056.311,1000.000
5057.312,1000.000
5058.313,1000.000
5059.313,1000.000
5060.314,1000.000
5061.315,1000.000
5062.316,1000.000
5063.317,1000.000
5064.318,1000.000
5065.319,1000.000
5066.320,1000.000
5067.321,1000.000
5068.322,1000.000
5069.323,1000.000
5070.324,1000.000
5071.325,1000.000
5072.326,1000.000
5073.327,1000.000
5074.328,1000.000
5075.329,1000.000
5076.330,1000.000
5077.331,1000.000
5078.332,1000.000
5079.333,1000.000
5080.334,1000.000
5081.335,1000.000
5082.336,1000.000
5083.337,1000.000
5084.338,1000.000
5085.339,1000.000
5086.340,1000.000
5087.341,1000.000
5088.342,1000.000
5089.343,1000.000
5090.344,1000.000
5091.345,1000.000
5092.346,1000.000
5093.347,1000.000
5094.348,1000.000
5095.349,1000.000
5096.350,1000.000
5097.351,1000.000
5098.352,1000.000
5099.353,1000.000
5100.354,1000.000
5101.354,1000.000
5102.355,1000.000
5103.356,1000.000
5104.357,1000.000
5105.358,1000.000
5106.359,1000.000
5107.360,1000.000
5108.361,1000.000
5109.362,1000.000
5110.363,1000.000
5111.364,1000.000
5112.365,1000.000
5113.366,1000.000
5114.367,1000.000
5115.368,1000.000
5116.369,1000.000
5117.370,1000.000
5118.371,1000.000
5119.372,1000.000
5120.373,1000.000
5121.374,1000.000
5122.375,1000.000
5123.376,1000.000
5124.377,1000.000
5125.378,1000.000
5126.379,1000.000
5127.380,1000.000
5128.381,1000.000
5129.382,1000.000
5130.383,1000.000
5131.384,1000.000
5132.385,1000.000
5133.386,1000.000
5134.387,1000.000
5135.388,1000.000
5136.389,1000.000
5137.390,1000.000
5138.391,1000.000
5139.392,1000.000
5140.393,1000.000
5141.394,1000.000
5142.395,1000.000
5143.396,1000.000
5144.396,1000.000
5145.397,1000.000
5146.398,1000.000
5147.399,1000.000
5148.400,1000.000
5149.401,1000.000
5150.402,1000.000
5151.403,1000.000
5152.404,1000.000
5153.405,1000.000
5154.406,1000.000
5155.407,1000.000
5156.408,1000.000
5157.409,1000.000
5158.410,1000.000
5159.411,1000.000
5160.412,1000.000
5161.413,1000.000
5162.414,1000.000
5163.415,1000.000
5164.416,1000.000
5165.417,1000.000
5166.418,1000.000
5167.419,1000.000
5168.420,1000.000
5169.421,1000.000
5170.422,1000.000
5171.423,1000.000
5172.424,1000.000
5173.425,1000.000
5174.426,1000.000
5175.427,1000.000
5176.428,1000.000
5177.429,1000.000
5178.430,1000.000
5179.431,1000.000
5180.432,1000.000
5181.433,1000.000
5182.434,1000.000
5183.435,1000.000
5184.436,1000.000
5185.437,1000.000
5186.438,1000.000
5187.438,1000.000
5188.439,1000.000
5189.440,1000.000
5190.441,1000.000
5191.442,1000.000
5192.443,1000.000
5193.444,1000.000
5194.445,1000.000
5195.446,1000.000
5196.447,1000.000
5197.448,1000.000
5198.449,1000.000
5199.450,1000.000
5200.451,1000.000
5201.452,1000.000
5202.453,1000.000
5203.454,1000.000
5204.455,1000.000
5205.456,1000.000
5206.457,1000.000
5207.458,1000.000
5208.459,1000.000
5209.460,1000.000
5210.461,1000.000
5211.462,1000.000
5212.463,1000.000
5213.464,1000.000
5214.465,1000.000
5215.466,1000.000
5216.467,1000.000
5217.468,1000.000
5218.469,1000.000
5219.470,1000.000
5220.471,1000.000
5221.472,1000.000
5222.473,1000.000
5223.474,1000.000
5224.475,1000.000
5225.476,1000.000
5226.477,1000.000
5227.478,1000.000
5228.479,1000.000
5229.479,1000.000
5230.480,1000.000
5231.481,1000.000
5232.482,1000.000
5233.483,1000.000
5234.484,1000.000
5235.485,1000.000
5236.486,1000.000
5237.487,1000.000
5238.488,1000.000
5239.489,1000.000
5240.490,1000.000
5241.491,1000.000
5242.492,1000.000
5243.493,1000.000
5244.494,1000.000
5245.495,1000.000
5246.496,1000.000
5247.497,1000.000
5248.498,1000.000
5249.499,1000.000
5250.500,1000.000
5251.501,1000.000
5252.502,1000.000
5253.503,1000.000
5254.504,1000.000
5255.505,1000.000
5256.506,1000.000
5257.507,1000.000
5258.508,1000.000
5259.509,1000.000
5260.510,1000.000
5261.511,1000.000
5262.512,1000.000
5263.513,1000.000
5264.514,1000.000
5265.515,1000.000
5266.516,1000.000
5267.517,1000.000
5268.518,1000.000
5269.519,1000.000
5270.520,1000.000
5271.521,1000.000
5272.521,1000.000
5273.522,1000.000
5274.523,1000.000
5275.524,1000.000
5276.525,1000.000
5277.526,1000.000
5278.527,1000.000
5279.528,1000.000
5280.529,1000.000
5281.530,1000.000
5282.531,1000.000
5283.532,1000.000
5284.533,1000.000
5285.534,1000.000
5286.535,1000.000
5287.536,1000.000
5288.537,1000.000
5289.538,1000.000
5290.539,1000.000
5291.540,1000.000
5292.541,1000.000
5293.542,1000.000
5294.543,1000.000
5295.544,1000.000
5296.545,1000.000
5297.546,1000.000
5298.547,1000.000
5299.548,1000.000
5300.549,1000.000
5301.550,1000.000
5302.551,1000.000
5303.552,1000.000
5304.553,1000.000
5305.554,1000.000
5306.555,1000.000
5307.556,1000.000
5308.557,1000.000
5309.558,1000.000
5310.559,1000.000
5311.560,1000.000
5312.561,1000.000
5313.562,1000.000
5314.563,1000.000
5315.563,1000.000
5316.564,1000.000
5317.565,1000.000
5318.566,1000.000
5319.567,1000.000
5320.568,1000.000
5321.569,1000.000
5322.570,1000.000
5323.571,1000.000
5324.572,1000.000
5325.573,1000.000
5326.574,1000.000
5327.575,1000.000
5328.576,1000.000
5329.577,1000.000
5330.578,1000.000
5331.579,1000.000
5332.580,1000.000
5333.581,1000.000
5334.582,1000.000
5335.583,1000.000
5336.584,1000.000
5337.585,1000.000
5338.586,1000.000
5339.587,1000.000
5340.588,1000.000
5341.589,1000.000
5342.590,1000.000
5343.591,1000.000
5344.592,1000.000
5345.593,1000.000
5346.594,1000.000
5347.595,1000.000
5348.596,1000.000
5349.597,1000.000
5350.598,1000.000
5351.599,1000.000
5352.600,1000.000
5353.601,1000.000
5354.602,1000.000
5355.603,1000.000
5356.604,1000.000
5357.604,1000.000
5358.605,1000.000
5359.606,1000.000
5360.607,1000.000
5361.608,1000.000
5362.609,1000.000
5363.610,1000.000
5364.611,1000.000
5365.612,1000.000
5366.613,1000.000
5367.614,1000.000
5368.615,1000.000
5369.616,1000.000
5370.617,1000.000
5371.618,1000.000
5372.619,1000.000
5373.620,1000.000
5374.621,1000.000
5375.622,1000.000
5376.623,1000.000
5377.624,1000.000
5378.625,1000.000
5379.626,1000.000
5380.627,1000.000
5381.628,1000.000
5382.629,1000.000
5383.630,1000.000
5384.631,1000.000
5385.632,1000.000
5386.633,1000.000
5387.634,1000.000
5388.635,1000.000
5389.636,1000.000
5390.637,1000.000
5391.638,1000.000
5392.639,1000.000
5393.640,1000.000
5394.641,1000.000
5395.642,1000.000
5396.643,1000.000
5397.644,1000.000
5398.645,1000.000
5399.646,1000.000
5400.646,1000.000
5401.647,1000.000
5402.648,1000.000
5403.649,1000.000
5404.650,1000.000
5405.651,1000.000
5406.652,1000.000
5407.653,1000.000
5408.654,1000.000
5409.655,1000.000
5410.656,1000.000
5411.657,1000.000
5412.658,1000.000
5413.659,1000.000
5414.660,1000.000
5415.661,1000.000
5416.662,1000.000
5417.663,1000.000
5418.664,1000.000
5419.665,1000.000
5420.666,1000.000
5421.667,1000.000
5422.668,1000.000
5423.669,1000.000
5424.670,1000.000
5425.671,1000.000
5426.672,1000.000
5427.673,1000.000
5428.674,1000.000
5429.675,1000.000
5430.676,1000.000
5431.677,1000.000
5432.678,1000.000
5433.679,1000.000
5434.680,1000.000
5435.681,1000.000
5436.682,1000.000
5437.683,1000.000
5438.684,1000.000
5439.685,1000.000
5440.686,1000.000
5441.687,1000.000
5442.688,1000.000
5443.688,1000.000
5444.689,1000.000
5445.690,1000.000
5446.691,1000.000
5447.692,1000.000
5448.693,1000.000
5449.694,1000.000
5450.695,1000.000
5451.696,1000.000
5452.697,1000.000
5453.698,1000.000
5454.699,1000.000
5455.700,1000.000
5456.701,1000.000
5457.702,1000.000
5458.703,1000.000
5459.704,1000.000
5460.705,1000.000
5461.706,1000.000
5462.707,1000.000
5463.708,1000.000
5464.709,1000.000
5465.710,1000.000
5466.711,1000.000
5467.712,1000.000
5468.713,1000.000
5469.714,1000.000
5470.715,1000.000
5471.716,1000.000
5472.717,1000.000
5473.718,1000.000
5474.719,1000.000
5475.720,1000.000
5476.721,1000.000
5477.722,1000.000
5478.723,1000.000
5479.724,1000.000
5480.725,1000.000
5481.726,1000.000
5482.727,1000.000
5483.728,1000.000
5484.729,1000.000
5485.729,1000.000
5486.730,1000.000
5487.731,1000.000
5488.732,1000.000
5489.733,1000.000
5490.734,1000.000
5491.735,1000.000
5492.736,1000.000
5493.737,1000.000
5494.738,1000.000
5495.739,1000.000
5496.740,1000.000
5497.741,1000.000
5498.742,1000.000
5499.743,1000.000
5500.744,1000.000
5501.745,1000.000
5502.746,1000.000
5503.747,1000.000
5504.748,1000.000
5505.749,1000.000
5506.750,1000.000
5507.751,1000.000
5508.752,1000.000
5509.753,1000.000
5510.754,1000.000
5511.755,1000.000
5512.756,1000.000
5513.757,1000.000
5514.758,1000.000
5515.759,1000.000
5516.760,1000.000
5517.761,1000.000
5518.762,1000.000
5519.763,1000.000
5520.764,1000.000
5521.765,1000.000
5522.766,1000.000
5523.767,1000.000
5524.768,1000.000
5525.769,1000.000
5526.770,1000.000
5527.771,1000.000
5528.771,1000.000
5529.772,1000.000
5530.773,1000.000
5531.774,1000.000
5532.775,1000.000
5533.776,1000.000
5534.777,1000.000
5535.778,1000.000
5536.779,1000.000
5537.780,1000.000
5538.781,1000.000
5539.782,1000.000
5540.783,1000.000
5541.784,1000.000
5542.785,1000.000
5543.786,1000.000
5544.787,1000.000
5545.788,1000.000
5546.789,1000.000
5547.790,1000.000
5548.791,1000.000
5549.792,1000.000
5550.793,1000.000
5551.794,1000.000
5552.795,1000.000
5553.796,1000.000
5554.797,1000.000
5555.798,1000.000
5556.799,1000.000
5557.800,1000.000
5558.801,1000.000
5559.802,1000.000
5560.803,1000.000
5561.804,1000.000
5562.805,1000.000
5563.806,1000.000
5564.807,1000.000
5565.808,1000.000
5566.809,1000.000
5567.810,1000.000
5568.811,1000.000
5569.812,1000.000
5570.813,1000.000
5571.813,1000.000
5572.814,1000.000
5573.815,1000.000
5574.816,1000.000
5575.817,1000.000
5576.818,1000.000
5577.819,1000.000
5578.820,1000.000
5579.821,1000.000
5580.822,1000.000
5581.823,1000.000
5582.824,1000.000
5583.825,1000.000
5584.826,1000.000
5585.827,1000.000
5586.828,1000.000
5587.829,1000.000
5588.830,1000.000
5589.831,1000.000
5590.832,1000.000
5591.833,1000.000
5592.834,1000.000
5593.835,1000.000
5594.836,1000.000
5595.837,1000.000
5596.838,1000.000
5597.839,1000.000
5598.840,1000.000
5599.841,1000.000
5600.842,1000.000
5601.843,1000.000
5602.844,1000.000
5603.845,1000.000
5604.846,1000.000
5605.847,1000.000
5606.848,1000.000
5607.849,1000.000
5608.850,1000.000
5609.851,1000.000
5610.852,1000.000
5611.853,1000.000
5612.854,1000.000
5613.854,1000.000
5614.855,1000.000
5615.856,1000.000
5616.857,1000.000
5617.858,1000.000
5618.859,1000.000
5619.860,1000.000
5620.861,1000.000
5621.862,1000.000
5622.863,1000.000
5623.864,1000.000
5624.865,1000.000
5625.866,1000.000
5626.867,1000.000
5627.868,1000.000
5628.869,1000.000
5629.870,1000.000
5630.871,1000.000
5631.872,1000.000
5632.873,1000.000
5633.874,1000.000
5634.875,1000.000
5635.876,1000.000
5636.877,1000.000
5637.878,1000.000
5638.879,1000.000
5639.880,1000.000
5640.881,1000.000
5641.882,1000.000
5642.883,1000.000
5643.884,1000.000
5644.885,1000.000
5645.886,1000.000
5646.887,1000.000
5647.888,1000.000
5648.889,1000.000
5649.890,1000.000
5650.891,1000.000
5651.892,1000.000
5652.893,1000.000
5653.894,1000.000
5654.895,1000.000
5655.896,1000.000
5656.896,1000.000
5657.897,1000.000
5658.898,1000.000
5659.899,1000.000
5660.900,1000.000
5661.901,1000.000
5662.902,1000.000
5663.903,1000.000
5664.904,1000.000
5665.905,1000.000
5666.906,1000.000
5667.907,1000.000
5668.908,1000.000
5669.909,1000.000
5670.910,1000.000
5671.911,1000.000
5672.912,1000.000
5673.913,1000.000
5674.914,1000.000
5675.915,1000.000
5676.916,1000.000
5677.917,1000.000
5678.918,1000.000
5679.919,1000.000
5680.920,1000.000
5681.921,1000.000
5682.922,1000.000
5683.923,1000.000
5684.924,1000.000
5685.925,1000.000
5686.926,1000.000
5687.927,1000.000
5688.928,1000.000
5689.929,1000.000
5690.930,1000.000
5691.931,1000.000
5692.932,1000.000
5693.933,1000.000
5694.934,1000.000
5695.935,1000.000
5696.936,1000.000
5697.937,1000.000
5698.938,1000.000
5699.938,1000.000
5700.939,1000.000
5701.940,1000.000
5702.941,1000.000
5703.942,1000.000
5704.943,1000.000
5705.944,1000.000
5706.945,1000.000
5707.946,1000.000
5708.947,1000.000
5709.948,1000.000
5710.949,1000.000
5711.950,1000.000
5712.951,1000.000
5713.952,1000.000
5714.953,1000.000
5715.954,1000.000
5716.955,1000.000
5717.956,1000.000
5718.957,1000.000
5719.958,1000.000
5720.959,1000.000
5721.960,1000.000
5722.961,1000.000
5723.962,1000.000
5724.963,1000.000
5725.964,1000.000
5726.965,1000.000
5727.966,1000.000
5728.967,1000.000
5729.968,1000.000
5730.969,1000.000
5731.970,1000.000
5732.971,1000.000
5733.972,1000.000
5734.973,1000.000
5735.974,1000.000
5736.975,1000.000
5737.976,1000.000
5738.977,1000.000
5739.978,1000.000
5740.979,1000.000
5741.979,1000.000
5742.980,1000.000
5743.981,1000.000
5744.982,1000.000
5745.983,1000.000
5746.984,1000.000
5747.985,1000.000
5748.986,1000.000
5749.987,1000.000
5750.988,1000.000
5751.989,1000.000
5752.990,1000.000
5753.991,1000.000
5754.992,1000.000
5755.993,1000.000
5756.994,1000.000
5757.995,1000.000
5758.996,1000.000
5759.997,1000.000
5760.998,1000.000
5761.999,1000.000
5763.000,1000.000
5764.001,1000.000
5765.002,1000.000
5766.003,1000.000
5767.004,1000.000
5768.005,1000.000
5769.006,1000.000
5770.007,1000.000
5771.008,1000.000
5772.009,1000.000
5773.010,1000.000
5774.011,1000.000
5775.012,1000.000
5776.013,1000.000
5777.014,1000.000
5778.015,1000.000
5779.016,1000.000
5780.017,1000.000
5781.018,1000.000
5782.019,1000.000
5783.020,1000.000
5784.021,1000.000
5785.021,1000.000
5786.022,1000.000
5787.023,1000.000
5788.024,1000.000
5789.025,1000.000
5790.026,1000.000
5791.027,1000.000
5792.028,1000.000
5793.029,1000.000
5794.030,1000.000
5795.031,1000.000
5796.032,1000.000
5797.033,1000.000
5798.034,1000.000
5799.035,1000.000
5800.036,1000.000
5801.037,1000.000
5802.038,1000.000
5803.039,1000.000
5804.040,1000.000
5805.041,1000.000
5806.042,1000.000
5807.043,1000.000
5808.044,1000.000
5809.045,1000.000
5810.046,1000.000
5811.047,1000.000
5812.048,1000.000
5813.049,1000.000
5814.050,1000.000
5815.051,1000.000
5816.052,1000.000
5817.053,1000.000
5818.054,1000.000
5819.055,1000.000
5820.056,1000.000
5821.057,1000.000
5822.058,1000.000
5823.059,1000.000
5824.060,1000.000
5825.061,1000.000
5826.062,1000.000
5827.063,1000.000
5828.063,1000.000
5829.064,1000.000
5830.065,1000.000
5831.066,1000.000
5832.067,1000.000
5833.068,1000.000
5834.069,1000.000
5835.070,1000.000
5836.071,1000.000
5837.072,1000.000
5838.073,1000.000
5839.074,1000.000
5840.075,1000.000
5841.076,1000.000
5842.077,1000.000
5843.078,1000.000
5844.079,1000.000
5845.080,1000.000
5846.081,1000.000
5847.082,1000.000
5848.083,1000.000
5849.084,1000.000
5850.085,1000.000
5851.086,1000.000
5852.087,1000.000
5853.088,1000.000
5854.089,1000.000
5855.090,1000.000
5856.091,1000.000
5857.092,1000.000
5858.093,1000.000
5859.094,1000.000
5860.095,1000.000
5861.096,1000.000
5862.097,1000.000
5863.098,1000.000
5864.099,1000.000
5865.100,1000.000
5866.101,1000.000
5867.102,1000.000
5868.103,1000.000
5869.104,1000.000
5870.104,1000.000
5871.105,1000.000
5872.106,1000.000
5873.107,1000.000
5874.108,1000.000
5875.109,1000.000
5876.110,1000.000
5877.111,1000.000
5878.112,1000.000
5879.113,1000.000
5880.114,1000.000
5881.115,1000.000
5882.116,1000.000
5883.117,1000.000
5884.118,1000.000
5885.119,1000.000
5886.120,1000.000
5887.121,1000.000
5888.122,1000.000
5889.123,1000.000
5890.124,1000.000
5891.125,1000.000
5892.126,1000.000
5893.127,1000.000
5894.128,1000.000
5895.129,1000.000
5896.130,1000.000
5897.131,1000.000
5898.132,1000.000
5899.133,1000.000
5900.134,1000.000
5901.135,1000.000
5902.136,1000.000
5903.137,1000.000
5904.138,1000.000
5905.139,1000.000
5906.140,1000.000
5907.141,1000.000
5908.142,1000.000
5909.143,1000.000
5910.144,1000.000
5911.145,1000.000
5912.146,1000.000
5913.146,1000.000
5914.147,1000.000
5915.148,1000.000
5916.149,1000.000
5917.150,1000.000
5918.151,1000.000
5919.152,1000.000
5920.153,1000.000
5921.154,1000.000
5922.155,1000.000
5923.156,1000.000
5924.157,1000.000
5925.158,1000.000
5926.159,1000.000
5927.160,1000.000
5928.161,1000.000
5929.162,1000.000
5930.163,1000.000
5931.164,1000.000
5932.165,1000.000
5933.166,1000.000
5934.167,1000.000
5935.168,1000.000
5936.169,1000.000
5937.170,1000.000
5938.171,1000.000
5939.172,1000.000
5940.173,1000.000
5941.174,1000.000
5942.175,1000.000
5943.176,1000.000
5944.177,1000.000
5945.178,1000.000
5946.179,1000.000
5947.180,1000.000
5948.181,1000.000
5949.182,1000.000
5950.183,1000.000
5951.184,1000.000
5952.185,1000.000
5953.186,1000.000
5954.187,1000.000
5955.188,1000.000
5956.188,1000.000
5957.189,1000.000
5958.190,1000.000
5959.191,999.984
5960.192,999.844
5961.193,999.506
5962.194,998.944
5963.195,998.172
5964.196,997.162
5965.197,995.943
5966.198,994.539
5967.199,992.906
5968.200,991.039
5969.201,988.943
5970.202,986.657
5971.203,984.131
5972.204,981.420
5973.205,978.490
5974.206,975.358
5975.207,972.023
5976.208,968.486
5977.209,964.726
5978.210,960.758
5979.211,956.600
5980.212,952.233
5981.213,947.656
5982.214,942.867
5983.215,937.904
5984.216,932.713
5985.217,927.334
5986.218,921.766
5987.219,916.010
5988.220,910.099
5989.221,903.935
5990.222,897.615
5991.223,891.115
5992.224,884.436
5993.225,877.523
5994.226,870.461
5995.227,863.180
5996.228,855.781
5997.229,848.186
5998.229,840.422
5999.230,832.498
6000.231,824.377
6001.232,816.087
6002.233,807.649
6003.234,799.070
6004.235,790.318
6005.236,781.412
6006.237,772.335
6007.238,763.110
6008.239,753.750
6009.240,744.247
6010.241,734.554
6011.242,724.740
6012.243,714.799
6013.244,704.701
6014.245,694.479
6015.246,684.141
6016.247,673.646
6017.248,663.047
6018.249,652.336
6019.250,641.485
6020.251,630.489
6021.252,619.423
6022.253,608.234
6023.254,596.922
6024.255,585.487
6025.256,573.988
6026.257,562.372
6027.258,550.653
6028.259,538.821
6029.260,526.934
6030.261,514.934
6031.262,502.863
6032.263,490.696
6033.264,478.473
6034.265,466.141
6035.266,453.763
6036.267,441.293
6037.268,428.758
6038.269,416.164
6039.270,403.512
6040.271,390.800
6041.271,378.038
6042.272,365.227
6043.273,352.341
6044.274,339.456
6045.275,326.468
6046.276,313.507
6047.277,300.485
6048.278,287.416
6049.279,274.322
6050.280,261.229
6051.281,248.091
6052.282,234.945
6053.283,221.785
6054.284,208.596
6055.285,195.424
6056.286,182.189
6057.287,169.011
6058.288,155.805
6059.289,142.612
6060.290,129.429
6061.291,116.253
6062.292,103.065
6063.293,89.936
6064.294,76.825
6065.295,63.732
6066.296,50.658
6067.297,37.587
6068.298,24.584
6069.299,20.000
6070.300,20.000
6071.301,20.000
6072.302,20.000
6073.303,20.000
6074.304,20.000
6075.305,20.000
6076.306,20.000
6077.307,20.000
6078.308,20.000
6079.309,20.000
6080.310,20.000
6081.311,20.000
6082.312,20.000
6083.313,20.000
6084.313,20.000
6085.314,20.000
6086.315,20.000
6087.316,20.000
6088.317,20.000
6089.318,20.000
6090.319,20.000
6091.320,20.000
6092.321,20.000
6093.322,20.000
6094.323,20.000
6095.324,20.000
6096.325,20.000
6097.326,20.000
6098.327,20.000
6099.328,20.000
6100.329,20.000
6101.330,20.000
6102.331,20.000
6103.332,20.000
6104.333,20.000
6105.334,20.000
6106.335,20.000
6107.336,20.000
6108.337,20.000
6109.338,20.000
6110.339,20.000
6111.340,20.000
6112.341,20.000
6113.342,20.000
6114.343,20.000
6115.344,20.000
6116.345,20.000
6117.346,20.000
6118.347,20.000
6119.348,20.000
6120.349,20.000
6121.350,20.000
6122.351,20.000
6123.352,20.000
6124.353,20.000
6125.354,20.000
6126.354,20.000
6127.355,20.000
6128.356,20.000
6129.357,20.000
6130.358,20.000
6131.359,20.000
6132.360,20.000
6133.361,20.000
6134.362,20.000
6135.363,20.000
6136.364,20.000
6137.365,20.000
6138.366,20.000
6139.367,20.000
6140.368,20.000
6141.369,20.000
6142.370,20.000
6143.371,20.000
6144.372,20.000
6145.373,20.000
6146.374,20.000
6147.375,20.000
6148.376,20.000
6149.377,20.000
6150.378,20.000
6151.379,20.000
6152.380,20.000
6153.381,20.000
6154.382,20.000
6155.383,20.000
6156.384,20.000
6157.385,20.000
6158.386,20.000
6159.387,20.000
6160.388,20.000
6161.389,20.000
6162.390,20.000
6163.391,20.000
6164.392,20.000
6165.393,20.000
6166.394,20.000
6167.395,20.000
6168.396,20.000
6169.396,20.000
6170.397,20.000
6171.398,20.000
6172.399,20.000
6173.400,20.000
6174.401,20.000
6175.402,20.000
6176.403,20.000
6177.404,20.000
6178.405,20.000
6179.406,20.000
6180.407,20.000
6181.408,20.000
6182.409,20.000
6183.410,20.000
6184.411,20.000
6185.412,20.000
6186.413,20.000
6187.414,20.000
6188.415,20.000
6189.416,20.000
6190.417,20.000
6191.418,20.000
6192.419,20.000
6193.420,20.000
6194.421,20.000
6195.422,20.000
6196.423,20.000
6197.424,20.000
6198.425,20.000
6199.426,20.000
6200.427,20.000
6201.428,20.000
6202.429,20.000
6203.430,20.000
6204.431,20.000
6205.432,20.000
6206.433,20.000
6207.434,20.000
6208.435,20.000
6209.436,20.000
6210.437,20.000
6211.438,20.000
6212.438,20.000
6213.439,20.000
6214.440,20.000
6215.441,20.000
6216.442,20.000
6217.443,20.000
6218.444,20.000
6219.445,20.000
6220.446,20.000
6221.447,20.000
6222.448,20.000
6223.449,20.000
6224.450,20.000
6225.451,20.000
6226.452,20.000
6227.453,20.000
6228.454,20.000
6229.455,20.000
6230.456,20.000
6231.457,20.000
6232.458,20.000
6233.459,20.000
6234.460,20.000
6235.461,20.000
6236.462,20.000
6237.463,20.000
6238.464,20.000
6239.465,20.000
6240.466,20.000
6241.467,20.000
6242.468,20.000
6243.469,20.000
6244.470,20.000
6245.471,20.000
6246.472,20.000
6247.473,20.000
6248.474,20.000
6249.475,20.000
6250.476,20.000
6251.477,20.000
6252.478,20.000
6253.479,20.000
6254.479,20.000
6255.480,20.000
6256.481,20.000
6257.482,20.000
6258.483,20.000
6259.484,20.000
6260.485,20.000
6261.486,20.000
6262.487,20.000
6263.488,20.000
6264.489,20.000
6265.490,20.000
6266.491,20.000
6267.492,20.000
6268.493,20.000
6269.494,20.000
6270.495,20.000
6271.496,20.000
6272.497,20.000
6273.498,20.000
6274.499,20.000
6275.500,20.000
6276.501,20.000
6277.502,20.000
6278.503,20.000
6279.504,20.000
6280.505,20.000
6281.506,20.000
6282.507,20.000
6283.508,20.000
6284.509,20.000
6285.510,20.000
6286.511,20.000
6287.512,20.000
6288.513,20.000
6289.514,20.000
6290.515,20.000
6291.516,20.000
6292.517,20.000
6293.518,20.000
6294.519,20.000
6295.520,20.000
6296.521,20.000
6297.521,20.000
6298.522,20.000
6299.523,20.000
6300.524,20.000
6301.525,20.000
6302.526,20.000
6303.527,20.000
6304.528,20.000
6305.529,20.000
6306.530,20.000
6307.531,20.000
6308.532,20.000
6309.533,20.000
6310.534,20.000
6311.535,20.000
6312.536,20.000
6313.537,20.000
6314.538,20.000
6315.539,20.000
6316.540,20.000
6317.541,20.000
6318.542,20.000
6319.543,20.000
6320.544,20.000
6321.545,20.000
6322.546,20.000
6323.547,20.000
6324.548,20.000
6325.549,20.000
6326.550,20.000
6327.551,20.000
6328.552,20.000
6329.553,20.000
6330.554,20.000
6331.555,20.000
6332.556,20.000
6333.557,20.000
6334.558,20.000
6335.559,20.000
6336.560,20.000
6337.561,20.000
6338.562,20.000
6339.563,20.000
6340.563,20.000
6341.564,20.000
6342.565,20.000
6343.566,20.000
6344.567,20.000
6345.568,20.000
6346.569,20.000
6347.570,20.000
6348.571,20.000
6349.572,20.000
6350.573,20.000
6351.574,20.000
6352.575,20.000
6353.576,20.000
6354.577,20.000
6355.578,20.000
6356.579,20.000
6357.580,20.000
6358.581,20.000
6359.582,20.000
6360.583,20.000
6361.584,20.000
6362.585,20.000
6363.586,20.000
6364.587,20.000
6365.588,20.000
6366.589,20.000
6367.590,20.000
6368.591,20.000
6369.592,20.000
6370.593,20.000
6371.594,20.000
6372.595,20.000
6373.596,20.000
6374.597,20.000
6375.598,20.000
6376.599,20.000
6377.600,20.000
6378.601,20.000
6379.602,20.000
6380.603,20.000
6381.604,20.000
6382.604,20.000
6383.605,20.000
6384.606,20.000
6385.607,20.000
6386.608,20.000
6387.609,20.000
6388.610,20.000
6389.611,20.000
6390.612,20.000
6391.613,20.000
6392.614,20.000
6393.615,20.000
6394.616,20.000
6395.617,20.000
6396.618,20.000
6397.619,20.000
6398.620,20.000
6399.621,20.000
6400.622,20.000
6401.623,20.000
6402.624,20.000
6403.625,20.000
6404.626,20.000
6405.627,20.000
6406.628,20.000
6407.629,20.000
6408.630,20.000
6409.631,20.000
6410.632,20.000
6411.633,20.000
6412.634,20.000
6413.635,20.000
6414.636,20.000
6415.637,20.000
6416.638,20.000
6417.639,20.000
6418.640,20.000
6419.641,20.000
6420.642,20.000
6421.643,20.000
6422.644,20.000
6423.645,20.000
6424.646,20.000
6425.646,20.000
6426.647,20.000
6427.648,20.000
6428.649,20.000
6429.650,20.000
6430.651,20.000
6431.652,20.000
6432.653,20.000
6433.654,20.000
6434.655,20.000
6435.656,20.000
6436.657,20.000
6437.658,20.000
6438.659,20.000
6439.660,20.000
6440.661,20.000
6441.662,20.000
6442.663,20.000
6443.664,20.000
6444.665,20.000
6445.666,20.000
6446.667,20.000
6447.668,20.000
6448.669,20.000
6449.670,20.000
6450.671,20.000
6451.672,20.000
6452.673,20.000
6453.674,20.000
6454.675,20.000
6455.676,20.000
6456.677,20.000
6457.678,20.000
6458.679,20.000
6459.680,20.000
6460.681,20.000
6461.682,20.000
6462.683,20.000
6463.684,20.000
6464.685,20.000
6465.686,20.000
6466.687,20.000
6467.688,20.000
6468.688,20.000
6469.689,20.000
6470.690,20.000
6471.691,20.000
6472.692,20.000
6473.693,20.000
6474.694,20.061
6475.695,20.109
6476.696,20.220
6477.697,20.324
6478.698,20.498
6479.699,20.699
6480.700,20.952
6481.701,21.195
6482.702,21.515
6483.703,21.827
6484.704,22.196
6485.705,22.628
6486.706,23.052
6487.707,23.520
6488.708,24.011
6489.709,24.556
6490.710,25.107
6491.711,25.699
6492.712,26.330
6493.713,26.978
6494.714,27.709
6495.715,28.413
6496.716,29.153
6497.717,29.940
6498.718,30.753
6499.719,31.592
6500.720,32.460
6501.721,33.335
6502.722,34.274
6503.723,35.232
6504.724,36.200
6505.725,37.243
6506.726,38.297
6507.727,39.351
6508.728,40.451
6509.729,41.535
6510.729,42.677
6511.730,43.836
6512.731,45.019
6513.732,46.206
6514.733,47.458
6515.734,48.708
6516.735,49.988
6517.736,51.322
6518.737,52.651
6519.738,53.997
6520.739,55.372
6521.740,56.786
6522.741,58.226
6523.742,59.683
6524.743,61.144
6525.744,62.657
6526.745,64.188
6527.746,65.732
6528.747,67.311
6529.748,68.893
6530.749,70.498
6531.750,72.100
6532.751,73.757
6533.752,75.407
6534.753,77.087
6535.754,78.778
6536.755,80.469
6537.756,82.195
6538.757,83.938
6539.758,85.680
6540.759,87.478
6541.760,89.238
6542.761,91.025
6543.762,92.823
6544.763,94.680
6545.764,96.483
6546.765,98.354
6547.766,100.190
6548.767,102.034
6549.768,103.935
6550.769,105.839
6551.770,107.745
6552.771,109.671
6553.771,111.606
6554.772,113.545
6555.773,115.485
6556.774,117.436
6557.775,119.405
6558.776,121.370
6559.777,123.334
6560.778,125.311
6561.779,127.315
6562.780,129.321
6563.781,131.332
6564.782,133.327
6565.783,135.332
6566.784,137.327
6567.785,139.309
6568.786,141.297
6569.787,143.309
6570.788,145.311
6571.789,147.288
6572.790,149.320
6573.791,151.336
6574.792,153.322
6575.793,155.307
6576.794,157.301
6577.795,159.305
6578.796,161.299
6579.797,163.263
6580.798,165.248
6581.799,167.229
6582.800,169.208
6583.801,171.167
6584.802,173.129
6585.803,175.093
6586.804,177.012
6587.805,178.945
6588.806,180.883
6589.807,182.793
6590.808,184.690
6591.809,186.613
6592.810,188.484
6593.811,190.367
6594.812,192.267
6595.813,194.121
6596.813,195.969
6597.814,197.803
6598.815,199.625
6599.816,201.442
6600.817,203.255
6601.818,205.039
6602.819,206.805
6603.820,208.578
6604.821,210.332
6605.822,212.029
6606.823,213.770
6607.824,215.438
6608.825,217.119
6609.826,218.775
6610.827,220.424
6611.828,222.022
6612.829,223.672
6613.830,225.266
6614.831,226.842
6615.832,228.392
6616.833,229.920
6617.834,231.402
6618.835,232.904
6619.836,234.367
6620.837,235.807
6621.838,237.221
6622.839,238.602
6623.840,239.963
6624.841,241.299
6625.842,242.626
6626.843,243.954
6627.844,245.223
6628.845,246.468
6629.846,247.680
6630.847,248.848
6631.848,250.048
6632.849,251.176
6633.850,252.303
6634.851,253.395
6635.852,254.459
6636.853,255.501
6637.854,256.514
6638.854,257.484
6639.855,258.483
6640.856,259.426
6641.857,260.318
6642.858,261.190
6643.859,262.069
6644.860,262.875
6645.861,263.660
6646.862,264.436
6647.863,265.182
6648.864,265.871
6649.865,266.567
6650.866,267.199
6651.867,267.867
6652.868,268.449
6653.869,269.053
6654.870,269.585
6655.871,270.115
6656.872,270.582
6657.873,271.053
6658.874,271.465
6659.875,271.857
6660.876,272.203
6661.877,272.547
6662.878,272.842
6663.879,273.131
6664.880,273.359
6665.881,273.580
6666.882,273.769
6667.883,273.948
6668.884,274.037
6669.885,274.107
6670.886,274.180
6671.887,274.195
6672.888,274.191
6673.889,274.119
6674.890,274.045
6675.891,273.953
6676.892,273.786
6677.893,273.620
6678.894,273.438
6679.895,273.195
6680.896,272.944
6681.896,272.639
6682.897,272.322
6683.898,271.976
6684.899,271.566
6685.900,271.145
6686.901,270.699
6687.902,270.222
6688.903,269.698
6689.904,269.160
6690.905,268.606
6691.906,268.018
6692.907,267.362
6693.908,266.705
6694.909,266.012
6695.910,265.299
6696.911,264.526
6697.912,263.746
6698.913,262.963
6699.914,262.122
6700.915,261.267
6701.916,260.365
6702.917,259.467
6703.918,258.540
6704.919,257.560
6705.920,256.584
6706.921,255.562
6707.922,254.526
6708.923,253.440
6709.924,252.336
6710.925,251.205
6711.926,250.074
6712.927,248.894
6713.928,247.701
6714.929,246.465
6715.930,245.216
6716.931,243.929
6717.932,242.629
6718.933,241.316
6719.934,239.957
6720.935,238.600
6721.936,237.213
6722.937,235.815
6723.938,234.375
6724.938,232.931
6725.939,231.443
6726.940,229.979
6727.941,228.491
6728.942,226.979
6729.943,225.445
6730.944,223.891
6731.945,222.363
6732.946,220.730
6733.947,219.117
6734.948,217.522
6735.949,215.879
6736.950,214.212
6737.951,212.548
6738.952,210.854
6739.953,209.166
6740.954,207.439
6741.955,205.723
6742.956,203.985
6743.957,202.216
6744.958,200.473
6745.959,198.702
6746.960,196.919
6747.961,195.137
6748.962,193.305
6749.963,191.496
6750.964,189.639
6751.965,187.807
6752.966,185.935
6753.967,184.070
6754.968,182.212
6755.969,180.348
6756.970,178.454
6757.971,176.578
6758.972,174.669
6759.973,172.769
6760.974,170.879
6761.975,168.964
6762.976,167.053
6763.977,165.119
6764.978,163.207
6765.979,161.275
6766.979,159.351
6767.980,157.430
6768.981,155.496
6769.982,153.550
6770.983,151.621
6771.984,149.663
6772.985,147.712
6773.986,145.785
6774.987,143.857
6775.988,141.952
6776.989,140.011
6777.990,138.095
6778.991,136.190
6779.992,134.285
6780.993,132.347
6781.994,130.449
6782.995,128.519
6783.996,126.644
6784.997,124.741
6785.998,122.863
6786.999,121.009
6788.000,119.136
6789.001,117.249
6790.002,115.404
6791.003,113.549
6792.004,111.698
6793.005,109.889
6794.006,108.056
6795.007,106.262
6796.008,104.470
6797.009,102.693
6798.010,100.891
6799.011,99.142
6800.012,97.383
6801.013,95.650
6802.014,93.927
6803.015,92.202
6804.016,90.516
6805.017,88.821
6806.018,87.166
6807.019,85.493
6808.020,83.863
6809.021,82.253
6810.021,80.651
6811.022,79.048
6812.023,77.472
6813.024,75.938
6814.025,74.419
6815.026,72.922
6816.027,71.422
6817.028,69.962
6818.029,68.534
6819.030,67.085
6820.031,65.689
6821.032,64.293
6822.033,62.913
6823.034,61.577
6824.035,60.251
6825.036,58.962
6826.037,57.686
6827.038,56.429
6828.039,55.207
6829.040,54.015
6830.041,52.824
6831.042,51.660
6832.043,50.514
6833.044,49.389
6834.045,48.314
6835.046,47.260
6836.047,46.202
6837.048,45.178
6838.049,44.174
6839.050,43.196
6840.051,42.260
6841.052,41.338
6842.053,40.444
6843.054,39.581
6844.055,38.723
6845.056,37.907
6846.057,37.132
6847.058,36.365
6848.059,35.627
6849.060,34.906
6850.061,34.236
6851.062,33.579
6852.063,32.953
6853.063,32.359
6854.064,31.782
6855.065,31.240
6856.066,30.759
6857.067,30.272
6858.068,29.821
6859.069,29.443
6860.070,29.049
6861.071,28.707
6862.072,28.385
6863.073,28.104
6864.074,27.808
6865.075,27.553
6866.076,27.335
6867.077,27.167
6868.078,27.016
6869.079,26.908
6870.080,26.815
6871.081,26.761
6872.082,26.732
6873.083,26.732
6874.084,26.772
6875.085,26.839
6876.086,26.945
6877.087,27.090
6878.088,27.236
6879.089,27.418
6880.090,27.624
6881.091,27.848
6882.092,28.120
6883.093,28.430
6884.094,28.757
6885.095,29.095
6886.096,29.486
6887.097,29.867
6888.098,30.321
6889.099,30.792
6890.100,31.283
6891.101,31.805
6892.102,32.350
6893.103,32.922
6894.104,33.521
6895.104,34.158
6896.105,34.796
6897.106,35.483
6898.107,36.208
6899.108,36.929
6900.109,37.711
6901.110,38.496
6902.111,39.319
6903.112,40.165
6904.113,41.021
6905.114,41.888
6906.115,42.820
6907.116,43.755
6908.117,44.731
6909.118,45.730
6910.119,46.753
6911.120,47.802
6912.121,48.881
6913.122,49.973
6914.123,51.102
6915.124,52.283
6916.125,53.451
6917.126,54.642
6918.127,55.877
6919.128,57.117
6920.129,58.387
6921.130,59.701
6922.131,61.005
6923.132,62.356
6924.133,63.693
6925.134,65.063
6926.135,66.446
6927.136,67.865
6928.137,69.226
6929.138,70.673
6930.139,72.105
6931.140,73.560
6932.141,75.026
6933.142,76.519
6934.143,78.001
6935.144,79.549
6936.145,81.094
6937.146,82.657
6938.146,84.257
6939.147,85.847
6940.148,87.447
6941.149,89.075
6942.150,90.706
6943.151,92.357
6944.152,94.026
6945.153,95.674
6946.154,97.360
6947.155,99.065
6948.156,100.764
6949.157,102.471
6950.158,104.243
6951.159,105.970
6952.160,107.750
6953.161,109.539
6954.162,111.317
6955.163,113.112
6956.164,114.896
6957.165,116.678
6958.166,118.449
6959.167,120.254
6960.168,122.045
6961.169,123.858
6962.170,125.674
6963.171,127.465
6964.172,129.312
6965.173,131.148
6966.174,132.982
6967.175,134.823
6968.176,136.676
6969.177,138.513
6970.178,140.367
6971.179,142.217
6972.180,144.073
6973.181,145.922
6974.182,147.770
6975.183,149.654
6976.184,151.517
6977.185,153.352
6978.186,155.218
6979.187,157.078
6980.188,158.922
6981.188,160.740
6982.189,162.565
6983.190,164.353
6984.191,166.156
6985.192,167.973
6986.193,169.751
6987.194,171.544
6988.195,173.334
6989.196,175.084
6990.197,176.845
6991.198,178.637
6992.199,180.379
6993.200,182.096
6994.201,183.844
6995.202,185.580
6996.203,187.292
6997.204,188.978
6998.205,190.689
6999.206,192.391
7000.207,194.048
7001.208,195.711
7002.209,197.366
7003.210,198.980
7004.211,200.605
7005.212,202.203
7006.213,203.801
7007.214,205.406
7008.215,206.955
7009.216,208.498
7010.217,210.047
7011.218,211.555
7012.219,213.062
7013.220,214.537
7014.221,215.992
7015.222,217.461
7016.223,218.880
7017.224,220.266
7018.225,221.665
7019.226,223.063
7020.227,224.435
7021.228,225.773
7022.229,227.088
7023.229,228.400
7024.230,229.692
7025.231,230.953
7026.232,232.201
7027.233,233.385
7028.234,234.571
7029.235,235.723
7030.236,236.854
7031.237,237.965
7032.238,239.055
7033.239,240.102
7034.240,241.123
7035.241,242.155
7036.242,243.154
7037.243,244.101
7038.244,245.039
7039.245,245.977
7040.246,246.877
7041.247,247.731
7042.248,248.574
7043.249,249.420
7044.250,250.227
7045.251,251.016
7046.252,251.764
7047.253,252.496
7048.254,253.217
7049.255,253.881
7050.256,254.540
7051.257,255.151
7052.258,255.735
7053.259,256.288
7054.260,256.835
7055.261,257.362
7056.262,257.865
7057.263,258.338
7058.264,258.776
7059.265,259.190
7060.266,259.582
7061.267,259.902
7062.268,260.213
7063.269,260.510
7064.270,260.740
7065.271,260.947
7066.271,261.149
7067.272,261.334
7068.273,261.457
7069.274,261.559
7070.275,261.625
7071.276,261.715
7072.277,261.728
7073.278,261.693
7074.279,261.670
7075.280,261.615
7076.281,261.514
7077.282,261.387
7078.283,261.238
7079.284,261.086
7080.285,260.869
7081.286,260.645
7082.287,260.389
7083.288,260.125
7084.289,259.803
7085.290,259.434
7086.291,259.088
7087.292,258.682
7088.293,258.221
7089.294,257.764
7090.295,257.277
7091.296,256.750
7092.297,256.185
7093.298,255.614
7094.299,255.010
7095.300,254.383
7096.301,253.707
7097.302,253.019
7098.303,252.282
7099.304,251.547
7100.305,250.777
7101.306,249.956
7102.307,249.136
7103.308,248.307
7104.309,247.434
7105.310,246.509
7106.311,245.578
7107.312,244.657
7108.313,243.666
7109.313,242.678
7110.314,241.693
7111.315,240.643
7112.316,239.592
7113.317,238.510
7114.318,237.412
7115.319,236.307
7116.320,235.158
7117.321,233.981
7118.322,232.799
7119.323,231.611
7120.324,230.371
7121.325,229.100
7122.326,227.830
7123.327,226.559
7124.328,225.215
7125.329,223.877
7126.330,222.568
7127.331,221.194
7128.332,219.832
7129.333,218.426
7130.334,217.023
7131.335,215.608
7132.336,214.131
7133.337,212.671
7134.338,211.196
7135.339,209.682
7136.340,208.162
7137.341,206.619
7138.342,205.074
7139.343,203.477
7140.344,201.885
7141.345,200.306
7142.346,198.736
7143.347,197.126
7144.348,195.539
7145.349,193.926
7146.350,192.311
7147.351,190.685
7148.352,189.052
7149.353,187.410
7150.354,185.761
7151.354,184.084
7152.355,182.398
7153.356,180.682
7154.357,178.977
7155.358,177.259
7156.359,175.500
7157.360,173.764
7158.361,172.024
7159.362,170.284
7160.363,168.540
7161.364,166.753
7162.365,164.998
7163.366,163.223
7164.367,161.441
7165.368,159.616
7166.369,157.842
7167.370,156.060
7168.371,154.288
7169.372,152.472
7170.373,150.701
7171.374,148.922
7172.375,147.139
7173.376,145.360
7174.377,143.594
7175.378,141.805
7176.379,140.013
7177.380,138.242
7178.381,136.485
7179.382,134.713
7180.383,132.942
7181.384,131.152
7182.385,129.403
7183.386,127.654
7184.387,125.876
7185.388,124.127
7186.389,122.391
7187.390,120.625
7188.391,118.902
7189.392,117.204
7190.393,115.489
7191.394,113.801
7192.395,112.120
7193.396,110.424
7194.396,108.759
7195.397,107.124
7196.398,105.458
7197.399,103.823
7198.400,102.199
7199.401,100.562
7200.402,98.990
7201.403,97.359
7202.404,95.765
7203.405,94.190
7204.406,92.633
7205.407,91.070
7206.408,89.547
7207.409,88.035
7208.410,86.494
7209.411,84.985
7210.412,83.499
7211.413,82.028
7212.414,80.591
7213.415,79.142
7214.416,77.743
7215.417,76.350
7216.418,74.989
7217.419,73.670
7218.420,72.327
7219.421,71.010
7220.422,69.705
7221.423,68.453
7222.424,67.163
7223.425,65.952
7224.426,64.689
7225.427,63.495
7226.428,62.329
7227.429,61.156
7228.430,60.049
7229.431,58.919
7230.432,57.826
7231.433,56.749
7232.434,55.710
7233.435,54.674
7234.436,53.677
7235.437,52.676
7236.438,51.743
7237.438,50.804
7238.439,49.876
7239.440,49.020
7240.441,48.145
7241.442,47.304
7242.443,46.493
7243.444,45.709
7244.445,44.965
7245.446,44.194
7246.447,43.509
7247.448,42.821
7248.449,42.133
7249.450,41.505
7250.451,40.892
7251.452,40.292
7252.453,39.724
7253.454,39.182
7254.455,38.660
7255.456,38.189
7256.457,37.714
7257.458,37.262
7258.459,36.862
7259.460,36.457
7260.461,36.131
7261.462,35.798
7262.463,35.536
7263.464,35.257
7264.465,35.044
7265.466,34.827
7266.467,34.659
7267.468,34.513
7268.469,34.383
7269.470,34.268
7270.471,34.202
7271.472,34.155
7272.473,34.084
7273.474,34.111
7274.475,34.126
7275.476,34.160
7276.477,34.253
7277.478,34.342
7278.479,34.475
7279.479,34.625
7280.480,34.791
7281.481,34.999
7282.482,35.249
7283.483,35.499
7284.484,35.772
7285.485,36.101
7286.486,36.412
7287.487,36.816
7288.488,37.205
7289.489,37.604
7290.490,38.053
7291.491,38.526
7292.492,39.042
7293.493,39.551
7294.494,40.135
7295.495,40.709
7296.496,41.330
7297.497,41.947
7298.498,42.600
7299.499,43.281
7300.500,44.002
7301.501,44.716
7302.502,45.465
7303.503,46.254
7304.504,47.031
7305.505,47.866
7306.506,48.692
7307.507,49.540
7308.508,50.469
7309.509,51.351
7310.510,52.312
7311.511,53.254
7312.512,54.238
7313.513,55.235
7314.514,56.265
7315.515,57.310
7316.516,58.395
7317.517,59.489
7318.518,60.593
7319.519,61.754
7320.520,62.913
7321.521,64.067
7322.521,65.255
7323.522,66.437
7324.523,67.644
7325.524,68.870
7326.525,70.107
7327.526,71.373
7328.527,72.654
7329.528,73.952
7330.529,75.254
7331.530,76.613
7332.531,77.977
7333.532,79.339
7334.533,80.748
7335.534,82.179
7336.535,83.562
7337.536,85.041
7338.537,86.476
7339.538,87.952
7340.539,89.449
7341.540,90.930
7342.541,92.443
7343.542,93.944
7344.543,95.449
7345.544,96.990
7346.545,98.531
7347.546,100.086
7348.547,101.633
7349.548,103.241
7350.549,104.802
7351.550,106.436
7352.551,108.038
7353.552,109.681
7354.553,111.298
7355.554,112.938
7356.555,114.597
7357.556,116.239
7358.557,117.903
7359.558,119.539
7360.559,121.235
7361.560,122.896
7362.561,124.577
7363.562,126.257
7364.563,127.961
7365.563,129.639
7366.564,131.343
7367.565,133.045
7368.566,134.751
7369.567,136.458
7370.568,138.159
7371.569,139.866
7372.570,141.533
7373.571,143.223
7374.572,144.901
7375.573,146.583
7376.574,148.266
7377.575,149.972
7378.576,151.631
7379.577,153.326
7380.578,154.996
7381.579,156.673
7382.580,158.355
7383.581,160.019
7384.582,161.695
7385.583,163.333
7386.584,165.009
7387.585,166.635
7388.586,168.282
7389.587,169.926
7390.588,171.567
7391.589,173.164
7392.590,174.784
7393.591,176.374
7394.592,177.973
7395.593,179.544
7396.594,181.133
7397.595,182.673
7398.596,184.227
7399.597,185.781
7400.598,187.313
7401.599,188.855
7402.600,190.371
7403.601,191.904
7404.602,193.406
7405.603,194.907
7406.604,196.373
7407.604,197.850
7408.605,199.300
7409.606,200.728
7410.607,202.130
7411.608,203.523
7412.609,204.879
7413.610,206.244
7414.611,207.584
7415.612,208.900
7416.613,210.234
7417.614,211.525
7418.615,212.809
7419.616,214.060
7420.617,215.317
7421.618,216.527
7422.619,217.717
7423.620,218.918
7424.621,220.086
7425.622,221.244
7426.623,222.376
7427.624,223.477
7428.625,224.574
7429.626,225.653
7430.627,226.699
7431.628,227.751
7432.629,228.737
7433.630,229.765
7434.631,230.727
7435.632,231.668
7436.633,232.592
7437.634,233.517
7438.635,234.389
7439.636,235.242
7440.637,236.059
7441.638,236.875
7442.639,237.651
7443.640,238.410
7444.641,239.150
7445.642,239.840
7446.643,240.541
7447.644,241.212
7448.645,241.885
7449.646,242.503
7450.646,243.100
7451.647,243.678
7452.648,244.242
7453.649,244.757
7454.650,245.281
7455.651,245.760
7456.652,246.201
7457.653,246.615
7458.654,247.010
7459.655,247.389
7460.656,247.740
7461.657,248.055
7462.658,248.352
7463.659,248.644
7464.660,248.893
7465.661,249.104
7466.662,249.279
7467.663,249.451
7468.664,249.569
7469.665,249.686
7470.666,249.772
7471.667,249.809
7472.668,249.832
7473.669,249.838
7474.670,249.816
7475.671,249.756
7476.672,249.672
7477.673,249.584
7478.674,249.467
7479.675,249.323
7480.676,249.156
7481.677,248.941
7482.678,248.732
7483.679,248.467
7484.680,248.192
7485.681,247.902
7486.682,247.576
7487.683,247.225
7488.684,246.857
7489.685,246.432
7490.686,246.001
7491.687,245.539
7492.688,245.071
7493.688,244.587
7494.689,244.029
7495.690,243.494
7496.691,242.908
7497.692,242.310
7498.693,241.674
7499.694,241.012
7500.695,240.342
7501.696,239.643
7502.697,238.936
7503.698,238.179
7504.699,237.404
7505.700,236.600
7506.701,235.766
7507.702,234.916
7508.703,234.051
7509.704,233.166
7510.705,232.276
7511.706,231.359
7512.707,230.422
7513.708,229.445
7514.709,228.443
7515.710,227.436
7516.711,226.398
7517.712,225.344
7518.713,224.260
7519.714,223.178
7520.715,222.045
7521.716,220.899
7522.717,219.745
7523.718,218.568
7524.719,217.404
7525.720,216.184
7526.721,214.951
7527.722,213.701
7528.723,212.424
7529.724,211.129
7530.725,209.815
7531.726,208.501
7532.727,207.191
7533.728,205.869
7534.729,204.530
7535.729,203.168
7536.730,201.811
7537.731,200.436
7538.732,199.060
7539.733,197.654
7540.734,196.223
7541.735,194.798
7542.736,193.359
7543.737,191.891
7544.738,190.426
7545.739,188.926
7546.740,187.422
7547.741,185.919
7548.742,184.402
7549.743,182.893
7550.744,181.362
7551.745,179.822
7552.746,178.273
7553.747,176.719
7554.748,175.158
7555.749,173.592
7556.750,172.052
7557.751,170.487
7558.752,168.906
7559.753,167.314
7560.754,165.720
7561.755,164.131
7562.756,162.515
7563.757,160.885
7564.758,159.305
7565.759,157.673
7566.760,156.052
7567.761,154.427
7568.762,152.801
7569.763,151.160
7570.764,149.531
7571.765,147.898
7572.766,146.264
7573.767,144.612
7574.768,142.969
7575.769,141.313
7576.770,139.687
7577.771,138.047
7578.771,136.413
7579.772,134.779
7580.773,133.131
7581.774,131.518
7582.775,129.907
7583.776,128.301
7584.777,126.681
7585.778,125.061
7586.779,123.486
7587.780,121.910
7588.781,120.321
7589.782,118.746
7590.783,117.183
7591.784,115.649
7592.785,114.092
7593.786,112.543
7594.787,111.029
7595.788,109.529
7596.789,107.985
7597.790,106.498
7598.791,105.019
7599.792,103.530
7600.793,102.048
7601.794,100.596
7602.795,99.132
7603.796,97.664
7604.797,96.235
7605.798,94.789
7606.799,93.390
7607.800,91.996
7608.801,90.600
7609.802,89.217
7610.803,87.856
7611.804,86.507
7612.805,85.154
7613.806,83.857
7614.807,82.552
7615.808,81.267
7616.809,80.024
7617.810,78.777
7618.811,77.524
7619.812,76.313
7620.813,75.135
7621.813,73.959
7622.814,72.777
7623.815,71.650
7624.816,70.511
7625.817,69.406
7626.818,68.311
7627.819,67.248
7628.820,66.203
7629.821,65.164
7630.822,64.159
7631.823,63.165
7632.824,62.190
7633.825,61.259
7634.826,60.273
7635.827,59.369
7636.828,58.475
7637.829,57.587
7638.830,56.766
7639.831,55.967
7640.832,55.154
7641.833,54.359
7642.834,53.618
7643.835,52.884
7644.836,52.163
7645.837,51.486
7646.838,50.836
7647.839,50.206
7648.840,49.582
7649.841,49.014
7650.842,48.454
7651.843,47.903
7652.844,47.391
7653.845,46.883
7654.846,46.421
7655.847,45.956
7656.848,45.519
7657.849,45.122
7658.850,44.737
7659.851,44.371
7660.852,44.052
7661.853,43.752
7662.854,43.484
7663.854,43.246
7664.855,43.018
7665.856,42.842
7666.857,42.655
7667.858,42.496
7668.859,42.396
7669.860,42.282
7670.861,42.218
7671.862,42.175
7672.863,42.146
7673.864,42.117
7674.865,42.127
7675.866,42.168
7676.867,42.235
7677.868,42.323
7678.869,42.444
7679.870,42.597
7680.871,42.766
7681.872,42.939
7682.873,43.133
7683.874,43.364
7684.875,43.616
7685.876,43.880
7686.877,44.209
7687.878,44.535
7688.879,44.862
7689.880,45.262
7690.881,45.656
7691.882,46.072
7692.883,46.532
7693.884,47.012
7694.885,47.500
7695.886,48.025
7696.887,48.581
7697.888,49.192
7698.889,49.748
7699.890,50.347
7700.891,51.008
7701.892,51.657
7702.893,52.364
7703.894,53.088
7704.895,53.825
7705.896,54.556
7706.896,55.327
7707.897,56.124
7708.898,56.944
7709.899,57.783
7710.900,58.638
7711.901,59.533
7712.902,60.433
7713.903,61.341
7714.904,62.289
7715.905,63.267
7716.906,64.279
7717.907,65.230
7718.908,66.274
7719.909,67.291
7720.910,68.353
7721.911,69.394
7722.912,70.466
7723.913,71.548
7724.914,72.665
7725.915,73.795
7726.916,74.927
7727.917,76.124
7728.918,77.283
7729.919,78.513
7730.920,79.721
7731.921,80.948
7732.922,82.220
7733.923,83.458
7734.924,84.737
7735.925,86.017
7736.926,87.308
7737.927,88.614
7738.928,89.924
7739.929,91.266
7740.930,92.572
7741.931,93.934
7742.932,95.307
7743.933,96.693
7744.934,98.058
7745.935,99.434
7746.936,100.826
7747.937,102.227
7748.938,103.694
7749.938,105.116
7750.939,106.583
7751.940,108.045
7752.941,109.492
7753.942,110.972
7754.943,112.442
7755.944,113.937
7756.945,115.395
7757.946,116.891
7758.947,118.354
7759.948,119.850
7760.949,121.355
7761.950,122.858
7762.951,124.355
7763.952,125.866
7764.953,127.390
7765.954,128.909
7766.955,130.448
7767.956,131.957
7768.957,133.454
7769.958,134.979
7770.959,136.483
7771.960,138.018
7772.961,139.540
7773.962,141.068
7774.963,142.574
7775.964,144.092
7776.965,145.628
7777.966,147.157
7778.967,148.689
7779.968,150.233
7780.969,151.762
7781.970,153.279
7782.971,154.807
7783.972,156.303
7784.973,157.793
7785.974,159.291
7786.975,160.793
7787.976,162.307
7788.977,163.790
7789.978,165.272
7790.979,166.746
7791.979,168.191
7792.980,169.655
7793.981,171.088
7794.982,172.519
7795.983,173.940
7796.984,175.376
7797.985,176.759
7798.986,178.173
7799.987,179.595
7800.988,180.981
7801.989,182.363
7802.990,183.715
7803.991,185.086
7804.992,186.427
7805.993,187.777
7806.994,189.106
7807.995,190.405
7808.996,191.703
7809.997,192.965
7810.998,194.256
7811.999,195.477
7813.000,196.707
7814.001,197.935
7815.002,199.147
7816.003,200.332
7817.004,201.506
7818.005,202.697
7819.006,203.818
7820.007,204.962
7821.008,206.070
7822.009,207.169
7823.010,208.254
7824.011,209.308
7825.012,210.371
7826.013,211.401
7827.014,212.410
7828.015,213.414
7829.016,214.361
7830.017,215.343
7831.018,216.294
7832.019,217.224
7833.020,218.136
7834.021,219.008
7835.021,219.863
7836.022,220.707
7837.023,221.535
7838.024,222.333
7839.025,223.125
7840.026,223.878
7841.027,224.614
7842.028,225.333
7843.029,226.020
7844.030,226.680
7845.031,227.344
7846.032,227.973
7847.033,228.594
7848.034,229.195
7849.035,229.783
7850.036,230.325
7851.037,230.855
7852.038,231.380
7853.039,231.846
7854.040,232.335
7855.041,232.787
7856.042,233.196
7857.043,233.584
7858.044,233.996
7859.045,234.325
7860.046,234.658
7861.047,234.955
7862.048,235.255
7863.049,235.508
7864.050,235.740
7865.051,235.939
7866.052,236.125
7867.053,236.264
7868.054,236.404
7869.055,236.506
7870.056,236.603
7871.057,236.670
7872.058,236.703
7873.059,236.723
7874.060,236.733
7875.061,236.701
7876.062,236.639
7877.063,236.596
7878.063,236.500
7879.064,236.385
7880.065,236.241
7881.066,236.076
7882.067,235.891
7883.068,235.674
7884.069,235.449
7885.070,235.182
7886.071,234.883
7887.072,234.603
7888.073,234.283
7889.074,233.906
7890.075,233.540
7891.076,233.127
7892.077,232.713
7893.078,232.272
7894.079,231.804
7895.080,231.322
7896.081,230.822
7897.082,230.294
7898.083,229.740
7899.084,229.168
7900.085,228.592
7901.086,227.967
7902.087,227.323
7903.088,226.701
7904.089,226.001
7905.090,225.311
7906.091,224.595
7907.092,223.869
7908.093,223.098
7909.094,222.307
7910.095,221.528
7911.096,220.713
7912.097,219.889
7913.098,219.025
7914.099,218.166
7915.100,217.297
7916.101,216.404
7917.102,215.480
7918.103,214.561
7919.104,213.626
7920.104,212.660
7921.105,211.671
7922.106,210.703
7923.107,209.696
7924.108,208.664
7925.109,207.605
7926.110,206.555
7927.111,205.458
7928.112,204.377
7929.113,203.263
7930.114,202.145
7931.115,201.000
7932.116,199.837
7933.117,198.670
7934.118,197.474
7935.119,196.289
7936.120,195.064
7937.121,193.835
7938.122,192.585
7939.123,191.332
7940.124,190.065
7941.125,188.799
7942.126,187.519
7943.127,186.223
7944.128,184.954
7945.129,183.627
7946.130,182.328
7947.131,181.016
7948.132,179.713
7949.133,178.376
7950.134,177.014
7951.135,175.667
7952.136,174.298
7953.137,172.926
7954.138,171.537
7955.139,170.140
7956.140,168.737
7957.141,167.346
7958.142,165.922
7959.143,164.520
7960.144,163.106
7961.145,161.705
7962.146,160.301
7963.146,158.890
7964.147,157.483
7965.148,156.059
7966.149,154.649
7967.150,153.223
7968.151,151.787
7969.152,150.375
7970.153,148.954
7971.154,147.524
7972.155,146.090
7973.156,144.661
7974.157,143.229
7975.158,141.789
7976.159,140.330
7977.160,138.886
7978.161,137.459
7979.162,136.015
7980.163,134.574
7981.164,133.146
7982.165,131.723
7983.166,130.291
7984.167,128.860
7985.168,127.429
7986.169,126.025
7987.170,124.606
7988.171,123.194
7989.172,121.760
7990.173,120.350
7991.174,118.926
7992.175,117.539
7993.176,116.145
7994.177,114.766
7995.178,113.397
7996.179,112.037
7997.180,110.695
7998.181,109.367
7999.182,108.028
8000.183,106.719
8001.184,105.408
8002.185,104.093
8003.186,102.792
8004.187,101.514
8005.188,100.223
8006.188,98.945
8007.189,97.693
8008.190,96.474
8009.191,95.237
8010.192,94.053
8011.193,92.845
8012.194,91.681
8013.195,90.508
8014.196,89.371
8015.197,88.237
8016.198,87.116
8017.199,85.993
8018.200,84.906
8019.201,83.818
8020.202,82.747
8021.203,81.702
8022.204,80.649
8023.205,79.629
8024.206,78.617
8025.207,77.617
8026.208,76.624
8027.209,75.632
8028.210,74.685
8029.211,73.740
8030.212,72.814
8031.213,71.920
8032.214,71.032
8033.215,70.154
8034.216,69.286
8035.217,68.482
8036.218,67.647
8037.219,66.854
8038.220,66.052
8039.221,65.282
8040.222,64.531
8041.223,63.803
8042.224,63.086
8043.225,62.415
8044.226,61.757
8045.227,61.106
8046.228,60.482
8047.229,59.905
8048.229,59.302
8049.230,58.742
8050.231,58.214
8051.232,57.695
8052.233,57.201
8053.234,56.715
8054.235,56.274
8055.236,55.863
8056.237,55.450
8057.238,55.046
8058.239,54.658
8059.240,54.318
8060.241,53.995
8061.242,53.703
8062.243,53.418
8063.244,53.146
8064.245,52.909
8065.246,52.682
8066.247,52.491
8067.248,52.303
8068.249,52.151
8069.250,52.006
8070.251,51.901
8071.252,51.821
8072.253,51.738
8073.254,51.698
8074.255,51.674
8075.256,51.672
8076.257,51.678
8077.258,51.724
8078.259,51.829
8079.260,51.904
8080.261,52.024
8081.262,52.156
8082.263,52.344
8083.264,52.517
8084.265,52.723
8085.266,52.939
8086.267,53.167
8087.268,53.458
8088.269,53.737
8089.270,54.055
8090.271,54.374
8091.271,54.721
8092.272,55.102
8093.273,55.489
8094.274,55.893
8095.275,56.320
8096.276,56.792
8097.277,57.275
8098.278,57.753
8099.279,58.261
8100.280,58.819
8101.281,59.398
8102.282,59.976
8103.283,60.578
8104.284,61.196
8105.285,61.850
8106.286,62.531
8107.287,63.212
8108.288,63.917
8109.289,64.635
8110.290,65.406
8111.291,66.155
8112.292,66.956
8113.293,67.735
8114.294,68.569
8115.295,69.395
8116.296,70.251
8117.297,71.109
8118.298,71.998
8119.299,72.910
8120.300,73.810
8121.301,74.724
8122.302,75.657
8123.303,76.604
8124.304,77.600
8125.305,78.582
8126.306,79.601
8127.307,80.617
8128.308,81.669
8129.309,82.732
8130.310,83.808
8131.311,84.861
8132.312,85.968
8133.313,87.067
8134.313,88.180
8135.314,89.307
8136.315,90.439
8137.316,91.592
8138.317,92.751
8139.318,93.907
8140.319,95.080
8141.320,96.282
8142.321,97.493
8143.322,98.681
8144.323,99.890
8145.324,101.121
8146.325,102.382
8147.326,103.640
8148.327,104.917
8149.328,106.183
8150.329,107.441
8151.330,108.756
8152.331,110.046
8153.332,111.368
8154.333,112.645
8155.334,113.979
8156.335,115.318
8157.336,116.620
8158.337,117.977
8159.338,119.321
8160.339,120.696
8161.340,122.022
8162.341,123.394
8163.342,124.734
8164.343,126.111
8165.344,127.466
8166.345,128.838
8167.346,130.180
8168.347,131.531
8169.348,132.919
8170.349,134.281
8171.350,135.638
8172.351,137.002
8173.352,138.359
8174.353,139.735
8175.354,141.104
8176.354,142.484
8177.355,143.835
8178.356,145.215
8179.357,146.571
8180.358,147.934
8181.359,149.281
8182.360,150.643
8183.361,152.008
8184.362,153.348
8185.363,154.700
8186.364,156.010
8187.365,157.344
8188.366,158.685
8189.367,160.008
8190.368,161.353
8191.369,162.668
8193.338,165.268
8195.291,167.864
8197.244,170.402
8199.197,172.906
8201.150,175.379
8203.104,177.812
8205.057,180.229
8207.010,182.590
8208.963,184.875
8210.916,187.178
8212.869,189.387
8214.822,191.551
8216.775,193.710
8218.729,195.753
8220.682,197.790
8222.635,199.780
8224.588,201.687
8226.541,203.542
8228.494,205.339
8230.447,207.061
8232.400,208.706
8234.354,210.246
8236.307,211.749
8238.260,213.170
8240.213,214.520
8242.166,215.802
8244.119,216.990
8246.072,218.103
8248.025,219.180
8249.979,220.161
8251.932,221.095
8253.885,221.938
8255.838,222.718
8257.791,223.373
8259.744,223.932
8261.697,224.455
8263.650,224.879
8265.604,225.199
8267.557,225.471
8269.510,225.613
8271.463,225.679
8273.416,225.682
8275.369,225.583
8277.322,225.358
8279.275,225.083
8281.229,224.705
8283.182,224.301
8285.135,223.766
8287.088,223.187
8289.041,222.513
8290.994,221.767
8292.947,220.941
8294.900,220.037
8296.854,219.060
8298.807,218.045
8300.760,216.936
8302.713,215.725
8304.666,214.490
8306.619,213.156
8308.572,211.752
8310.525,210.275
8312.479,208.721
8314.432,207.091
8316.385,205.391
8318.338,203.642
8320.291,201.830
8322.244,199.959
8324.197,198.038
8326.150,196.036
8328.104,193.969
8330.057,191.897
8332.010,189.730
8333.963,187.540
8335.916,185.320
8337.869,183.063
8339.822,180.717
8341.775,178.354
8343.729,175.942
8345.682,173.502
8347.635,171.040
8349.588,168.576
8351.541,166.079
8353.494,163.558
8355.447,161.018
8357.400,158.444
8359.354,155.823
8361.307,153.225
8363.260,150.571
8365.213,147.944
8367.166,145.322
8369.119,142.722
8371.072,140.053
8373.025,137.429
8374.979,134.827
8376.932,132.251
8378.885,129.681
8380.838,127.113
8382.791,124.554
8384.744,122.028
8386.697,119.512
8388.650,117.014
8390.604,114.531
8392.557,112.066
8394.510,109.617
8396.463,107.207
8398.416,104.850
8400.369,102.547
8402.322,100.275
8404.275,98.015
8406.229,95.805
8408.182,93.663
8410.135,91.541
8412.088,89.460
8414.041,87.430
8415.994,85.470
8417.947,83.592
8419.900,81.772
8421.854,79.987
8423.807,78.280
8425.760,76.582
8427.713,74.966
8429.666,73.444
8431.619,71.947
8433.572,70.556
8435.525,69.200
8437.479,67.953
8439.432,66.760
8441.385,65.637
8443.338,64.601
8445.291,63.622
8447.244,62.728
8449.197,61.902
8451.150,61.149
8453.104,60.487
8455.057,59.893
8457.010,59.384
8458.963,58.934
8460.916,58.580
8462.869,58.312
8464.822,58.151
8466.775,58.050
8468.729,58.044
8470.682,58.164
8472.635,58.298
8474.588,58.573
8476.541,58.881
8478.494,59.280
8480.447,59.749
8482.400,60.320
8484.354,60.922
8486.307,61.630
8488.260,62.415
8490.213,63.248
8492.166,64.188
8494.119,65.179
8496.072,66.241
8498.025,67.399
8499.979,68.602
8501.932,69.878
8503.885,71.209
8505.838,72.625
8507.791,74.065
8509.744,75.609
8511.697,77.176
8513.650,78.844
8515.604,80.575
8517.557,82.340
8519.510,84.207
8521.463,86.093
8523.416,88.027
8525.369,89.995
8527.322,92.022
8529.275,94.091
8531.229,96.216
8533.182,98.420
8535.135,100.585
8537.088,102.816
8539.041,105.029
8540.994,107.281
8542.947,109.561
8544.900,111.881
8546.854,114.222
8548.807,116.605
8550.760,119.009
8552.713,121.424
8554.666,123.862
8556.619,126.277
8558.572,128.738
8560.525,131.203
8562.479,133.657
8564.432,136.122
8566.385,138.531
8568.338,140.985
8570.291,143.405
8572.244,145.834
8574.197,148.250
8576.150,150.654
8578.104,153.066
8580.057,155.463
8582.010,157.848
8583.963,160.190
8585.916,162.509
8587.869,164.793
8589.822,167.100
8591.775,169.381
8593.729,171.601
8595.682,173.790
8597.635,175.923
8599.588,178.052
8601.541,180.076
8603.494,182.084
8605.447,184.048
8607.400,185.962
8609.354,187.832
8611.307,189.665
8613.260,191.427
8615.213,193.161
8617.166,194.857
8619.119,196.466
8621.072,198.045
8623.025,199.581
8624.979,201.036
8626.932,202.455
8628.885,203.766
8630.838,205.029
8632.791,206.179
8634.744,207.283
8636.697,208.310
8638.650,209.281
8640.604,210.153
8642.557,210.985
8644.510,211.715
8646.463,212.410
8648.416,213.000
8650.369,213.537
8652.322,213.996
8654.275,214.396
8656.229,214.706
8658.182,214.939
8660.135,215.096
8662.088,215.188
8664.041,215.195
8665.994,215.130
8667.947,214.992
8669.900,214.791
8671.854,214.525
8673.807,214.195
8675.760,213.766
8677.713,213.318
8679.666,212.774
8681.619,212.145
8683.572,211.452
8685.525,210.710
8687.479,209.872
8689.432,208.955
8691.385,207.983
8693.338,206.957
8695.291,205.861
8697.244,204.682
8699.197,203.445
8701.150,202.153
8703.104,200.793
8705.057,199.359
8707.010,197.832
8708.963,196.303
8710.916,194.670
8712.869,192.998
8714.822,191.262
8716.775,189.506
8718.729,187.645
8720.682,185.777
8722.635,183.891
8724.588,182.000
8726.541,180.035
8728.494,178.048
8730.447,176.010
8732.400,173.935
8734.354,171.859
8736.307,169.743
8738.260,167.570
8740.213,165.384
8742.166,163.127
8744.119,160.846
8746.072,158.569
8748.025,156.290
8749.979,153.969
8751.932,151.637
8753.885,149.288
8755.838,146.961
8757.791,144.595
8759.744,142.245
8761.697,139.881
8763.650,137.548
8765.604,135.216
8767.557,132.893
8769.510,130.555
8771.463,128.244
8773.416,125.901
8775.369,123.591
8777.322,121.249
8779.275,118.945
8781.229,116.688
8783.182,114.453
8785.135,112.235
8787.088,110.072
8789.041,107.923
8790.994,105.821
8792.947,103.740
8794.900,101.741
8796.854,99.806
8798.807,97.889
8800.760,96.015
8802.713,94.169
8804.666,92.346
8806.619,90.612
8808.572,88.871
8810.525,87.178
8812.479,85.531
8814.432,83.948
8816.385,82.363
8818.338,80.872
8820.291,79.415
8822.244,78.037
8824.197,76.690
8826.150,75.414
8828.104,74.241
8830.057,73.131
8832.010,72.072
8833.963,71.049
8835.916,70.147
8837.869,69.312
8839.822,68.539
8841.775,67.856
8843.729,67.234
8845.682,66.670
8847.635,66.184
8849.588,65.791
8851.541,65.418
8853.494,65.158
8855.447,64.999
8857.400,64.860
8859.354,64.815
8861.307,64.841
8863.260,64.907
8865.213,65.076
8867.166,65.317
8869.119,65.595
8871.072,65.978
8873.025,66.418
8874.979,66.901
8876.932,67.474
8878.885,68.096
8880.838,68.828
8882.791,69.618
8884.744,70.467
8886.697,71.409
8888.650,72.430
8890.604,73.493
8892.557,74.631
8894.510,75.815
8896.463,77.052
8898.416,78.360
8900.369,79.700
8902.322,81.104
8904.275,82.570
8906.229,84.107
8908.182,85.659
8910.135,87.283
8912.088,88.983
8914.041,90.702
8915.994,92.460
8917.947,94.287
8919.900,96.120
8921.854,98.001
8923.807,99.898
8925.760,101.821
8927.713,103.787
8929.666,105.784
8931.619,107.775
8933.572,109.841
8935.525,111.944
8937.479,114.038
8939.432,116.192
8941.385,118.325
8943.338,120.538
8945.291,122.745
8947.244,124.965
8949.197,127.194
8951.150,129.447
8953.104,131.681
8955.057,133.944
8957.010,136.160
8958.963,138.348
8960.916,140.557
8962.869,142.757
8964.822,144.901
8966.775,147.068
8968.729,149.238
8970.682,151.398
8972.635,153.489
8974.588,155.634
8976.541,157.725
8978.494,159.817
8980.447,161.925
8982.400,163.947
8984.354,165.984
8986.307,167.987
8988.260,169.934
8990.213,171.891
8992.166,173.755
8994.119,175.567
8996.072,177.344
8998.025,179.076
8999.979,180.781
9001.932,182.424
9003.885,184.020
9005.838,185.594
9007.791,187.062
9009.744,188.526
9011.697,189.954
9013.650,191.277
9015.604,192.621
9017.557,193.883
9019.510,195.086
9021.463,196.250
9023.416,197.322
9025.369,198.361
9027.322,199.356
9029.275,200.273
9031.229,201.119
9033.182,201.920
9035.135,202.625
9037.088,203.290
9039.041,203.867
9040.994,204.389
9042.947,204.856
9044.900,205.212
9046.854,205.537
9048.807,205.777
9050.760,205.961
9052.713,206.061
9054.666,206.070
9056.619,206.018
9058.572,205.903
9060.525,205.693
9062.479,205.403
9064.432,205.085
9066.385,204.654
9068.338,204.176
9070.291,203.600
9072.244,202.994
9074.197,202.303
9076.150,201.549
9078.104,200.775
9080.057,199.922
9082.010,199.002
9083.963,198.036
9085.916,197.008
9087.869,195.934
9089.822,194.779
9091.775,193.595
9093.729,192.352
9095.682,191.075
9097.635,189.732
9099.588,188.363
9101.541,186.930
9103.494,185.441
9105.447,183.936
9107.400,182.346
9109.354,180.736
9111.307,179.070
9113.260,177.366
9115.213,175.613
9117.166,173.809
9119.119,171.974
9121.072,170.106
9123.025,168.189
9124.979,166.242
9126.932,164.298
9128.885,162.258
9130.838,160.248
9132.791,158.192
9134.744,156.133
9136.697,154.027
9138.650,151.922
9140.604,149.782
9142.557,147.662
9144.510,145.529
9146.463,143.422
9148.416,141.297
9150.369,139.194
9152.322,137.070
9154.275,134.958
9156.229,132.844
9158.182,130.750
9160.135,128.645
9162.088,126.594
9164.041,124.520
9165.994,122.456
9167.947,120.416
9169.900,118.385
9171.854,116.360
9173.807,114.337
9175.760,112.378
9177.713,110.441
9179.666,108.543
9181.619,106.678
9183.572,104.844
9185.525,103.034
9187.479,101.260
9189.432,99.526
9191.385,97.839
9193.338,96.166
9195.291,94.482
9197.244,92.865
9199.197,91.290
9201.150,89.734
9203.104,88.216
9205.057,86.778
9207.010,85.356
9208.963,84.023
9210.916,82.773
9212.869,81.537
9214.822,80.397
9216.775,79.321
9218.729,78.290
9220.682,77.354
9222.635,76.472
9224.588,75.658
9226.541,74.923
9228.494,74.235
9230.447,73.626
9232.400,73.081
9234.354,72.560
9236.307,72.103
9238.260,71.718
9240.213,71.408
9242.166,71.182
9244.119,71.021
9246.072,70.907
9248.025,70.868
9249.979,70.856
9251.932,70.969
9253.885,71.116
9255.838,71.313
9257.791,71.560
9259.744,71.890
9261.697,72.253
9263.650,72.694
9265.604,73.187
9267.557,73.757
9269.510,74.352
9271.463,75.053
9273.416,75.783
9275.369,76.564
9277.322,77.426
9279.275,78.332
9281.229,79.299
9283.182,80.361
9285.135,81.433
9287.088,82.570
9289.041,83.762
9290.994,84.992
9292.947,86.264
9294.900,87.590
9296.854,88.932
9298.807,90.345
9300.760,91.773
9302.713,93.268
9304.666,94.806
9306.619,96.401
9308.572,97.999
9310.525,99.660
9312.479,101.319
9314.432,103.060
9316.385,104.828
9318.338,106.620
9320.291,108.409
9322.244,110.247
9324.197,112.106
9326.150,113.979
9328.104,115.863
9330.057,117.779
9332.010,119.690
9333.963,121.646
9335.916,123.613
9337.869,125.568
9339.822,127.542
9341.775,129.526
9343.729,131.500
9345.682,133.495
9347.635,135.448
9349.588,137.410
9351.541,139.368
9353.494,141.289
9355.447,143.259
9357.400,145.223
9359.354,147.123
9361.307,149.059
9363.260,150.930
9365.213,152.814
9367.166,154.701
9369.119,156.541
9371.072,158.350
9373.025,160.148
9374.979,161.925
9376.932,163.648
9378.885,165.387
9380.838,167.073
9382.791,168.687
9384.744,170.295
9386.697,171.892
9388.650,173.418
9390.604,174.938
9392.557,176.384
9394.510,177.805
9396.463,179.191
9398.416,180.535
9400.369,181.799
9402.322,183.014
9404.275,184.176
9406.229,185.299
9408.182,186.385
9410.135,187.405
9412.088,188.389
9414.041,189.283
9415.994,190.120
9417.947,190.932
9419.900,191.676
9421.854,192.359
9423.807,192.996
9425.760,193.564
9427.713,194.111
9429.666,194.611
9431.619,195.035
9433.572,195.403
9435.525,195.717
9437.479,195.971
9439.432,196.143
9441.385,196.262
9443.338,196.334
9445.291,196.320
9447.244,196.264
9449.197,196.168
9451.150,195.997
9453.104,195.792
9455.057,195.507
9457.010,195.143
9458.963,194.773
9460.916,194.339
9462.869,193.822
9464.822,193.282
9466.775,192.688
9468.729,192.022
9470.682,191.304
9472.635,190.539
9474.588,189.727
9476.541,188.855
9478.494,187.926
9480.447,186.979
9482.400,185.949
9484.354,184.910
9486.307,183.790
9488.260,182.608
9490.213,181.434
9492.166,180.205
9494.119,178.902
9496.072,177.568
9498.025,176.205
9499.979,174.804
9501.932,173.387
9503.885,171.921
9505.838,170.434
9507.791,168.868
9509.744,167.285
9511.697,165.694
9513.650,164.051
9515.604,162.396
9517.557,160.663
9519.510,158.907
9521.463,157.180
9523.416,155.453
9525.369,153.685
9527.322,151.939
9529.275,150.169
9531.229,148.366
9533.182,146.574
9535.135,144.770
9537.088,142.943
9539.041,141.117
9540.994,139.296
9542.947,137.471
9544.900,135.652
9546.854,133.863
9548.807,132.044
9550.760,130.224
9552.713,128.414
9554.666,126.604
9556.619,124.799
9558.572,123.026
9560.525,121.238
9562.479,119.460
9564.432,117.687
9566.385,115.933
9568.338,114.193
9570.291,112.469
9572.244,110.754
9574.197,109.089
9576.150,107.478
9578.104,105.866
9580.057,104.305
9582.010,102.775
9583.963,101.300
9585.916,99.858
9587.869,98.430
9589.822,97.073
9591.775,95.732
9593.729,94.455
9595.682,93.236
9597.635,92.030
9599.588,90.886
9601.541,89.787
9603.494,88.719
9605.447,87.694
9607.400,86.725
9609.354,85.812
9611.307,84.959
9613.260,84.122
9615.213,83.355
9617.166,82.620
9619.119,81.959
9621.072,81.343
9623.025,80.752
9624.979,80.247
9626.932,79.783
9628.885,79.375
9630.838,79.033
9632.791,78.774
9634.744,78.551
9636.697,78.383
9638.650,78.313
9640.604,78.223
9642.557,78.223
9644.510,78.268
9646.463,78.353
9648.416,78.487
9650.369,78.709
9652.322,78.983
9654.275,79.291
9656.229,79.657
9658.182,80.073
9660.135,80.577
9662.088,81.103
9664.041,81.691
9665.994,82.311
9667.947,83.002
9669.900,83.765
9671.854,84.537
9673.807,85.393
9675.760,86.308
9677.713,87.265
9679.666,88.247
9681.619,89.314
9683.572,90.400
9685.525,91.526
9687.479,92.664
9689.432,93.837
9691.385,95.041
9693.338,96.271
9695.291,97.544
9697.244,98.864
9699.197,100.219
9701.150,101.634
9703.104,103.053
9705.057,104.543
9707.010,106.024
9708.963,107.509
9710.916,109.020
9712.869,110.540
9714.822,112.092
9716.775,113.666
9718.729,115.249
9720.682,116.848
9722.635,118.496
9724.588,120.147
9726.541,121.808
9728.494,123.479
9730.447,125.181
9732.400,126.900
9734.354,128.618
9736.307,130.400
9738.260,132.112
9740.213,133.841
9742.166,135.582
9744.119,137.269
9746.072,138.959
9748.025,140.640
9749.979,142.307
9751.932,143.971
9753.885,145.631
9755.838,147.248
9757.791,148.858
9759.744,150.461
9761.697,152.015
9763.650,153.620
9765.604,155.158
9767.557,156.705
9769.510,158.225
9771.463,159.731
9773.416,161.214
9775.369,162.668
9777.322,164.090
9779.275,165.476
9781.229,166.798
9783.182,168.145
9785.135,169.445
9787.088,170.717
9789.041,171.945
9790.994,173.112
9792.947,174.225
9794.900,175.355
9796.854,176.370
9798.807,177.373
9800.760,178.355
9802.713,179.251
9804.666,180.165
9806.619,180.985
9808.572,181.779
9810.525,182.501
9812.479,183.178
9814.432,183.822
9816.385,184.419
9818.338,184.936
9820.291,185.408
9822.244,185.807
9824.197,186.162
9826.150,186.507
9828.104,186.762
9830.057,187.004
9832.010,187.182
9833.963,187.262
9835.916,187.363
9837.869,187.343
9839.822,187.314
9841.775,187.207
9843.729,187.059
9845.682,186.859
9847.635,186.600
9849.588,186.309
9851.541,185.928
9853.494,185.510
9855.447,185.055
9857.400,184.561
9859.354,184.000
9861.307,183.423
9863.260,182.773
9865.213,182.067
9867.166,181.357
9869.119,180.538
9871.072,179.736
9873.025,178.822
9874.979,177.912
9876.932,176.943
9878.885,175.919
9880.838,174.876
9882.791,173.765
9884.744,172.629
9886.697,171.492
9888.650,170.356
9890.604,169.137
9892.557,167.920
9894.510,166.649
9896.463,165.326
9898.416,164.030
9900.369,162.649
9902.322,161.295
9904.275,159.888
9906.229,158.462
9908.182,157.001
9910.135,155.538
9912.088,154.032
9914.041,152.529
9915.994,151.003
9917.947,149.447
9919.900,147.882
9921.854,146.285
9923.807,144.694
9925.760,143.097
9927.713,141.442
9929.666,139.834
9931.619,138.163
9933.572,136.546
9935.525,134.894
9937.479,133.239
9939.432,131.591
9941.385,129.937
9943.338,128.274
9945.291,126.633
9947.244,124.974
9949.197,123.372
9951.150,121.810
9953.104,120.251
9955.057,118.712
9957.010,117.186
9958.963,115.654
9960.916,114.169
9962.869,112.682
9964.822,111.244
9966.775,109.864
9968.729,108.465
9970.682,107.092
9972.635,105.774
9974.588,104.495
9976.541,103.226
9978.494,102.001
9980.447,100.826
9982.400,99.639
9984.354,98.550
9986.307,97.466
9988.260,96.404
9990.213,95.392
9992.166,94.424
9994.119,93.469
9996.072,92.578
9998.025,91.684
9999.979,90.851
10001.930,90.042
10003.880,89.263
10005.840,88.540
10007.790,87.857
10009.740,87.200
10011.700,86.606
10013.650,86.058
10015.600,85.562
10017.560,85.133
10019.510,84.760
10021.460,84.385
10023.420,84.111
10025.370,83.854
10027.320,83.650
10029.280,83.505
10031.230,83.430
10033.180,83.363
10035.130,83.363
10037.090,83.413
10039.040,83.496
10040.990,83.645
10042.950,83.835
10044.900,84.030
10046.850,84.334
10048.810,84.661
10050.760,85.051
10052.710,85.468
10054.670,85.959
10056.620,86.476
10058.570,87.039
10060.530,87.632
10062.480,88.297
10064.430,88.983
10066.380,89.710
10068.340,90.483
10070.290,91.287
10072.240,92.111
10074.200,92.994
10076.150,93.910
10078.100,94.886
10080.060,95.864
10082.010,96.917
10083.960,97.979
10085.920,99.107
10087.870,100.244
10089.820,101.376
10091.780,102.538
10093.730,103.722
10095.680,104.943
10097.630,106.216
10099.590,107.497
10101.540,108.806
10103.490,110.127
10105.450,111.477
10107.400,112.841
10109.350,114.220
10111.310,115.618
10113.260,117.046
10115.210,118.454
10117.170,119.935
10119.120,121.400
10121.070,122.877
10123.030,124.357
10124.980,125.856
10126.930,127.362
10128.880,128.846
10130.840,130.386
10132.790,131.916
10134.740,133.430
10136.700,134.972
10138.650,136.525
10140.600,138.041
10142.560,139.565
10144.510,141.085
10146.460,142.556
10148.420,144.046
10150.370,145.499
10152.320,146.946
10154.280,148.379
10156.230,149.777
10158.180,151.142
10160.130,152.492
10162.090,153.833
10164.040,155.144
10165.990,156.430
10167.950,157.729
10169.900,158.979
10171.850,160.207
10173.810,161.404
10175.760,162.567
10177.710,163.699
10179.670,164.824
10181.620,165.861
10183.570,166.914
10185.530,167.910
10187.480,168.886
10189.430,169.857
10191.380,170.758
10193.340,171.629
10195.290,172.471
10197.240,173.249
10199.200,174.000
10201.150,174.711
10203.100,175.365
10205.060,175.941
10207.010,176.504
10208.960,177.016
10210.920,177.488
10212.870,177.923
10214.820,178.277
10216.780,178.639
10218.730,178.938
10220.680,179.195
10222.630,179.380
10224.590,179.516
10226.540,179.615
10228.490,179.627
10230.450,179.618
10232.400,179.569
10234.350,179.452
10236.310,179.311
10238.260,179.109
10240.210,178.865
10242.170,178.577
10244.120,178.224
10246.070,177.845
10248.030,177.404
10249.980,176.932
10251.930,176.414
10253.880,175.864
10255.840,175.260
10257.790,174.622
10259.740,173.945
10261.700,173.203
10263.650,172.477
10265.600,171.689
10267.560,170.869
10269.510,170.009
10271.460,169.127
10273.420,168.197
10275.370,167.220
10277.320,166.209
10279.280,165.156
10281.230,164.092
10283.180,162.960
10285.130,161.820
10287.090,160.608
10289.040,159.427
10290.990,158.184
10292.950,156.963
10294.900,155.703
10296.850,154.408
10298.810,153.104
10300.760,151.774
10302.710,150.457
10304.670,149.149
10306.620,147.785
10308.570,146.428
10310.530,145.038
10312.480,143.645
10314.430,142.236
10316.380,140.795
10318.340,139.342
10320.290,137.904
10322.240,136.439
10324.200,134.979
10326.150,133.545
10328.100,132.121
10330.060,130.698
10332.010,129.280
10333.960,127.884
10335.920,126.489
10337.870,125.093
10339.820,123.720
10341.780,122.351
10343.730,121.000
10345.680,119.635
10347.630,118.310
10349.590,116.979
10351.540,115.691
10353.490,114.389
10355.450,113.149
10357.400,111.906
10359.350,110.700
10361.310,109.554
10363.260,108.354
10365.210,107.218
10367.170,106.113
10369.120,105.005
10371.070,103.912
10373.030,102.859
10374.980,101.819
10376.930,100.815
10378.880,99.832
10380.840,98.869
10382.790,97.945
10384.740,97.025
10386.700,96.184
10388.650,95.368
10390.600,94.591
10392.560,93.870
10394.510,93.173
10396.460,92.513
10398.420,91.881
10400.370,91.289
10402.320,90.752
10404.280,90.262
10406.230,89.819
10408.180,89.374
10410.130,88.978
10412.090,88.663
10414.040,88.360
10415.990,88.118
10417.950,87.915
10419.900,87.739
10421.850,87.657
10423.810,87.595
10425.760,87.559
10427.710,87.601
10429.670,87.700
10431.620,87.813
10433.570,88.010
10435.530,88.201
10437.480,88.464
10439.430,88.801
10441.380,89.121
10443.340,89.548
10445.290,89.977
10447.240,90.477
10449.200,91.009
10451.150,91.564
10453.100,92.184
10455.060,92.822
10457.010,93.525
10458.960,94.241
10460.920,95.022
10462.870,95.801
10464.820,96.611
10466.780,97.487
10468.730,98.402
10470.680,99.332
10472.630,100.285
10474.590,101.307
10476.540,102.307
10478.490,103.391
10480.450,104.452
10482.400,105.565
10484.350,106.736
10486.310,107.917
10488.260,109.104
10490.210,110.308
10492.170,111.546
10494.120,112.737
10496.070,113.952
10498.030,115.201
10499.980,116.466
10501.930,117.771
10503.880,119.048
10505.840,120.377
10507.790,121.724
10509.740,123.074
10511.700,124.417
10513.650,125.792
10515.600,127.148
10517.560,128.516
10519.510,129.872
10521.460,131.238
10523.420,132.600
10525.370,133.961
10527.320,135.292
10529.280,136.664
10531.230,138.006
10533.180,139.336
10535.130,140.651
10537.090,141.979
10539.040,143.311
10540.990,144.622
10542.950,145.928
10544.900,147.244
10546.850,148.516
10548.810,149.779
10550.760,150.971
10552.710,152.187
10554.670,153.370
10556.620,154.519
10558.570,155.638
10560.530,156.723
10562.480,157.814
10564.430,158.864
10566.380,159.899
10568.340,160.941
10570.290,161.929
10572.240,162.898
10574.200,163.811
10576.150,164.711
10578.100,165.580
10580.060,166.428
10582.010,167.191
10583.960,167.953
10585.920,168.662
10587.870,169.364
10589.820,170.022
10591.780,170.615
10593.730,171.183
10595.680,171.693
10597.630,172.152
10599.590,172.577
10601.540,172.953
10603.490,173.311
10605.450,173.611
10607.400,173.880
10609.350,174.096
10611.310,174.297
10613.260,174.418
10615.210,174.535
10617.170,174.586
10619.120,174.609
10621.070,174.608
10623.030,174.517
10624.980,174.432
10626.930,174.293
10628.880,174.098
10630.840,173.888
10632.790,173.626
10634.740,173.308
10636.700,172.980
10638.650,172.604
10640.600,172.187
10642.560,171.721
10644.510,171.208
10646.460,170.690
10648.420,170.109
10650.370,169.508
10652.320,168.869
10654.280,168.182
10656.230,167.486
10658.180,166.728
10660.130,165.936
10662.090,165.126
10664.040,164.278
10665.990,163.394
10667.950,162.484
10669.900,161.555
10671.850,160.575
10673.810,159.571
10675.760,158.511
10677.710,157.440
10679.670,156.339
10681.620,155.228
10683.570,154.107
10685.530,152.926
10687.480,151.764
10689.430,150.571
10691.380,149.340
10693.340,148.111
10695.290,146.881
10697.240,145.641
10699.200,144.408
10701.150,143.150
10703.100,141.861
10705.060,140.590
10707.010,139.303
10708.960,138.022
10710.920,136.705
10712.870,135.391
10714.820,134.058
10716.780,132.719
10718.730,131.380
10720.680,130.036
10722.630,128.698
10724.590,127.354
10726.540,126.003
10728.490,124.708
10730.450,123.408
10732.400,122.137
10734.350,120.854
10736.310,119.621
10738.260,118.372
10740.210,117.159
10742.170,115.945
10744.120,114.761
10746.070,113.580
10748.030,112.376
10749.980,111.208
10751.930,110.054
10753.880,108.861
10755.840,107.739
10757.790,106.625
10759.740,105.526
10761.700,104.470
10763.650,103.431
10765.600,102.412
10767.560,101.431
10769.510,100.454
10771.460,99.501
10773.420,98.608
10775.370,97.742
10777.320,96.894
10779.280,96.096
10781.230,95.324
10783.180,94.632
10785.130,93.962
10787.090,93.332
10789.040,92.747
10790.990,92.185
10792.950,91.671
10794.900,91.152
10796.850,90.715
10798.810,90.310
10800.760,89.923
10802.710,89.570
10804.670,89.291
10806.620,89.028
10808.570,88.808
10810.530,88.619
10812.480,88.479
10814.430,88.408
10816.380,88.367
10818.340,88.404
10820.290,88.461
10822.240,88.579
10824.200,88.764
10826.150,88.953
10828.100,89.210
10830.060,89.522
10832.010,89.849
10833.960,90.238
10835.920,90.672
10837.870,91.137
10839.820,91.635
10841.780,92.183
10843.730,92.747
10845.680,93.357
10847.630,94.000
10849.590,94.670
10851.540,95.389
10853.490,96.123
10855.450,96.849
10857.400,97.598
10859.350,98.402
10861.310,99.237
10863.260,100.069
10865.210,100.945
10867.170,101.868
10869.120,102.813
10871.070,103.807
10873.030,104.785
10874.980,105.825
10876.930,106.898
10878.880,107.984
10880.840,109.108
10882.790,110.213
10884.740,111.340
10886.700,112.493
10888.650,113.633
10890.600,114.809
10892.560,116.010
10894.510,117.222
10896.460,118.454
10898.420,119.693
10900.370,120.943
10902.320,122.197
10904.280,123.445
10906.230,124.711
10908.180,125.960
10910.130,127.214
10912.090,128.475
10914.040,129.785
10915.990,131.053
10917.950,132.331
10919.900,133.595
10921.850,134.881
10923.810,136.146
10925.760,137.460
10927.710,138.687
10929.670,139.938
10931.620,141.165
10933.570,142.382
10935.530,143.546
10937.480,144.733
10939.430,145.910
10941.380,147.066
10943.340,148.203
10945.290,149.311
10947.240,150.371
10949.200,151.474
10951.150,152.513
10953.100,153.560
10955.060,154.559
10957.010,155.552
10958.960,156.502
10960.920,157.436
10962.870,158.365
10964.820,159.244
10966.780,160.109
10968.730,160.929
10970.680,161.714
10972.630,162.459
10974.590,163.178
10976.540,163.905
10978.490,164.573
10980.450,165.262
10982.400,165.871
10984.350,166.493
10986.310,167.066
10988.260,167.641
10990.210,168.142
10992.170,168.629
10994.120,169.068
10996.070,169.459
10998.030,169.814
10999.980,170.122
11001.930,170.449
11003.880,170.680
11005.840,170.877
11007.790,171.039
11009.740,171.148
11011.700,171.224
11013.650,171.229
11015.600,171.203
11017.560,171.135
11019.510,171.044
11021.460,170.892
11023.420,170.706
11025.370,170.514
11027.320,170.252
11029.280,169.976
11031.230,169.632
11033.180,169.255
11035.130,168.845
11037.090,168.389
11039.040,167.886
11040.990,167.359
11042.950,166.811
11044.900,166.210
11046.850,165.620
11048.810,164.994
11050.760,164.352
11052.710,163.674
11054.670,162.967
11056.620,162.252
11058.570,161.477
11060.530,160.706
11062.480,159.881
11064.430,159.053
11066.380,158.187
11068.340,157.294
11070.290,156.422
11072.240,155.499
11074.200,154.572
11076.150,153.577
11078.100,152.613
11080.060,151.583
11082.010,150.589
11083.960,149.541
11085.920,148.477
11087.870,147.418
11089.820,146.320
11091.780,145.199
11093.730,144.067
11095.680,142.896
11097.630,141.723
11099.590,140.532
11101.540,139.321
11103.490,138.097
11105.450,136.876
11107.400,135.655
11109.350,134.489
11111.310,133.304
11113.260,132.131
11115.210,130.952
11117.170,129.762
11119.120,128.558
11121.070,127.375
11123.030,126.169
11124.980,124.965
11126.930,123.781
11128.880,122.604
11130.840,121.432
11132.790,120.277
11134.740,119.115
11136.700,117.964
11138.650,116.816
11140.600,115.700
11142.560,114.550
11144.510,113.491
11146.460,112.421
11148.420,111.365
11150.370,110.340
11152.320,109.334
11154.280,108.366
11156.230,107.407
11158.180,106.482
11160.130,105.593
11162.090,104.703
11164.040,103.825
11165.990,102.993
11167.950,102.190
11169.900,101.364
11171.850,100.602
11173.810,99.842
11175.760,99.103
11177.710,98.399
11179.670,97.749
11181.620,97.116
11183.570,96.550
11185.530,96.019
11187.480,95.528
11189.430,95.071
11191.380,94.664
11193.340,94.296
11195.290,93.961
11197.240,93.694
11199.200,93.433
11201.150,93.258
11203.100,93.097
11205.060,92.985
11207.010,92.897
11208.960,92.833
11210.920,92.813
11212.870,92.831
11214.820,92.881
11216.780,92.976
11218.730,93.100
11220.680,93.255
11222.630,93.475
11224.590,93.687
11226.540,93.941
11228.490,94.265
11230.450,94.591
11232.400,94.983
11234.350,95.396
11236.310,95.859
11238.260,96.339
11240.210,96.838
11242.170,97.391
11244.120,97.955
11246.070,98.565
11248.030,99.212
11249.980,99.885
11251.930,100.611
11253.880,101.352
11255.840,102.113
11257.790,102.889
11259.740,103.707
11261.700,104.536
11263.650,105.421
11265.600,106.296
11267.560,107.216
11269.510,108.148
11271.460,109.042
11273.420,109.950
11275.370,110.893
11277.320,111.845
11279.280,112.802
11281.230,113.793
11283.180,114.798
11285.130,115.839
11287.090,116.867
11289.040,117.899
11290.990,118.983
11292.950,120.071
11294.900,121.182
11296.850,122.288
11298.810,123.432
11300.760,124.554
11302.710,125.686
11304.670,126.821
11306.620,127.983
11308.570,129.139
11310.530,130.291
11312.480,131.442
11314.430,132.605
11316.380,133.750
11318.340,134.888
11320.290,136.020
11322.240,137.136
11324.200,138.234
11326.150,139.337
11328.100,140.392
11330.060,141.461
11332.010,142.511
11333.960,143.527
11335.920,144.558
11337.870,145.594
11339.820,146.589
11341.780,147.543
11343.730,148.499
11345.680,149.394
11347.630,150.331
11349.590,151.184
11351.540,152.012
11353.490,152.830
11355.450,153.640
11357.400,154.412
11359.350,155.178
11361.310,155.930
11363.260,156.636
11365.210,157.326
11367.170,158.008
11369.120,158.674
11371.070,159.315
11373.030,159.902
11374.980,160.508
11376.930,161.072
11378.880,161.595
11380.840,162.104
11382.790,162.557
11384.740,162.968
11386.700,163.346
11388.650,163.684
11390.600,163.991
11392.560,164.294
11394.510,164.535
11396.460,164.706
11398.420,164.907
11400.370,165.023
11402.320,165.128
11404.280,165.189
11406.230,165.229
11408.180,165.224
11410.130,165.216
11412.090,165.139
11414.040,164.992
11415.990,164.871
11417.950,164.688
11419.900,164.488
11421.850,164.253
11423.810,163.969
11425.760,163.663
11427.710,163.297
11429.670,162.926
11431.620,162.520
11433.570,162.075
11435.530,161.572
11437.480,161.067
11439.430,160.520
11441.380,159.939
11443.340,159.323
11445.290,158.655
11447.240,157.994
11449.200,157.301
11451.150,156.569
11453.100,155.820
11455.060,155.034
11457.010,154.231
11458.960,153.381
11460.920,152.542
11462.870,151.668
11464.820,150.808
11466.780,149.911
11468.730,149.015
11470.680,148.104
11472.630,147.187
11474.590,146.249
11476.540,145.287
11478.490,144.305
11480.450,143.309
11482.400,142.285
11484.350,141.242
11486.310,140.211
11488.260,139.141
11490.210,138.065
11492.170,137.003
11494.120,135.919
11496.070,134.815
11498.030,133.674
11499.980,132.528
11501.930,131.404
11503.880,130.254
11505.840,129.092
11507.790,127.965
11509.740,126.823
11511.700,125.675
11513.650,124.560
11515.600,123.467
11517.560,122.389
11519.510,121.327
11521.460,120.274
11523.420,119.225
11525.370,118.185
11527.320,117.150
11529.280,116.097
11531.230,115.093
11533.180,114.086
11535.130,113.085
11537.090,112.082
11539.040,111.113
11540.990,110.129
11542.950,109.175
11544.900,108.240
11546.850,107.354
11548.810,106.485
11550.760,105.668
11552.710,104.834
11554.670,104.074
11556.620,103.309
11558.570,102.595
11560.530,101.888
11562.480,101.191
11564.430,100.593
11566.380,99.989
11568.340,99.380
11570.290,98.821
11572.240,98.309
11574.200,97.821
11576.150,97.354
11578.100,96.916
11580.060,96.505
11582.010,96.146
11583.960,95.815
11585.920,95.498
11587.870,95.239
11589.820,94.995
11591.780,94.772
11593.730,94.572
11595.680,94.420
11597.630,94.290
11599.590,94.189
11601.540,94.117
11603.490,94.071
11605.450,94.071
11607.400,94.092
11609.350,94.185
11611.310,94.253
11613.260,94.393
11615.210,94.558
11617.170,94.742
11619.120,94.962
11621.070,95.212
11623.030,95.461
11624.980,95.769
11626.930,96.120
11628.880,96.480
11630.840,96.872
11632.790,97.301
11634.740,97.736
11636.700,98.238
11638.650,98.748
11640.600,99.302
11642.560,99.860
11644.510,100.466
11646.460,101.119
11648.420,101.777
11650.370,102.465
11652.320,103.188
11654.280,103.901
11656.230,104.642
11658.180,105.416
11660.130,106.218
11662.090,107.025
11664.040,107.869
11665.990,108.720
11667.950,109.597
11669.900,110.484
11671.850,111.414
11673.810,112.329
11675.760,113.290
11677.710,114.266
11679.670,115.255
11681.620,116.266
11683.570,117.271
11685.530,118.277
11687.480,119.291
11689.430,120.354
11691.380,121.390
11693.340,122.391
11695.290,123.425
11697.240,124.443
11699.200,125.483
11701.150,126.512
11703.100,127.554
11705.060,128.592
11707.010,129.659
11708.960,130.675
11710.920,131.710
11712.870,132.753
11714.820,133.785
11716.780,134.799
11718.730,135.840
11720.680,136.869
11722.630,137.896
11724.590,138.851
11726.540,139.826
11728.490,140.773
11730.450,141.715
11732.400,142.611
11734.350,143.513
11736.310,144.382
11738.260,145.214
11740.210,146.023
11742.170,146.827
11744.120,147.577
11746.070,148.335
11748.030,149.070
11749.980,149.775
11751.930,150.485
11753.880,151.142
11755.840,151.803
11757.790,152.470
11759.740,153.081
11761.700,153.684
11763.650,154.258
11765.600,154.809
11767.560,155.309
11769.510,155.772
11771.460,156.193
11773.420,156.590
11775.370,156.949
11777.320,157.264
11779.280,157.558
11781.230,157.821
11783.180,158.044
11785.130,158.237
11787.090,158.404
11789.040,158.535
11790.990,158.653
11792.950,158.723
11794.900,158.771
11796.850,158.802
11798.810,158.794
11800.760,158.727
11802.710,158.663
11804.670,158.566
11806.620,158.430
11808.570,158.276
11810.530,158.076
11812.480,157.844
11814.430,157.608
11816.380,157.323
11818.340,157.008
11820.290,156.684
11822.240,156.318
11824.200,155.914
11826.150,155.488
11828.100,155.042
11830.060,154.545
11832.010,154.033
11833.960,153.486
11835.920,152.934
11837.870,152.329
11839.820,151.718
11841.780,151.075
11843.730,150.413
11845.680,149.711
11847.630,148.988
11849.590,148.235
11851.540,147.457
11853.490,146.674
11855.450,145.831
11857.400,144.993
11859.350,144.155
11861.310,143.304
11863.260,142.431
11865.210,141.604
11867.170,140.744
11869.120,139.895
11871.070,139.027
11873.030,138.150
11874.980,137.248
11876.930,136.338
11878.880,135.414
11880.840,134.485
11882.790,133.559
11884.740,132.606
11886.700,131.632
11888.650,130.665
11890.600,129.717
11892.560,128.723
11894.510,127.760
11896.460,126.815
11898.420,125.871
11900.370,124.925
11902.320,123.978
11904.280,123.046
11906.230,122.127
11908.180,121.185
11910.130,120.272
11912.090,119.377
11914.040,118.528
11915.990,117.685
11917.950,116.841
11919.900,116.032
11921.850,115.258
11923.810,114.477
11925.760,113.711
11927.710,112.976
11929.670,112.250
11931.620,111.538
11933.570,110.834
11935.530,110.125
11937.480,109.475
11939.430,108.826
11941.380,108.190
11943.340,107.572
11945.290,106.976
11947.240,106.415
11949.200,105.849
11951.150,105.291
11953.100,104.768
11955.060,104.239
11957.010,103.787
11958.960,103.335
11960.920,102.891
11962.870,102.489
11964.820,102.133
11966.780,101.752
11968.730,101.461
11970.680,101.166
11972.630,100.950
11974.590,100.742
11976.540,100.589
11978.490,100.447
11980.450,100.328
11982.400,100.242
11984.350,100.182
11986.310,100.177
11988.260,100.174
11990.210,100.221
11992.170,100.291
11994.120,100.392
11996.070,100.508
11998.030,100.651
11999.980,100.850
12001.930,101.058
12003.880,101.315
12005.840,101.567
12007.790,101.882
12009.740,102.214
12011.700,102.577
12013.650,102.929
12015.600,103.335
12017.560,103.766
12019.510,104.226
12021.460,104.707
12023.420,105.207
12025.370,105.719
12027.320,106.275
12029.280,106.816
12031.230,107.392
12033.180,107.982
12035.130,108.606
12037.090,109.205
12039.040,109.829
12040.990,110.464
12042.950,111.111
12044.900,111.769
12046.850,112.437
12048.810,113.157
12050.760,113.862
12052.710,114.596
12054.670,115.372
12056.620,116.134
12058.570,116.896
12060.530,117.684
12062.480,118.500
12064.430,119.319
12066.380,120.166
12068.340,120.976
12070.290,121.840
12072.240,122.722
12074.200,123.605
12076.150,124.468
12078.100,125.344
12080.060,126.256
12082.010,127.153
12083.960,128.055
12085.920,128.959
12087.870,129.804
12089.820,130.692
12091.780,131.515
12093.730,132.382
12095.680,133.203
12097.630,134.039
12099.590,134.857
12101.540,135.683
12103.490,136.486
12105.450,137.253
12107.400,138.030
12109.350,138.803
12111.310,139.557
12113.260,140.285
12115.210,141.037
12117.170,141.783
12119.120,142.501
12121.070,143.189
12123.030,143.854
12124.980,144.555
12126.930,145.236
12128.880,145.912
12130.840,146.546
12132.790,147.161
12134.740,147.767
12136.700,148.346
12138.650,148.904
12140.600,149.410
12142.560,149.873
12144.510,150.320
12146.460,150.691
12148.420,151.072
12150.370,151.439
12152.320,151.769
12154.280,152.050
12156.230,152.337
12158.180,152.594
12160.130,152.826
12162.090,153.056
12164.040,153.236
12165.990,153.430
12167.950,153.590
12169.900,153.701
12171.850,153.818
12173.810,153.909
12175.760,153.927
12177.710,153.947
12179.670,153.951
12181.620,153.931
12183.570,153.865
12185.530,153.762
12187.480,153.659
12189.430,153.527
12191.380,153.363
12193.340,153.164
12195.290,152.945
12197.240,152.732
12199.200,152.451
12201.150,152.172
12203.100,151.861
12205.060,151.540
12207.010,151.189
12208.960,150.803
12210.920,150.408
12212.870,149.989
12214.820,149.545
12216.780,149.043
12218.730,148.588
12220.680,148.046
12222.630,147.508
12224.590,146.953
12226.540,146.349
12228.490,145.755
12230.450,145.117
12232.400,144.454
12234.350,143.783
12236.310,143.111
12238.260,142.358
12240.210,141.620
12242.170,140.863
12244.120,140.114
12246.070,139.326
12248.030,138.503
12249.980,137.686
12251.930,136.848
12253.880,135.982
12255.840,135.118
12257.790,134.234
12259.740,133.379
12261.700,132.554
12263.650,131.741
12265.600,130.961
12267.560,130.149
12269.510,129.363
12271.460,128.559
12273.420,127.756
12275.370,126.964
12277.320,126.155
12279.280,125.347
12281.230,124.562
12283.180,123.750
12285.130,122.963
12287.090,122.171
12289.040,121.403
12290.990,120.611
12292.950,119.860
12294.900,119.095
12296.850,118.356
12298.810,117.642
12300.760,116.920
12302.710,116.240
12304.670,115.543
12306.620,114.857
12308.570,114.163
12310.530,113.505
12312.480,112.875
12314.430,112.255
12316.380,111.673
12318.340,111.107
12320.290,110.577
12322.240,110.036
12324.200,109.521
12326.150,108.997
12328.100,108.510
12330.060,108.026
12332.010,107.573
12333.960,107.121
12335.920,106.699
12337.870,106.316
12339.820,105.971
12341.780,105.626
12343.730,105.322
12345.680,105.010
12347.630,104.735
12349.590,104.460
12351.540,104.211
12353.490,103.993
12355.450,103.787
12357.400,103.615
12359.350,103.431
12361.310,103.289
12363.260,103.152
12365.210,103.056
12367.170,102.973
12369.120,102.912
12371.070,102.891
12373.030,102.865
12374.980,102.890
12376.930,102.909
12378.880,102.960
12380.840,103.023
12382.790,103.111
12384.740,103.232
12386.700,103.369
12388.650,103.552
12390.600,103.708
12392.560,103.902
12394.510,104.130
12396.460,104.371
12398.420,104.619
12400.370,104.897
12402.320,105.218
12404.280,105.529
12406.230,105.884
12408.180,106.251
12410.130,106.628
12412.090,107.030
12414.040,107.462
12415.990,107.912
12417.950,108.395
12419.900,108.920
12421.850,109.401
12423.810,109.928
12425.760,110.470
12427.710,111.039
12429.670,111.611
12431.620,112.206
12433.570,112.843
12435.530,113.478
12437.480,114.151
12439.430,114.803
12441.380,115.485
12443.340,116.183
12445.290,116.905
12447.240,117.639
12449.200,118.385
12451.150,119.158
12453.100,119.917
12455.060,120.692
12457.010,121.435
12458.960,122.214
12460.920,122.966
12462.870,123.733
12464.820,124.516
12466.780,125.262
12468.730,126.045
12470.680,126.839
12472.630,127.599
12474.590,128.382
12476.540,129.141
12478.490,129.924
12480.450,130.704
12482.400,131.501
12484.350,132.272
12486.310,133.048
12488.260,133.804
12490.210,134.584
12492.170,135.321
12494.120,136.065
12496.070,136.824
12498.030,137.563
12499.980,138.295
12501.930,139.028
12503.880,139.737
12505.840,140.448
12507.790,141.079
12509.740,141.719
12511.700,142.321
12513.650,142.907
12515.600,143.484
12517.560,143.978
12519.510,144.491
12521.460,144.987
12523.420,145.455
12525.370,145.922
12527.320,146.365
12529.280,146.773
12531.230,147.177
12533.180,147.594
12535.130,147.949
12537.090,148.313
12539.040,148.659
12540.990,148.972
12542.950,149.304
12544.900,149.589
12546.850,149.862
12548.810,150.105
12550.760,150.314
12552.710,150.522
12554.670,150.685
12556.620,150.827
12558.570,150.957
12560.530,151.080
12562.480,151.142
12564.430,151.209
12566.380,151.213
12568.340,151.230
12570.290,151.223
12572.240,151.176
12574.200,151.111
12576.150,151.039
12578.100,150.957
12580.060,150.819
12582.010,150.682
12583.960,150.517
12585.920,150.328
12587.870,150.151
12589.820,149.929
12591.780,149.661
12593.730,149.387
12595.680,149.119
12597.630,148.800
12599.590,148.477
12601.540,148.132
12603.490,147.757
12605.450,147.389
12607.400,146.981
12609.350,146.553
12611.310,146.095
12613.260,145.630
12615.210,145.145
12617.170,144.643
12619.120,144.106
12621.070,143.559
12623.030,142.989
12624.980,142.412
12626.930,141.828
12628.880,141.210
12630.840,140.584
12632.790,139.962
12634.740,139.317
12636.700,138.660
12638.650,138.004
12640.600,137.343
12642.560,136.622
12644.510,135.920
12646.460,135.181
12648.420,134.428
12650.370,133.691
12652.320,132.919
12654.280,132.125
12656.230,131.323
12658.180,130.535
12660.130,129.713
12662.090,128.903
12664.040,128.106
12665.990,127.296
12667.950,126.517
12669.900,125.751
12671.850,125.007
12673.810,124.282
12675.760,123.586
12677.710,122.896
12679.670,122.240
12681.620,121.568
12683.570,120.897
12685.530,120.256
12687.480,119.587
12689.430,118.927
12691.380,118.295
12693.340,117.651
12695.290,117.016
12697.240,116.380
12699.200,115.744
12701.150,115.157
12703.100,114.572
12705.060,113.955
12707.010,113.390
12708.960,112.822
12710.920,112.265
12712.870,111.735
12714.820,111.206
12716.780,110.698
12718.730,110.208
12720.680,109.746
12722.630,109.272
12724.590,108.837
12726.540,108.390
12728.490,107.967
12730.450,107.572
12732.400,107.207
12734.350,106.844
12736.310,106.515
12738.260,106.247
12740.210,105.993
12742.170,105.759
12744.120,105.539
12746.070,105.357
12748.030,105.183
12749.980,105.022
12751.930,104.894
12753.880,104.758
12755.840,104.673
12757.790,104.583
12759.740,104.515
12761.700,104.480
12763.650,104.473
12765.600,104.472
12767.560,104.491
12769.510,104.537
12771.460,104.606
12773.420,104.699
12775.370,104.799
12777.320,104.915
12779.280,105.061
12781.230,105.227
12783.180,105.433
12785.130,105.627
12787.090,105.854
12789.040,106.099
12790.990,106.368
12792.950,106.666
12794.900,106.984
12796.850,107.297
12798.810,107.639
12800.760,108.023
12802.710,108.408
12804.670,108.803
12806.620,109.231
12808.570,109.684
12810.530,110.155
12812.480,110.636
12814.430,111.144
12816.380,111.639
12818.340,112.170
12820.290,112.675
12822.240,113.199
12824.200,113.736
12826.150,114.288
12828.100,114.808
12830.060,115.355
12832.010,115.919
12833.960,116.496
12835.920,117.080
12837.870,117.647
12839.820,118.243
12841.780,118.848
12843.730,119.458
12845.680,120.097
12847.630,120.704
12849.590,121.344
12851.540,121.972
12853.490,122.614
12855.450,123.277
12857.400,123.953
12859.350,124.597
12861.310,125.263
12863.260,125.952
12865.210,126.644
12867.170,127.319
12869.120,128.003
12871.070,128.711
12873.030,129.417
12874.980,130.106
12876.930,130.818
12878.880,131.520
12880.840,132.235
12882.790,132.909
12884.740,133.578
12886.700,134.248
12888.650,134.882
12890.600,135.497
12892.560,136.084
12894.510,136.650
12896.460,137.222
12898.420,137.764
12900.370,138.271
12902.320,138.766
12904.280,139.261
12906.230,139.740
12908.180,140.214
12910.130,140.657
12912.090,141.070
12914.040,141.479
12915.990,141.881
12917.950,142.262
12919.900,142.646
12921.850,142.990
12923.810,143.304
12925.760,143.607
12927.710,143.897
12929.670,144.134
12931.620,144.389
12933.570,144.629
12935.530,144.847
12937.480,145.054
12939.430,145.244
12941.380,145.389
12943.340,145.542
12945.290,145.675
12947.240,145.785
12949.200,145.866
12951.150,145.953
12953.100,145.989
12955.060,146.020
12957.010,146.023
12958.960,146.024
12960.920,145.997
12962.870,145.941
12964.820,145.863
12966.780,145.779
12968.730,145.670
12970.680,145.565
12972.630,145.405
12974.590,145.213
12976.540,145.025
12978.490,144.835
12980.450,144.613
12982.400,144.405
12984.350,144.130
12986.310,143.869
12988.260,143.598
12990.210,143.328
12992.170,143.003
12994.120,142.689
12996.070,142.348
12998.030,141.988
12999.980,141.646
13001.930,141.255
13003.880,140.844
13005.840,140.428
13007.790,140.005
13009.740,139.551
13011.700,139.086
13013.650,138.626
13015.600,138.125
13017.560,137.610
13019.510,137.087
13021.460,136.555
13023.420,136.027
13025.370,135.484
13027.320,134.908
13029.280,134.340
13031.230,133.755
13033.180,133.173
13035.130,132.567
13037.090,131.926
13039.040,131.307
13040.990,130.686
13042.950,130.058
13044.900,129.447
13046.850,128.802
13048.810,128.164
13050.760,127.531
13052.710,126.900
13054.670,126.231
13056.620,125.579
13058.570,124.941
13060.530,124.280
13062.480,123.646
13064.430,122.984
13066.380,122.330
13068.340,121.674
13070.290,121.019
13072.240,120.389
13074.200,119.782
13076.150,119.192
13078.100,118.629
13080.060,118.100
13082.010,117.559
13083.960,117.058
13085.920,116.566
13087.870,116.084
13089.820,115.604
13091.780,115.115
13093.730,114.650
13095.680,114.196
13097.630,113.760
13099.590,113.334
13101.540,112.925
13103.490,112.515
13105.450,112.160
13107.400,111.765
13109.350,111.396
13111.310,111.055
13113.260,110.695
13115.210,110.399
13117.170,110.087
13119.120,109.797
13121.070,109.510
13123.030,109.244
13124.980,108.978
13126.930,108.731
13128.880,108.494
13130.840,108.276
13132.790,108.080
13134.740,107.886
13136.700,107.716
13138.650,107.548
13140.600,107.393
13142.560,107.260
13144.510,107.129
13146.460,107.025
13148.420,106.927
13150.370,106.861
13152.320,106.821
13154.280,106.762
13156.230,106.745
13158.180,106.744
13160.130,106.764
13162.090,106.816
13164.040,106.871
13165.990,106.932
13167.950,107.053
13169.900,107.165
13171.850,107.283
13173.810,107.445
13175.760,107.603
13177.710,107.810
13179.670,108.027
13181.620,108.253
13183.570,108.479
13185.530,108.719
13187.480,108.969
13189.430,109.248
13191.380,109.540
13193.340,109.844
13195.290,110.163
13197.240,110.498
13199.200,110.853
13201.150,111.196
13203.100,111.573
13205.060,111.970
13207.010,112.363
13208.960,112.794
13210.920,113.218
13212.870,113.675
13214.820,114.154
13216.780,114.612
13218.730,115.085
13220.680,115.571
13222.630,116.071
13224.590,116.603
13226.540,117.116
13228.490,117.646
13230.450,118.225
13232.400,118.763
13234.350,119.328
13236.310,119.909
13238.260,120.475
13240.210,121.088
13242.170,121.702
13244.120,122.332
13246.070,122.961
13248.030,123.608
13249.980,124.246
13251.930,124.909
13253.880,125.540
13255.840,126.197
13257.790,126.853
13259.740,127.495
13261.700,128.146
13263.650,128.769
13265.600,129.406
13267.560,130.018
13269.510,130.634
13271.460,131.231
13273.420,131.827
13275.370,132.442
13277.320,133.013
13279.280,133.598
13281.230,134.172
13283.180,134.728
13285.130,135.305
13287.090,135.877
13289.040,136.435
13290.990,136.968
13292.950,137.481
13294.900,137.971
13296.850,138.453
13298.810,138.906
13300.760,139.370
13302.710,139.809
13304.670,140.259
13306.620,140.691
13308.570,141.087
13310.530,141.504
13312.480,141.868
13314.430,142.246
13316.380,142.593
13318.340,142.914
13320.290,143.229
13322.240,143.524
13324.200,143.779
13326.150,144.061
13328.100,144.299
13330.060,144.516
13332.010,144.706
13333.960,144.855
13335.920,145.001
13337.870,145.133
13339.820,145.217
13341.780,145.279
13343.730,145.356
13345.680,145.392
13347.630,145.406
13349.590,145.365
13351.540,145.319
13353.490,145.260
13355.450,145.142
13357.400,145.021
13359.350,144.872
13361.310,144.713
13363.260,144.520
13365.210,144.316
13367.170,144.074
13369.120,143.839
13371.070,143.556
13373.030,143.268
13374.980,142.971
13376.930,142.658
13378.880,142.315
13380.840,141.943
13382.790,141.578
13384.740,141.199
13386.700,140.767
13388.650,140.358
13390.600,139.938
13392.560,139.497
13394.510,139.054
13396.460,138.591
13398.420,138.133
13400.370,137.663
13402.320,137.138
13404.280,136.625
13406.230,136.111
13408.180,135.575
13410.130,135.054
13412.090,134.504
13414.040,133.989
13415.990,133.466
13417.950,132.926
13419.900,132.385
13421.850,131.832
13423.810,131.280
13425.760,130.726
13427.710,130.160
13429.670,129.584
13431.620,129.002
13433.570,128.404
13435.530,127.840
13437.480,127.217
13439.430,126.634
13441.380,126.029
13443.340,125.460
13445.290,124.887
13447.240,124.302
13449.200,123.726
13451.150,123.177
13453.100,122.614
13455.060,122.075
13457.010,121.524
13458.960,120.968
13460.920,120.443
13462.870,119.907
13464.820,119.360
13466.780,118.822
13468.730,118.296
13470.680,117.759
13472.630,117.259
13474.590,116.743
13476.540,116.244
13478.490,115.768
13480.450,115.292
13482.400,114.827
13484.350,114.366
13486.310,113.924
13488.260,113.472
13490.210,113.082
13492.170,112.721
13494.120,112.346
13496.070,112.021
13498.030,111.676
13499.980,111.355
13501.930,111.044
13503.880,110.758
13505.840,110.493
13507.790,110.234
13509.740,110.000
13511.700,109.781
13513.650,109.597
13515.600,109.391
13517.560,109.221
13519.510,109.047
13521.460,108.903
13523.420,108.761
13525.370,108.628
13527.320,108.534
13529.280,108.416
13531.230,108.358
13533.180,108.269
13535.130,108.245
13537.090,108.218
13539.040,108.197
13540.990,108.186
13542.950,108.203
13544.900,108.242
13546.850,108.292
13548.810,108.363
13550.760,108.410
13552.710,108.539
13554.670,108.652
13556.620,108.776
13558.570,108.938
13560.530,109.086
13562.480,109.273
13564.430,109.461
13566.380,109.683
13568.340,109.903
13570.290,110.130
13572.240,110.394
13574.200,110.666
13576.150,110.961
13578.100,111.239
13580.060,111.563
13582.010,111.885
13583.960,112.232
13585.920,112.577
13587.870,112.943
13589.820,113.339
13591.780,113.728
13593.730,114.149
13595.680,114.553
13597.630,115.021
13599.590,115.466
13601.540,115.927
13603.490,116.381
13605.450,116.855
13607.400,117.338
13609.350,117.830
13611.310,118.297
13613.260,118.749
13615.210,119.268
13617.170,119.755
13619.120,120.246
13621.070,120.755
13623.030,121.246
13624.980,121.734
13626.930,122.228
13628.880,122.735
13630.840,123.214
13632.790,123.697
13634.740,124.184
13636.700,124.664
13638.650,125.178
13640.600,125.654
13642.560,126.169
13644.510,126.667
13646.460,127.191
13648.420,127.665
13650.370,128.189
13652.320,128.703
13654.280,129.209
13656.230,129.725
13658.180,130.203
13660.130,130.727
13662.090,131.232
13664.040,131.707
13665.990,132.170
13667.950,132.602
13669.900,133.054
13671.850,133.462
13673.810,133.877
13675.760,134.267
13677.710,134.692
13679.670,135.077
13681.620,135.462
13683.570,135.860
13685.530,136.222
13687.480,136.581
13689.430,136.908
13691.380,137.243
13693.340,137.568
13695.290,137.875
13697.240,138.190
13699.200,138.464
13701.150,138.778
13703.100,139.009
13705.060,139.251
13707.010,139.451
13708.960,139.665
13710.920,139.844
13712.870,139.995
13714.820,140.131
13716.780,140.272
13718.730,140.397
13720.680,140.474
13722.630,140.568
13724.590,140.622
13726.540,140.646
13728.490,140.665
13730.450,140.652
13732.400,140.622
13734.350,140.562
13736.310,140.500
13738.260,140.385
13740.210,140.314
13742.170,140.189
13744.120,140.047
13746.070,139.888
13748.030,139.722
13749.980,139.525
13751.930,139.305
13753.880,139.076
13755.840,138.832
13757.790,138.567
13759.740,138.274
13761.700,137.980
13763.650,137.682
13765.600,137.329
13767.560,137.007
13769.510,136.637
13771.460,136.282
13773.420,135.891
13775.370,135.500
13777.320,135.087
13779.280,134.676
13781.230,134.259
13783.180,133.822
13785.130,133.405
13787.090,132.966
13789.040,132.521
13790.990,132.071
13792.950,131.617
13794.900,131.181
13796.850,130.717
13798.810,130.247
13800.760,129.774
13802.710,129.329
13804.670,128.851
13806.620,128.409
13808.570,127.988
13810.530,127.529
13812.480,127.081
13814.430,126.626
13816.380,126.154
13818.340,125.711
13820.290,125.281
13822.240,124.832
13824.200,124.428
13826.150,124.042
13828.100,123.623
13830.060,123.222
13832.010,122.815
13833.960,122.444
13835.920,122.031
13837.870,121.677
13839.820,121.289
13841.780,120.891
13843.730,120.522
13845.680,120.137
13847.630,119.767
13849.590,119.395
13851.540,119.028
13853.490,118.653
13855.450,118.290
13857.400,117.958
13859.350,117.621
13861.310,117.286
13863.260,116.972
13865.210,116.673
13867.170,116.340
13869.120,116.046
13871.070,115.761
13873.030,115.451
13874.980,115.182
13876.930,114.910
13878.880,114.630
13880.840,114.369
13882.790,114.128
13884.740,113.866
13886.700,113.629
13888.650,113.419
13890.600,113.201
13892.560,113.005
13894.510,112.839
13896.460,112.699
13898.420,112.530
13900.370,112.406
13902.320,112.276
13904.280,112.141
13906.230,112.036
13908.180,111.944
13910.130,111.840
13912.090,111.767
13914.040,111.699
13915.990,111.637
13917.950,111.577
13919.900,111.566
13921.850,111.552
13923.810,111.526
13925.760,111.533
13927.710,111.568
13929.670,111.582
13931.620,111.643
13933.570,111.704
13935.530,111.759
13937.480,111.857
13939.430,111.967
13941.380,112.083
13943.340,112.214
13945.290,112.354
13947.240,112.508
13949.200,112.672
13951.150,112.873
13953.100,113.063
13955.060,113.272
13957.010,113.490
13958.960,113.749
13960.920,113.968
13962.870,114.248
13964.820,114.509
13966.780,114.749
13968.730,115.035
13970.680,115.308
13972.630,115.586
13974.590,115.871
13976.540,116.168
13978.490,116.464
13980.450,116.740
13982.400,117.078
13984.350,117.386
13986.310,117.706
13988.260,118.026
13990.210,118.384
13992.170,118.719
13994.120,119.091
13996.070,119.449
13998.030,119.816
13999.980,120.207
14001.930,120.595
14003.880,120.986
14005.840,121.394
14007.790,121.807
14009.740,122.220
14011.700,122.622
14013.650,123.054
14015.600,123.466
14017.560,123.889
14019.510,124.297
14021.460,124.765
14023.420,125.167
14025.370,125.613
14027.320,126.062
14029.280,126.487
14031.230,126.932
14033.180,127.374
14035.130,127.810
14037.090,128.260
14039.040,128.692
14040.990,129.123
14042.950,129.554
14044.900,129.979
14046.850,130.365
14048.810,130.773
14050.760,131.141
14052.710,131.543
14054.670,131.908
14056.620,132.264
14058.570,132.632
14060.530,132.975
14062.480,133.322
14064.430,133.652
14066.380,133.978
14068.340,134.296
14070.290,134.587
14072.240,134.873
14074.200,135.139
14076.150,135.404
14078.100,135.649
14080.060,135.912
14082.010,136.121
14083.960,136.378
14085.920,136.572
14087.870,136.773
14089.820,136.943
14091.780,137.097
14093.730,137.259
14095.680,137.397
14097.630,137.533
14099.590,137.618
14101.540,137.707
14103.490,137.777
14105.450,137.842
14107.400,137.867
14109.350,137.900
14111.310,137.945
14113.260,137.939
14115.210,137.949
14117.170,137.918
14119.120,137.905
14121.070,137.851
14123.030,137.783
14124.980,137.722
14126.930,137.640
14128.880,137.551
14130.840,137.435
14132.790,137.309
14134.740,137.160
14136.700,137.030
14138.650,136.849
14140.600,136.672
14142.560,136.501
14144.510,136.271
14146.460,136.084
14148.420,135.839
14150.370,135.609
14152.320,135.350
14154.280,135.080
14156.230,134.809
14158.180,134.525
14160.130,134.229
14162.090,133.892
14164.040,133.573
14165.990,133.235
14167.950,132.889
14169.900,132.515
14171.850,132.146
14173.810,131.781
14175.760,131.367
14177.710,130.981
14179.670,130.561
14181.620,130.158
14183.570,129.729
14185.530,129.282
14187.480,128.858
14189.430,128.447
14191.380,128.024
14193.340,127.575
14195.290,127.140
14197.240,126.711
14199.200,126.268
14201.150,125.811
14203.100,125.368
14205.060,124.930
14207.010,124.480
14208.960,124.061
14210.920,123.605
14212.870,123.221
14214.820,122.834
14216.780,122.486
14218.730,122.150
14220.680,121.808
14222.630,121.473
14224.590,121.131
14226.540,120.813
14228.490,120.513
14230.450,120.202
14232.400,119.874
14234.350,119.573
14236.310,119.276
14238.260,118.961
14240.210,118.697
14242.170,118.384
14244.120,118.116
14246.070,117.846
14248.030,117.587
14249.980,117.312
14251.930,117.058
14253.880,116.806
14255.840,116.539
14257.790,116.321
14259.740,116.091
14261.700,115.857
14263.650,115.633
14265.600,115.420
14267.560,115.208
14269.510,114.988
14271.460,114.827
14273.420,114.600
14275.370,114.445
14277.320,114.247
14279.280,114.096
14281.230,113.928
14283.180,113.778
14285.130,113.621
14287.090,113.469
14289.040,113.346
14290.990,113.239
14292.950,113.147
14294.900,113.027
14296.850,112.964
14298.810,112.881
14300.760,112.806
14302.710,112.786
14304.670,112.728
14306.620,112.692
14308.570,112.660
14310.530,112.674
14312.480,112.669
14314.430,112.678
14316.380,112.702
14318.340,112.716
14320.290,112.786
14322.240,112.837
14324.200,112.902
14326.150,112.966
14328.100,113.060
14330.060,113.146
14332.010,113.241
14333.960,113.380
14335.920,113.469
14337.870,113.633
14339.820,113.752
14341.780,113.913
14343.730,114.067
14345.680,114.247
14347.630,114.419
14349.590,114.590
14351.540,114.783
14353.490,114.986
14355.450,115.197
14357.400,115.389
14359.350,115.606
14361.310,115.820
14363.260,116.051
14365.210,116.307
14367.170,116.522
14369.120,116.778
14371.070,117.014
14373.030,117.297
14374.980,117.552
14376.930,117.813
14378.880,118.090
14380.840,118.347
14382.790,118.666
14384.740,118.959
14386.700,119.264
14388.650,119.558
14390.600,119.882
14392.560,120.185
14394.510,120.494
14396.460,120.847
14398.420,121.139
14400.370,121.502
14402.320,121.811
14404.280,122.170
14406.230,122.516
14408.180,122.855
14410.130,123.191
14412.090,123.533
14414.040,123.894
14415.990,124.266
14417.950,124.630
14419.900,124.984
14421.850,125.363
14423.810,125.723
14425.760,126.068
14427.710,126.422
14429.670,126.749
14431.620,127.095
14433.570,127.413
14435.530,127.764
14437.480,128.051
14439.430,128.349
14441.380,128.616
14443.340,128.877
14445.290,129.138
14447.240,129.402
14449.200,129.651
14451.150,129.908
14453.100,130.139
14455.060,130.369
14457.010,130.557
14458.960,130.772
14460.920,130.930
14462.870,131.143
14464.820,131.307
14466.780,131.489
14468.730,131.662
14470.680,131.786
14472.630,131.919
14474.590,132.042
14476.540,132.145
14478.490,132.252
14480.450,132.347
14482.400,132.430
14484.350,132.508
14486.310,132.578
14488.260,132.607
14490.210,132.679
14492.170,132.699
14494.120,132.734
14496.070,132.729
14498.030,132.754
14499.980,132.745
14501.930,132.727
14503.880,132.692
14505.840,132.641
14507.790,132.598
14509.740,132.553
14511.700,132.484
14513.650,132.410
14515.600,132.319
14517.560,132.233
14519.510,132.105
14521.460,132.014
14523.420,131.856
14525.370,131.753
14527.320,131.591
14529.280,131.447
14531.230,131.294
14533.180,131.110
14535.130,130.924
14537.090,130.734
14539.040,130.518
14540.990,130.317
14542.950,130.097
14544.900,129.881
14546.850,129.641
14548.810,129.406
14550.760,129.127
14552.710,128.888
14554.670,128.620
14556.620,128.368
14558.570,128.080
14560.530,127.826
14562.480,127.545
14564.430,127.247
14566.380,126.953
14568.340,126.642
14570.290,126.344
14572.240,126.036
14574.200,125.724
14576.150,125.424
14578.100,125.122
14580.060,124.823
14582.010,124.504
14583.960,124.225
14585.920,123.869
14587.870,123.613
14589.820,123.302
14591.780,123.015
14593.730,122.727
14595.680,122.410
14597.630,122.101
14599.590,121.798
14601.540,121.481
14603.490,121.164
14605.450,120.866
14607.400,120.586
14609.350,120.319
14611.310,120.080
14613.260,119.804
14615.210,119.579
14617.170,119.314
14619.120,119.083
14621.070,118.851
14623.030,118.664
14624.980,118.463
14626.930,118.295
14628.880,118.107
14630.840,117.936
14632.790,117.792
14634.740,117.637
14636.700,117.494
14638.650,117.365
14640.600,117.224
14642.560,117.110
14644.510,116.970
14646.460,116.890
14648.420,116.752
14650.370,116.691
14652.320,116.600
14654.280,116.528
14656.230,116.445
14658.180,116.376
14660.130,116.324
14662.090,116.269
14664.040,116.208
14665.990,116.179
14667.950,116.150
14669.900,116.136
14671.850,116.127
14673.810,116.117
14675.760,116.101
14677.710,116.139
14679.670,116.128
14681.620,116.167
14683.570,116.201
14685.530,116.248
14687.480,116.287
14689.430,116.351
14691.380,116.401
14693.340,116.473
14695.290,116.567
14697.240,116.643
14699.200,116.737
14701.150,116.850
14703.100,116.959
14705.060,117.084
14707.010,117.190
14708.960,117.332
14710.920,117.446
14712.870,117.621
14714.820,117.772
14716.780,117.933
14718.730,118.091
14720.680,118.282
14722.630,118.477
14724.590,118.669
14726.540,118.855
14728.490,119.080
14730.450,119.303
14732.400,119.537
14734.350,119.774
14736.310,120.033
14738.260,120.251
14740.210,120.523
14742.170,120.744
14744.120,120.999
14746.070,121.258
14748.030,121.508
14749.980,121.747
14751.930,122.029
14753.880,122.265
14755.840,122.487
14757.790,122.740
14759.740,122.964
14761.700,123.204
14763.650,123.421
14765.600,123.623
14767.560,123.856
14769.510,124.074
14771.460,124.298
14773.420,124.483
14775.370,124.735
14777.320,124.928
14779.280,125.141
14781.230,125.355
14783.180,125.584
14785.130,125.798
14787.090,126.007
14789.040,126.199
14790.990,126.384
14792.950,126.581
14794.900,126.756
14796.850,126.934
14798.810,127.120
14800.760,127.303
14802.710,127.477
14804.670,127.620
14806.620,127.756
14808.570,127.880
14810.530,128.025
14812.480,128.134
14814.430,128.263
14816.380,128.370
14818.340,128.473
14820.290,128.594
14822.240,128.695
14824.200,128.786
14826.150,128.895
14828.100,128.974
14830.060,129.055
14832.010,129.131
14833.960,129.196
14835.920,129.241
14837.870,129.339
14839.820,129.373
14841.780,129.426
14843.730,129.478
14845.680,129.540
14847.630,129.565
14849.590,129.594
14851.540,129.601
14853.490,129.610
14855.450,129.625
14857.400,129.616
14859.350,129.601
14861.310,129.593
14863.260,129.581
14865.210,129.557
14867.170,129.517
14869.120,129.485
14871.070,129.433
14873.030,129.389
14874.980,129.322
14876.930,129.269
14878.880,129.197
14880.840,129.119
14882.790,129.043
14884.740,128.953
14886.700,128.847
14888.650,128.763
14890.600,128.641
14892.560,128.530
14894.510,128.406
14896.460,128.283
14898.420,128.126
14900.370,128.019
14902.320,127.856
14904.280,127.708
14906.230,127.559
14908.180,127.425
14910.130,127.249
14912.090,127.079
14914.040,126.897
14915.990,126.726
14917.950,126.553
14919.900,126.372
14921.850,126.182
14923.810,126.018
14925.760,125.842
14927.710,125.665
14929.670,125.467
14931.620,125.291
14933.570,125.089
14935.530,124.904
14937.480,124.695
14939.430,124.496
14941.380,124.294
14943.340,124.084
14945.290,123.878
14947.240,123.661
14949.200,123.448
14951.150,123.274
14953.100,123.072
14955.060,122.883
14957.010,122.686
14958.960,122.494
14960.920,122.275
14962.870,122.110
14964.820,121.919
14966.780,121.743
14968.730,121.571
14970.680,121.436
14972.630,121.255
14974.590,121.072
14976.540,120.906
14978.490,120.745
14980.450,120.581
14982.400,120.410
14984.350,120.239
14986.310,120.096
14988.260,119.942
14990.210,119.789
14992.170,119.617
14994.120,119.481
14996.070,119.333
14998.030,119.222
14999.980,119.090
15001.930,118.993
15003.880,118.875
15005.840,118.764
15007.790,118.685
15009.740,118.610
15011.700,118.508
15013.650,118.457
15015.600,118.385
15017.560,118.318
15019.510,118.256
15021.460,118.200
15023.420,118.120
15025.370,118.106
15027.320,118.057
15029.280,118.006
15031.230,117.987
15033.180,118.007
15035.130,117.971
15037.090,117.951
15039.040,117.954
15040.990,117.970
15042.950,117.980
15044.900,118.011
15046.850,118.014
15048.810,118.056
15050.760,118.107
15052.710,118.141
15054.670,118.167
15056.620,118.235
15058.570,118.293
15060.530,118.360
15062.480,118.419
15064.430,118.497
15066.380,118.573
15068.340,118.652
15070.290,118.754
15072.240,118.854
15074.200,118.932
15076.150,119.065
15078.100,119.179
15080.060,119.298
15082.010,119.419
15083.960,119.550
15085.920,119.661
15087.870,119.819
15089.820,119.947
15091.780,120.058
15093.730,120.201
15095.680,120.371
15097.630,120.498
15099.590,120.621
15101.540,120.773
15103.490,120.930
15105.450,121.078
15107.400,121.234
15109.350,121.363
15111.310,121.522
15113.260,121.687
15115.210,121.852
15117.170,121.990
15119.120,122.153
15121.070,122.304
15123.030,122.459
15124.980,122.602
15126.930,122.754
15128.880,122.899
15130.840,123.025
15132.790,123.183
15134.740,123.323
15136.700,123.428
15138.650,123.585
15140.600,123.718
15142.560,123.841
15144.510,123.951
15146.460,124.078
15148.420,124.154
15150.370,124.267
15152.320,124.359
15154.280,124.427
15156.230,124.503
15158.180,124.608
15160.130,124.690
15162.090,124.736
15164.040,124.812
15165.990,124.889
15167.950,124.944
15169.900,125.023
15171.850,125.062
15173.810,125.112
15175.760,125.167
15177.710,125.226
15179.670,125.242
15181.620,125.291
15183.570,125.326
15185.530,125.368
15187.480,125.390
15189.430,125.408
15191.380,125.437
15193.340,125.438
15195.290,125.472
15197.240,125.494
15199.200,125.472
15201.150,125.500
15203.100,125.507
15205.060,125.511
15207.010,125.490
15208.960,125.494
15210.920,125.463
15212.870,125.474
15214.820,125.461
15216.780,125.417
15218.730,125.391
15220.680,125.379
15222.630,125.349
15224.590,125.276
15226.540,125.223
15228.490,125.170
15230.450,125.089
15232.400,125.033
15234.350,124.933
15236.310,124.860
15238.260,124.783
15240.210,124.723
15242.170,124.613
15244.120,124.539
15246.070,124.466
15248.030,124.382
15249.980,124.291
15251.930,124.197
15253.880,124.103
15255.840,123.988
15257.790,123.920
15259.740,123.820
15261.700,123.686
15263.650,123.606
15265.600,123.501
15267.560,123.390
15269.510,123.254
15271.460,123.151
15273.420,123.006
15275.370,122.948
15277.320,122.854
15279.280,122.729
15281.230,122.649
15283.180,122.577
15285.130,122.492
15287.090,122.371
15289.040,122.296
15290.990,122.209
15292.950,122.119
15294.900,122.044
15296.850,121.939
15298.810,121.860
15300.760,121.771
15302.710,121.716
15304.670,121.594
15306.620,121.522
15308.570,121.443
15310.530,121.354
15312.480,121.261
15314.430,121.182
15316.380,121.110
15318.340,121.001
15320.290,120.958
15322.240,120.882
15324.200,120.766
15326.150,120.726
15328.100,120.636
15330.060,120.568
15332.010,120.491
15333.960,120.431
15335.920,120.330
15337.870,120.301
15339.820,120.234
15341.780,120.142
15343.730,120.087
15345.680,120.037
15347.630,119.980
15349.590,119.889
15351.540,119.845
15353.490,119.787
15355.450,119.716
15357.400,119.671
15359.350,119.593
15361.310,119.543
15363.260,119.485
15365.210,119.454
15367.170,119.378
15369.120,119.342
15371.070,119.312
15373.030,119.257
15374.980,119.208
15376.930,119.166
15378.880,119.140
15380.840,119.092
15382.790,119.092
15384.740,119.081
15386.700,119.043
15388.650,119.051
15390.600,119.021
15392.560,119.023
15394.510,119.006
15396.460,119.012
15398.420,118.984
15400.370,119.024
15402.320,119.035
15404.280,119.017
15406.230,119.048
15408.180,119.085
15410.130,119.100
15412.090,119.104
15414.040,119.135
15415.990,119.165
15417.950,119.179
15419.900,119.218
15421.850,119.229
15423.810,119.280
15425.760,119.304
15427.710,119.359
15429.670,119.373
15431.620,119.418
15433.570,119.466
15435.530,119.500
15437.480,119.545
15439.430,119.584
15441.380,119.647
15443.340,119.676
15445.290,119.742
15447.240,119.797
15449.200,119.828
15451.150,119.904
15453.100,119.949
15455.060,120.004
15457.010,120.057
15458.960,120.121
15460.920,120.155
15462.870,120.236
15464.820,120.295
15466.780,120.336
15468.730,120.412
15470.680,120.482
15472.630,120.545
15474.590,120.589
15476.540,120.662
15478.490,120.737
15480.450,120.798
15482.400,120.875
15484.350,120.932
15486.310,121.019
15488.260,121.086
15490.210,121.171
15492.170,121.215
15494.120,121.292
15496.070,121.351
15498.030,121.390
15499.980,121.441
15501.930,121.490
15503.880,121.551
15505.840,121.570
15507.790,121.635
15509.740,121.667
15511.700,121.691
15513.650,121.732
15515.600,121.748
15517.560,121.771
15519.510,121.780
15521.460,121.820
15523.420,121.815
15525.370,121.858
15527.320,121.865
15529.280,121.858
15531.230,121.894
15533.180,121.909
15535.130,121.920
15537.090,121.904
15539.040,121.921
15540.990,121.934
15542.950,121.926
15544.900,121.939
15546.850,121.906
15548.810,121.918
15550.760,121.889
15552.710,121.892
15554.670,121.844
15556.620,121.839
15558.570,121.821
15560.530,121.776
15562.480,121.746
15564.430,121.706
15566.380,121.685
15568.340,121.615
15570.290,121.592
15572.240,121.546
15574.200,121.486
15576.150,121.456
15578.100,121.383
15580.060,121.336
15582.010,121.263
15583.960,121.226
15585.920,121.144
15587.870,121.109
15589.820,121.049
15591.780,120.974
15593.730,120.932
15595.680,120.875
15597.630,120.845
15599.590,120.785
15601.540,120.758
15603.490,120.731
15605.450,120.689
15607.400,120.663
15609.350,120.611
15611.310,120.592
15613.260,120.552
15615.210,120.529
15617.170,120.468
15619.120,120.457
15621.070,120.432
15623.030,120.386
15624.980,120.350
15626.930,120.317
15628.880,120.304
15630.840,120.247
15632.790,120.234
15634.740,120.200
15636.700,120.178
15638.650,120.181
15640.600,120.150
15642.560,120.142
15644.510,120.124
15646.460,120.130
15648.420,120.093
15650.370,120.111
15652.320,120.113
15654.280,120.091
15656.230,120.107
15658.180,120.110
15660.130,120.129
15662.090,120.117
15664.040,120.129
15665.990,120.143
15667.950,120.139
15669.900,120.141
15671.850,120.112
15673.810,120.128
15675.760,120.111
15677.710,120.116
15679.670,120.094
15681.620,120.100
15683.570,120.103
15685.530,120.091
15687.480,120.095
15689.430,120.076
15691.380,120.102
15693.340,120.071
15695.290,120.097
15697.240,120.092
15699.200,120.065
15701.150,120.093
15703.100,120.074
15705.060,120.072
15707.010,120.061
15708.960,120.049
15710.920,120.024
15712.870,120.050
15714.820,120.045
15716.780,120.006
15718.730,120.007
15720.680,120.004
15722.630,120.016
15724.590,119.974
15726.540,119.978
15728.490,119.964
15730.450,119.959
15732.400,119.952
15734.350,119.922
15736.310,119.929
15738.260,119.914
15740.210,119.924
15742.170,119.888
15744.120,119.898
15746.070,119.901
15748.030,119.890
15749.980,119.891
15751.930,119.865
15753.880,119.886
15755.840,119.858
15757.790,119.865
15759.740,119.855
15761.700,119.849
15763.650,119.860
15765.600,119.855
15767.560,119.842
15769.510,119.829
15771.460,119.831
15773.420,119.811
15775.370,119.848
15777.320,119.844
15779.280,119.807
15781.230,119.828
15783.180,119.832
15785.130,119.839
15787.090,119.821
15789.040,119.831
15790.990,119.821
15792.950,119.824
15794.900,119.821
15796.850,119.800
15798.810,119.823
15800.760,119.832
15802.710,119.844
15804.670,119.824
15806.620,119.834
15808.570,119.845
15810.530,119.844
15812.480,119.844
15814.430,119.833
15816.380,119.854
15818.340,119.829
15820.290,119.856
15822.240,119.834
15824.200,119.837
15826.150,119.841
15828.100,119.829
15830.060,119.840
15832.010,119.841
15833.960,119.858
15835.920,119.837
15837.870,119.855
15839.820,119.866
15841.780,119.842
15843.730,119.854
15845.680,119.862
15847.630,119.874
15849.590,119.868
15851.540,119.870
15853.490,119.875
15855.450,119.884
15857.400,119.878
15859.350,119.858
15861.310,119.881
15863.260,119.887
15865.210,119.903
15867.170,119.876
15869.120,119.889
15871.070,119.912
15873.030,119.896
15874.980,119.906
15876.930,119.897
15878.880,119.932
15880.840,119.911
15882.790,119.938
15884.740,119.935
15886.700,119.935
15888.650,119.938
15890.600,119.941
15892.560,119.945
15894.510,119.941
15896.460,119.959
15898.420,119.955
15900.370,119.962
15902.320,119.980
15904.280,119.943
15906.230,119.957
15908.180,119.960
15910.130,119.958
15912.090,119.949
15914.040,119.943
15915.990,119.944
15917.950,119.944
15919.900,119.930
15921.850,119.908
15923.810,119.925
15925.760,119.917
15927.710,119.931
15929.670,119.900
15931.620,119.910
15933.570,119.915
15935.530,119.892
15937.480,119.894
15939.430,119.870
15941.380,119.893
15943.340,119.883
15945.290,119.883
15947.240,119.885
15949.200,119.868
15951.150,119.865
15953.100,119.865
15955.060,119.858
15957.010,119.845
15958.960,119.849
15960.920,119.824
15962.870,119.845
15964.820,119.846
15966.780,119.817
15968.730,119.832
15970.680,119.824
15972.630,119.839
15974.590,119.822
15976.540,119.837
15978.490,119.839
15980.450,119.833
15982.400,119.827
15984.350,119.804
15986.310,119.834
15988.260,119.832
15990.210,119.837
15992.170,119.806
15994.120,119.818
15996.070,119.832
15998.030,119.822
15999.980,119.821
16001.930,119.801
16003.880,119.821
16005.840,119.802
16007.790,119.835
16009.740,119.817
16011.700,119.812
16013.650,119.803
16015.600,119.798
16017.560,119.806
16019.510,119.782
16021.460,119.802
16023.420,119.756
16025.370,119.777
16027.320,119.786
16029.280,119.747
16031.230,119.762
16033.180,119.773
16035.130,119.778
16037.090,119.754
16039.040,119.762
16040.990,119.763
16042.950,119.778
16044.900,119.766
16046.850,119.742
16048.810,119.754
16050.760,119.759
16052.710,119.782
16054.670,119.733
16056.620,119.749
16058.570,119.748
16060.530,119.738
16062.480,119.732
16064.430,119.711
16066.380,119.733
16068.340,119.713
16070.290,119.716
16072.240,119.702
16074.200,119.695
16076.150,119.696
16078.100,119.699
16080.060,119.695
16082.010,119.685
16083.960,119.692
16085.920,119.671
16087.870,119.689
16089.820,119.690
16091.780,119.662
16093.730,119.673
16095.680,119.666
16097.630,119.680
16099.590,119.652
16101.540,119.659
16103.490,119.664
16105.450,119.660
16107.400,119.650
16109.350,119.632
16111.310,119.647
16113.260,119.648
16115.210,119.655
16117.170,119.623
16119.120,119.634
16121.070,119.631
16123.030,119.631
16124.980,119.629
16126.930,119.612
16128.880,119.630
16130.840,119.609
16132.790,119.624
16134.740,119.622
16136.700,119.616
16138.650,119.625
16140.600,119.619
16142.560,119.621
16144.510,119.612
16146.460,119.633
16148.420,119.617
16150.370,119.623
16152.320,119.626
16154.280,119.609
16156.230,119.620
16158.180,119.626
16160.130,119.617
