time_s,temperature_C
2.000,1000.000
4.000,1000.000
6.000,1000.000
8.000,1000.000
9.000,1000.000
10.000,1000.000
11.000,1000.000
12.000,1000.000
13.000,1000.000
14.000,1000.000
15.000,1000.000
16.000,1000.000
17.000,1000.000
18.000,1000.000
19.000,1000.000
20.000,1000.000
21.000,1000.000
22.000,1000.000
23.000,1000.000
24.000,1000.000
25.000,1000.000
26.000,1000.000
27.000,1000.000
28.000,1000.000
29.000,1000.000
30.001,1000.000
31.001,1000.000
32.001,1000.000
33.001,1000.000
34.001,1000.000
35.001,1000.000
36.001,1000.000
37.001,1000.000
38.001,1000.000
39.001,1000.000
40.001,1000.000
41.001,1000.000
42.001,1000.000
43.001,1000.000
44.001,1000.000
45.001,1000.000
46.001,1000.000
47.001,1000.000
48.001,1000.000
49.001,1000.000
50.001,1000.000
51.001,1000.000
52.001,1000.000
53.001,1000.000
54.001,1000.000
55.001,1000.000
56.001,1000.000
57.001,1000.000
58.001,1000.000
59.001,1000.000
60.001,1000.000
61.001,1000.000
62.001,1000.000
63.001,1000.000
64.001,1000.000
66.001,1000.000
68.001,1000.000
70.000,1000.000
72.000,1000.000
74.000,1000.000
75.999,1000.000
77.999,1000.000
79.999,1000.000
81.998,1000.000
83.998,1000.000
85.998,1000.000
87.997,1000.000
89.997,1000.000
91.997,1000.000
93.996,1000.000
95.996,1000.000
97.996,1000.000
99.995,1000.000
101.995,1000.000
103.995,1000.000
105.994,1000.000
107.994,1000.000
109.994,1000.000
111.993,1000.000
113.993,1000.000
115.993,1000.000
117.992,1000.000
119.992,1000.000
121.992,1000.000
123.991,1000.000
125.991,1000.000
127.991,1000.000
128.991,1000.000
129.991,1000.000
130.991,1000.000
131.991,1000.000
132.992,1000.000
133.992,1000.000
134.992,1000.000
135.992,1000.000
136.992,1000.000
137.993,1000.000
138.993,1000.000
139.993,1000.000
140.993,1000.000
141.994,1000.000
142.994,1000.000
143.994,1000.000
144.994,1000.000
145.994,1000.000
146.995,1000.000
147.995,1000.000
148.995,1000.000
149.995,1000.000
150.995,1000.000
151.996,1000.000
152.996,1000.000
153.996,1000.000
154.996,1000.000
155.997,1000.000
156.997,1000.000
157.997,1000.000
158.997,1000.000
159.997,1000.000
160.998,1000.000
161.998,1000.000
162.998,1000.000
163.998,1000.000
164.998,1000.000
165.999,1000.000
166.999,1000.000
167.999,1000.000
168.999,1000.000
170.000,1000.000
171.000,1000.000
172.000,1000.000
173.000,1000.000
174.000,1000.000
175.001,1000.000
176.001,1000.000
177.001,1000.000
178.001,1000.000
179.001,1000.000
180.002,1000.000
181.002,1000.000
182.002,1000.000
183.002,1000.000
184.003,1000.000
185.003,1000.000
186.003,1000.000
187.003,1000.000
188.003,1000.000
189.004,1000.000
190.004,1000.000
191.004,1000.000
192.004,1000.000
193.004,1000.000
194.005,1000.000
195.005,1000.000
196.005,1000.000
197.005,1000.000
198.006,1000.000
199.006,1000.000
200.006,1000.000
201.006,1000.000
202.006,1000.000
203.007,1000.000
204.007,1000.000
205.007,1000.000
206.007,1000.000
207.007,1000.000
208.008,1000.000
209.008,1000.000
210.008,1000.000
211.008,1000.000
212.009,1000.000
213.009,1000.000
214.009,1000.000
215.009,1000.000
216.009,1000.000
217.010,1000.000
218.010,1000.000
219.010,1000.000
220.010,1000.000
221.010,1000.000
222.011,1000.000
223.011,1000.000
224.011,1000.000
225.011,1000.000
226.012,1000.000
227.012,1000.000
228.012,1000.000
229.012,1000.000
230.012,1000.000
231.013,1000.000
232.013,1000.000
233.013,1000.000
234.013,1000.000
235.013,1000.000
236.014,1000.000
237.014,1000.000
238.014,1000.000
239.014,1000.000
240.015,1000.000
241.015,1000.000
242.015,1000.000
243.015,1000.000
244.015,1000.000
245.016,1000.000
246.016,1000.000
247.016,1000.000
248.016,1000.000
249.016,1000.000
250.017,1000.000
251.017,1000.000
252.017,1000.000
253.017,1000.000
254.017,1000.000
255.018,1000.000
256.018,1000.000
258.017,1000.000
260.016,1000.000
262.015,1000.000
264.014,1000.000
266.012,1000.000
268.011,1000.000
270.010,1000.000
272.009,1000.000
274.008,1000.000
276.007,1000.000
278.006,1000.000
280.005,1000.000
282.004,1000.000
284.003,1000.000
286.001,1000.000
288.000,1000.000
289.999,1000.000
291.998,1000.000
293.997,1000.000
295.996,1000.000
297.995,1000.000
299.994,1000.000
301.993,1000.000
303.992,1000.000
305.990,1000.000
307.989,1000.000
309.988,1000.000
311.987,1000.000
313.986,1000.000
315.985,1000.000
317.984,1000.000
319.983,1000.000
321.982,1000.000
323.981,1000.000
325.979,1000.000
327.978,1000.000
329.977,1000.000
331.976,1000.000
333.975,1000.000
335.974,1000.000
337.973,1000.000
339.972,1000.000
341.971,1000.000
343.970,1000.000
345.968,1000.000
347.967,1000.000
349.966,1000.000
351.965,1000.000
353.964,1000.000
355.963,1000.000
357.962,1000.000
359.961,1000.000
361.960,1000.000
363.959,1000.000
365.957,1000.000
367.956,1000.000
369.955,1000.000
371.954,1000.000
373.953,1000.000
375.952,1000.000
377.951,1000.000
379.950,1000.000
381.949,1000.000
383.948,1000.000
385.946,1000.000
387.945,1000.000
389.944,1000.000
391.943,1000.000
393.942,1000.000
395.941,1000.000
397.940,1000.000
399.939,1000.000
401.938,1000.000
403.937,1000.000
405.936,1000.000
407.934,1000.000
409.933,1000.000
411.932,1000.000
413.931,1000.000
415.930,1000.000
417.929,1000.000
419.928,1000.000
421.927,1000.000
423.926,1000.000
425.925,1000.000
427.923,1000.000
429.922,1000.000
431.921,1000.000
433.920,1000.000
435.919,1000.000
437.918,1000.000
439.917,1000.000
441.916,1000.000
443.915,1000.000
445.914,1000.000
447.912,1000.000
449.911,1000.000
451.910,1000.000
453.909,1000.000
455.908,1000.000
457.907,1000.000
459.906,1000.000
461.905,1000.000
463.904,1000.000
465.903,1000.000
467.901,1000.000
469.900,1000.000
471.899,1000.000
473.898,1000.000
475.897,1000.000
477.896,1000.000
479.895,1000.000
481.894,1000.000
483.893,1000.000
485.892,1000.000
487.890,1000.000
489.889,1000.000
491.888,1000.000
493.887,1000.000
495.886,1000.000
497.885,1000.000
499.884,1000.000
501.883,1000.000
503.882,1000.000
505.881,1000.000
507.879,1000.000
509.878,1000.000
511.877,1000.000
512.878,1000.000
513.879,1000.000
514.880,1000.000
515.881,1000.000
516.882,1000.000
517.883,1000.000
518.884,1000.000
519.885,1000.000
520.886,1000.000
521.887,1000.000
522.888,1000.000
523.889,1000.000
524.890,1000.000
525.891,1000.000
526.892,1000.000
527.893,1000.000
528.894,1000.000
529.895,1000.000
530.896,1000.000
531.897,1000.000
532.898,1000.000
533.899,1000.000
534.900,1000.000
535.901,1000.000
536.901,1000.000
537.902,1000.000
538.903,1000.000
539.904,1000.000
540.905,1000.000
541.906,1000.000
542.907,1000.000
543.908,1000.000
544.909,1000.000
545.910,1000.000
546.911,1000.000
547.912,1000.000
548.913,1000.000
549.914,1000.000
550.915,1000.000
551.916,1000.000
552.917,1000.000
553.918,1000.000
554.919,1000.000
555.920,1000.000
556.921,1000.000
557.922,1000.000
558.923,1000.000
559.924,1000.000
560.925,1000.000
561.926,1000.000
562.927,1000.000
563.928,1000.000
564.929,1000.000
565.930,1000.000
566.931,1000.000
567.932,1000.000
568.933,1000.000
569.934,1000.000
570.935,1000.000
571.936,1000.000
572.937,1000.000
573.938,1000.000
574.939,1000.000
575.940,1000.000
576.941,1000.000
577.942,1000.000
578.942,1000.000
579.943,1000.000
580.944,1000.000
581.945,1000.000
582.946,1000.000
583.947,1000.000
584.948,1000.000
585.949,1000.000
586.950,1000.000
587.951,1000.000
588.952,1000.000
589.953,1000.000
590.954,1000.000
591.955,1000.000
592.956,1000.000
593.957,1000.000
594.958,1000.000
595.959,1000.000
596.960,1000.000
597.961,1000.000
598.962,1000.000
599.963,1000.000
600.964,1000.000
601.965,1000.000
602.966,1000.000
603.967,1000.000
604.968,1000.000
605.969,1000.000
606.970,1000.000
607.971,1000.000
608.972,1000.000
609.973,1000.000
610.974,1000.000
611.975,1000.000
612.976,1000.000
613.977,1000.000
614.978,1000.000
615.979,1000.000
616.980,1000.000
617.981,1000.000
618.982,1000.000
619.983,1000.000
620.984,1000.000
621.984,1000.000
622.985,1000.000
623.986,1000.000
624.987,1000.000
625.988,1000.000
626.989,1000.000
627.990,1000.000
628.991,1000.000
629.992,1000.000
630.993,1000.000
631.994,1000.000
632.995,1000.000
633.996,1000.000
634.997,1000.000
635.998,1000.000
636.999,1000.000
638.000,1000.000
639.001,1000.000
640.002,1000.000
641.003,1000.000
642.004,1000.000
643.005,1000.000
644.006,1000.000
645.007,1000.000
646.008,1000.000
647.009,1000.000
648.010,1000.000
649.011,1000.000
650.012,1000.000
651.013,1000.000
652.014,1000.000
653.015,1000.000
654.016,1000.000
655.017,1000.000
656.018,1000.000
657.019,1000.000
658.020,1000.000
659.021,1000.000
660.022,1000.000
661.023,1000.000
662.024,1000.000
663.025,1000.000
664.026,1000.000
665.026,1000.000
666.027,1000.000
667.028,1000.000
668.029,1000.000
669.030,1000.000
670.031,1000.000
671.032,1000.000
672.033,1000.000
673.034,1000.000
674.035,1000.000
675.036,1000.000
676.037,1000.000
677.038,1000.000
678.039,1000.000
679.040,1000.000
680.041,1000.000
681.042,1000.000
682.043,1000.000
683.044,1000.000
684.045,1000.000
685.046,1000.000
686.047,1000.000
687.048,1000.000
688.049,1000.000
689.050,1000.000
690.051,1000.000
691.052,1000.000
692.053,1000.000
693.054,1000.000
694.055,1000.000
695.056,1000.000
696.057,1000.000
697.058,1000.000
698.059,1000.000
699.060,1000.000
700.061,1000.000
701.062,1000.000
702.063,1000.000
703.064,1000.000
704.065,1000.000
705.066,1000.000
706.067,1000.000
707.067,1000.000
708.068,1000.000
709.069,1000.000
710.070,1000.000
711.071,1000.000
712.072,1000.000
713.073,1000.000
714.074,1000.000
715.075,1000.000
716.076,1000.000
717.077,1000.000
718.078,1000.000
719.079,1000.000
720.080,1000.000
721.081,1000.000
722.082,1000.000
723.083,1000.000
724.084,1000.000
725.085,1000.000
726.086,1000.000
727.087,1000.000
728.088,1000.000
729.089,1000.000
730.090,1000.000
731.091,1000.000
732.092,1000.000
733.093,1000.000
734.094,1000.000
735.095,1000.000
736.096,1000.000
737.097,1000.000
738.098,1000.000
739.099,1000.000
740.100,1000.000
741.101,1000.000
742.102,1000.000
743.103,1000.000
744.104,1000.000
745.105,1000.000
746.106,1000.000
747.107,1000.000
748.108,1000.000
749.109,1000.000
750.109,1000.000
751.110,1000.000
752.111,1000.000
753.112,1000.000
754.113,1000.000
755.114,1000.000
756.115,1000.000
757.116,1000.000
758.117,1000.000
759.118,1000.000
760.119,1000.000
761.120,1000.000
762.121,1000.000
763.122,1000.000
764.123,1000.000
765.124,1000.000
766.125,1000.000
767.126,1000.000
768.127,1000.000
769.128,1000.000
770.129,1000.000
771.130,1000.000
772.131,1000.000
773.132,1000.000
774.133,1000.000
775.134,1000.000
776.135,1000.000
777.136,1000.000
778.137,1000.000
779.138,1000.000
780.139,1000.000
781.140,1000.000
782.141,1000.000
783.142,1000.000
784.143,1000.000
785.144,1000.000
786.145,1000.000
787.146,1000.000
788.147,1000.000
789.148,1000.000
790.149,1000.000
791.150,1000.000
792.151,1000.000
793.151,1000.000
794.152,1000.000
795.153,1000.000
796.154,1000.000
797.155,1000.000
798.156,1000.000
799.157,1000.000
800.158,1000.000
801.159,1000.000
802.160,1000.000
803.161,1000.000
804.162,1000.000
805.163,1000.000
806.164,1000.000
807.165,1000.000
808.166,1000.000
809.167,1000.000
810.168,1000.000
811.169,1000.000
812.170,1000.000
813.171,1000.000
814.172,1000.000
815.173,1000.000
816.174,1000.000
817.175,1000.000
818.176,1000.000
819.177,1000.000
820.178,1000.000
821.179,1000.000
822.180,1000.000
823.181,1000.000
824.182,1000.000
825.183,1000.000
826.184,1000.000
827.185,1000.000
828.186,1000.000
829.187,1000.000
830.188,1000.000
831.189,1000.000
832.190,1000.000
833.191,1000.000
834.192,1000.000
835.192,1000.000
836.193,1000.000
837.194,1000.000
838.195,1000.000
839.196,1000.000
840.197,1000.000
841.198,1000.000
842.199,1000.000
843.200,1000.000
844.201,1000.000
845.202,1000.000
846.203,1000.000
847.204,1000.000
848.205,1000.000
849.206,1000.000
850.207,1000.000
851.208,1000.000
852.209,1000.000
853.210,1000.000
854.211,1000.000
855.212,1000.000
856.213,1000.000
857.214,1000.000
858.215,1000.000
859.216,1000.000
860.217,1000.000
861.218,1000.000
862.219,1000.000
863.220,1000.000
864.221,1000.000
865.222,1000.000
866.223,1000.000
867.224,1000.000
868.225,1000.000
869.226,1000.000
870.227,1000.000
871.228,1000.000
872.229,1000.000
873.230,1000.000
874.231,1000.000
875.232,1000.000
876.233,1000.000
877.234,1000.000
878.234,1000.000
879.235,1000.000
880.236,1000.000
881.237,1000.000
882.238,1000.000
883.239,1000.000
884.240,1000.000
885.241,1000.000
886.242,1000.000
887.243,1000.000
888.244,1000.000
889.245,1000.000
890.246,1000.000
891.247,1000.000
892.248,1000.000
893.249,1000.000
894.250,1000.000
895.251,1000.000
896.252,1000.000
897.253,1000.000
898.254,1000.000
899.255,1000.000
900.256,1000.000
901.257,1000.000
902.258,1000.000
903.259,1000.000
904.260,1000.000
905.261,1000.000
906.262,1000.000
907.263,1000.000
908.264,1000.000
909.265,1000.000
910.266,1000.000
911.267,1000.000
912.268,1000.000
913.269,1000.000
914.270,1000.000
915.271,1000.000
916.272,1000.000
917.273,1000.000
918.274,1000.000
919.275,1000.000
920.276,1000.000
921.276,1000.000
922.277,1000.000
923.278,1000.000
924.279,1000.000
925.280,1000.000
926.281,1000.000
927.282,1000.000
928.283,1000.000
929.284,1000.000
930.285,1000.000
931.286,1000.000
932.287,1000.000
933.288,1000.000
934.289,1000.000
935.290,1000.000
936.291,1000.000
937.292,1000.000
938.293,1000.000
939.294,1000.000
940.295,1000.000
941.296,1000.000
942.297,1000.000
943.298,1000.000
944.299,1000.000
945.300,1000.000
946.301,1000.000
947.302,1000.000
948.303,1000.000
949.304,1000.000
950.305,1000.000
951.306,1000.000
952.307,1000.000
953.308,1000.000
954.309,1000.000
955.310,1000.000
956.311,1000.000
957.312,1000.000
958.313,1000.000
959.314,1000.000
960.315,1000.000
961.316,1000.000
962.317,1000.000
963.317,1000.000
964.318,1000.000
965.319,1000.000
966.320,1000.000
967.321,1000.000
968.322,1000.000
969.323,1000.000
970.324,1000.000
971.325,1000.000
972.326,1000.000
973.327,1000.000
974.328,1000.000
975.329,1000.000
976.330,1000.000
977.331,1000.000
978.332,1000.000
979.333,1000.000
980.334,1000.000
981.335,1000.000
982.336,1000.000
983.337,1000.000
984.338,1000.000
985.339,1000.000
986.340,1000.000
987.341,1000.000
988.342,1000.000
989.343,1000.000
990.344,1000.000
991.345,1000.000
992.346,1000.000
993.347,1000.000
994.348,1000.000
995.349,1000.000
996.350,1000.000
997.351,1000.000
998.352,1000.000
999.353,1000.000
1000.354,1000.000
1001.355,1000.000
1002.356,1000.000
1003.357,1000.000
1004.357,1000.000
1005.358,1000.000
1006.359,1000.000
1007.360,1000.000
1008.361,1000.000
1009.362,1000.000
1010.363,1000.000
1011.364,1000.000
1012.365,1000.000
1013.366,1000.000
1014.367,1000.000
1015.368,1000.000
1016.369,1000.000
1017.370,1000.000
1018.371,1000.000
1019.372,1000.000
1020.373,1000.000
1021.374,1000.000
1022.375,1000.000
1023.376,1000.000
1024.377,1000.000
1025.378,1000.000
1026.379,1000.000
1027.380,1000.000
1028.381,1000.000
1029.382,1000.000
1030.383,1000.000
1031.384,1000.000
1032.385,1000.000
1033.386,1000.000
1034.387,1000.000
1035.388,1000.000
1036.389,1000.000
1037.390,1000.000
1038.391,1000.000
1039.392,1000.000
1040.393,1000.000
1041.394,1000.000
1042.395,1000.000
1043.396,1000.000
1044.396,1000.000
1045.397,1000.000
1046.398,1000.000
1047.399,1000.000
1048.400,1000.000
1049.401,1000.000
1050.402,1000.000
1051.403,1000.000
1052.404,1000.000
1053.405,1000.000
1054.406,1000.000
1055.407,1000.000
1056.408,1000.000
1057.409,1000.000
1058.410,1000.000
1059.411,1000.000
1060.412,1000.000
1061.413,1000.000
1062.414,1000.000
1063.415,1000.000
1064.416,1000.000
1065.417,1000.000
1066.418,1000.000
1067.419,1000.000
1068.420,1000.000
1069.421,1000.000
1070.422,1000.000
1071.423,1000.000
1072.424,1000.000
1073.425,1000.000
1074.426,1000.000
1075.427,1000.000
1076.428,1000.000
1077.429,1000.000
1078.430,1000.000
1079.431,1000.000
1080.432,1000.000
1081.433,1000.000
1082.434,1000.000
1083.435,1000.000
1084.436,1000.000
1085.437,1000.000
1086.438,1000.000
1087.438,1000.000
1088.439,1000.000
1089.440,1000.000
1090.441,1000.000
1091.442,1000.000
1092.443,1000.000
1093.444,1000.000
1094.445,1000.000
1095.446,1000.000
1096.447,1000.000
1097.448,1000.000
1098.449,1000.000
1099.450,1000.000
1100.451,1000.000
1101.452,1000.000
1102.453,1000.000
1103.454,1000.000
1104.455,1000.000
1105.456,1000.000
1106.457,1000.000
1107.458,1000.000
1108.459,1000.000
1109.460,1000.000
1110.461,1000.000
1111.462,1000.000
1112.463,1000.000
1113.464,1000.000
1114.465,1000.000
1115.466,1000.000
1116.467,1000.000
1117.468,1000.000
1118.469,1000.000
1119.470,1000.000
1120.471,1000.000
1121.472,1000.000
1122.473,1000.000
1123.474,1000.000
1124.475,1000.000
1125.476,1000.000
1126.477,1000.000
1127.478,1000.000
1128.479,1000.000
1129.479,1000.000
1130.480,1000.000
1131.481,1000.000
1132.482,1000.000
1133.483,1000.000
1134.484,1000.000
1135.485,1000.000
1136.486,1000.000
1137.487,1000.000
1138.488,1000.000
1139.489,1000.000
1140.490,1000.000
1141.491,1000.000
1142.492,1000.000
1143.493,1000.000
1144.494,1000.000
1145.495,1000.000
1146.496,1000.000
1147.497,1000.000
1148.498,1000.000
1149.499,1000.000
1150.500,1000.000
1151.501,1000.000
1152.502,1000.000
1153.503,1000.000
1154.504,1000.000
1155.505,1000.000
1156.506,1000.000
1157.507,1000.000
1158.508,1000.000
1159.509,1000.000
1160.510,1000.000
1161.511,1000.000
1162.512,1000.000
1163.513,1000.000
1164.514,1000.000
1165.515,1000.000
1166.516,1000.000
1167.517,1000.000
1168.518,1000.000
1169.519,1000.000
1170.520,1000.000
1171.521,1000.000
1172.521,1000.000
1173.522,1000.000
1174.523,1000.000
1175.524,1000.000
1176.525,1000.000
1177.526,1000.000
1178.527,1000.000
1179.528,1000.000
1180.529,1000.000
1181.530,1000.000
1182.531,1000.000
1183.532,1000.000
1184.533,1000.000
1185.534,1000.000
1186.535,1000.000
1187.536,1000.000
1188.537,1000.000
1189.538,1000.000
1190.539,1000.000
1191.540,1000.000
1192.541,1000.000
1193.542,1000.000
1194.543,1000.000
1195.544,1000.000
1196.545,1000.000
1197.546,1000.000
1198.547,1000.000
1199.548,1000.000
1200.549,1000.000
1201.550,1000.000
1202.551,1000.000
1203.552,1000.000
1204.553,1000.000
1205.554,1000.000
1206.555,1000.000
1207.556,1000.000
1208.557,1000.000
1209.558,1000.000
1210.559,1000.000
1211.560,1000.000
1212.561,1000.000
1213.562,1000.000
1214.563,1000.000
1215.563,1000.000
1216.564,1000.000
1217.565,1000.000
1218.566,1000.000
1219.567,1000.000
1220.568,1000.000
1221.569,1000.000
1222.570,1000.000
1223.571,1000.000
1224.572,1000.000
1225.573,1000.000
1226.574,1000.000
1227.575,1000.000
1228.576,1000.000
1229.577,1000.000
1230.578,1000.000
1231.579,1000.000
1232.580,1000.000
1233.581,1000.000
1234.582,1000.000
1235.583,1000.000
1236.584,1000.000
1237.585,1000.000
1238.586,1000.000
1239.587,1000.000
1240.588,1000.000
1241.589,1000.000
1242.590,1000.000
1243.591,1000.000
1244.592,1000.000
1245.593,1000.000
1246.594,1000.000
1247.595,1000.000
1248.596,1000.000
1249.597,1000.000
1250.598,1000.000
1251.599,1000.000
1252.600,1000.000
1253.601,1000.000
1254.602,1000.000
1255.603,1000.000
1256.604,1000.000
1257.604,1000.000
1258.605,1000.000
1259.606,1000.000
1260.607,1000.000
1261.608,1000.000
1262.609,1000.000
1263.610,1000.000
1264.611,1000.000
1265.612,1000.000
1266.613,1000.000
1267.614,1000.000
1268.615,1000.000
1269.616,1000.000
1270.617,1000.000
1271.618,1000.000
1272.619,1000.000
1273.620,1000.000
1274.621,1000.000
1275.622,1000.000
1276.623,1000.000
1277.624,1000.000
1278.625,1000.000
1279.626,1000.000
1280.627,1000.000
1281.628,1000.000
1282.629,1000.000
1283.630,1000.000
1284.631,1000.000
1285.632,1000.000
1286.633,1000.000
1287.634,1000.000
1288.635,1000.000
1289.636,1000.000
1290.637,1000.000
1291.638,1000.000
1292.639,1000.000
1293.640,1000.000
1294.641,1000.000
1295.642,1000.000
1296.643,1000.000
1297.644,1000.000
1298.645,1000.000
1299.646,1000.000
1300.646,1000.000
1301.647,1000.000
1302.648,1000.000
1303.649,1000.000
1304.650,1000.000
1305.651,1000.000
1306.652,1000.000
1307.653,1000.000
1308.654,1000.000
1309.655,1000.000
1310.656,1000.000
1311.657,1000.000
1312.658,1000.000
1313.659,1000.000
1314.660,1000.000
1315.661,1000.000
1316.662,1000.000
1317.663,1000.000
1318.664,1000.000
1319.665,1000.000
1320.666,1000.000
1321.667,1000.000
1322.668,1000.000
1323.669,1000.000
1324.670,1000.000
1325.671,1000.000
1326.672,1000.000
1327.673,1000.000
1328.674,1000.000
1329.675,1000.000
1330.676,1000.000
1331.677,1000.000
1332.678,1000.000
1333.679,1000.000
1334.680,1000.000
1335.681,1000.000
1336.682,1000.000
1337.683,1000.000
1338.684,1000.000
1339.685,1000.000
1340.686,1000.000
1341.687,1000.000
1342.688,1000.000
1343.688,1000.000
1344.689,1000.000
1345.690,1000.000
1346.691,1000.000
1347.692,1000.000
1348.693,1000.000
1349.694,1000.000
1350.695,1000.000
1351.696,1000.000
1352.697,1000.000
1353.698,1000.000
1354.699,1000.000
1355.700,1000.000
1356.701,1000.000
1357.702,1000.000
1358.703,1000.000
1359.704,1000.000
1360.705,1000.000
1361.706,1000.000
1362.707,1000.000
1363.708,1000.000
1364.709,1000.000
1365.710,1000.000
1366.711,1000.000
1367.712,1000.000
1368.713,1000.000
1369.714,1000.000
1370.715,1000.000
1371.716,1000.000
1372.717,1000.000
1373.718,1000.000
1374.719,1000.000
1375.720,1000.000
1376.721,1000.000
1377.722,1000.000
1378.723,1000.000
1379.724,1000.000
1380.725,1000.000
1381.726,1000.000
1382.727,1000.000
1383.728,1000.000
1384.729,1000.000
1385.729,1000.000
1386.730,1000.000
1387.731,1000.000
1388.732,1000.000
1389.733,1000.000
1390.734,1000.000
1391.735,1000.000
1392.736,1000.000
1393.737,1000.000
1394.738,1000.000
1395.739,1000.000
1396.740,1000.000
1397.741,1000.000
1398.742,1000.000
1399.743,1000.000
1400.744,1000.000
1401.745,1000.000
1402.746,1000.000
1403.747,1000.000
1404.748,1000.000
1405.749,1000.000
1406.750,1000.000
1407.751,1000.000
1408.752,1000.000
1409.753,1000.000
1410.754,1000.000
1411.755,1000.000
1412.756,1000.000
1413.757,1000.000
1414.758,1000.000
1415.759,1000.000
1416.760,1000.000
1417.761,1000.000
1418.762,1000.000
1419.763,1000.000
1420.764,1000.000
1421.765,1000.000
1422.766,1000.000
1423.767,1000.000
1424.768,1000.000
1425.769,1000.000
1426.770,1000.000
1427.771,1000.000
1428.771,1000.000
1429.772,1000.000
1430.773,1000.000
1431.774,1000.000
1432.775,1000.000
1433.776,1000.000
1434.777,1000.000
1435.778,1000.000
1436.779,1000.000
1437.780,1000.000
1438.781,1000.000
1439.782,1000.000
1440.783,1000.000
1441.784,1000.000
1442.785,1000.000
1443.786,1000.000
1444.787,1000.000
1445.788,1000.000
1446.789,1000.000
1447.790,1000.000
1448.791,1000.000
1449.792,1000.000
1450.793,1000.000
1451.794,1000.000
1452.795,1000.000
1453.796,1000.000
1454.797,1000.000
1455.798,1000.000
1456.799,1000.000
1457.800,1000.000
1458.801,1000.000
1459.802,1000.000
1460.803,1000.000
1461.804,1000.000
1462.805,1000.000
1463.806,1000.000
1464.807,1000.000
1465.808,1000.000
1466.809,1000.000
1467.810,1000.000
1468.811,1000.000
1469.812,1000.000
1470.813,1000.000
1471.813,1000.000
1472.814,1000.000
1473.815,1000.000
1474.816,1000.000
1475.817,1000.000
1476.818,1000.000
1477.819,1000.000
1478.820,1000.000
1479.821,1000.000
1480.822,1000.000
1481.823,1000.000
1482.824,1000.000
1483.825,1000.000
1484.826,1000.000
1485.827,1000.000
1486.828,1000.000
1487.829,1000.000
1488.830,1000.000
1489.831,1000.000
1490.832,1000.000
1491.833,1000.000
1492.834,1000.000
1493.835,1000.000
1494.836,1000.000
1495.837,1000.000
1496.838,1000.000
1497.839,1000.000
1498.840,1000.000
1499.841,1000.000
1500.842,1000.000
1501.843,1000.000
1502.844,1000.000
1503.845,1000.000
1504.846,1000.000
1505.847,1000.000
1506.848,1000.000
1507.849,1000.000
1508.850,1000.000
1509.851,1000.000
1510.852,1000.000
1511.853,1000.000
1512.854,1000.000
1513.854,1000.000
1514.855,1000.000
1515.856,1000.000
1516.857,1000.000
1517.858,1000.000
1518.859,1000.000
1519.860,1000.000
1520.861,1000.000
1521.862,1000.000
1522.863,1000.000
1523.864,1000.000
1524.865,1000.000
1525.866,1000.000
1526.867,1000.000
1527.868,1000.000
1528.869,1000.000
1529.870,1000.000
1530.871,1000.000
1531.872,1000.000
1532.873,1000.000
1533.874,1000.000
1534.875,1000.000
1535.876,1000.000
1536.877,1000.000
1537.878,1000.000
1538.879,1000.000
1539.880,1000.000
1540.881,1000.000
1541.882,1000.000
1542.883,1000.000
1543.884,1000.000
1544.885,1000.000
1545.886,1000.000
1546.887,1000.000
1547.888,1000.000
1548.889,1000.000
1549.890,1000.000
1550.891,1000.000
1551.892,1000.000
1552.893,1000.000
1553.894,1000.000
1554.895,1000.000
1555.896,1000.000
1556.896,1000.000
1557.897,1000.000
1558.898,1000.000
1559.899,1000.000
1560.900,1000.000
1561.901,1000.000
1562.902,1000.000
1563.903,1000.000
1564.904,1000.000
1565.905,1000.000
1566.906,1000.000
1567.907,1000.000
1568.908,1000.000
1569.909,1000.000
1570.910,1000.000
1571.911,1000.000
1572.912,1000.000
1573.913,1000.000
1574.914,1000.000
1575.915,1000.000
1576.916,1000.000
1577.917,1000.000
1578.918,1000.000
1579.919,1000.000
1580.920,1000.000
1581.921,1000.000
1582.922,1000.000
1583.923,1000.000
1584.924,1000.000
1585.925,1000.000
1586.926,1000.000
1587.927,1000.000
1588.928,1000.000
1589.929,1000.000
1590.930,1000.000
1591.931,1000.000
1592.932,1000.000
1593.933,1000.000
1594.934,1000.000
1595.935,1000.000
1596.936,1000.000
1597.937,1000.000
1598.938,1000.000
1599.938,1000.000
1600.939,1000.000
1601.940,1000.000
1602.941,1000.000
1603.942,1000.000
1604.943,1000.000
1605.944,1000.000
1606.945,1000.000
1607.946,1000.000
1608.947,1000.000
1609.948,1000.000
1610.949,1000.000
1611.950,1000.000
1612.951,1000.000
1613.952,1000.000
1614.953,1000.000
1615.954,1000.000
1616.955,1000.000
1617.956,1000.000
1618.957,1000.000
1619.958,1000.000
1620.959,1000.000
1621.960,1000.000
1622.961,1000.000
1623.962,1000.000
1624.963,1000.000
1625.964,1000.000
1626.965,1000.000
1627.966,1000.000
1628.967,1000.000
1629.968,1000.000
1630.969,1000.000
1631.970,1000.000
1632.971,1000.000
1633.972,1000.000
1634.973,1000.000
1635.974,1000.000
1636.975,1000.000
1637.976,1000.000
1638.977,1000.000
1639.978,1000.000
1640.979,1000.000
1641.979,1000.000
1642.980,1000.000
1643.981,1000.000
1644.982,1000.000
1645.983,1000.000
1646.984,1000.000
1647.985,1000.000
1648.986,1000.000
1649.987,1000.000
1650.988,1000.000
1651.989,1000.000
1652.990,1000.000
1653.991,1000.000
1654.992,1000.000
1655.993,1000.000
1656.994,1000.000
1657.995,1000.000
1658.996,1000.000
1659.997,1000.000
1660.998,1000.000
1661.999,1000.000
1663.000,1000.000
1664.001,1000.000
1665.002,1000.000
1666.003,1000.000
1667.004,1000.000
1668.005,1000.000
1669.006,1000.000
1670.007,1000.000
1671.008,1000.000
1672.009,1000.000
1673.010,1000.000
1674.011,1000.000
1675.012,1000.000
1676.013,1000.000
1677.014,1000.000
1678.015,1000.000
1679.016,1000.000
1680.017,1000.000
1681.018,1000.000
1682.019,1000.000
1683.020,1000.000
1684.021,1000.000
1685.021,1000.000
1686.022,1000.000
1687.023,1000.000
1688.024,1000.000
1689.025,1000.000
1690.026,1000.000
1691.027,1000.000
1692.028,1000.000
1693.029,1000.000
1694.030,1000.000
1695.031,1000.000
1696.032,1000.000
1697.033,1000.000
1698.034,1000.000
1699.035,1000.000
1700.036,1000.000
1701.037,1000.000
1702.038,1000.000
1703.039,1000.000
1704.040,1000.000
1705.041,1000.000
1706.042,1000.000
1707.043,1000.000
1708.044,1000.000
1709.045,1000.000
1710.046,1000.000
1711.047,1000.000
1712.048,1000.000
1713.049,1000.000
1714.050,1000.000
1715.051,1000.000
1716.052,1000.000
1717.053,1000.000
1718.054,1000.000
1719.055,1000.000
1720.056,1000.000
1721.057,1000.000
1722.058,1000.000
1723.059,1000.000
1724.060,1000.000
1725.061,1000.000
1726.062,1000.000
1727.063,1000.000
1728.063,1000.000
1729.064,1000.000
1730.065,1000.000
1731.066,1000.000
1732.067,1000.000
1733.068,1000.000
1734.069,1000.000
1735.070,1000.000
1736.071,1000.000
1737.072,1000.000
1738.073,1000.000
1739.074,1000.000
1740.075,1000.000
1741.076,1000.000
1742.077,1000.000
1743.078,1000.000
1744.079,1000.000
1745.080,1000.000
1746.081,1000.000
1747.082,1000.000
1748.083,1000.000
1749.084,1000.000
1750.085,1000.000
1751.086,1000.000
1752.087,1000.000
1753.088,1000.000
1754.089,1000.000
1755.090,1000.000
1756.091,1000.000
1757.092,1000.000
1758.093,1000.000
1759.094,1000.000
1760.095,1000.000
1761.096,1000.000
1762.097,1000.000
1763.098,1000.000
1764.099,1000.000
1765.100,1000.000
1766.101,1000.000
1767.102,1000.000
1768.103,1000.000
1769.104,1000.000
1770.104,1000.000
1771.105,1000.000
1772.106,1000.000
1773.107,1000.000
1774.108,1000.000
1775.109,1000.000
1776.110,1000.000
1777.111,1000.000
1778.112,1000.000
1779.113,1000.000
1780.114,1000.000
1781.115,1000.000
1782.116,1000.000
1783.117,1000.000
1784.118,1000.000
1785.119,1000.000
1786.120,1000.000
1787.121,1000.000
1788.122,1000.000
1789.123,1000.000
1790.124,1000.000
1791.125,1000.000
1792.126,1000.000
1793.127,1000.000
1794.128,1000.000
1795.129,1000.000
1796.130,1000.000
1797.131,1000.000
1798.132,1000.000
1799.133,1000.000
1800.134,1000.000
1801.135,1000.000
1802.136,1000.000
1803.137,1000.000
1804.138,1000.000
1805.139,1000.000
1806.140,1000.000
1807.141,1000.000
1808.142,1000.000
1809.143,1000.000
1810.144,1000.000
1811.145,1000.000
1812.146,1000.000
1813.146,1000.000
1814.147,1000.000
1815.148,1000.000
1816.149,1000.000
1817.150,1000.000
1818.151,1000.000
1819.152,1000.000
1820.153,1000.000
1821.154,1000.000
1822.155,1000.000
1823.156,1000.000
1824.157,1000.000
1825.158,1000.000
1826.159,1000.000
1827.160,1000.000
1828.161,1000.000
1829.162,1000.000
1830.163,1000.000
1831.164,1000.000
1832.165,1000.000
1833.166,1000.000
1834.167,1000.000
1835.168,1000.000
1836.169,1000.000
1837.170,1000.000
1838.171,1000.000
1839.172,1000.000
1840.173,1000.000
1841.174,1000.000
1842.175,1000.000
1843.176,1000.000
1844.177,1000.000
1845.178,1000.000
1846.179,1000.000
1847.180,1000.000
1848.181,1000.000
1849.182,1000.000
1850.183,1000.000
1851.184,1000.000
1852.185,1000.000
1853.186,1000.000
1854.187,1000.000
1855.188,1000.000
1856.188,1000.000
1857.189,1000.000
1858.190,1000.000
1859.191,1000.000
1860.192,1000.000
1861.193,1000.000
1862.194,1000.000
1863.195,1000.000
1864.196,1000.000
1865.197,1000.000
1866.198,1000.000
1867.199,1000.000
1868.200,1000.000
1869.201,1000.000
1870.202,1000.000
1871.203,1000.000
1872.204,1000.000
1873.205,1000.000
1874.206,1000.000
1875.207,1000.000
1876.208,1000.000
1877.209,1000.000
1878.210,1000.000
1879.211,1000.000
1880.212,1000.000
1881.213,1000.000
1882.214,1000.000
1883.215,1000.000
1884.216,1000.000
1885.217,1000.000
1886.218,1000.000
1887.219,1000.000
1888.220,1000.000
1889.221,1000.000
1890.222,1000.000
1891.223,1000.000
1892.224,1000.000
1893.225,1000.000
1894.226,1000.000
1895.227,1000.000
1896.228,1000.000
1897.229,1000.000
1898.229,1000.000
1899.230,1000.000
1900.231,1000.000
1901.232,1000.000
1902.233,1000.000
1903.234,1000.000
1904.235,1000.000
1905.236,1000.000
1906.237,1000.000
1907.238,1000.000
1908.239,1000.000
1909.240,1000.000
1910.241,1000.000
1911.242,1000.000
1912.243,1000.000
1913.244,1000.000
1914.245,1000.000
1915.246,1000.000
1916.247,1000.000
1917.248,1000.000
1918.249,1000.000
1919.250,1000.000
1920.251,1000.000
1921.252,1000.000
1922.253,1000.000
1923.254,1000.000
1924.255,1000.000
1925.256,1000.000
1926.257,1000.000
1927.258,1000.000
1928.259,1000.000
1929.260,1000.000
1930.261,1000.000
1931.262,1000.000
1932.263,1000.000
1933.264,1000.000
1934.265,1000.000
1935.266,1000.000
1936.267,1000.000
1937.268,1000.000
1938.269,1000.000
1939.270,1000.000
1940.271,1000.000
1941.271,1000.000
1942.272,1000.000
1943.273,1000.000
1944.274,1000.000
1945.275,1000.000
1946.276,1000.000
1947.277,1000.000
1948.278,1000.000
1949.279,1000.000
1950.280,1000.000
1951.281,1000.000
1952.282,1000.000
1953.283,1000.000
1954.284,1000.000
1955.285,1000.000
1956.286,1000.000
1957.287,1000.000
1958.288,1000.000
1959.289,1000.000
1960.290,1000.000
1961.291,1000.000
1962.292,1000.000
1963.293,1000.000
1964.294,1000.000
1965.295,1000.000
1966.296,1000.000
1967.297,1000.000
1968.298,1000.000
1969.299,1000.000
1970.300,1000.000
1971.301,1000.000
1972.302,1000.000
1973.303,1000.000
1974.304,1000.000
1975.305,1000.000
1976.306,1000.000
1977.307,1000.000
1978.308,1000.000
1979.309,1000.000
1980.310,1000.000
1981.311,1000.000
1982.312,1000.000
1983.313,1000.000
1984.313,1000.000
1985.314,1000.000
1986.315,1000.000
1987.316,1000.000
1988.317,1000.000
1989.318,1000.000
1990.319,1000.000
1991.320,1000.000
1992.321,1000.000
1993.322,1000.000
1994.323,1000.000
1995.324,1000.000
1996.325,1000.000
1997.326,1000.000
1998.327,1000.000
1999.328,1000.000
2000.329,1000.000
2001.330,1000.000
2002.331,1000.000
2003.332,1000.000
2004.333,1000.000
2005.334,1000.000
2006.335,1000.000
2007.336,1000.000
2008.337,1000.000
2009.338,1000.000
2010.339,1000.000
2011.340,1000.000
2012.341,1000.000
2013.342,1000.000
2014.343,1000.000
2015.344,1000.000
2016.345,1000.000
2017.346,1000.000
2018.347,1000.000
2019.348,1000.000
2020.349,1000.000
2021.350,1000.000
2022.351,1000.000
2023.352,1000.000
2024.353,1000.000
2025.354,1000.000
2026.354,1000.000
2027.355,1000.000
2028.356,1000.000
2029.357,1000.000
2030.358,1000.000
2031.359,1000.000
2032.360,1000.000
2033.361,1000.000
2034.362,1000.000
2035.363,1000.000
2036.364,1000.000
2037.365,1000.000
2038.366,1000.000
2039.367,1000.000
2040.368,1000.000
2041.369,1000.000
2042.370,1000.000
2043.371,1000.000
2044.372,1000.000
2045.373,1000.000
2046.374,1000.000
2047.375,1000.000
2048.376,1000.000
2049.377,1000.000
2050.378,1000.000
2051.379,1000.000
2052.380,1000.000
2053.381,1000.000
2054.382,1000.000
2055.383,1000.000
2056.384,1000.000
2057.385,1000.000
2058.386,1000.000
2059.387,1000.000
2060.388,1000.000
2061.389,1000.000
2062.390,1000.000
2063.391,1000.000
2064.392,1000.000
2065.393,1000.000
2066.394,1000.000
2067.395,1000.000
2068.396,1000.000
2069.396,1000.000
2070.397,1000.000
2071.398,1000.000
2072.399,1000.000
2073.400,1000.000
2074.401,1000.000
2075.402,1000.000
2076.403,1000.000
2077.404,1000.000
2078.405,1000.000
2079.406,1000.000
2080.407,1000.000
2081.408,1000.000
2082.409,1000.000
2083.410,1000.000
2084.411,1000.000
2085.412,1000.000
2086.413,1000.000
2087.414,1000.000
2088.415,1000.000
2089.416,1000.000
2090.417,1000.000
2091.418,1000.000
2092.419,1000.000
2093.420,1000.000
2094.421,1000.000
2095.422,1000.000
2096.423,1000.000
2097.424,1000.000
2098.425,1000.000
2099.426,1000.000
2100.427,1000.000
2101.428,1000.000
2102.429,1000.000
2103.430,1000.000
2104.431,1000.000
2105.432,1000.000
2106.433,1000.000
2107.434,1000.000
2108.435,1000.000
2109.436,1000.000
2110.437,1000.000
2111.438,1000.000
2112.438,1000.000
2113.439,1000.000
2114.440,1000.000
2115.441,1000.000
2116.442,1000.000
2117.443,1000.000
2118.444,1000.000
2119.445,1000.000
2120.446,1000.000
2121.447,1000.000
2122.448,1000.000
2123.449,1000.000
2124.450,1000.000
2125.451,1000.000
2126.452,1000.000
2127.453,1000.000
2128.454,1000.000
2129.455,1000.000
2130.456,1000.000
2131.457,1000.000
2132.458,1000.000
2133.459,1000.000
2134.460,1000.000
2135.461,1000.000
2136.462,1000.000
2137.463,1000.000
2138.464,1000.000
2139.465,1000.000
2140.466,1000.000
2141.467,1000.000
2142.468,1000.000
2143.469,1000.000
2144.470,1000.000
2145.471,1000.000
2146.472,1000.000
2147.473,1000.000
2148.474,1000.000
2149.475,1000.000
2150.476,1000.000
2151.477,1000.000
2152.478,1000.000
2153.479,1000.000
2154.479,1000.000
2155.480,1000.000
2156.481,1000.000
2157.482,1000.000
2158.483,1000.000
2159.484,1000.000
2160.485,1000.000
2161.486,1000.000
2162.487,1000.000
2163.488,1000.000
2164.489,1000.000
2165.490,1000.000
2166.491,1000.000
2167.492,1000.000
2168.493,1000.000
2169.494,1000.000
2170.495,1000.000
2171.496,1000.000
2172.497,1000.000
2173.498,1000.000
2174.499,1000.000
2175.500,1000.000
2176.501,1000.000
2177.502,1000.000
2178.503,1000.000
2179.504,1000.000
2180.505,1000.000
2181.506,1000.000
2182.507,1000.000
2183.508,1000.000
2184.509,1000.000
2185.510,1000.000
2186.511,1000.000
2187.512,1000.000
2188.513,1000.000
2189.514,1000.000
2190.515,1000.000
2191.516,1000.000
2192.517,1000.000
2193.518,1000.000
2194.519,1000.000
2195.520,1000.000
2196.521,1000.000
2197.521,1000.000
2198.522,1000.000
2199.523,1000.000
2200.524,1000.000
2201.525,1000.000
2202.526,1000.000
2203.527,1000.000
2204.528,1000.000
2205.529,1000.000
2206.530,1000.000
2207.531,1000.000
2208.532,1000.000
2209.533,1000.000
2210.534,1000.000
2211.535,1000.000
2212.536,1000.000
2213.537,1000.000
2214.538,1000.000
2215.539,1000.000
2216.540,1000.000
2217.541,1000.000
2218.542,1000.000
2219.543,1000.000
2220.544,1000.000
2221.545,1000.000
2222.546,1000.000
2223.547,1000.000
2224.548,1000.000
2225.549,1000.000
2226.550,1000.000
2227.551,1000.000
2228.552,1000.000
2229.553,1000.000
2230.554,1000.000
2231.555,1000.000
2232.556,1000.000
2233.557,1000.000
2234.558,1000.000
2235.559,1000.000
2236.560,1000.000
2237.561,1000.000
2238.562,1000.000
2239.563,1000.000
2240.563,1000.000
2241.564,1000.000
2242.565,1000.000
2243.566,1000.000
2244.567,1000.000
2245.568,1000.000
2246.569,1000.000
2247.570,1000.000
2248.571,1000.000
2249.572,1000.000
2250.573,1000.000
2251.574,1000.000
2252.575,1000.000
2253.576,1000.000
2254.577,1000.000
2255.578,1000.000
2256.579,1000.000
2257.580,1000.000
2258.581,1000.000
2259.582,1000.000
2260.583,1000.000
2261.584,1000.000
2262.585,1000.000
2263.586,1000.000
2264.587,1000.000
2265.588,1000.000
2266.589,1000.000
2267.590,1000.000
2268.591,1000.000
2269.592,1000.000
2270.593,1000.000
2271.594,1000.000
2272.595,1000.000
2273.596,1000.000
2274.597,1000.000
2275.598,1000.000
2276.599,1000.000
2277.600,1000.000
2278.601,1000.000
2279.602,1000.000
2280.603,1000.000
2281.604,1000.000
2282.604,1000.000
2283.605,1000.000
2284.606,1000.000
2285.607,1000.000
2286.608,1000.000
2287.609,1000.000
2288.610,1000.000
2289.611,1000.000
2290.612,1000.000
2291.613,1000.000
2292.614,1000.000
2293.615,1000.000
2294.616,1000.000
2295.617,1000.000
2296.618,1000.000
2297.619,1000.000
2298.620,1000.000
2299.621,1000.000
2300.622,1000.000
2301.623,1000.000
2302.624,1000.000
2303.625,1000.000
2304.626,1000.000
2305.627,1000.000
2306.628,1000.000
2307.629,1000.000
2308.630,1000.000
2309.631,1000.000
2310.632,1000.000
2311.633,1000.000
2312.634,1000.000
2313.635,1000.000
2314.636,1000.000
2315.637,1000.000
2316.638,1000.000
2317.639,1000.000
2318.640,1000.000
2319.641,1000.000
2320.642,1000.000
2321.643,1000.000
2322.644,1000.000
2323.645,1000.000
2324.646,1000.000
2325.646,1000.000
2326.647,1000.000
2327.648,1000.000
2328.649,1000.000
2329.650,1000.000
2330.651,1000.000
2331.652,1000.000
2332.653,1000.000
2333.654,1000.000
2334.655,1000.000
2335.656,1000.000
2336.657,1000.000
2337.658,1000.000
2338.659,1000.000
2339.660,1000.000
2340.661,1000.000
2341.662,1000.000
2342.663,1000.000
2343.664,1000.000
2344.665,1000.000
2345.666,1000.000
2346.667,1000.000
2347.668,1000.000
2348.669,1000.000
2349.670,1000.000
2350.671,1000.000
2351.672,1000.000
2352.673,1000.000
2353.674,1000.000
2354.675,1000.000
2355.676,1000.000
2356.677,1000.000
2357.678,1000.000
2358.679,1000.000
2359.680,1000.000
2360.681,1000.000
2361.682,1000.000
2362.683,1000.000
2363.684,1000.000
2364.685,1000.000
2365.686,1000.000
2366.687,1000.000
2367.688,1000.000
2368.688,1000.000
2369.689,1000.000
2370.690,1000.000
2371.691,1000.000
2372.692,1000.000
2373.693,1000.000
2374.694,1000.000
2375.695,1000.000
2376.696,1000.000
2377.697,1000.000
2378.698,1000.000
2379.699,1000.000
2380.700,1000.000
2381.701,1000.000
2382.702,1000.000
2383.703,1000.000
2384.704,1000.000
2385.705,1000.000
2386.706,1000.000
2387.707,1000.000
2388.708,1000.000
2389.709,1000.000
2390.710,1000.000
2391.711,1000.000
2392.712,1000.000
2393.713,1000.000
2394.714,1000.000
2395.715,1000.000
2396.716,1000.000
2397.717,1000.000
2398.718,1000.000
2399.719,1000.000
2400.720,1000.000
2401.721,1000.000
2402.722,1000.000
2403.723,1000.000
2404.724,1000.000
2405.725,1000.000
2406.726,1000.000
2407.727,1000.000
2408.728,1000.000
2409.729,1000.000
2410.729,1000.000
2411.730,1000.000
2412.731,1000.000
2413.732,1000.000
2414.733,1000.000
2415.734,1000.000
2416.735,1000.000
2417.736,1000.000
2418.737,1000.000
2419.738,1000.000
2420.739,1000.000
2421.740,1000.000
2422.741,1000.000
2423.742,1000.000
2424.743,1000.000
2425.744,1000.000
2426.745,1000.000
2427.746,1000.000
2428.747,1000.000
2429.748,1000.000
2430.749,1000.000
2431.750,1000.000
2432.751,1000.000
2433.752,1000.000
2434.753,1000.000
2435.754,1000.000
2436.755,1000.000
2437.756,1000.000
2438.757,1000.000
2439.758,1000.000
2440.759,1000.000
2441.760,1000.000
2442.761,1000.000
2443.762,1000.000
2444.763,1000.000
2445.764,1000.000
2446.765,1000.000
2447.766,1000.000
2448.767,1000.000
2449.768,1000.000
2450.769,1000.000
2451.770,1000.000
2452.771,1000.000
2453.771,1000.000
2454.772,1000.000
2455.773,1000.000
2456.774,1000.000
2457.775,1000.000
2458.776,1000.000
2459.777,1000.000
2460.778,1000.000
2461.779,1000.000
2462.780,1000.000
2463.781,1000.000
2464.782,1000.000
2465.783,1000.000
2466.784,1000.000
2467.785,1000.000
2468.786,1000.000
2469.787,1000.000
2470.788,1000.000
2471.789,1000.000
2472.790,1000.000
2473.791,1000.000
2474.792,1000.000
2475.793,1000.000
2476.794,1000.000
2477.795,1000.000
2478.796,1000.000
2479.797,1000.000
2480.798,1000.000
2481.799,1000.000
2482.800,1000.000
2483.801,1000.000
2484.802,1000.000
2485.803,1000.000
2486.804,1000.000
2487.805,1000.000
2488.806,1000.000
2489.807,1000.000
2490.808,1000.000
2491.809,1000.000
2492.810,1000.000
2493.811,1000.000
2494.812,1000.000
2495.813,1000.000
2496.813,1000.000
2497.814,1000.000
2498.815,1000.000
2499.816,1000.000
2500.817,1000.000
2501.818,1000.000
2502.819,1000.000
2503.820,1000.000
2504.821,1000.000
2505.822,1000.000
2506.823,1000.000
2507.824,1000.000
2508.825,1000.000
2509.826,1000.000
2510.827,1000.000
2511.828,1000.000
2512.829,1000.000
2513.830,1000.000
2514.831,1000.000
2515.832,1000.000
2516.833,1000.000
2517.834,1000.000
2518.835,1000.000
2519.836,1000.000
2520.837,1000.000
2521.838,1000.000
2522.839,1000.000
2523.840,1000.000
2524.841,1000.000
2525.842,1000.000
2526.843,1000.000
2527.844,1000.000
2528.845,1000.000
2529.846,1000.000
2530.847,1000.000
2531.848,1000.000
2532.849,1000.000
2533.850,1000.000
2534.851,1000.000
2535.852,1000.000
2536.853,1000.000
2537.854,1000.000
2538.854,1000.000
2539.855,1000.000
2540.856,1000.000
2541.857,1000.000
2542.858,1000.000
2543.859,1000.000
2544.860,1000.000
2545.861,1000.000
2546.862,1000.000
2547.863,1000.000
2548.864,1000.000
2549.865,1000.000
2550.866,1000.000
2551.867,1000.000
2552.868,1000.000
2553.869,1000.000
2554.870,1000.000
2555.871,1000.000
2556.872,1000.000
2557.873,1000.000
2558.874,1000.000
2559.875,1000.000
2560.876,1000.000
2561.877,1000.000
2562.878,1000.000
2563.879,1000.000
2564.880,1000.000
2565.881,1000.000
2566.882,1000.000
2567.883,1000.000
2568.884,1000.000
2569.885,1000.000
2570.886,1000.000
2571.887,1000.000
2572.888,1000.000
2573.889,1000.000
2574.890,1000.000
2575.891,1000.000
2576.892,1000.000
2577.893,1000.000
2578.894,1000.000
2579.895,1000.000
2580.896,1000.000
2581.896,1000.000
2582.897,1000.000
2583.898,1000.000
2584.899,1000.000
2585.900,1000.000
2586.901,1000.000
2587.902,1000.000
2588.903,1000.000
2589.904,1000.000
2590.905,1000.000
2591.906,1000.000
2592.907,1000.000
2593.908,1000.000
2594.909,1000.000
2595.910,1000.000
2596.911,1000.000
2597.912,1000.000
2598.913,1000.000
2599.914,1000.000
2600.915,1000.000
2601.916,1000.000
2602.917,1000.000
2603.918,1000.000
2604.919,1000.000
2605.920,1000.000
2606.921,1000.000
2607.922,1000.000
2608.923,1000.000
2609.924,1000.000
2610.925,1000.000
2611.926,1000.000
2612.927,1000.000
2613.928,1000.000
2614.929,1000.000
2615.930,1000.000
2616.931,1000.000
2617.932,1000.000
2618.933,1000.000
2619.934,1000.000
2620.935,1000.000
2621.936,1000.000
2622.937,1000.000
2623.938,1000.000
2624.938,1000.000
2625.939,1000.000
2626.940,1000.000
2627.941,1000.000
2628.942,1000.000
2629.943,1000.000
2630.944,1000.000
2631.945,1000.000
2632.946,1000.000
2633.947,1000.000
2634.948,1000.000
2635.949,1000.000
2636.950,1000.000
2637.951,1000.000
2638.952,1000.000
2639.953,1000.000
2640.954,1000.000
2641.955,1000.000
2642.956,1000.000
2643.957,1000.000
2644.958,1000.000
2645.959,1000.000
2646.960,1000.000
2647.961,1000.000
2648.962,1000.000
2649.963,1000.000
2650.964,1000.000
2651.965,1000.000
2652.966,1000.000
2653.967,1000.000
2654.968,1000.000
2655.969,1000.000
2656.970,1000.000
2657.971,1000.000
2658.972,1000.000
2659.973,1000.000
2660.974,1000.000
2661.975,1000.000
2662.976,1000.000
2663.977,1000.000
2664.978,1000.000
2665.979,1000.000
2666.979,1000.000
2667.980,1000.000
2668.981,1000.000
2669.982,1000.000
2670.983,1000.000
2671.984,1000.000
2672.985,1000.000
2673.986,1000.000
2674.987,1000.000
2675.988,1000.000
2676.989,1000.000
2677.990,1000.000
2678.991,1000.000
2679.992,1000.000
2680.993,1000.000
2681.994,1000.000
2682.995,1000.000
2683.996,1000.000
2684.997,1000.000
2685.998,1000.000
2686.999,1000.000
2688.000,1000.000
2689.001,1000.000
2690.002,1000.000
2691.003,1000.000
2692.004,1000.000
2693.005,1000.000
2694.006,1000.000
2695.007,1000.000
2696.008,1000.000
2697.009,1000.000
2698.010,1000.000
2699.011,1000.000
2700.012,1000.000
2701.013,1000.000
2702.014,1000.000
2703.015,1000.000
2704.016,1000.000
2705.017,1000.000
2706.018,1000.000
2707.019,1000.000
2708.020,1000.000
2709.021,1000.000
2710.021,1000.000
2711.022,1000.000
2712.023,1000.000
2713.024,1000.000
2714.025,1000.000
2715.026,1000.000
2716.027,1000.000
2717.028,1000.000
2718.029,1000.000
2719.030,1000.000
2720.031,1000.000
2721.032,1000.000
2722.033,1000.000
2723.034,1000.000
2724.035,1000.000
2725.036,1000.000
2726.037,1000.000
2727.038,1000.000
2728.039,1000.000
2729.040,1000.000
2730.041,1000.000
2731.042,1000.000
2732.043,1000.000
2733.044,1000.000
2734.045,1000.000
2735.046,1000.000
2736.047,1000.000
2737.048,1000.000
2738.049,1000.000
2739.050,1000.000
2740.051,1000.000
2741.052,1000.000
2742.053,1000.000
2743.054,1000.000
2744.055,1000.000
2745.056,1000.000
2746.057,1000.000
2747.058,1000.000
2748.059,1000.000
2749.060,1000.000
2750.061,1000.000
2751.062,1000.000
2752.063,1000.000
2753.063,1000.000
2754.064,1000.000
2755.065,1000.000
2756.066,1000.000
2757.067,1000.000
2758.068,1000.000
2759.069,1000.000
2760.070,1000.000
2761.071,1000.000
2762.072,1000.000
2763.073,1000.000
2764.074,1000.000
2765.075,1000.000
2766.076,1000.000
2767.077,1000.000
2768.078,1000.000
2769.079,1000.000
2770.080,1000.000
2771.081,1000.000
2772.082,1000.000
2773.083,1000.000
2774.084,1000.000
2775.085,1000.000
2776.086,1000.000
2777.087,1000.000
2778.088,1000.000
2779.089,1000.000
2780.090,1000.000
2781.091,1000.000
2782.092,1000.000
2783.093,1000.000
2784.094,1000.000
2785.095,1000.000
2786.096,1000.000
2787.097,1000.000
2788.098,1000.000
2789.099,1000.000
2790.100,1000.000
2791.101,1000.000
2792.102,1000.000
2793.103,1000.000
2794.104,1000.000
2795.104,1000.000
2796.105,1000.000
2797.106,1000.000
2798.107,1000.000
2799.108,1000.000
2800.109,1000.000
2801.110,1000.000
2802.111,1000.000
2803.112,1000.000
2804.113,1000.000
2805.114,1000.000
2806.115,1000.000
2807.116,1000.000
2808.117,1000.000
2809.118,1000.000
2810.119,1000.000
2811.120,1000.000
2812.121,1000.000
2813.122,1000.000
2814.123,1000.000
2815.124,1000.000
2816.125,1000.000
2817.126,1000.000
2818.127,1000.000
2819.128,1000.000
2820.129,1000.000
2821.130,1000.000
2822.131,1000.000
2823.132,1000.000
2824.133,1000.000
2825.134,1000.000
2826.135,1000.000
2827.136,1000.000
2828.137,1000.000
2829.138,1000.000
2830.139,1000.000
2831.140,1000.000
2832.141,1000.000
2833.142,1000.000
2834.143,1000.000
2835.144,1000.000
2836.145,1000.000
2837.146,1000.000
2838.146,1000.000
2839.147,1000.000
2840.148,1000.000
2841.149,1000.000
2842.150,1000.000
2843.151,1000.000
2844.152,1000.000
2845.153,1000.000
2846.154,1000.000
2847.155,1000.000
2848.156,1000.000
2849.157,1000.000
2850.158,1000.000
2851.159,1000.000
2852.160,1000.000
2853.161,1000.000
2854.162,1000.000
2855.163,1000.000
2856.164,1000.000
2857.165,1000.000
2858.166,1000.000
2859.167,1000.000
2860.168,1000.000
2861.169,1000.000
2862.170,1000.000
2863.171,1000.000
2864.172,1000.000
2865.173,1000.000
2866.174,1000.000
2867.175,1000.000
2868.176,1000.000
2869.177,1000.000
2870.178,1000.000
2871.179,1000.000
2872.180,1000.000
2873.181,1000.000
2874.182,1000.000
2875.183,1000.000
2876.184,1000.000
2877.185,1000.000
2878.186,1000.000
2879.187,1000.000
2880.188,1000.000
2881.188,1000.000
2882.189,1000.000
2883.190,1000.000
2884.191,1000.000
2885.192,1000.000
2886.193,1000.000
2887.194,1000.000
2888.195,1000.000
2889.196,1000.000
2890.197,1000.000
2891.198,1000.000
2892.199,1000.000
2893.200,1000.000
2894.201,1000.000
2895.202,1000.000
2896.203,1000.000
2897.204,1000.000
2898.205,1000.000
2899.206,1000.000
2900.207,1000.000
2901.208,1000.000
2902.209,1000.000
2903.210,1000.000
2904.211,1000.000
2905.212,1000.000
2906.213,1000.000
2907.214,1000.000
2908.215,1000.000
2909.216,1000.000
2910.217,1000.000
2911.218,1000.000
2912.219,1000.000
2913.220,1000.000
2914.221,1000.000
2915.222,1000.000
2916.223,1000.000
2917.224,1000.000
2918.225,1000.000
2919.226,1000.000
2920.227,1000.000
2921.228,1000.000
2922.229,1000.000
2923.229,1000.000
2924.230,1000.000
2925.231,1000.000
2926.232,1000.000
2927.233,1000.000
2928.234,1000.000
2929.235,1000.000
2930.236,1000.000
2931.237,1000.000
2932.238,1000.000
2933.239,1000.000
2934.240,1000.000
2935.241,1000.000
2936.242,1000.000
2937.243,1000.000
2938.244,1000.000
2939.245,1000.000
2940.246,1000.000
2941.247,1000.000
2942.248,1000.000
2943.249,1000.000
2944.250,1000.000
2945.251,1000.000
2946.252,1000.000
2947.253,1000.000
2948.254,1000.000
2949.255,1000.000
2950.256,1000.000
2951.257,1000.000
2952.258,1000.000
2953.259,1000.000
2954.260,1000.000
2955.261,1000.000
2956.262,1000.000
2957.263,1000.000
2958.264,1000.000
2959.265,1000.000
2960.266,1000.000
2961.267,1000.000
2962.268,1000.000
2963.269,1000.000
2964.270,1000.000
2965.271,1000.000
2966.271,1000.000
2967.272,1000.000
2968.273,1000.000
2969.274,1000.000
2970.275,1000.000
2971.276,1000.000
2972.277,1000.000
2973.278,1000.000
2974.279,1000.000
2975.280,1000.000
2976.281,1000.000
2977.282,1000.000
2978.283,1000.000
2979.284,1000.000
2980.285,1000.000
2981.286,1000.000
2982.287,1000.000
2983.288,1000.000
2984.289,1000.000
2985.290,1000.000
2986.291,1000.000
2987.292,1000.000
2988.293,1000.000
2989.294,1000.000
2990.295,1000.000
2991.296,1000.000
2992.297,1000.000
2993.298,1000.000
2994.299,1000.000
2995.300,1000.000
2996.301,1000.000
2997.302,1000.000
2998.303,1000.000
2999.304,1000.000
3000.305,1000.000
3001.306,1000.000
3002.307,1000.000
3003.308,1000.000
3004.309,1000.000
3005.310,1000.000
3006.311,1000.000
3007.312,1000.000
3008.313,1000.000
3009.313,1000.000
3010.314,1000.000
3011.315,1000.000
3012.316,1000.000
3013.317,1000.000
3014.318,1000.000
3015.319,1000.000
3016.320,1000.000
3017.321,1000.000
3018.322,1000.000
3019.323,1000.000
3020.324,1000.000
3021.325,1000.000
3022.326,1000.000
3023.327,1000.000
3024.328,1000.000
3025.329,1000.000
3026.330,1000.000
3027.331,1000.000
3028.332,1000.000
3029.333,1000.000
3030.334,1000.000
3031.335,1000.000
3032.336,1000.000
3033.337,1000.000
3034.338,1000.000
3035.339,1000.000
3036.340,1000.000
3037.341,1000.000
3038.342,1000.000
3039.343,1000.000
3040.344,1000.000
3041.345,1000.000
3042.346,1000.000
3043.347,1000.000
3044.348,1000.000
3045.349,1000.000
3046.350,1000.000
3047.351,1000.000
3048.352,1000.000
3049.353,1000.000
3050.354,1000.000
3051.354,1000.000
3052.355,1000.000
3053.356,1000.000
3054.357,1000.000
3055.358,1000.000
3056.359,1000.000
3057.360,1000.000
3058.361,1000.000
3059.362,1000.000
3060.363,1000.000
3061.364,1000.000
3062.365,1000.000
3063.366,1000.000
3064.367,1000.000
3065.368,1000.000
3066.369,1000.000
3067.370,1000.000
3068.371,1000.000
3069.372,1000.000
3070.373,1000.000
3071.374,1000.000
3072.375,1000.000
3073.376,1000.000
3074.377,1000.000
3075.378,1000.000
3076.379,1000.000
3077.380,1000.000
3078.381,1000.000
3079.382,1000.000
3080.383,1000.000
3081.384,1000.000
3082.385,1000.000
3083.386,1000.000
3084.387,1000.000
3085.388,1000.000
3086.389,1000.000
3087.390,1000.000
3088.391,1000.000
3089.392,1000.000
3090.393,1000.000
3091.394,1000.000
3092.395,1000.000
3093.396,1000.000
3094.396,1000.000
3095.397,1000.000
3096.398,1000.000
3097.399,1000.000
3098.400,1000.000
3099.401,1000.000
3100.402,1000.000
3101.403,1000.000
3102.404,1000.000
3103.405,1000.000
3104.406,1000.000
3105.407,1000.000
3106.408,1000.000
3107.409,1000.000
3108.410,1000.000
3109.411,1000.000
3110.412,1000.000
3111.413,1000.000
3112.414,1000.000
3113.415,1000.000
3114.416,1000.000
3115.417,1000.000
3116.418,1000.000
3117.419,1000.000
3118.420,1000.000
3119.421,1000.000
3120.422,1000.000
3121.423,1000.000
3122.424,1000.000
3123.425,1000.000
3124.426,1000.000
3125.427,1000.000
3126.428,1000.000
3127.429,1000.000
3128.430,1000.000
3129.431,1000.000
3130.432,1000.000
3131.433,1000.000
3132.434,1000.000
3133.435,1000.000
3134.436,1000.000
3135.437,1000.000
3136.438,1000.000
3137.438,1000.000
3138.439,1000.000
3139.440,1000.000
3140.441,1000.000
3141.442,1000.000
3142.443,1000.000
3143.444,1000.000
3144.445,1000.000
3145.446,1000.000
3146.447,1000.000
3147.448,1000.000
3148.449,1000.000
3149.450,1000.000
3150.451,1000.000
3151.452,1000.000
3152.453,1000.000
3153.454,1000.000
3154.455,1000.000
3155.456,1000.000
3156.457,1000.000
3157.458,1000.000
3158.459,1000.000
3159.460,1000.000
3160.461,1000.000
3161.462,1000.000
3162.463,1000.000
3163.464,1000.000
3164.465,1000.000
3165.466,1000.000
3166.467,1000.000
3167.468,1000.000
3168.469,1000.000
3169.470,1000.000
3170.471,1000.000
3171.472,1000.000
3172.473,1000.000
3173.474,1000.000
3174.475,1000.000
3175.476,1000.000
3176.477,1000.000
3177.478,1000.000
3178.479,1000.000
3179.479,1000.000
3180.480,1000.000
3181.481,1000.000
3182.482,1000.000
3183.483,1000.000
3184.484,1000.000
3185.485,1000.000
3186.486,1000.000
3187.487,1000.000
3188.488,1000.000
3189.489,1000.000
3190.490,1000.000
3191.491,1000.000
3192.492,1000.000
3193.493,1000.000
3194.494,1000.000
3195.495,1000.000
3196.496,1000.000
3197.497,1000.000
3198.498,1000.000
3199.499,1000.000
3200.500,1000.000
3201.501,1000.000
3202.502,1000.000
3203.503,1000.000
3204.504,1000.000
3205.505,1000.000
3206.506,1000.000
3207.507,1000.000
3208.508,1000.000
3209.509,1000.000
3210.510,1000.000
3211.511,1000.000
3212.512,1000.000
3213.513,1000.000
3214.514,1000.000
3215.515,1000.000
3216.516,1000.000
3217.517,1000.000
3218.518,1000.000
3219.519,1000.000
3220.520,1000.000
3221.521,1000.000
3222.521,1000.000
3223.522,1000.000
3224.523,1000.000
3225.524,1000.000
3226.525,1000.000
3227.526,1000.000
3228.527,1000.000
3229.528,1000.000
3230.529,1000.000
3231.530,1000.000
3232.531,1000.000
3233.532,1000.000
3234.533,1000.000
3235.534,1000.000
3236.535,1000.000
3237.536,1000.000
3238.537,1000.000
3239.538,1000.000
3240.539,1000.000
3241.540,1000.000
3242.541,1000.000
3243.542,1000.000
3244.543,1000.000
3245.544,1000.000
3246.545,1000.000
3247.546,1000.000
3248.547,1000.000
3249.548,1000.000
3250.549,1000.000
3251.550,1000.000
3252.551,1000.000
3253.552,1000.000
3254.553,1000.000
3255.554,1000.000
3256.555,1000.000
3257.556,1000.000
3258.557,1000.000
3259.558,1000.000
3260.559,1000.000
3261.560,1000.000
3262.561,1000.000
3263.562,1000.000
3264.563,1000.000
3265.563,1000.000
3266.564,1000.000
3267.565,1000.000
3268.566,1000.000
3269.567,1000.000
3270.568,1000.000
3271.569,1000.000
3272.570,1000.000
3273.571,1000.000
3274.572,1000.000
3275.573,1000.000
3276.574,1000.000
3277.575,1000.000
3278.576,1000.000
3279.577,1000.000
3280.578,1000.000
3281.579,1000.000
3282.580,1000.000
3283.581,1000.000
3284.582,1000.000
3285.583,1000.000
3286.584,1000.000
3287.585,1000.000
3288.586,1000.000
3289.587,1000.000
3290.588,1000.000
3291.589,1000.000
3292.590,1000.000
3293.591,1000.000
3294.592,1000.000
3295.593,1000.000
3296.594,1000.000
3297.595,1000.000
3298.596,1000.000
3299.597,1000.000
3300.598,1000.000
3301.599,1000.000
3302.600,1000.000
3303.601,1000.000
3304.602,1000.000
3305.603,1000.000
3306.604,1000.000
3307.604,1000.000
3308.605,1000.000
3309.606,1000.000
3310.607,1000.000
3311.608,1000.000
3312.609,1000.000
3313.610,1000.000
3314.611,1000.000
3315.612,1000.000
3316.613,1000.000
3317.614,1000.000
3318.615,1000.000
3319.616,1000.000
3320.617,1000.000
3321.618,1000.000
3322.619,1000.000
3323.620,1000.000
3324.621,1000.000
3325.622,1000.000
3326.623,1000.000
3327.624,1000.000
3328.625,1000.000
3329.626,1000.000
3330.627,1000.000
3331.628,1000.000
3332.629,1000.000
3333.630,1000.000
3334.631,1000.000
3335.632,1000.000
3336.633,1000.000
3337.634,1000.000
3338.635,1000.000
3339.636,1000.000
3340.637,1000.000
3341.638,1000.000
3342.639,1000.000
3343.640,1000.000
3344.641,1000.000
3345.642,1000.000
3346.643,1000.000
3347.644,1000.000
3348.645,1000.000
3349.646,1000.000
3350.646,1000.000
3351.647,1000.000
3352.648,1000.000
3353.649,1000.000
3354.650,1000.000
3355.651,1000.000
3356.652,1000.000
3357.653,1000.000
3358.654,1000.000
3359.655,1000.000
3360.656,1000.000
3361.657,1000.000
3362.658,1000.000
3363.659,1000.000
3364.660,1000.000
3365.661,1000.000
3366.662,1000.000
3367.663,1000.000
3368.664,1000.000
3369.665,1000.000
3370.666,1000.000
3371.667,1000.000
3372.668,1000.000
3373.669,1000.000
3374.670,1000.000
3375.671,1000.000
3376.672,1000.000
3377.673,1000.000
3378.674,1000.000
3379.675,1000.000
3380.676,1000.000
3381.677,1000.000
3382.678,1000.000
3383.679,1000.000
3384.680,1000.000
3385.681,1000.000
3386.682,1000.000
3387.683,1000.000
3388.684,1000.000
3389.685,1000.000
3390.686,1000.000
3391.687,1000.000
3392.688,1000.000
3393.688,1000.000
3394.689,1000.000
3395.690,1000.000
3396.691,1000.000
3397.692,1000.000
3398.693,1000.000
3399.694,1000.000
3400.695,1000.000
3401.696,1000.000
3402.697,1000.000
3403.698,1000.000
3404.699,1000.000
3405.700,1000.000
3406.701,1000.000
3407.702,1000.000
3408.703,1000.000
3409.704,1000.000
3410.705,1000.000
3411.706,1000.000
3412.707,1000.000
3413.708,1000.000
3414.709,1000.000
3415.710,1000.000
3416.711,1000.000
3417.712,1000.000
3418.713,1000.000
3419.714,1000.000
3420.715,1000.000
3421.716,1000.000
3422.717,1000.000
3423.718,1000.000
3424.719,1000.000
3425.720,1000.000
3426.721,1000.000
3427.722,1000.000
3428.723,1000.000
3429.724,1000.000
3430.725,1000.000
3431.726,1000.000
3432.727,1000.000
3433.728,1000.000
3434.729,1000.000
3435.729,1000.000
3436.730,1000.000
3437.731,1000.000
3438.732,1000.000
3439.733,1000.000
3440.734,1000.000
3441.735,1000.000
3442.736,1000.000
3443.737,1000.000
3444.738,1000.000
3445.739,1000.000
3446.740,1000.000
3447.741,1000.000
3448.742,1000.000
3449.743,1000.000
3450.744,1000.000
3451.745,1000.000
3452.746,1000.000
3453.747,1000.000
3454.748,1000.000
3455.749,1000.000
3456.750,1000.000
3457.751,1000.000
3458.752,1000.000
3459.753,1000.000
3460.754,1000.000
3461.755,1000.000
3462.756,1000.000
3463.757,1000.000
3464.758,1000.000
3465.759,1000.000
3466.760,1000.000
3467.761,1000.000
3468.762,1000.000
3469.763,1000.000
3470.764,1000.000
3471.765,1000.000
3472.766,1000.000
3473.767,1000.000
3474.768,1000.000
3475.769,1000.000
3476.770,1000.000
3477.771,1000.000
3478.771,1000.000
3479.772,1000.000
3480.773,1000.000
3481.774,1000.000
3482.775,1000.000
3483.776,1000.000
3484.777,1000.000
3485.778,1000.000
3486.779,1000.000
3487.780,1000.000
3488.781,1000.000
3489.782,1000.000
3490.783,1000.000
3491.784,1000.000
3492.785,1000.000
3493.786,1000.000
3494.787,1000.000
3495.788,1000.000
3496.789,1000.000
3497.790,1000.000
3498.791,1000.000
3499.792,1000.000
3500.793,1000.000
3501.794,1000.000
3502.795,1000.000
3503.796,1000.000
3504.797,1000.000
3505.798,1000.000
3506.799,1000.000
3507.800,1000.000
3508.801,1000.000
3509.802,1000.000
3510.803,1000.000
3511.804,1000.000
3512.805,1000.000
3513.806,1000.000
3514.807,1000.000
3515.808,1000.000
3516.809,1000.000
3517.810,1000.000
3518.811,1000.000
3519.812,1000.000
3520.813,1000.000
3521.813,1000.000
3522.814,1000.000
3523.815,1000.000
3524.816,1000.000
3525.817,1000.000
3526.818,1000.000
3527.819,1000.000
3528.820,1000.000
3529.821,1000.000
3530.822,1000.000
3531.823,1000.000
3532.824,1000.000
3533.825,1000.000
3534.826,1000.000
3535.827,1000.000
3536.828,1000.000
3537.829,1000.000
3538.830,1000.000
3539.831,1000.000
3540.832,1000.000
3541.833,1000.000
3542.834,1000.000
3543.835,1000.000
3544.836,1000.000
3545.837,1000.000
3546.838,1000.000
3547.839,1000.000
3548.840,1000.000
3549.841,1000.000
3550.842,1000.000
3551.843,1000.000
3552.844,1000.000
3553.845,1000.000
3554.846,1000.000
3555.847,1000.000
3556.848,1000.000
3557.849,1000.000
3558.850,1000.000
3559.851,1000.000
3560.852,1000.000
3561.853,1000.000
3562.854,1000.000
3563.854,1000.000
3564.855,1000.000
3565.856,1000.000
3566.857,1000.000
3567.858,1000.000
3568.859,1000.000
3569.860,1000.000
3570.861,1000.000
3571.862,1000.000
3572.863,1000.000
3573.864,1000.000
3574.865,1000.000
3575.866,1000.000
3576.867,1000.000
3577.868,1000.000
3578.869,1000.000
3579.870,1000.000
3580.871,1000.000
3581.872,1000.000
3582.873,1000.000
3583.874,1000.000
3584.875,1000.000
3585.876,1000.000
3586.877,1000.000
3587.878,1000.000
3588.879,1000.000
3589.880,1000.000
3590.881,1000.000
3591.882,1000.000
3592.883,1000.000
3593.884,1000.000
3594.885,1000.000
3595.886,1000.000
3596.887,1000.000
3597.888,1000.000
3598.889,1000.000
3599.890,1000.000
3600.891,1000.000
3601.892,1000.000
3602.893,1000.000
3603.894,1000.000
3604.895,1000.000
3605.896,1000.000
3606.896,1000.000
3607.897,1000.000
3608.898,1000.000
3609.899,1000.000
3610.900,1000.000
3611.901,1000.000
3612.902,1000.000
3613.903,1000.000
3614.904,1000.000
3615.905,1000.000
3616.906,1000.000
3617.907,1000.000
3618.908,1000.000
3619.909,1000.000
3620.910,1000.000
3621.911,1000.000
3622.912,1000.000
3623.913,1000.000
3624.914,1000.000
3625.915,1000.000
3626.916,1000.000
3627.917,1000.000
3628.918,1000.000
3629.919,1000.000
3630.920,1000.000
3631.921,1000.000
3632.922,1000.000
3633.923,1000.000
3634.924,1000.000
3635.925,1000.000
3636.926,1000.000
3637.927,1000.000
3638.928,1000.000
3639.929,1000.000
3640.930,1000.000
3641.931,1000.000
3642.932,1000.000
3643.933,1000.000
3644.934,1000.000
3645.935,1000.000
3646.936,1000.000
3647.937,1000.000
3648.938,1000.000
3649.938,1000.000
3650.939,1000.000
3651.940,1000.000
3652.941,1000.000
3653.942,1000.000
3654.943,1000.000
3655.944,1000.000
3656.945,1000.000
3657.946,1000.000
3658.947,1000.000
3659.948,1000.000
3660.949,1000.000
3661.950,1000.000
3662.951,1000.000
3663.952,1000.000
3664.953,1000.000
3665.954,1000.000
3666.955,1000.000
3667.956,1000.000
3668.957,1000.000
3669.958,1000.000
3670.959,1000.000
3671.960,1000.000
3672.961,1000.000
3673.962,1000.000
3674.963,1000.000
3675.964,1000.000
3676.965,1000.000
3677.966,1000.000
3678.967,1000.000
3679.968,1000.000
3680.969,1000.000
3681.970,1000.000
3682.971,1000.000
3683.972,1000.000
3684.973,1000.000
3685.974,1000.000
3686.975,1000.000
3687.976,1000.000
3688.977,1000.000
3689.978,1000.000
3690.979,1000.000
3691.979,1000.000
3692.980,1000.000
3693.981,1000.000
3694.982,1000.000
3695.983,1000.000
3696.984,1000.000
3697.985,1000.000
3698.986,1000.000
3699.987,1000.000
3700.988,1000.000
3701.989,1000.000
3702.990,1000.000
3703.991,1000.000
3704.992,1000.000
3705.993,1000.000
3706.994,1000.000
3707.995,1000.000
3708.996,1000.000
3709.997,1000.000
3710.998,1000.000
3711.999,1000.000
3713.000,1000.000
3714.001,1000.000
3715.002,1000.000
3716.003,1000.000
3717.004,1000.000
3718.005,1000.000
3719.006,1000.000
3720.007,1000.000
3721.008,1000.000
3722.009,1000.000
3723.010,1000.000
3724.011,1000.000
3725.012,1000.000
3726.013,1000.000
3727.014,1000.000
3728.015,1000.000
3729.016,1000.000
3730.017,1000.000
3731.018,1000.000
3732.019,1000.000
3733.020,1000.000
3734.021,1000.000
3735.021,1000.000
3736.022,1000.000
3737.023,1000.000
3738.024,1000.000
3739.025,1000.000
3740.026,1000.000
3741.027,1000.000
3742.028,1000.000
3743.029,1000.000
3744.030,1000.000
3745.031,1000.000
3746.032,1000.000
3747.033,1000.000
3748.034,1000.000
3749.035,1000.000
3750.036,1000.000
3751.037,1000.000
3752.038,1000.000
3753.039,1000.000
3754.040,1000.000
3755.041,1000.000
3756.042,1000.000
3757.043,1000.000
3758.044,1000.000
3759.045,1000.000
3760.046,1000.000
3761.047,1000.000
3762.048,1000.000
3763.049,1000.000
3764.050,1000.000
3765.051,1000.000
3766.052,1000.000
3767.053,1000.000
3768.054,1000.000
3769.055,1000.000
3770.056,1000.000
3771.057,1000.000
3772.058,1000.000
3773.059,1000.000
3774.060,1000.000
3775.061,1000.000
3776.062,1000.000
3777.063,1000.000
3778.063,1000.000
3779.064,1000.000
3780.065,1000.000
3781.066,1000.000
3782.067,1000.000
3783.068,1000.000
3784.069,1000.000
3785.070,1000.000
3786.071,1000.000
3787.072,1000.000
3788.073,1000.000
3789.074,1000.000
3790.075,1000.000
3791.076,1000.000
3792.077,1000.000
3793.078,1000.000
3794.079,1000.000
3795.080,1000.000
3796.081,1000.000
3797.082,1000.000
3798.083,1000.000
3799.084,1000.000
3800.085,1000.000
3801.086,1000.000
3802.087,1000.000
3803.088,1000.000
3804.089,1000.000
3805.090,1000.000
3806.091,1000.000
3807.092,1000.000
3808.093,1000.000
3809.094,1000.000
3810.095,1000.000
3811.096,1000.000
3812.097,1000.000
3813.098,1000.000
3814.099,1000.000
3815.100,1000.000
3816.101,1000.000
3817.102,1000.000
3818.103,1000.000
3819.104,1000.000
3820.104,1000.000
3821.105,1000.000
3822.106,1000.000
3823.107,1000.000
3824.108,1000.000
3825.109,1000.000
3826.110,1000.000
3827.111,1000.000
3828.112,1000.000
3829.113,1000.000
3830.114,1000.000
3831.115,1000.000
3832.116,1000.000
3833.117,1000.000
3834.118,1000.000
3835.119,1000.000
3836.120,1000.000
3837.121,1000.000
3838.122,1000.000
3839.123,1000.000
3840.124,1000.000
3841.125,1000.000
3842.126,1000.000
3843.127,1000.000
3844.128,1000.000
3845.129,1000.000
3846.130,1000.000
3847.131,1000.000
3848.132,1000.000
3849.133,1000.000
3850.134,1000.000
3851.135,1000.000
3852.136,1000.000
3853.137,1000.000
3854.138,1000.000
3855.139,1000.000
3856.140,1000.000
3857.141,1000.000
3858.142,1000.000
3859.143,1000.000
3860.144,1000.000
3861.145,1000.000
3862.146,1000.000
3863.146,1000.000
3864.147,1000.000
3865.148,1000.000
3866.149,1000.000
3867.150,1000.000
3868.151,1000.000
3869.152,1000.000
3870.153,1000.000
3871.154,1000.000
3872.155,1000.000
3873.156,1000.000
3874.157,1000.000
3875.158,1000.000
3876.159,1000.000
3877.160,1000.000
3878.161,1000.000
3879.162,1000.000
3880.163,1000.000
3881.164,1000.000
3882.165,1000.000
3883.166,1000.000
3884.167,1000.000
3885.168,1000.000
3886.169,1000.000
3887.170,1000.000
3888.171,1000.000
3889.172,1000.000
3890.173,1000.000
3891.174,1000.000
3892.175,1000.000
3893.176,1000.000
3894.177,1000.000
3895.178,1000.000
3896.179,1000.000
3897.180,1000.000
3898.181,1000.000
3899.182,1000.000
3900.183,1000.000
3901.184,1000.000
3902.185,1000.000
3903.186,1000.000
3904.187,1000.000
3905.188,1000.000
3906.188,1000.000
3907.189,1000.000
3908.190,1000.000
3909.191,1000.000
3910.192,1000.000
3911.193,1000.000
3912.194,1000.000
3913.195,1000.000
3914.196,1000.000
3915.197,1000.000
3916.198,1000.000
3917.199,1000.000
3918.200,1000.000
3919.201,1000.000
3920.202,1000.000
3921.203,1000.000
3922.204,1000.000
3923.205,1000.000
3924.206,1000.000
3925.207,1000.000
3926.208,1000.000
3927.209,1000.000
3928.210,1000.000
3929.211,1000.000
3930.212,1000.000
3931.213,1000.000
3932.214,1000.000
3933.215,1000.000
3934.216,1000.000
3935.217,1000.000
3936.218,1000.000
3937.219,1000.000
3938.220,1000.000
3939.221,1000.000
3940.222,1000.000
3941.223,1000.000
3942.224,1000.000
3943.225,1000.000
3944.226,1000.000
3945.227,1000.000
3946.228,1000.000
3947.229,1000.000
3948.229,1000.000
3949.230,1000.000
3950.231,1000.000
3951.232,1000.000
3952.233,1000.000
3953.234,1000.000
3954.235,1000.000
3955.236,1000.000
3956.237,1000.000
3957.238,1000.000
3958.239,1000.000
3959.240,1000.000
3960.241,1000.000
3961.242,1000.000
3962.243,1000.000
3963.244,1000.000
3964.245,1000.000
3965.246,1000.000
3966.247,1000.000
3967.248,1000.000
3968.249,1000.000
3969.250,1000.000
3970.251,1000.000
3971.252,1000.000
3972.253,1000.000
3973.254,1000.000
3974.255,1000.000
3975.256,1000.000
3976.257,1000.000
3977.258,1000.000
3978.259,1000.000
3979.260,1000.000
3980.261,1000.000
3981.262,1000.000
3982.263,1000.000
3983.264,1000.000
3984.265,1000.000
3985.266,1000.000
3986.267,1000.000
3987.268,1000.000
3988.269,1000.000
3989.270,1000.000
3990.271,1000.000
3991.271,1000.000
3992.272,1000.000
3993.273,1000.000
3994.274,1000.000
3995.275,1000.000
3996.276,1000.000
3997.277,1000.000
3998.278,1000.000
3999.279,1000.000
4000.280,1000.000
4001.281,1000.000
4002.282,1000.000
4003.283,1000.000
4004.284,1000.000
4005.285,1000.000
4006.286,1000.000
4007.287,1000.000
4008.288,1000.000
4009.289,1000.000
4010.290,1000.000
4011.291,1000.000
4012.292,1000.000
4013.293,1000.000
4014.294,1000.000
4015.295,1000.000
4016.296,1000.000
4017.297,1000.000
4018.298,1000.000
4019.299,1000.000
4020.300,1000.000
4021.301,1000.000
4022.302,1000.000
4023.303,1000.000
4024.304,1000.000
4025.305,1000.000
4026.306,1000.000
4027.307,1000.000
4028.308,1000.000
4029.309,1000.000
4030.310,1000.000
4031.311,1000.000
4032.312,1000.000
4033.313,1000.000
4034.313,1000.000
4035.314,1000.000
4036.315,1000.000
4037.316,1000.000
4038.317,1000.000
4039.318,1000.000
4040.319,1000.000
4041.320,1000.000
4042.321,1000.000
4043.322,1000.000
4044.323,1000.000
4045.324,1000.000
4046.325,1000.000
4047.326,1000.000
4048.327,1000.000
4049.328,1000.000
4050.329,1000.000
4051.330,1000.000
4052.331,1000.000
4053.332,1000.000
4054.333,1000.000
4055.334,1000.000
4056.335,1000.000
4057.336,1000.000
4058.337,1000.000
4059.338,1000.000
4060.339,1000.000
4061.340,1000.000
4062.341,1000.000
4063.342,1000.000
4064.343,1000.000
4065.344,1000.000
4066.345,1000.000
4067.346,1000.000
4068.347,1000.000
4069.348,1000.000
4070.349,1000.000
4071.350,1000.000
4072.351,1000.000
4073.352,1000.000
4074.353,1000.000
4075.354,1000.000
4076.354,1000.000
4077.355,1000.000
4078.356,1000.000
4079.357,1000.000
4080.358,1000.000
4081.359,1000.000
4082.360,1000.000
4083.361,1000.000
4084.362,1000.000
4085.363,1000.000
4086.364,1000.000
4087.365,1000.000
4088.366,1000.000
4089.367,1000.000
4090.368,1000.000
4091.369,1000.000
4092.370,1000.000
4093.371,1000.000
4094.372,1000.000
4095.373,1000.000
4096.374,1000.000
4097.375,1000.000
4098.376,1000.000
4099.377,1000.000
4100.378,1000.000
4101.379,1000.000
4102.380,1000.000
4103.381,1000.000
4104.382,1000.000
4105.383,1000.000
4106.384,1000.000
4107.385,1000.000
4108.386,1000.000
4109.387,1000.000
4110.388,1000.000
4111.389,1000.000
4112.390,1000.000
4113.391,1000.000
4114.392,1000.000
4115.393,1000.000
4116.394,1000.000
4117.395,1000.000
4118.396,1000.000
4119.396,1000.000
4120.397,1000.000
4121.398,1000.000
4122.399,1000.000
4123.400,1000.000
4124.401,1000.000
4125.402,1000.000
4126.403,1000.000
4127.404,1000.000
4128.405,1000.000
4129.406,1000.000
4130.407,1000.000
4131.408,1000.000
4132.409,1000.000
4133.410,1000.000
4134.411,1000.000
4135.412,1000.000
4136.413,1000.000
4137.414,1000.000
4138.415,1000.000
4139.416,1000.000
4140.417,1000.000
4141.418,1000.000
4142.419,1000.000
4143.420,1000.000
4144.421,1000.000
4145.422,1000.000
4146.423,1000.000
4147.424,1000.000
4148.425,1000.000
4149.426,1000.000
4150.427,1000.000
4151.428,1000.000
4152.429,1000.000
4153.430,1000.000
4154.431,1000.000
4155.432,1000.000
4156.433,1000.000
4157.434,1000.000
4158.435,1000.000
4159.436,1000.000
4160.437,1000.000
4161.438,1000.000
4162.438,1000.000
4163.439,1000.000
4164.440,1000.000
4165.441,1000.000
4166.442,1000.000
4167.443,1000.000
4168.444,1000.000
4169.445,1000.000
4170.446,1000.000
4171.447,1000.000
4172.448,1000.000
4173.449,1000.000
4174.450,1000.000
4175.451,1000.000
4176.452,1000.000
4177.453,1000.000
4178.454,1000.000
4179.455,1000.000
4180.456,1000.000
4181.457,1000.000
4182.458,1000.000
4183.459,1000.000
4184.460,1000.000
4185.461,1000.000
4186.462,1000.000
4187.463,1000.000
4188.464,1000.000
4189.465,1000.000
4190.466,1000.000
4191.467,1000.000
4192.468,1000.000
4193.469,1000.000
4194.470,1000.000
4195.471,1000.000
4196.472,1000.000
4197.473,1000.000
4198.474,1000.000
4199.475,1000.000
4200.476,1000.000
4201.477,1000.000
4202.478,1000.000
4203.479,1000.000
4204.479,1000.000
4205.480,1000.000
4206.481,1000.000
4207.482,1000.000
4208.483,1000.000
4209.484,1000.000
4210.485,1000.000
4211.486,1000.000
4212.487,1000.000
4213.488,1000.000
4214.489,1000.000
4215.490,1000.000
4216.491,1000.000
4217.492,1000.000
4218.493,1000.000
4219.494,1000.000
4220.495,1000.000
4221.496,1000.000
4222.497,1000.000
4223.498,1000.000
4224.499,1000.000
4225.500,1000.000
4226.501,1000.000
4227.502,1000.000
4228.503,1000.000
4229.504,1000.000
4230.505,1000.000
4231.506,1000.000
4232.507,1000.000
4233.508,1000.000
4234.509,1000.000
4235.510,1000.000
4236.511,1000.000
4237.512,1000.000
4238.513,1000.000
4239.514,1000.000
4240.515,1000.000
4241.516,1000.000
4242.517,1000.000
4243.518,1000.000
4244.519,1000.000
4245.520,1000.000
4246.521,1000.000
4247.521,1000.000
4248.522,1000.000
4249.523,1000.000
4250.524,1000.000
4251.525,1000.000
4252.526,1000.000
4253.527,1000.000
4254.528,1000.000
4255.529,1000.000
4256.530,1000.000
4257.531,1000.000
4258.532,1000.000
4259.533,1000.000
4260.534,1000.000
4261.535,1000.000
4262.536,1000.000
4263.537,1000.000
4264.538,1000.000
4265.539,1000.000
4266.540,1000.000
4267.541,1000.000
4268.542,1000.000
4269.543,1000.000
4270.544,1000.000
4271.545,1000.000
4272.546,1000.000
4273.547,1000.000
4274.548,1000.000
4275.549,1000.000
4276.550,1000.000
4277.551,1000.000
4278.552,1000.000
4279.553,1000.000
4280.554,1000.000
4281.555,1000.000
4282.556,1000.000
4283.557,1000.000
4284.558,1000.000
4285.559,1000.000
4286.560,1000.000
4287.561,1000.000
4288.562,1000.000
4289.563,1000.000
4290.563,1000.000
4291.564,1000.000
4292.565,1000.000
4293.566,1000.000
4294.567,1000.000
4295.568,1000.000
4296.569,1000.000
4297.570,1000.000
4298.571,1000.000
4299.572,1000.000
4300.573,1000.000
4301.574,1000.000
4302.575,1000.000
4303.576,1000.000
4304.577,1000.000
4305.578,1000.000
4306.579,1000.000
4307.580,1000.000
4308.581,1000.000
4309.582,1000.000
4310.583,1000.000
4311.584,1000.000
4312.585,1000.000
4313.586,1000.000
4314.587,1000.000
4315.588,1000.000
4316.589,1000.000
4317.590,1000.000
4318.591,1000.000
4319.592,1000.000
4320.593,1000.000
4321.594,1000.000
4322.595,1000.000
4323.596,1000.000
4324.597,1000.000
4325.598,1000.000
4326.599,1000.000
4327.600,1000.000
4328.601,1000.000
4329.602,1000.000
4330.603,1000.000
4331.604,1000.000
4332.604,1000.000
4333.605,1000.000
4334.606,1000.000
4335.607,1000.000
4336.608,1000.000
4337.609,1000.000
4338.610,1000.000
4339.611,1000.000
4340.612,1000.000
4341.613,1000.000
4342.614,1000.000
4343.615,1000.000
4344.616,1000.000
4345.617,1000.000
4346.618,1000.000
4347.619,1000.000
4348.620,1000.000
4349.621,1000.000
4350.622,1000.000
4351.623,1000.000
4352.624,1000.000
4353.625,1000.000
4354.626,1000.000
4355.627,1000.000
4356.628,1000.000
4357.629,1000.000
4358.630,1000.000
4359.631,1000.000
4360.632,1000.000
4361.633,1000.000
4362.634,1000.000
4363.635,1000.000
4364.636,1000.000
4365.637,1000.000
4366.638,1000.000
4367.639,1000.000
4368.640,1000.000
4369.641,1000.000
4370.642,1000.000
4371.643,1000.000
4372.644,1000.000
4373.645,1000.000
4374.646,1000.000
4375.646,1000.000
4376.647,1000.000
4377.648,1000.000
4378.649,1000.000
4379.650,1000.000
4380.651,1000.000
4381.652,1000.000
4382.653,1000.000
4383.654,1000.000
4384.655,1000.000
4385.656,1000.000
4386.657,1000.000
4387.658,1000.000
4388.659,1000.000
4389.660,1000.000
4390.661,1000.000
4391.662,1000.000
4392.663,1000.000
4393.664,1000.000
4394.665,1000.000
4395.666,1000.000
4396.667,1000.000
4397.668,1000.000
4398.669,1000.000
4399.670,1000.000
4400.671,1000.000
4401.672,1000.000
4402.673,1000.000
4403.674,1000.000
4404.675,1000.000
4405.676,1000.000
4406.677,1000.000
4407.678,1000.000
4408.679,1000.000
4409.680,1000.000
4410.681,1000.000
4411.682,1000.000
4412.683,1000.000
4413.684,1000.000
4414.685,1000.000
4415.686,1000.000
4416.687,1000.000
4417.688,1000.000
4418.688,1000.000
4419.689,1000.000
4420.690,1000.000
4421.691,1000.000
4422.692,1000.000
4423.693,1000.000
4424.694,1000.000
4425.695,1000.000
4426.696,1000.000
4427.697,1000.000
4428.698,1000.000
4429.699,1000.000
4430.700,1000.000
4431.701,1000.000
4432.702,1000.000
4433.703,1000.000
4434.704,1000.000
4435.705,1000.000
4436.706,1000.000
4437.707,1000.000
4438.708,1000.000
4439.709,1000.000
4440.710,1000.000
4441.711,1000.000
4442.712,1000.000
4443.713,1000.000
4444.714,1000.000
4445.715,1000.000
4446.716,1000.000
4447.717,1000.000
4448.718,1000.000
4449.719,1000.000
4450.720,1000.000
4451.721,1000.000
4452.722,1000.000
4453.723,1000.000
4454.724,1000.000
4455.725,1000.000
4456.726,1000.000
4457.727,1000.000
4458.728,1000.000
4459.729,1000.000
4460.729,1000.000
4461.730,1000.000
4462.731,1000.000
4463.732,1000.000
4464.733,1000.000
4465.734,1000.000
4466.735,1000.000
4467.736,1000.000
4468.737,1000.000
4469.738,1000.000
4470.739,1000.000
4471.740,1000.000
4472.741,1000.000
4473.742,1000.000
4474.743,1000.000
4475.744,1000.000
4476.745,1000.000
4477.746,1000.000
4478.747,1000.000
4479.748,1000.000
4480.749,1000.000
4481.750,1000.000
4482.751,1000.000
4483.752,1000.000
4484.753,1000.000
4485.754,1000.000
4486.755,1000.000
4487.756,1000.000
4488.757,1000.000
4489.758,1000.000
4490.759,1000.000
4491.760,1000.000
4492.761,1000.000
4493.762,1000.000
4494.763,1000.000
4495.764,1000.000
4496.765,1000.000
4497.766,1000.000
4498.767,1000.000
4499.768,1000.000
4500.769,1000.000
4501.770,1000.000
4502.771,1000.000
4503.771,1000.000
4504.772,1000.000
4505.773,1000.000
4506.774,1000.000
4507.775,1000.000
4508.776,1000.000
4509.777,1000.000
4510.778,1000.000
4511.779,1000.000
4512.780,1000.000
4513.781,1000.000
4514.782,1000.000
4515.783,1000.000
4516.784,1000.000
4517.785,1000.000
4518.786,1000.000
4519.787,1000.000
4520.788,1000.000
4521.789,1000.000
4522.790,1000.000
4523.791,1000.000
4524.792,1000.000
4525.793,1000.000
4526.794,1000.000
4527.795,1000.000
4528.796,1000.000
4529.797,1000.000
4530.798,1000.000
4531.799,1000.000
4532.800,1000.000
4533.801,1000.000
4534.802,1000.000
4535.803,1000.000
4536.804,1000.000
4537.805,1000.000
4538.806,1000.000
4539.807,1000.000
4540.808,1000.000
4541.809,1000.000
4542.810,1000.000
4543.811,1000.000
4544.812,1000.000
4545.813,1000.000
4546.813,1000.000
4547.814,1000.000
4548.815,1000.000
4549.816,1000.000
4550.817,1000.000
4551.818,1000.000
4552.819,1000.000
4553.820,1000.000
4554.821,1000.000
4555.822,1000.000
4556.823,1000.000
4557.824,1000.000
4558.825,1000.000
4559.826,1000.000
4560.827,1000.000
4561.828,1000.000
4562.829,1000.000
4563.830,1000.000
4564.831,1000.000
4565.832,1000.000
4566.833,1000.000
4567.834,1000.000
4568.835,1000.000
4569.836,1000.000
4570.837,1000.000
4571.838,1000.000
4572.839,1000.000
4573.840,1000.000
4574.841,1000.000
4575.842,1000.000
4576.843,1000.000
4577.844,1000.000
4578.845,1000.000
4579.846,1000.000
4580.847,1000.000
4581.848,1000.000
4582.849,1000.000
4583.850,1000.000
4584.851,1000.000
4585.852,1000.000
4586.853,1000.000
4587.854,1000.000
4588.854,1000.000
4589.855,1000.000
4590.856,1000.000
4591.857,1000.000
4592.858,1000.000
4593.859,1000.000
4594.860,1000.000
4595.861,1000.000
4596.862,1000.000
4597.863,1000.000
4598.864,1000.000
4599.865,1000.000
4600.866,1000.000
4601.867,1000.000
4602.868,1000.000
4603.869,1000.000
4604.870,1000.000
4605.871,1000.000
4606.872,1000.000
4607.873,1000.000
4608.874,1000.000
4609.875,1000.000
4610.876,1000.000
4611.877,1000.000
4612.878,1000.000
4613.879,1000.000
4614.880,1000.000
4615.881,1000.000
4616.882,1000.000
4617.883,1000.000
4618.884,1000.000
4619.885,1000.000
4620.886,1000.000
4621.887,1000.000
4622.888,1000.000
4623.889,1000.000
4624.890,1000.000
4625.891,1000.000
4626.892,1000.000
4627.893,1000.000
4628.894,1000.000
4629.895,1000.000
4630.896,1000.000
4631.896,1000.000
4632.897,1000.000
4633.898,1000.000
4634.899,1000.000
4635.900,1000.000
4636.901,1000.000
4637.902,1000.000
4638.903,1000.000
4639.904,1000.000
4640.905,1000.000
4641.906,1000.000
4642.907,1000.000
4643.908,1000.000
4644.909,1000.000
4645.910,1000.000
4646.911,1000.000
4647.912,1000.000
4648.913,1000.000
4649.914,1000.000
4650.915,1000.000
4651.916,1000.000
4652.917,1000.000
4653.918,1000.000
4654.919,1000.000
4655.920,1000.000
4656.921,1000.000
4657.922,1000.000
4658.923,1000.000
4659.924,1000.000
4660.925,1000.000
4661.926,1000.000
4662.927,1000.000
4663.928,1000.000
4664.929,1000.000
4665.930,1000.000
4666.931,1000.000
4667.932,1000.000
4668.933,1000.000
4669.934,1000.000
4670.935,1000.000
4671.936,1000.000
4672.937,1000.000
4673.938,1000.000
4674.938,1000.000
4675.939,1000.000
4676.940,1000.000
4677.941,1000.000
4678.942,1000.000
4679.943,1000.000
4680.944,1000.000
4681.945,1000.000
4682.946,1000.000
4683.947,1000.000
4684.948,1000.000
4685.949,1000.000
4686.950,1000.000
4687.951,1000.000
4688.952,1000.000
4689.953,1000.000
4690.954,1000.000
4691.955,1000.000
4692.956,1000.000
4693.957,1000.000
4694.958,1000.000
4695.959,1000.000
4696.960,1000.000
4697.961,1000.000
4698.962,1000.000
4699.963,1000.000
4700.964,1000.000
4701.965,1000.000
4702.966,1000.000
4703.967,1000.000
4704.968,1000.000
4705.969,1000.000
4706.970,1000.000
4707.971,1000.000
4708.972,1000.000
4709.973,1000.000
4710.974,1000.000
4711.975,1000.000
4712.976,1000.000
4713.977,1000.000
4714.978,1000.000
4715.979,1000.000
4716.979,1000.000
4717.980,1000.000
4718.981,1000.000
4719.982,1000.000
4720.983,1000.000
4721.984,1000.000
4722.985,1000.000
4723.986,1000.000
4724.987,1000.000
4725.988,1000.000
4726.989,1000.000
4727.990,1000.000
4728.991,1000.000
4729.992,1000.000
4730.993,1000.000
4731.994,1000.000
4732.995,1000.000
4733.996,1000.000
4734.997,1000.000
4735.998,1000.000
4736.999,1000.000
4738.000,1000.000
4739.001,1000.000
4740.002,1000.000
4741.003,1000.000
4742.004,1000.000
4743.005,1000.000
4744.006,1000.000
4745.007,1000.000
4746.008,1000.000
4747.009,1000.000
4748.010,1000.000
4749.011,1000.000
4750.012,1000.000
4751.013,1000.000
4752.014,1000.000
4753.015,1000.000
4754.016,1000.000
4755.017,1000.000
4756.018,1000.000
4757.019,1000.000
4758.020,1000.000
4759.021,1000.000
4760.021,1000.000
4761.022,1000.000
4762.023,1000.000
4763.024,1000.000
4764.025,1000.000
4765.026,1000.000
4766.027,1000.000
4767.028,1000.000
4768.029,1000.000
4769.030,1000.000
4770.031,1000.000
4771.032,1000.000
4772.033,1000.000
4773.034,1000.000
4774.035,1000.000
4775.036,1000.000
4776.037,1000.000
4777.038,1000.000
4778.039,1000.000
4779.040,1000.000
4780.041,1000.000
4781.042,1000.000
4782.043,1000.000
4783.044,1000.000
4784.045,1000.000
4785.046,1000.000
4786.047,1000.000
4787.048,1000.000
4788.049,1000.000
4789.050,1000.000
4790.051,1000.000
4791.052,1000.000
4792.053,1000.000
4793.054,1000.000
4794.055,1000.000
4795.056,1000.000
4796.057,1000.000
4797.058,1000.000
4798.059,1000.000
4799.060,1000.000
4800.061,1000.000
4801.062,1000.000
4802.063,1000.000
4803.063,1000.000
4804.064,1000.000
4805.065,1000.000
4806.066,1000.000
4807.067,1000.000
4808.068,1000.000
4809.069,1000.000
4810.070,1000.000
4811.071,1000.000
4812.072,1000.000
4813.073,1000.000
4814.074,1000.000
4815.075,1000.000
4816.076,1000.000
4817.077,1000.000
4818.078,1000.000
4819.079,1000.000
4820.080,1000.000
4821.081,1000.000
4822.082,1000.000
4823.083,1000.000
4824.084,1000.000
4825.085,1000.000
4826.086,1000.000
4827.087,1000.000
4828.088,1000.000
4829.089,1000.000
4830.090,1000.000
4831.091,1000.000
4832.092,1000.000
4833.093,1000.000
4834.094,1000.000
4835.095,1000.000
4836.096,1000.000
4837.097,1000.000
4838.098,1000.000
4839.099,1000.000
4840.100,1000.000
4841.101,1000.000
4842.102,1000.000
4843.103,1000.000
4844.104,1000.000
4845.104,1000.000
4846.105,1000.000
4847.106,1000.000
4848.107,1000.000
4849.108,1000.000
4850.109,1000.000
4851.110,1000.000
4852.111,1000.000
4853.112,1000.000
4854.113,1000.000
4855.114,1000.000
4856.115,1000.000
4857.116,1000.000
4858.117,1000.000
4859.118,1000.000
4860.119,1000.000
4861.120,1000.000
4862.121,1000.000
4863.122,1000.000
4864.123,1000.000
4865.124,1000.000
4866.125,1000.000
4867.126,1000.000
4868.127,1000.000
4869.128,1000.000
4870.129,1000.000
4871.130,1000.000
4872.131,1000.000
4873.132,1000.000
4874.133,1000.000
4875.134,1000.000
4876.135,1000.000
4877.136,1000.000
4878.137,1000.000
4879.138,1000.000
4880.139,1000.000
4881.140,1000.000
4882.141,1000.000
4883.142,1000.000
4884.143,1000.000
4885.144,1000.000
4886.145,1000.000
4887.146,1000.000
4888.146,1000.000
4889.147,1000.000
4890.148,1000.000
4891.149,1000.000
4892.150,1000.000
4893.151,1000.000
4894.152,1000.000
4895.153,1000.000
4896.154,1000.000
4897.155,1000.000
4898.156,1000.000
4899.157,1000.000
4900.158,1000.000
4901.159,1000.000
4902.160,1000.000
4903.161,1000.000
4904.162,1000.000
4905.163,1000.000
4906.164,1000.000
4907.165,1000.000
4908.166,1000.000
4909.167,1000.000
4910.168,1000.000
4911.169,1000.000
4912.170,1000.000
4913.171,1000.000
4914.172,1000.000
4915.173,1000.000
4916.174,1000.000
4917.175,1000.000
4918.176,1000.000
4919.177,1000.000
4920.178,1000.000
4921.179,1000.000
4922.180,1000.000
4923.181,1000.000
4924.182,1000.000
4925.183,1000.000
4926.184,1000.000
4927.185,1000.000
4928.186,1000.000
4929.187,1000.000
4930.188,1000.000
4931.188,1000.000
4932.189,1000.000
4933.190,1000.000
4934.191,1000.000
4935.192,1000.000
4936.193,1000.000
4937.194,1000.000
4938.195,1000.000
4939.196,1000.000
4940.197,1000.000
4941.198,1000.000
4942.199,1000.000
4943.200,1000.000
4944.201,1000.000
4945.202,1000.000
4946.203,1000.000
4947.204,1000.000
4948.205,1000.000
4949.206,1000.000
4950.207,1000.000
4951.208,1000.000
4952.209,1000.000
4953.210,1000.000
4954.211,1000.000
4955.212,1000.000
4956.213,1000.000
4957.214,1000.000
4958.215,1000.000
4959.216,1000.000
4960.217,1000.000
4961.218,1000.000
4962.219,1000.000
4963.220,1000.000
4964.221,1000.000
4965.222,1000.000
4966.223,1000.000
4967.224,1000.000
4968.225,1000.000
4969.226,1000.000
4970.227,1000.000
4971.228,1000.000
4972.229,1000.000
4973.229,1000.000
4974.230,1000.000
4975.231,1000.000
4976.232,1000.000
4977.233,1000.000
4978.234,1000.000
4979.235,1000.000
4980.236,1000.000
4981.237,1000.000
4982.238,1000.000
4983.239,1000.000
4984.240,1000.000
4985.241,1000.000
4986.242,1000.000
4987.243,1000.000
4988.244,1000.000
4989.245,1000.000
4990.246,1000.000
4991.247,1000.000
4992.248,1000.000
4993.249,1000.000
4994.250,1000.000
4995.251,1000.000
4996.252,1000.000
4997.253,1000.000
4998.254,1000.000
4999.255,1000.000
5000.256,1000.000
5001.257,1000.000
5002.258,1000.000
5003.259,1000.000
5004.260,1000.000
5005.261,1000.000
5006.262,1000.000
5007.263,1000.000
5008.264,1000.000
5009.265,1000.000
5010.266,1000.000
5011.267,1000.000
5012.268,1000.000
5013.269,1000.000
5014.270,1000.000
5015.271,1000.000
5016.271,1000.000
5017.272,1000.000
5018.273,1000.000
5019.274,1000.000
5020.275,1000.000
5021.276,1000.000
5022.277,1000.000
5023.278,1000.000
5024.279,1000.000
5025.280,1000.000
5026.281,1000.000
5027.282,1000.000
5028.283,1000.000
5029.284,1000.000
5030.285,1000.000
5031.286,1000.000
5032.287,1000.000
5033.288,1000.000
5034.289,1000.000
5035.290,1000.000
5036.291,1000.000
5037.292,1000.000
5038.293,1000.000
5039.294,1000.000
5040.295,1000.000
5041.296,1000.000
5042.297,1000.000
5043.298,1000.000
5044.299,1000.000
5045.300,1000.000
5046.301,1000.000
5047.302,1000.000
5048.303,1000.000
5049.304,1000.000
5050.305,1000.000
5051.306,1000.000
5052.307,1000.000
5053.308,1000.000
5054.309,1000.000
5055.310,1000.000
5056.311,1000.000
5057.312,1000.000
5058.313,1000.000
5059.313,1000.000
5060.314,1000.000
5061.315,1000.000
5062.316,1000.000
5063.317,1000.000
5064.318,1000.000
5065.319,1000.000
5066.320,1000.000
5067.321,1000.000
5068.322,1000.000
5069.323,1000.000
5070.324,1000.000
5071.325,1000.000
5072.326,1000.000
5073.327,1000.000
5074.328,1000.000
5075.329,1000.000
5076.330,1000.000
5077.331,1000.000
5078.332,1000.000
5079.333,1000.000
5080.334,1000.000
5081.335,1000.000
5082.336,1000.000
5083.337,1000.000
5084.338,1000.000
5085.339,1000.000
5086.340,1000.000
5087.341,1000.000
5088.342,1000.000
5089.343,1000.000
5090.344,1000.000
5091.345,1000.000
5092.346,1000.000
5093.347,1000.000
5094.348,1000.000
5095.349,1000.000
5096.350,1000.000
5097.351,1000.000
5098.352,1000.000
5099.353,1000.000
5100.354,1000.000
5101.354,1000.000
5102.355,1000.000
5103.356,1000.000
5104.357,1000.000
5105.358,1000.000
5106.359,1000.000
5107.360,1000.000
5108.361,1000.000
5109.362,1000.000
5110.363,1000.000
5111.364,1000.000
5112.365,1000.000
5113.366,1000.000
5114.367,1000.000
5115.368,1000.000
5116.369,1000.000
5117.370,1000.000
5118.371,1000.000
5119.372,1000.000
5120.373,1000.000
5121.374,1000.000
5122.375,1000.000
5123.376,1000.000
5124.377,1000.000
5125.378,1000.000
5126.379,1000.000
5127.380,1000.000
5128.381,1000.000
5129.382,1000.000
5130.383,1000.000
5131.384,1000.000
5132.385,1000.000
5133.386,1000.000
5134.387,1000.000
5135.388,1000.000
5136.389,1000.000
5137.390,1000.000
5138.391,1000.000
5139.392,1000.000
5140.393,1000.000
5141.394,1000.000
5142.395,1000.000
5143.396,1000.000
5144.396,1000.000
5145.397,1000.000
5146.398,1000.000
5147.399,1000.000
5148.400,1000.000
5149.401,1000.000
5150.402,1000.000
5151.403,1000.000
5152.404,1000.000
5153.405,1000.000
5154.406,1000.000
5155.407,1000.000
5156.408,1000.000
5157.409,1000.000
5158.410,1000.000
5159.411,1000.000
5160.412,1000.000
5161.413,1000.000
5162.414,1000.000
5163.415,1000.000
5164.416,1000.000
5165.417,1000.000
5166.418,1000.000
5167.419,1000.000
5168.420,1000.000
5169.421,1000.000
5170.422,1000.000
5171.423,1000.000
5172.424,1000.000
5173.425,1000.000
5174.426,1000.000
5175.427,1000.000
5176.428,1000.000
5177.429,1000.000
5178.430,1000.000
5179.431,1000.000
5180.432,1000.000
5181.433,1000.000
5182.434,1000.000
5183.435,1000.000
5184.436,1000.000
5185.437,1000.000
5186.438,1000.000
5187.438,1000.000
5188.439,1000.000
5189.440,1000.000
5190.441,1000.000
5191.442,1000.000
5192.443,1000.000
5193.444,1000.000
5194.445,1000.000
5195.446,1000.000
5196.447,1000.000
5197.448,1000.000
5198.449,1000.000
5199.450,1000.000
5200.451,1000.000
5201.452,1000.000
5202.453,1000.000
5203.454,1000.000
5204.455,1000.000
5205.456,1000.000
5206.457,1000.000
5207.458,1000.000
5208.459,1000.000
5209.460,1000.000
5210.461,1000.000
5211.462,1000.000
5212.463,1000.000
5213.464,1000.000
5214.465,1000.000
5215.466,1000.000
5216.467,1000.000
5217.468,1000.000
5218.469,1000.000
5219.470,1000.000
5220.471,1000.000
5221.472,1000.000
5222.473,1000.000
5223.474,1000.000
5224.475,1000.000
5225.476,1000.000
5226.477,1000.000
5227.478,1000.000
5228.479,1000.000
5229.479,1000.000
5230.480,1000.000
5231.481,1000.000
5232.482,1000.000
5233.483,1000.000
5234.484,1000.000
5235.485,1000.000
5236.486,1000.000
5237.487,1000.000
5238.488,1000.000
5239.489,1000.000
5240.490,1000.000
5241.491,1000.000
5242.492,1000.000
5243.493,1000.000
5244.494,1000.000
5245.495,1000.000
5246.496,1000.000
5247.497,1000.000
5248.498,1000.000
5249.499,1000.000
5250.500,1000.000
5251.501,1000.000
5252.502,1000.000
5253.503,1000.000
5254.504,1000.000
5255.505,1000.000
5256.506,1000.000
5257.507,1000.000
5258.508,1000.000
5259.509,1000.000
5260.510,1000.000
5261.511,1000.000
5262.512,1000.000
5263.513,1000.000
5264.514,1000.000
5265.515,1000.000
5266.516,1000.000
5267.517,1000.000
5268.518,1000.000
5269.519,1000.000
5270.520,1000.000
5271.521,1000.000
5272.521,1000.000
5273.522,1000.000
5274.523,1000.000
5275.524,1000.000
5276.525,1000.000
5277.526,1000.000
5278.527,1000.000
5279.528,1000.000
5280.529,1000.000
5281.530,1000.000
5282.531,1000.000
5283.532,1000.000
5284.533,1000.000
5285.534,1000.000
5286.535,1000.000
5287.536,1000.000
5288.537,1000.000
5289.538,1000.000
5290.539,1000.000
5291.540,1000.000
5292.541,1000.000
5293.542,1000.000
5294.543,1000.000
5295.544,1000.000
5296.545,1000.000
5297.546,1000.000
5298.547,1000.000
5299.548,1000.000
5300.549,1000.000
5301.550,1000.000
5302.551,1000.000
5303.552,1000.000
5304.553,1000.000
5305.554,1000.000
5306.555,1000.000
5307.556,1000.000
5308.557,1000.000
5309.558,1000.000
5310.559,1000.000
5311.560,1000.000
5312.561,1000.000
5313.562,1000.000
5314.563,1000.000
5315.563,1000.000
5316.564,1000.000
5317.565,1000.000
5318.566,1000.000
5319.567,1000.000
5320.568,1000.000
5321.569,1000.000
5322.570,1000.000
5323.571,1000.000
5324.572,1000.000
5325.573,1000.000
5326.574,1000.000
5327.575,1000.000
5328.576,1000.000
5329.577,1000.000
5330.578,1000.000
5331.579,1000.000
5332.580,1000.000
5333.581,1000.000
5334.582,1000.000
5335.583,1000.000
5336.584,1000.000
5337.585,1000.000
5338.586,1000.000
5339.587,1000.000
5340.588,1000.000
5341.589,1000.000
5342.590,1000.000
5343.591,1000.000
5344.592,1000.000
5345.593,1000.000
5346.594,1000.000
5347.595,1000.000
5348.596,1000.000
5349.597,1000.000
5350.598,1000.000
5351.599,1000.000
5352.600,1000.000
5353.601,1000.000
5354.602,1000.000
5355.603,1000.000
5356.604,1000.000
5357.604,1000.000
5358.605,1000.000
5359.606,1000.000
5360.607,1000.000
5361.608,1000.000
5362.609,1000.000
5363.610,1000.000
5364.611,1000.000
5365.612,1000.000
5366.613,1000.000
5367.614,1000.000
5368.615,1000.000
5369.616,1000.000
5370.617,1000.000
5371.618,1000.000
5372.619,1000.000
5373.620,1000.000
5374.621,1000.000
5375.622,1000.000
5376.623,1000.000
5377.624,1000.000
5378.625,1000.000
5379.626,1000.000
5380.627,1000.000
5381.628,1000.000
5382.629,1000.000
5383.630,1000.000
5384.631,1000.000
5385.632,1000.000
5386.633,1000.000
5387.634,1000.000
5388.635,1000.000
5389.636,1000.000
5390.637,1000.000
5391.638,1000.000
5392.639,1000.000
5393.640,1000.000
5394.641,1000.000
5395.642,1000.000
5396.643,1000.000
5397.644,1000.000
5398.645,1000.000
5399.646,1000.000
5400.646,1000.000
5401.647,1000.000
5402.648,1000.000
5403.649,1000.000
5404.650,1000.000
5405.651,1000.000
5406.652,1000.000
5407.653,1000.000
5408.654,1000.000
5409.655,1000.000
5410.656,1000.000
5411.657,1000.000
5412.658,1000.000
5413.659,1000.000
5414.660,1000.000
5415.661,1000.000
5416.662,1000.000
5417.663,1000.000
5418.664,1000.000
5419.665,1000.000
5420.666,1000.000
5421.667,1000.000
5422.668,1000.000
5423.669,1000.000
5424.670,1000.000
5425.671,1000.000
5426.672,1000.000
5427.673,1000.000
5428.674,1000.000
5429.675,1000.000
5430.676,1000.000
5431.677,1000.000
5432.678,1000.000
5433.679,1000.000
5434.680,1000.000
5435.681,1000.000
5436.682,1000.000
5437.683,1000.000
5438.684,1000.000
5439.685,1000.000
5440.686,1000.000
5441.687,1000.000
5442.688,1000.000
5443.688,1000.000
5444.689,1000.000
5445.690,1000.000
5446.691,1000.000
5447.692,1000.000
5448.693,1000.000
5449.694,1000.000
5450.695,1000.000
5451.696,1000.000
5452.697,1000.000
5453.698,1000.000
5454.699,1000.000
5455.700,1000.000
5456.701,1000.000
5457.702,1000.000
5458.703,1000.000
5459.704,1000.000
5460.705,1000.000
5461.706,1000.000
5462.707,1000.000
5463.708,1000.000
5464.709,1000.000
5465.710,1000.000
5466.711,1000.000
5467.712,1000.000
5468.713,1000.000
5469.714,1000.000
5470.715,1000.000
5471.716,1000.000
5472.717,1000.000
5473.718,1000.000
5474.719,1000.000
5475.720,1000.000
5476.721,1000.000
5477.722,1000.000
5478.723,1000.000
5479.724,1000.000
5480.725,1000.000
5481.726,1000.000
5482.727,1000.000
5483.728,1000.000
5484.729,1000.000
5485.729,1000.000
5486.730,1000.000
5487.731,1000.000
5488.732,1000.000
5489.733,1000.000
5490.734,1000.000
5491.735,1000.000
5492.736,1000.000
5493.737,1000.000
5494.738,1000.000
5495.739,1000.000
5496.740,1000.000
5497.741,1000.000
5498.742,1000.000
5499.743,1000.000
5500.744,1000.000
5501.745,1000.000
5502.746,1000.000
5503.747,1000.000
5504.748,1000.000
5505.749,1000.000
5506.750,1000.000
5507.751,1000.000
5508.752,1000.000
5509.753,1000.000
5510.754,1000.000
5511.755,1000.000
5512.756,1000.000
5513.757,1000.000
5514.758,1000.000
5515.759,1000.000
5516.760,1000.000
5517.761,1000.000
5518.762,1000.000
5519.763,1000.000
5520.764,1000.000
5521.765,1000.000
5522.766,1000.000
5523.767,1000.000
5524.768,1000.000
5525.769,1000.000
5526.770,1000.000
5527.771,1000.000
5528.771,1000.000
5529.772,1000.000
5530.773,1000.000
5531.774,1000.000
5532.775,1000.000
5533.776,1000.000
5534.777,1000.000
5535.778,1000.000
5536.779,1000.000
5537.780,1000.000
5538.781,1000.000
5539.782,1000.000
5540.783,1000.000
5541.784,1000.000
5542.785,1000.000
5543.786,1000.000
5544.787,1000.000
5545.788,1000.000
5546.789,1000.000
5547.790,1000.000
5548.791,1000.000
5549.792,1000.000
5550.793,1000.000
5551.794,1000.000
5552.795,1000.000
5553.796,1000.000
5554.797,1000.000
5555.798,1000.000
5556.799,1000.000
5557.800,1000.000
5558.801,1000.000
5559.802,1000.000
5560.803,1000.000
5561.804,1000.000
5562.805,1000.000
5563.806,1000.000
5564.807,1000.000
5565.808,1000.000
5566.809,1000.000
5567.810,1000.000
5568.811,1000.000
5569.812,1000.000
5570.813,1000.000
5571.813,1000.000
5572.814,1000.000
5573.815,1000.000
5574.816,1000.000
5575.817,1000.000
5576.818,1000.000
5577.819,1000.000
5578.820,1000.000
5579.821,1000.000
5580.822,1000.000
5581.823,1000.000
5582.824,1000.000
5583.825,1000.000
5584.826,1000.000
5585.827,1000.000
5586.828,1000.000
5587.829,1000.000
5588.830,1000.000
5589.831,1000.000
5590.832,1000.000
5591.833,1000.000
5592.834,1000.000
5593.835,1000.000
5594.836,1000.000
5595.837,1000.000
5596.838,1000.000
5597.839,1000.000
5598.840,1000.000
5599.841,1000.000
5600.842,1000.000
5601.843,1000.000
5602.844,1000.000
5603.845,1000.000
5604.846,1000.000
5605.847,1000.000
5606.848,1000.000
5607.849,1000.000
5608.850,1000.000
5609.851,1000.000
5610.852,1000.000
5611.853,1000.000
5612.854,1000.000
5613.854,1000.000
5614.855,1000.000
5615.856,1000.000
5616.857,1000.000
5617.858,1000.000
5618.859,1000.000
5619.860,1000.000
5620.861,1000.000
5621.862,1000.000
5622.863,1000.000
5623.864,1000.000
5624.865,1000.000
5625.866,1000.000
5626.867,1000.000
5627.868,1000.000
5628.869,1000.000
5629.870,1000.000
5630.871,1000.000
5631.872,1000.000
5632.873,1000.000
5633.874,1000.000
5634.875,1000.000
5635.876,1000.000
5636.877,1000.000
5637.878,1000.000
5638.879,1000.000
5639.880,1000.000
5640.881,1000.000
5641.882,1000.000
5642.883,1000.000
5643.884,1000.000
5644.885,1000.000
5645.886,1000.000
5646.887,1000.000
5647.888,1000.000
5648.889,1000.000
5649.890,1000.000
5650.891,1000.000
5651.892,1000.000
5652.893,1000.000
5653.894,1000.000
5654.895,1000.000
5655.896,1000.000
5656.896,1000.000
5657.897,1000.000
5658.898,1000.000
5659.899,1000.000
5660.900,1000.000
5661.901,1000.000
5662.902,1000.000
5663.903,1000.000
5664.904,1000.000
5665.905,1000.000
5666.906,1000.000
5667.907,1000.000
5668.908,1000.000
5669.909,1000.000
5670.910,1000.000
5671.911,1000.000
5672.912,1000.000
5673.913,1000.000
5674.914,1000.000
5675.915,1000.000
5676.916,1000.000
5677.917,1000.000
5678.918,1000.000
5679.919,1000.000
5680.920,1000.000
5681.921,1000.000
5682.922,1000.000
5683.923,1000.000
5684.924,1000.000
5685.925,1000.000
5686.926,1000.000
5687.927,1000.000
5688.928,1000.000
5689.929,1000.000
5690.930,1000.000
5691.931,1000.000
5692.932,1000.000
5693.933,1000.000
5694.934,1000.000
5695.935,1000.000
5696.936,1000.000
5697.937,1000.000
5698.938,1000.000
5699.938,1000.000
5700.939,1000.000
5701.940,1000.000
5702.941,1000.000
5703.942,1000.000
5704.943,1000.000
5705.944,1000.000
5706.945,1000.000
5707.946,1000.000
5708.947,1000.000
5709.948,1000.000
5710.949,1000.000
5711.950,1000.000
5712.951,1000.000
5713.952,1000.000
5714.953,1000.000
5715.954,1000.000
5716.955,1000.000
5717.956,1000.000
5718.957,1000.000
5719.958,1000.000
5720.959,1000.000
5721.960,1000.000
5722.961,1000.000
5723.962,1000.000
5724.963,1000.000
5725.964,1000.000
5726.965,1000.000
5727.966,1000.000
5728.967,1000.000
5729.968,1000.000
5730.969,1000.000
5731.970,1000.000
5732.971,1000.000
5733.972,1000.000
5734.973,1000.000
5735.974,1000.000
5736.975,1000.000
5737.976,1000.000
5738.977,1000.000
5739.978,1000.000
5740.979,1000.000
5741.979,1000.000
5742.980,1000.000
5743.981,1000.000
5744.982,1000.000
5745.983,1000.000
5746.984,1000.000
5747.985,1000.000
5748.986,1000.000
5749.987,1000.000
5750.988,1000.000
5751.989,1000.000
5752.990,1000.000
5753.991,1000.000
5754.992,1000.000
5755.993,1000.000
5756.994,1000.000
5757.995,1000.000
5758.996,1000.000
5759.997,1000.000
5760.998,1000.000
5761.999,1000.000
5763.000,1000.000
5764.001,1000.000
5765.002,1000.000
5766.003,1000.000
5767.004,1000.000
5768.005,1000.000
5769.006,1000.000
5770.007,1000.000
5771.008,1000.000
5772.009,1000.000
5773.010,1000.000
5774.011,1000.000
5775.012,1000.000
5776.013,1000.000
5777.014,1000.000
5778.015,1000.000
5779.016,1000.000
5780.017,1000.000
5781.018,1000.000
5782.019,1000.000
5783.020,1000.000
5784.021,1000.000
5785.021,1000.000
5786.022,1000.000
5787.023,1000.000
5788.024,1000.000
5789.025,1000.000
5790.026,1000.000
5791.027,1000.000
5792.028,1000.000
5793.029,1000.000
5794.030,1000.000
5795.031,1000.000
5796.032,1000.000
5797.033,1000.000
5798.034,1000.000
5799.035,1000.000
5800.036,1000.000
5801.037,1000.000
5802.038,1000.000
5803.039,1000.000
5804.040,1000.000
5805.041,1000.000
5806.042,1000.000
5807.043,1000.000
5808.044,1000.000
5809.045,1000.000
5810.046,1000.000
5811.047,1000.000
5812.048,1000.000
5813.049,1000.000
5814.050,1000.000
5815.051,1000.000
5816.052,1000.000
5817.053,1000.000
5818.054,1000.000
5819.055,1000.000
5820.056,1000.000
5821.057,1000.000
5822.058,1000.000
5823.059,1000.000
5824.060,1000.000
5825.061,1000.000
5826.062,1000.000
5827.063,1000.000
5828.063,1000.000
5829.064,1000.000
5830.065,1000.000
5831.066,1000.000
5832.067,1000.000
5833.068,1000.000
5834.069,1000.000
5835.070,1000.000
5836.071,1000.000
5837.072,1000.000
5838.073,1000.000
5839.074,1000.000
5840.075,1000.000
5841.076,1000.000
5842.077,1000.000
5843.078,1000.000
5844.079,1000.000
5845.080,1000.000
5846.081,1000.000
5847.082,1000.000
5848.083,1000.000
5849.084,1000.000
5850.085,1000.000
5851.086,1000.000
5852.087,1000.000
5853.088,1000.000
5854.089,1000.000
5855.090,1000.000
5856.091,1000.000
5857.092,1000.000
5858.093,1000.000
5859.094,1000.000
5860.095,1000.000
5861.096,1000.000
5862.097,1000.000
5863.098,1000.000
5864.099,1000.000
5865.100,1000.000
5866.101,1000.000
5867.102,1000.000
5868.103,1000.000
5869.104,1000.000
5870.104,1000.000
5871.105,1000.000
5872.106,1000.000
5873.107,1000.000
5874.108,1000.000
5875.109,1000.000
5876.110,1000.000
5877.111,1000.000
5878.112,1000.000
5879.113,1000.000
5880.114,1000.000
5881.115,1000.000
5882.116,1000.000
5883.117,1000.000
5884.118,1000.000
5885.119,1000.000
5886.120,1000.000
5887.121,1000.000
5888.122,1000.000
5889.123,1000.000
5890.124,1000.000
5891.125,1000.000
5892.126,1000.000
5893.127,1000.000
5894.128,1000.000
5895.129,1000.000
5896.130,1000.000
5897.131,1000.000
5898.132,1000.000
5899.133,1000.000
5900.134,1000.000
5901.135,1000.000
5902.136,1000.000
5903.137,1000.000
5904.138,1000.000
5905.139,1000.000
5906.140,1000.000
5907.141,1000.000
5908.142,1000.000
5909.143,1000.000
5910.144,1000.000
5911.145,1000.000
5912.146,1000.000
5913.146,1000.000
5914.147,1000.000
5915.148,1000.000
5916.149,1000.000
5917.150,1000.000
5918.151,1000.000
5919.152,1000.000
5920.153,1000.000
5921.154,1000.000
5922.155,1000.000
5923.156,1000.000
5924.157,1000.000
5925.158,1000.000
5926.159,1000.000
5927.160,1000.000
5928.161,1000.000
5929.162,1000.000
5930.163,1000.000
5931.164,1000.000
5932.165,1000.000
5933.166,1000.000
5934.167,1000.000
5935.168,1000.000
5936.169,1000.000
5937.170,1000.000
5938.171,1000.000
5939.172,1000.000
5940.173,1000.000
5941.174,1000.000
5942.175,1000.000
5943.176,1000.000
5944.177,1000.000
5945.178,1000.000
5946.179,1000.000
5947.180,1000.000
5948.181,1000.000
5949.182,1000.000
5950.183,1000.000
5951.184,1000.000
5952.185,1000.000
5953.186,1000.000
5954.187,1000.000
5955.188,1000.000
5956.188,1000.000
5957.189,1000.000
5958.190,1000.000
5959.191,1000.000
5960.192,1000.000
5961.193,1000.000
5962.194,1000.000
5963.195,1000.000
5964.196,1000.000
5965.197,1000.000
5966.198,1000.000
5967.199,1000.000
5968.200,1000.000
5969.201,1000.000
5970.202,1000.000
5971.203,1000.000
5972.204,1000.000
5973.205,1000.000
5974.206,1000.000
5975.207,1000.000
5976.208,1000.000
5977.209,1000.000
5978.210,1000.000
5979.211,1000.000
5980.212,1000.000
5981.213,1000.000
5982.214,1000.000
5983.215,1000.000
5984.216,1000.000
5985.217,1000.000
5986.218,1000.000
5987.219,1000.000
5988.220,1000.000
5989.221,1000.000
5990.222,1000.000
5991.223,1000.000
5992.224,1000.000
5993.225,1000.000
5994.226,1000.000
5995.227,1000.000
5996.228,1000.000
5997.229,1000.000
5998.229,1000.000
5999.230,1000.000
6000.231,1000.000
6001.232,1000.000
6002.233,1000.000
6003.234,1000.000
6004.235,1000.000
6005.236,1000.000
6006.237,1000.000
6007.238,1000.000
6008.239,1000.000
6009.240,1000.000
6010.241,1000.000
6011.242,1000.000
6012.243,1000.000
6013.244,1000.000
6014.245,1000.000
6015.246,1000.000
6016.247,1000.000
6017.248,1000.000
6018.249,1000.000
6019.250,1000.000
6020.251,1000.000
6021.252,1000.000
6022.253,1000.000
6023.254,1000.000
6024.255,1000.000
6025.256,1000.000
6026.257,1000.000
6027.258,1000.000
6028.259,1000.000
6029.260,1000.000
6030.261,1000.000
6031.262,1000.000
6032.263,1000.000
6033.264,1000.000
6034.265,1000.000
6035.266,1000.000
6036.267,1000.000
6037.268,1000.000
6038.269,1000.000
6039.270,1000.000
6040.271,1000.000
6041.271,1000.000
6042.272,1000.000
6043.273,1000.000
6044.274,1000.000
6045.275,1000.000
6046.276,1000.000
6047.277,1000.000
6048.278,1000.000
6049.279,1000.000
6050.280,1000.000
6051.281,1000.000
6052.282,1000.000
6053.283,1000.000
6054.284,1000.000
6055.285,1000.000
6056.286,1000.000
6057.287,1000.000
6058.288,1000.000
6059.289,1000.000
6060.290,1000.000
6061.291,1000.000
6062.292,1000.000
6063.293,1000.000
6064.294,1000.000
6065.295,1000.000
6066.296,1000.000
6067.297,1000.000
6068.298,1000.000
6069.299,1000.000
6070.300,1000.000
6071.301,1000.000
6072.302,1000.000
6073.303,1000.000
6074.304,1000.000
6075.305,1000.000
6076.306,1000.000
6077.307,1000.000
6078.308,1000.000
6079.309,1000.000
6080.310,1000.000
6081.311,1000.000
6082.312,1000.000
6083.313,1000.000
6084.313,1000.000
6085.314,1000.000
6086.315,1000.000
6087.316,1000.000
6088.317,1000.000
6089.318,1000.000
6090.319,1000.000
6091.320,1000.000
6092.321,1000.000
6093.322,1000.000
6094.323,1000.000
6095.324,1000.000
6096.325,1000.000
6097.326,1000.000
6098.327,1000.000
6099.328,1000.000
6100.329,1000.000
6101.330,1000.000
6102.331,1000.000
6103.332,1000.000
6104.333,1000.000
6105.334,1000.000
6106.335,1000.000
6107.336,1000.000
6108.337,1000.000
6109.338,1000.000
6110.339,1000.000
6111.340,1000.000
6112.341,1000.000
6113.342,1000.000
6114.343,1000.000
6115.344,1000.000
6116.345,1000.000
6117.346,1000.000
6118.347,1000.000
6119.348,1000.000
6120.349,1000.000
6121.350,1000.000
6122.351,1000.000
6123.352,1000.000
6124.353,1000.000
6125.354,1000.000
6126.354,1000.000
6127.355,1000.000
6128.356,1000.000
6129.357,1000.000
6130.358,1000.000
6131.359,1000.000
6132.360,1000.000
6133.361,1000.000
6134.362,1000.000
6135.363,1000.000
6136.364,1000.000
6137.365,1000.000
6138.366,1000.000
6139.367,1000.000
6140.368,1000.000
6141.369,1000.000
6142.370,1000.000
6143.371,1000.000
6144.372,1000.000
6145.373,1000.000
6146.374,1000.000
6147.375,1000.000
6148.376,1000.000
6149.377,1000.000
6150.378,1000.000
6151.379,1000.000
6152.380,1000.000
6153.381,1000.000
6154.382,1000.000
6155.383,1000.000
6156.384,1000.000
6157.385,1000.000
6158.386,1000.000
6159.387,1000.000
6160.388,1000.000
6161.389,1000.000
6162.390,1000.000
6163.391,1000.000
6164.392,1000.000
6165.393,1000.000
6166.394,1000.000
6167.395,1000.000
6168.396,1000.000
6169.396,1000.000
6170.397,1000.000
6171.398,1000.000
6172.399,1000.000
6173.400,1000.000
6174.401,1000.000
6175.402,1000.000
6176.403,1000.000
6177.404,1000.000
6178.405,1000.000
6179.406,1000.000
6180.407,1000.000
6181.408,1000.000
6182.409,1000.000
6183.410,1000.000
6184.411,1000.000
6185.412,1000.000
6186.413,1000.000
6187.414,1000.000
6188.415,1000.000
6189.416,1000.000
6190.417,1000.000
6191.418,1000.000
6192.419,1000.000
6193.420,1000.000
6194.421,1000.000
6195.422,1000.000
6196.423,1000.000
6197.424,1000.000
6198.425,1000.000
6199.426,1000.000
6200.427,1000.000
6201.428,1000.000
6202.429,1000.000
6203.430,1000.000
6204.431,1000.000
6205.432,1000.000
6206.433,1000.000
6207.434,1000.000
6208.435,1000.000
6209.436,1000.000
6210.437,1000.000
6211.438,1000.000
6212.438,1000.000
6213.439,1000.000
6214.440,1000.000
6215.441,1000.000
6216.442,1000.000
6217.443,1000.000
6218.444,1000.000
6219.445,1000.000
6220.446,1000.000
6221.447,1000.000
6222.448,1000.000
6223.449,1000.000
6224.450,1000.000
6225.451,1000.000
6226.452,1000.000
6227.453,1000.000
6228.454,1000.000
6229.455,1000.000
6230.456,1000.000
6231.457,1000.000
6232.458,1000.000
6233.459,1000.000
6234.460,1000.000
6235.461,1000.000
6236.462,1000.000
6237.463,1000.000
6238.464,1000.000
6239.465,1000.000
6240.466,1000.000
6241.467,1000.000
6242.468,1000.000
6243.469,1000.000
6244.470,1000.000
6245.471,1000.000
6246.472,1000.000
6247.473,1000.000
6248.474,1000.000
6249.475,1000.000
6250.476,1000.000
6251.477,1000.000
6252.478,1000.000
6253.479,1000.000
6254.479,1000.000
6255.480,1000.000
6256.481,1000.000
6257.482,1000.000
6258.483,1000.000
6259.484,1000.000
6260.485,1000.000
6261.486,1000.000
6262.487,1000.000
6263.488,1000.000
6264.489,1000.000
6265.490,1000.000
6266.491,1000.000
6267.492,1000.000
6268.493,1000.000
6269.494,1000.000
6270.495,1000.000
6271.496,1000.000
6272.497,1000.000
6273.498,1000.000
6274.499,1000.000
6275.500,1000.000
6276.501,1000.000
6277.502,1000.000
6278.503,1000.000
6279.504,1000.000
6280.505,1000.000
6281.506,1000.000
6282.507,1000.000
6283.508,1000.000
6284.509,1000.000
6285.510,1000.000
6286.511,1000.000
6287.512,1000.000
6288.513,1000.000
6289.514,1000.000
6290.515,1000.000
6291.516,1000.000
6292.517,1000.000
6293.518,1000.000
6294.519,1000.000
6295.520,1000.000
6296.521,1000.000
6297.521,1000.000
6298.522,1000.000
6299.523,1000.000
6300.524,1000.000
6301.525,1000.000
6302.526,1000.000
6303.527,1000.000
6304.528,1000.000
6305.529,1000.000
6306.530,1000.000
6307.531,1000.000
6308.532,1000.000
6309.533,1000.000
6310.534,1000.000
6311.535,1000.000
6312.536,1000.000
6313.537,1000.000
6314.538,1000.000
6315.539,1000.000
6316.540,1000.000
6317.541,1000.000
6318.542,1000.000
6319.543,1000.000
6320.544,1000.000
6321.545,1000.000
6322.546,1000.000
6323.547,1000.000
6324.548,1000.000
6325.549,1000.000
6326.550,1000.000
6327.551,1000.000
6328.552,1000.000
6329.553,1000.000
6330.554,1000.000
6331.555,1000.000
6332.556,1000.000
6333.557,1000.000
6334.558,1000.000
6335.559,1000.000
6336.560,1000.000
6337.561,1000.000
6338.562,1000.000
6339.563,1000.000
6340.563,1000.000
6341.564,1000.000
6342.565,1000.000
6343.566,1000.000
6344.567,1000.000
6345.568,1000.000
6346.569,1000.000
6347.570,1000.000
6348.571,1000.000
6349.572,1000.000
6350.573,1000.000
6351.574,1000.000
6352.575,1000.000
6353.576,1000.000
6354.577,1000.000
6355.578,1000.000
6356.579,1000.000
6357.580,1000.000
6358.581,1000.000
6359.582,1000.000
6360.583,1000.000
6361.584,1000.000
6362.585,1000.000
6363.586,1000.000
6364.587,1000.000
6365.588,1000.000
6366.589,1000.000
6367.590,1000.000
6368.591,1000.000
6369.592,1000.000
6370.593,1000.000
6371.594,1000.000
6372.595,1000.000
6373.596,1000.000
6374.597,1000.000
6375.598,1000.000
6376.599,1000.000
6377.600,1000.000
6378.601,1000.000
6379.602,1000.000
6380.603,1000.000
6381.604,1000.000
6382.604,1000.000
6383.605,1000.000
6384.606,1000.000
6385.607,1000.000
6386.608,1000.000
6387.609,1000.000
6388.610,1000.000
6389.611,1000.000
6390.612,1000.000
6391.613,1000.000
6392.614,1000.000
6393.615,1000.000
6394.616,1000.000
6395.617,1000.000
6396.618,1000.000
6397.619,1000.000
6398.620,1000.000
6399.621,1000.000
6400.622,1000.000
6401.623,1000.000
6402.624,1000.000
6403.625,1000.000
6404.626,1000.000
6405.627,1000.000
6406.628,1000.000
6407.629,1000.000
6408.630,1000.000
6409.631,1000.000
6410.632,1000.000
6411.633,1000.000
6412.634,1000.000
6413.635,1000.000
6414.636,1000.000
6415.637,1000.000
6416.638,1000.000
6417.639,1000.000
6418.640,1000.000
6419.641,1000.000
6420.642,1000.000
6421.643,1000.000
6422.644,1000.000
6423.645,1000.000
6424.646,1000.000
6425.646,1000.000
6426.647,1000.000
6427.648,1000.000
6428.649,1000.000
6429.650,1000.000
6430.651,1000.000
6431.652,1000.000
6432.653,1000.000
6433.654,1000.000
6434.655,1000.000
6435.656,1000.000
6436.657,1000.000
6437.658,1000.000
6438.659,1000.000
6439.660,1000.000
6440.661,1000.000
6441.662,1000.000
6442.663,1000.000
6443.664,1000.000
6444.665,1000.000
6445.666,1000.000
6446.667,1000.000
6447.668,1000.000
6448.669,1000.000
6449.670,1000.000
6450.671,1000.000
6451.672,1000.000
6452.673,1000.000
6453.674,1000.000
6454.675,1000.000
6455.676,1000.000
6456.677,1000.000
6457.678,1000.000
6458.679,1000.000
6459.680,1000.000
6460.681,1000.000
6461.682,1000.000
6462.683,1000.000
6463.684,1000.000
6464.685,1000.000
6465.686,1000.000
6466.687,1000.000
6467.688,1000.000
6468.688,1000.000
6469.689,1000.000
6470.690,1000.000
6471.691,1000.000
6472.692,1000.000
6473.693,1000.000
6474.694,1000.000
6475.695,1000.000
6476.696,1000.000
6477.697,1000.000
6478.698,1000.000
6479.699,1000.000
6480.700,1000.000
6481.701,1000.000
6482.702,1000.000
6483.703,1000.000
6484.704,1000.000
6485.705,1000.000
6486.706,1000.000
6487.707,1000.000
6488.708,1000.000
6489.709,1000.000
6490.710,1000.000
6491.711,1000.000
6492.712,1000.000
6493.713,1000.000
6494.714,1000.000
6495.715,1000.000
6496.716,1000.000
6497.717,1000.000
6498.718,1000.000
6499.719,1000.000
6500.720,1000.000
6501.721,1000.000
6502.722,1000.000
6503.723,1000.000
6504.724,1000.000
6505.725,1000.000
6506.726,1000.000
6507.727,1000.000
6508.728,1000.000
6509.729,1000.000
6510.729,1000.000
6511.730,1000.000
6512.731,1000.000
6513.732,1000.000
6514.733,1000.000
6515.734,1000.000
6516.735,1000.000
6517.736,1000.000
6518.737,1000.000
6519.738,1000.000
6520.739,1000.000
6521.740,1000.000
6522.741,1000.000
6523.742,1000.000
6524.743,1000.000
6525.744,1000.000
6526.745,1000.000
6527.746,1000.000
6528.747,1000.000
6529.748,1000.000
6530.749,1000.000
6531.750,1000.000
6532.751,1000.000
6533.752,1000.000
6534.753,1000.000
6535.754,1000.000
6536.755,1000.000
6537.756,1000.000
6538.757,1000.000
6539.758,1000.000
6540.759,1000.000
6541.760,1000.000
6542.761,1000.000
6543.762,1000.000
6544.763,1000.000
6545.764,1000.000
6546.765,1000.000
6547.766,1000.000
6548.767,1000.000
6549.768,1000.000
6550.769,1000.000
6551.770,1000.000
6552.771,1000.000
6553.771,1000.000
6554.772,1000.000
6555.773,1000.000
6556.774,1000.000
6557.775,1000.000
6558.776,1000.000
6559.777,1000.000
6560.778,1000.000
6561.779,1000.000
6562.780,1000.000
6563.781,1000.000
6564.782,1000.000
6565.783,1000.000
6566.784,1000.000
6567.785,1000.000
6568.786,1000.000
6569.787,1000.000
6570.788,1000.000
6571.789,1000.000
6572.790,1000.000
6573.791,1000.000
6574.792,1000.000
6575.793,1000.000
6576.794,1000.000
6577.795,1000.000
6578.796,1000.000
6579.797,1000.000
6580.798,1000.000
6581.799,1000.000
6582.800,1000.000
6583.801,1000.000
6584.802,1000.000
6585.803,1000.000
6586.804,1000.000
6587.805,1000.000
6588.806,1000.000
6589.807,1000.000
6590.808,1000.000
6591.809,1000.000
6592.810,1000.000
6593.811,1000.000
6594.812,1000.000
6595.813,1000.000
6596.813,1000.000
6597.814,1000.000
6598.815,1000.000
6599.816,1000.000
6600.817,1000.000
6601.818,1000.000
6602.819,1000.000
6603.820,1000.000
6604.821,1000.000
6605.822,1000.000
6606.823,1000.000
6607.824,1000.000
6608.825,1000.000
6609.826,1000.000
6610.827,1000.000
6611.828,1000.000
6612.829,1000.000
6613.830,1000.000
6614.831,1000.000
6615.832,1000.000
6616.833,1000.000
6617.834,1000.000
6618.835,1000.000
6619.836,1000.000
6620.837,1000.000
6621.838,1000.000
6622.839,1000.000
6623.840,1000.000
6624.841,1000.000
6625.842,1000.000
6626.843,1000.000
6627.844,1000.000
6628.845,1000.000
6629.846,1000.000
6630.847,1000.000
6631.848,1000.000
6632.849,1000.000
6633.850,1000.000
6634.851,1000.000
6635.852,1000.000
6636.853,1000.000
6637.854,1000.000
6638.854,1000.000
6639.855,1000.000
6640.856,1000.000
6641.857,1000.000
6642.858,1000.000
6643.859,1000.000
6644.860,1000.000
6645.861,1000.000
6646.862,1000.000
6647.863,1000.000
6648.864,1000.000
6649.865,1000.000
6650.866,1000.000
6651.867,1000.000
6652.868,1000.000
6653.869,1000.000
6654.870,1000.000
6655.871,1000.000
6656.872,1000.000
6657.873,1000.000
6658.874,1000.000
6659.875,1000.000
6660.876,1000.000
6661.877,1000.000
6662.878,1000.000
6663.879,1000.000
6664.880,1000.000
6665.881,1000.000
6666.882,1000.000
6667.883,1000.000
6668.884,1000.000
6669.885,1000.000
6670.886,1000.000
6671.887,1000.000
6672.888,1000.000
6673.889,1000.000
6674.890,1000.000
6675.891,1000.000
6676.892,1000.000
6677.893,1000.000
6678.894,1000.000
6679.895,1000.000
6680.896,1000.000
6681.896,1000.000
6682.897,1000.000
6683.898,1000.000
6684.899,1000.000
6685.900,1000.000
6686.901,1000.000
6687.902,1000.000
6688.903,1000.000
6689.904,1000.000
6690.905,1000.000
6691.906,1000.000
6692.907,1000.000
6693.908,1000.000
6694.909,1000.000
6695.910,1000.000
6696.911,1000.000
6697.912,1000.000
6698.913,1000.000
6699.914,1000.000
6700.915,1000.000
6701.916,1000.000
6702.917,1000.000
6703.918,1000.000
6704.919,1000.000
6705.920,1000.000
6706.921,1000.000
6707.922,1000.000
6708.923,1000.000
6709.924,1000.000
6710.925,1000.000
6711.926,1000.000
6712.927,1000.000
6713.928,1000.000
6714.929,1000.000
6715.930,1000.000
6716.931,1000.000
6717.932,1000.000
6718.933,1000.000
6719.934,1000.000
6720.935,1000.000
6721.936,1000.000
6722.937,1000.000
6723.938,1000.000
6724.938,1000.000
6725.939,1000.000
6726.940,1000.000
6727.941,1000.000
6728.942,1000.000
6729.943,1000.000
6730.944,1000.000
6731.945,1000.000
6732.946,1000.000
6733.947,1000.000
6734.948,1000.000
6735.949,1000.000
6736.950,1000.000
6737.951,1000.000
6738.952,1000.000
6739.953,1000.000
6740.954,1000.000
6741.955,1000.000
6742.956,1000.000
6743.957,1000.000
6744.958,1000.000
6745.959,1000.000
6746.960,1000.000
6747.961,1000.000
6748.962,1000.000
6749.963,1000.000
6750.964,1000.000
6751.965,1000.000
6752.966,1000.000
6753.967,1000.000
6754.968,1000.000
6755.969,1000.000
6756.970,1000.000
6757.971,1000.000
6758.972,1000.000
6759.973,1000.000
6760.974,1000.000
6761.975,1000.000
6762.976,1000.000
6763.977,1000.000
6764.978,1000.000
6765.979,1000.000
6766.979,1000.000
6767.980,1000.000
6768.981,1000.000
6769.982,1000.000
6770.983,1000.000
6771.984,1000.000
6772.985,1000.000
6773.986,1000.000
6774.987,1000.000
6775.988,1000.000
6776.989,1000.000
6777.990,1000.000
6778.991,1000.000
6779.992,1000.000
6780.993,1000.000
6781.994,1000.000
6782.995,1000.000
6783.996,1000.000
6784.997,1000.000
6785.998,1000.000
6786.999,1000.000
6788.000,1000.000
6789.001,1000.000
6790.002,1000.000
6791.003,1000.000
6792.004,1000.000
6793.005,1000.000
6794.006,1000.000
6795.007,1000.000
6796.008,1000.000
6797.009,1000.000
6798.010,1000.000
6799.011,1000.000
6800.012,1000.000
6801.013,1000.000
6802.014,1000.000
6803.015,1000.000
6804.016,1000.000
6805.017,1000.000
6806.018,1000.000
6807.019,1000.000
6808.020,1000.000
6809.021,1000.000
6810.021,1000.000
6811.022,1000.000
6812.023,1000.000
6813.024,1000.000
6814.025,1000.000
6815.026,1000.000
6816.027,1000.000
6817.028,1000.000
6818.029,1000.000
6819.030,1000.000
6820.031,1000.000
6821.032,1000.000
6822.033,1000.000
6823.034,1000.000
6824.035,1000.000
6825.036,1000.000
6826.037,1000.000
6827.038,1000.000
6828.039,1000.000
6829.040,1000.000
6830.041,1000.000
6831.042,1000.000
6832.043,1000.000
6833.044,1000.000
6834.045,1000.000
6835.046,1000.000
6836.047,1000.000
6837.048,1000.000
6838.049,1000.000
6839.050,1000.000
6840.051,1000.000
6841.052,1000.000
6842.053,1000.000
6843.054,1000.000
6844.055,1000.000
6845.056,1000.000
6846.057,1000.000
6847.058,1000.000
6848.059,1000.000
6849.060,1000.000
6850.061,1000.000
6851.062,1000.000
6852.063,1000.000
6853.063,1000.000
6854.064,1000.000
6855.065,1000.000
6856.066,1000.000
6857.067,1000.000
6858.068,1000.000
6859.069,1000.000
6860.070,1000.000
6861.071,1000.000
6862.072,1000.000
6863.073,1000.000
6864.074,1000.000
6865.075,1000.000
6866.076,1000.000
6867.077,1000.000
6868.078,1000.000
6869.079,1000.000
6870.080,1000.000
6871.081,1000.000
6872.082,1000.000
6873.083,1000.000
6874.084,1000.000
6875.085,1000.000
6876.086,1000.000
6877.087,1000.000
6878.088,1000.000
6879.089,1000.000
6880.090,1000.000
6881.091,1000.000
6882.092,1000.000
6883.093,1000.000
6884.094,1000.000
6885.095,1000.000
6886.096,1000.000
6887.097,1000.000
6888.098,1000.000
6889.099,1000.000
6890.100,1000.000
6891.101,1000.000
6892.102,1000.000
6893.103,1000.000
6894.104,1000.000
6895.104,1000.000
6896.105,1000.000
6897.106,1000.000
6898.107,1000.000
6899.108,1000.000
6900.109,1000.000
6901.110,1000.000
6902.111,1000.000
6903.112,1000.000
6904.113,1000.000
6905.114,1000.000
6906.115,1000.000
6907.116,1000.000
6908.117,1000.000
6909.118,1000.000
6910.119,1000.000
6911.120,1000.000
6912.121,1000.000
6913.122,1000.000
6914.123,1000.000
6915.124,1000.000
6916.125,1000.000
6917.126,1000.000
6918.127,1000.000
6919.128,1000.000
6920.129,1000.000
6921.130,1000.000
6922.131,1000.000
6923.132,1000.000
6924.133,1000.000
6925.134,1000.000
6926.135,1000.000
6927.136,1000.000
6928.137,1000.000
6929.138,1000.000
6930.139,1000.000
6931.140,1000.000
6932.141,1000.000
6933.142,1000.000
6934.143,1000.000
6935.144,1000.000
6936.145,1000.000
6937.146,1000.000
6938.146,1000.000
6939.147,1000.000
6940.148,1000.000
6941.149,1000.000
6942.150,1000.000
6943.151,1000.000
6944.152,1000.000
6945.153,1000.000
6946.154,1000.000
6947.155,1000.000
6948.156,1000.000
6949.157,1000.000
6950.158,1000.000
6951.159,1000.000
6952.160,1000.000
6953.161,1000.000
6954.162,1000.000
6955.163,1000.000
6956.164,1000.000
6957.165,1000.000
6958.166,1000.000
6959.167,1000.000
6960.168,1000.000
6961.169,1000.000
6962.170,1000.000
6963.171,1000.000
6964.172,1000.000
6965.173,1000.000
6966.174,1000.000
6967.175,1000.000
6968.176,1000.000
6969.177,1000.000
6970.178,1000.000
6971.179,1000.000
6972.180,1000.000
6973.181,1000.000
6974.182,1000.000
6975.183,1000.000
6976.184,1000.000
6977.185,1000.000
6978.186,1000.000
6979.187,1000.000
6980.188,1000.000
6981.188,1000.000
6982.189,1000.000
6983.190,1000.000
6984.191,1000.000
6985.192,1000.000
6986.193,1000.000
6987.194,1000.000
6988.195,1000.000
6989.196,1000.000
6990.197,1000.000
6991.198,1000.000
6992.199,1000.000
6993.200,1000.000
6994.201,1000.000
6995.202,1000.000
6996.203,1000.000
6997.204,1000.000
6998.205,1000.000
6999.206,1000.000
7000.207,1000.000
7001.208,1000.000
7002.209,1000.000
7003.210,1000.000
7004.211,1000.000
7005.212,1000.000
7006.213,1000.000
7007.214,1000.000
7008.215,1000.000
7009.216,1000.000
7010.217,1000.000
7011.218,1000.000
7012.219,1000.000
7013.220,1000.000
7014.221,1000.000
7015.222,1000.000
7016.223,1000.000
7017.224,1000.000
7018.225,1000.000
7019.226,1000.000
7020.227,1000.000
7021.228,1000.000
7022.229,1000.000
7023.229,1000.000
7024.230,1000.000
7025.231,1000.000
7026.232,1000.000
7027.233,1000.000
7028.234,1000.000
7029.235,1000.000
7030.236,1000.000
7031.237,1000.000
7032.238,1000.000
7033.239,1000.000
7034.240,1000.000
7035.241,1000.000
7036.242,1000.000
7037.243,1000.000
7038.244,1000.000
7039.245,1000.000
7040.246,1000.000
7041.247,1000.000
7042.248,1000.000
7043.249,1000.000
7044.250,1000.000
7045.251,1000.000
7046.252,1000.000
7047.253,1000.000
7048.254,1000.000
7049.255,1000.000
7050.256,1000.000
7051.257,1000.000
7052.258,1000.000
7053.259,1000.000
7054.260,1000.000
7055.261,1000.000
7056.262,1000.000
7057.263,1000.000
7058.264,1000.000
7059.265,1000.000
7060.266,1000.000
7061.267,1000.000
7062.268,1000.000
7063.269,1000.000
7064.270,1000.000
7065.271,1000.000
7066.271,1000.000
7067.272,1000.000
7068.273,1000.000
7069.274,1000.000
7070.275,1000.000
7071.276,1000.000
7072.277,1000.000
7073.278,1000.000
7074.279,1000.000
7075.280,1000.000
7076.281,1000.000
7077.282,1000.000
7078.283,1000.000
7079.284,1000.000
7080.285,1000.000
7081.286,1000.000
7082.287,1000.000
7083.288,1000.000
7084.289,1000.000
7085.290,1000.000
7086.291,1000.000
7087.292,1000.000
7088.293,1000.000
7089.294,1000.000
7090.295,1000.000
7091.296,1000.000
7092.297,1000.000
7093.298,1000.000
7094.299,1000.000
7095.300,1000.000
7096.301,1000.000
7097.302,1000.000
7098.303,1000.000
7099.304,1000.000
7100.305,1000.000
7101.306,1000.000
7102.307,1000.000
7103.308,1000.000
7104.309,1000.000
7105.310,1000.000
7106.311,1000.000
7107.312,1000.000
7108.313,1000.000
7109.313,1000.000
7110.314,1000.000
7111.315,1000.000
7112.316,1000.000
7113.317,1000.000
7114.318,1000.000
7115.319,1000.000
7116.320,1000.000
7117.321,1000.000
7118.322,1000.000
7119.323,1000.000
7120.324,1000.000
7121.325,1000.000
7122.326,1000.000
7123.327,1000.000
7124.328,1000.000
7125.329,1000.000
7126.330,1000.000
7127.331,1000.000
7128.332,1000.000
7129.333,1000.000
7130.334,1000.000
7131.335,1000.000
7132.336,1000.000
7133.337,1000.000
7134.338,1000.000
7135.339,1000.000
7136.340,1000.000
7137.341,1000.000
7138.342,1000.000
7139.343,1000.000
7140.344,1000.000
7141.345,1000.000
7142.346,1000.000
7143.347,1000.000
7144.348,1000.000
7145.349,1000.000
7146.350,1000.000
7147.351,1000.000
7148.352,1000.000
7149.353,1000.000
7150.354,1000.000
7151.354,1000.000
7152.355,1000.000
7153.356,1000.000
7154.357,1000.000
7155.358,1000.000
7156.359,1000.000
7157.360,1000.000
7158.361,1000.000
7159.362,1000.000
7160.363,1000.000
7161.364,1000.000
7162.365,1000.000
7163.366,1000.000
7164.367,1000.000
7165.368,1000.000
7166.369,1000.000
7167.370,1000.000
7168.371,1000.000
7169.372,1000.000
7170.373,1000.000
7171.374,1000.000
7172.375,1000.000
7173.376,1000.000
7174.377,1000.000
7175.378,1000.000
7176.379,1000.000
7177.380,1000.000
7178.381,1000.000
7179.382,1000.000
7180.383,1000.000
7181.384,1000.000
7182.385,1000.000
7183.386,1000.000
7184.387,1000.000
7185.388,1000.000
7186.389,1000.000
7187.390,1000.000
7188.391,1000.000
7189.392,1000.000
7190.393,1000.000
7191.394,1000.000
7192.395,1000.000
7193.396,1000.000
7194.396,1000.000
7195.397,1000.000
7196.398,1000.000
7197.399,1000.000
7198.400,1000.000
7199.401,1000.000
7200.402,1000.000
7201.403,1000.000
7202.404,1000.000
7203.405,1000.000
7204.406,1000.000
7205.407,1000.000
7206.408,1000.000
7207.409,1000.000
7208.410,1000.000
7209.411,1000.000
7210.412,1000.000
7211.413,1000.000
7212.414,1000.000
7213.415,1000.000
7214.416,1000.000
7215.417,1000.000
7216.418,1000.000
7217.419,1000.000
7218.420,1000.000
7219.421,1000.000
7220.422,1000.000
7221.423,1000.000
7222.424,1000.000
7223.425,1000.000
7224.426,1000.000
7225.427,1000.000
7226.428,1000.000
7227.429,1000.000
7228.430,1000.000
7229.431,1000.000
7230.432,1000.000
7231.433,1000.000
7232.434,1000.000
7233.435,1000.000
7234.436,1000.000
7235.437,1000.000
7236.438,1000.000
7237.438,1000.000
7238.439,1000.000
7239.440,1000.000
7240.441,1000.000
7241.442,1000.000
7242.443,1000.000
7243.444,1000.000
7244.445,1000.000
7245.446,1000.000
7246.447,1000.000
7247.448,1000.000
7248.449,1000.000
7249.450,1000.000
7250.451,1000.000
7251.452,1000.000
7252.453,1000.000
7253.454,1000.000
7254.455,1000.000
7255.456,1000.000
7256.457,1000.000
7257.458,1000.000
7258.459,1000.000
7259.460,1000.000
7260.461,1000.000
7261.462,1000.000
7262.463,1000.000
7263.464,1000.000
7264.465,1000.000
7265.466,1000.000
7266.467,1000.000
7267.468,1000.000
7268.469,1000.000
7269.470,1000.000
7270.471,1000.000
7271.472,1000.000
7272.473,1000.000
7273.474,1000.000
7274.475,1000.000
7275.476,1000.000
7276.477,1000.000
7277.478,1000.000
7278.479,1000.000
7279.479,1000.000
7280.480,1000.000
7281.481,1000.000
7282.482,1000.000
7283.483,1000.000
7284.484,1000.000
7285.485,1000.000
7286.486,1000.000
7287.487,1000.000
7288.488,1000.000
7289.489,1000.000
7290.490,1000.000
7291.491,1000.000
7292.492,1000.000
7293.493,1000.000
7294.494,1000.000
7295.495,1000.000
7296.496,1000.000
7297.497,1000.000
7298.498,1000.000
7299.499,1000.000
7300.500,1000.000
7301.501,1000.000
7302.502,1000.000
7303.503,1000.000
7304.504,1000.000
7305.505,1000.000
7306.506,1000.000
7307.507,1000.000
7308.508,1000.000
7309.509,1000.000
7310.510,1000.000
7311.511,1000.000
7312.512,1000.000
7313.513,1000.000
7314.514,1000.000
7315.515,1000.000
7316.516,1000.000
7317.517,1000.000
7318.518,1000.000
7319.519,1000.000
7320.520,1000.000
7321.521,1000.000
7322.521,1000.000
7323.522,1000.000
7324.523,1000.000
7325.524,1000.000
7326.525,1000.000
7327.526,1000.000
7328.527,1000.000
7329.528,1000.000
7330.529,1000.000
7331.530,1000.000
7332.531,1000.000
7333.532,1000.000
7334.533,1000.000
7335.534,1000.000
7336.535,1000.000
7337.536,1000.000
7338.537,1000.000
7339.538,1000.000
7340.539,1000.000
7341.540,1000.000
7342.541,1000.000
7343.542,1000.000
7344.543,1000.000
7345.544,1000.000
7346.545,1000.000
7347.546,1000.000
7348.547,1000.000
7349.548,1000.000
7350.549,1000.000
7351.550,1000.000
7352.551,1000.000
7353.552,1000.000
7354.553,1000.000
7355.554,1000.000
7356.555,1000.000
7357.556,1000.000
7358.557,1000.000
7359.558,1000.000
7360.559,1000.000
7361.560,1000.000
7362.561,1000.000
7363.562,1000.000
7364.563,1000.000
7365.563,1000.000
7366.564,1000.000
7367.565,1000.000
7368.566,1000.000
7369.567,1000.000
7370.568,1000.000
7371.569,1000.000
7372.570,1000.000
7373.571,1000.000
7374.572,1000.000
7375.573,1000.000
7376.574,1000.000
7377.575,1000.000
7378.576,1000.000
7379.577,1000.000
7380.578,1000.000
7381.579,1000.000
7382.580,1000.000
7383.581,1000.000
7384.582,1000.000
7385.583,1000.000
7386.584,1000.000
7387.585,1000.000
7388.586,1000.000
7389.587,1000.000
7390.588,1000.000
7391.589,1000.000
7392.590,1000.000
7393.591,1000.000
7394.592,1000.000
7395.593,1000.000
7396.594,1000.000
7397.595,1000.000
7398.596,1000.000
7399.597,1000.000
7400.598,1000.000
7401.599,1000.000
7402.600,1000.000
7403.601,1000.000
7404.602,1000.000
7405.603,1000.000
7406.604,1000.000
7407.604,1000.000
7408.605,1000.000
7409.606,1000.000
7410.607,1000.000
7411.608,1000.000
7412.609,1000.000
7413.610,1000.000
7414.611,1000.000
7415.612,1000.000
7416.613,1000.000
7417.614,1000.000
7418.615,1000.000
7419.616,1000.000
7420.617,1000.000
7421.618,1000.000
7422.619,1000.000
7423.620,1000.000
7424.621,1000.000
7425.622,1000.000
7426.623,1000.000
7427.624,1000.000
7428.625,1000.000
7429.626,1000.000
7430.627,1000.000
7431.628,1000.000
7432.629,1000.000
7433.630,1000.000
7434.631,1000.000
7435.632,1000.000
7436.633,1000.000
7437.634,1000.000
7438.635,1000.000
7439.636,1000.000
7440.637,1000.000
7441.638,1000.000
7442.639,1000.000
7443.640,1000.000
7444.641,1000.000
7445.642,1000.000
7446.643,1000.000
7447.644,1000.000
7448.645,1000.000
7449.646,1000.000
7450.646,1000.000
7451.647,1000.000
7452.648,1000.000
7453.649,1000.000
7454.650,1000.000
7455.651,1000.000
7456.652,1000.000
7457.653,1000.000
7458.654,1000.000
7459.655,1000.000
7460.656,1000.000
7461.657,1000.000
7462.658,1000.000
7463.659,1000.000
7464.660,1000.000
7465.661,1000.000
7466.662,1000.000
7467.663,1000.000
7468.664,1000.000
7469.665,1000.000
7470.666,1000.000
7471.667,1000.000
7472.668,1000.000
7473.669,1000.000
7474.670,1000.000
7475.671,1000.000
7476.672,1000.000
7477.673,1000.000
7478.674,1000.000
7479.675,1000.000
7480.676,1000.000
7481.677,1000.000
7482.678,1000.000
7483.679,1000.000
7484.680,1000.000
7485.681,1000.000
7486.682,1000.000
7487.683,1000.000
7488.684,1000.000
7489.685,1000.000
7490.686,1000.000
7491.687,1000.000
7492.688,1000.000
7493.688,1000.000
7494.689,1000.000
7495.690,1000.000
7496.691,1000.000
7497.692,1000.000
7498.693,1000.000
7499.694,1000.000
7500.695,1000.000
7501.696,1000.000
7502.697,1000.000
7503.698,1000.000
7504.699,1000.000
7505.700,1000.000
7506.701,1000.000
7507.702,1000.000
7508.703,1000.000
7509.704,1000.000
7510.705,1000.000
7511.706,1000.000
7512.707,1000.000
7513.708,1000.000
7514.709,1000.000
7515.710,1000.000
7516.711,1000.000
7517.712,1000.000
7518.713,1000.000
7519.714,1000.000
7520.715,1000.000
7521.716,1000.000
7522.717,1000.000
7523.718,1000.000
7524.719,1000.000
7525.720,1000.000
7526.721,1000.000
7527.722,1000.000
7528.723,1000.000
7529.724,1000.000
7530.725,1000.000
7531.726,1000.000
7532.727,1000.000
7533.728,1000.000
7534.729,1000.000
7535.729,1000.000
7536.730,1000.000
7537.731,1000.000
7538.732,1000.000
7539.733,1000.000
7540.734,1000.000
7541.735,1000.000
7542.736,1000.000
7543.737,1000.000
7544.738,1000.000
7545.739,1000.000
7546.740,1000.000
7547.741,1000.000
7548.742,1000.000
7549.743,1000.000
7550.744,1000.000
7551.745,1000.000
7552.746,1000.000
7553.747,1000.000
7554.748,1000.000
7555.749,1000.000
7556.750,1000.000
7557.751,1000.000
7558.752,1000.000
7559.753,1000.000
7560.754,1000.000
7561.755,1000.000
7562.756,1000.000
7563.757,1000.000
7564.758,1000.000
7565.759,1000.000
7566.760,1000.000
7567.761,1000.000
7568.762,1000.000
7569.763,1000.000
7570.764,1000.000
7571.765,1000.000
7572.766,1000.000
7573.767,1000.000
7574.768,1000.000
7575.769,1000.000
7576.770,1000.000
7577.771,1000.000
7578.771,1000.000
7579.772,1000.000
7580.773,1000.000
7581.774,1000.000
7582.775,1000.000
7583.776,1000.000
7584.777,1000.000
7585.778,1000.000
7586.779,1000.000
7587.780,1000.000
7588.781,1000.000
7589.782,1000.000
7590.783,1000.000
7591.784,1000.000
7592.785,1000.000
7593.786,1000.000
7594.787,1000.000
7595.788,1000.000
7596.789,1000.000
7597.790,1000.000
7598.791,1000.000
7599.792,1000.000
7600.793,1000.000
7601.794,1000.000
7602.795,1000.000
7603.796,1000.000
7604.797,1000.000
7605.798,1000.000
7606.799,1000.000
7607.800,1000.000
7608.801,1000.000
7609.802,1000.000
7610.803,1000.000
7611.804,1000.000
7612.805,1000.000
7613.806,1000.000
7614.807,1000.000
7615.808,1000.000
7616.809,1000.000
7617.810,1000.000
7618.811,1000.000
7619.812,1000.000
7620.813,1000.000
7621.813,1000.000
7622.814,1000.000
7623.815,1000.000
7624.816,1000.000
7625.817,1000.000
7626.818,1000.000
7627.819,1000.000
7628.820,1000.000
7629.821,1000.000
7630.822,1000.000
7631.823,1000.000
7632.824,1000.000
7633.825,1000.000
7634.826,1000.000
7635.827,1000.000
7636.828,1000.000
7637.829,1000.000
7638.830,1000.000
7639.831,1000.000
7640.832,1000.000
7641.833,1000.000
7642.834,1000.000
7643.835,1000.000
7644.836,1000.000
7645.837,1000.000
7646.838,1000.000
7647.839,1000.000
7648.840,1000.000
7649.841,1000.000
7650.842,1000.000
7651.843,1000.000
7652.844,1000.000
7653.845,1000.000
7654.846,1000.000
7655.847,1000.000
7656.848,1000.000
7657.849,1000.000
7658.850,1000.000
7659.851,1000.000
7660.852,1000.000
7661.853,1000.000
7662.854,1000.000
7663.854,1000.000
7664.855,1000.000
7665.856,1000.000
7666.857,1000.000
7667.858,1000.000
7668.859,1000.000
7669.860,1000.000
7670.861,1000.000
7671.862,1000.000
7672.863,1000.000
7673.864,1000.000
7674.865,1000.000
7675.866,1000.000
7676.867,1000.000
7677.868,1000.000
7678.869,1000.000
7679.870,1000.000
7680.871,1000.000
7681.872,1000.000
7682.873,1000.000
7683.874,1000.000
7684.875,1000.000
7685.876,1000.000
7686.877,1000.000
7687.878,1000.000
7688.879,1000.000
7689.880,1000.000
7690.881,1000.000
7691.882,1000.000
7692.883,1000.000
7693.884,1000.000
7694.885,1000.000
7695.886,1000.000
7696.887,1000.000
7697.888,1000.000
7698.889,1000.000
7699.890,1000.000
7700.891,1000.000
7701.892,1000.000
7702.893,1000.000
7703.894,1000.000
7704.895,1000.000
7705.896,1000.000
7706.896,1000.000
7707.897,1000.000
7708.898,1000.000
7709.899,1000.000
7710.900,1000.000
7711.901,1000.000
7712.902,1000.000
7713.903,1000.000
7714.904,1000.000
7715.905,1000.000
7716.906,1000.000
7717.907,1000.000
7718.908,1000.000
7719.909,1000.000
7720.910,1000.000
7721.911,1000.000
7722.912,1000.000
7723.913,1000.000
7724.914,1000.000
7725.915,1000.000
7726.916,1000.000
7727.917,1000.000
7728.918,1000.000
7729.919,1000.000
7730.920,1000.000
7731.921,1000.000
7732.922,1000.000
7733.923,1000.000
7734.924,1000.000
7735.925,1000.000
7736.926,1000.000
7737.927,1000.000
7738.928,1000.000
7739.929,1000.000
7740.930,1000.000
7741.931,1000.000
7742.932,1000.000
7743.933,1000.000
7744.934,1000.000
7745.935,1000.000
7746.936,1000.000
7747.937,1000.000
7748.938,1000.000
7749.938,1000.000
7750.939,1000.000
7751.940,1000.000
7752.941,1000.000
7753.942,1000.000
7754.943,1000.000
7755.944,1000.000
7756.945,1000.000
7757.946,1000.000
7758.947,1000.000
7759.948,1000.000
7760.949,1000.000
7761.950,1000.000
7762.951,1000.000
7763.952,1000.000
7764.953,1000.000
7765.954,1000.000
7766.955,1000.000
7767.956,1000.000
7768.957,1000.000
7769.958,1000.000
7770.959,1000.000
7771.960,1000.000
7772.961,1000.000
7773.962,1000.000
7774.963,1000.000
7775.964,1000.000
7776.965,1000.000
7777.966,1000.000
7778.967,1000.000
7779.968,1000.000
7780.969,1000.000
7781.970,1000.000
7782.971,1000.000
7783.972,1000.000
7784.973,1000.000
7785.974,1000.000
7786.975,1000.000
7787.976,1000.000
7788.977,1000.000
7789.978,1000.000
7790.979,1000.000
7791.979,1000.000
7792.980,1000.000
7793.981,1000.000
7794.982,1000.000
7795.983,1000.000
7796.984,1000.000
7797.985,1000.000
7798.986,1000.000
7799.987,1000.000
7800.988,1000.000
7801.989,1000.000
7802.990,1000.000
7803.991,1000.000
7804.992,1000.000
7805.993,1000.000
7806.994,1000.000
7807.995,1000.000
7808.996,1000.000
7809.997,1000.000
7810.998,1000.000
7811.999,1000.000
7813.000,1000.000
7814.001,1000.000
7815.002,1000.000
7816.003,1000.000
7817.004,1000.000
7818.005,1000.000
7819.006,1000.000
7820.007,1000.000
7821.008,1000.000
7822.009,1000.000
7823.010,1000.000
7824.011,1000.000
7825.012,1000.000
7826.013,1000.000
7827.014,1000.000
7828.015,1000.000
7829.016,1000.000
7830.017,1000.000
7831.018,1000.000
7832.019,1000.000
7833.020,1000.000
7834.021,1000.000
7835.021,1000.000
7836.022,1000.000
7837.023,1000.000
7838.024,1000.000
7839.025,1000.000
7840.026,1000.000
7841.027,1000.000
7842.028,1000.000
7843.029,1000.000
7844.030,1000.000
7845.031,1000.000
7846.032,1000.000
7847.033,1000.000
7848.034,1000.000
7849.035,1000.000
7850.036,1000.000
7851.037,1000.000
7852.038,1000.000
7853.039,1000.000
7854.040,1000.000
7855.041,1000.000
7856.042,1000.000
7857.043,1000.000
7858.044,1000.000
7859.045,1000.000
7860.046,1000.000
7861.047,1000.000
7862.048,1000.000
7863.049,1000.000
7864.050,1000.000
7865.051,1000.000
7866.052,1000.000
7867.053,1000.000
7868.054,1000.000
7869.055,1000.000
7870.056,1000.000
7871.057,1000.000
7872.058,1000.000
7873.059,1000.000
7874.060,1000.000
7875.061,1000.000
7876.062,1000.000
7877.063,1000.000
7878.063,1000.000
7879.064,1000.000
7880.065,1000.000
7881.066,1000.000
7882.067,1000.000
7883.068,1000.000
7884.069,1000.000
7885.070,1000.000
7886.071,1000.000
7887.072,1000.000
7888.073,1000.000
7889.074,1000.000
7890.075,1000.000
7891.076,1000.000
7892.077,1000.000
7893.078,1000.000
7894.079,1000.000
7895.080,1000.000
7896.081,1000.000
7897.082,1000.000
7898.083,1000.000
7899.084,1000.000
7900.085,1000.000
7901.086,1000.000
7902.087,1000.000
7903.088,1000.000
7904.089,1000.000
7905.090,1000.000
7906.091,1000.000
7907.092,1000.000
7908.093,1000.000
7909.094,1000.000
7910.095,1000.000
7911.096,1000.000
7912.097,1000.000
7913.098,1000.000
7914.099,1000.000
7915.100,1000.000
7916.101,1000.000
7917.102,1000.000
7918.103,1000.000
7919.104,1000.000
7920.104,1000.000
7921.105,1000.000
7922.106,1000.000
7923.107,1000.000
7924.108,1000.000
7925.109,1000.000
7926.110,1000.000
7927.111,1000.000
7928.112,1000.000
7929.113,1000.000
7930.114,1000.000
7931.115,1000.000
7932.116,1000.000
7933.117,1000.000
7934.118,1000.000
7935.119,1000.000
7936.120,1000.000
7937.121,1000.000
7938.122,1000.000
7939.123,1000.000
7940.124,1000.000
7941.125,1000.000
7942.126,1000.000
7943.127,1000.000
7944.128,1000.000
7945.129,1000.000
7946.130,1000.000
7947.131,1000.000
7948.132,1000.000
7949.133,1000.000
7950.134,1000.000
7951.135,1000.000
7952.136,1000.000
7953.137,1000.000
7954.138,1000.000
7955.139,1000.000
7956.140,1000.000
7957.141,1000.000
7958.142,1000.000
7959.143,1000.000
7960.144,1000.000
7961.145,1000.000
7962.146,1000.000
7963.146,1000.000
7964.147,1000.000
7965.148,1000.000
7966.149,1000.000
7967.150,1000.000
7968.151,1000.000
7969.152,1000.000
7970.153,1000.000
7971.154,1000.000
7972.155,1000.000
7973.156,1000.000
7974.157,1000.000
7975.158,1000.000
7976.159,1000.000
7977.160,1000.000
7978.161,1000.000
7979.162,1000.000
7980.163,1000.000
7981.164,1000.000
7982.165,1000.000
7983.166,1000.000
7984.167,1000.000
7985.168,1000.000
7986.169,1000.000
7987.170,1000.000
7988.171,1000.000
7989.172,1000.000
7990.173,1000.000
7991.174,1000.000
7992.175,1000.000
7993.176,1000.000
7994.177,1000.000
7995.178,1000.000
7996.179,1000.000
7997.180,1000.000
7998.181,1000.000
7999.182,1000.000
8000.183,1000.000
8001.184,1000.000
8002.185,1000.000
8003.186,1000.000
8004.187,1000.000
8005.188,1000.000
8006.188,1000.000
8007.189,1000.000
8008.190,1000.000
8009.191,1000.000
8010.192,1000.000
8011.193,1000.000
8012.194,1000.000
8013.195,1000.000
8014.196,1000.000
8015.197,1000.000
8016.198,1000.000
8017.199,1000.000
8018.200,1000.000
8019.201,1000.000
8020.202,1000.000
8021.203,1000.000
8022.204,1000.000
8023.205,1000.000
8024.206,1000.000
8025.207,1000.000
8026.208,1000.000
8027.209,1000.000
8028.210,1000.000
8029.211,1000.000
8030.212,1000.000
8031.213,1000.000
8032.214,1000.000
8033.215,1000.000
8034.216,1000.000
8035.217,1000.000
8036.218,1000.000
8037.219,1000.000
8038.220,1000.000
8039.221,1000.000
8040.222,1000.000
8041.223,1000.000
8042.224,1000.000
8043.225,1000.000
8044.226,1000.000
8045.227,1000.000
8046.228,1000.000
8047.229,1000.000
8048.229,1000.000
8049.230,1000.000
8050.231,1000.000
8051.232,1000.000
8052.233,1000.000
8053.234,1000.000
8054.235,1000.000
8055.236,1000.000
8056.237,1000.000
8057.238,1000.000
8058.239,1000.000
8059.240,1000.000
8060.241,1000.000
8061.242,1000.000
8062.243,1000.000
8063.244,1000.000
8064.245,1000.000
8065.246,1000.000
8066.247,1000.000
8067.248,1000.000
8068.249,1000.000
8069.250,1000.000
8070.251,1000.000
8071.252,1000.000
8072.253,1000.000
8073.254,1000.000
8074.255,1000.000
8075.256,1000.000
8076.257,1000.000
8077.258,1000.000
8078.259,1000.000
8079.260,1000.000
8080.261,1000.000
8081.262,1000.000
8082.263,1000.000
8083.264,1000.000
8084.265,1000.000
8085.266,1000.000
8086.267,1000.000
8087.268,1000.000
8088.269,1000.000
8089.270,1000.000
8090.271,1000.000
8091.271,1000.000
8092.272,1000.000
8093.273,1000.000
8094.274,1000.000
8095.275,1000.000
8096.276,1000.000
8097.277,1000.000
8098.278,1000.000
8099.279,1000.000
8100.280,1000.000
8101.281,1000.000
8102.282,1000.000
8103.283,1000.000
8104.284,1000.000
8105.285,1000.000
8106.286,1000.000
8107.287,1000.000
8108.288,1000.000
8109.289,1000.000
8110.290,1000.000
8111.291,1000.000
8112.292,1000.000
8113.293,1000.000
8114.294,1000.000
8115.295,1000.000
8116.296,1000.000
8117.297,1000.000
8118.298,1000.000
8119.299,1000.000
8120.300,1000.000
8121.301,1000.000
8122.302,1000.000
8123.303,1000.000
8124.304,1000.000
8125.305,1000.000
8126.306,1000.000
8127.307,1000.000
8128.308,1000.000
8129.309,1000.000
8130.310,1000.000
8131.311,1000.000
8132.312,1000.000
8133.313,1000.000
8134.313,1000.000
8135.314,1000.000
8136.315,1000.000
8137.316,1000.000
8138.317,1000.000
8139.318,1000.000
8140.319,1000.000
8141.320,1000.000
8142.321,1000.000
8143.322,1000.000
8144.323,1000.000
8145.324,1000.000
8146.325,1000.000
8147.326,1000.000
8148.327,1000.000
8149.328,1000.000
8150.329,1000.000
8151.330,1000.000
8152.331,1000.000
8153.332,1000.000
8154.333,1000.000
8155.334,1000.000
8156.335,1000.000
8157.336,1000.000
8158.337,1000.000
8159.338,1000.000
8160.339,1000.000
8161.340,1000.000
8162.341,1000.000
8163.342,1000.000
8164.343,1000.000
8165.344,1000.000
8166.345,1000.000
8167.346,1000.000
8168.347,1000.000
8169.348,1000.000
8170.349,1000.000
8171.350,1000.000
8172.351,1000.000
8173.352,1000.000
8174.353,1000.000
8175.354,1000.000
8176.354,1000.000
8177.355,1000.000
8178.356,1000.000
8179.357,1000.000
8180.358,1000.000
8181.359,1000.000
8182.360,1000.000
8183.361,1000.000
8184.362,1000.000
8185.363,1000.000
8186.364,1000.000
8187.365,1000.000
8188.366,1000.000
8189.367,1000.000
8190.368,1000.000
8191.369,1000.000
8193.338,1000.000
8195.291,1000.000
8197.244,1000.000
8199.197,1000.000
8201.150,1000.000
8203.104,1000.000
8205.057,1000.000
8207.010,1000.000
8208.963,1000.000
8210.916,1000.000
8212.869,1000.000
8214.822,1000.000
8216.775,1000.000
8218.729,1000.000
8220.682,1000.000
8222.635,1000.000
8224.588,1000.000
8226.541,1000.000
8228.494,1000.000
8230.447,1000.000
8232.400,1000.000
8234.354,1000.000
8236.307,1000.000
8238.260,1000.000
8240.213,1000.000
8242.166,1000.000
8244.119,1000.000
8246.072,1000.000
8248.025,1000.000
8249.979,1000.000
8251.932,1000.000
8253.885,1000.000
8255.838,1000.000
8257.791,1000.000
8259.744,1000.000
8261.697,1000.000
8263.650,1000.000
8265.604,1000.000
8267.557,1000.000
8269.510,1000.000
8271.463,1000.000
8273.416,1000.000
8275.369,1000.000
8277.322,1000.000
8279.275,1000.000
8281.229,1000.000
8283.182,1000.000
8285.135,1000.000
8287.088,1000.000
8289.041,1000.000
8290.994,1000.000
8292.947,1000.000
8294.900,1000.000
8296.854,1000.000
8298.807,1000.000
8300.760,1000.000
8302.713,1000.000
8304.666,1000.000
8306.619,1000.000
8308.572,1000.000
8310.525,1000.000
8312.479,1000.000
8314.432,1000.000
8316.385,1000.000
8318.338,1000.000
8320.291,1000.000
8322.244,1000.000
8324.197,1000.000
8326.150,1000.000
8328.104,1000.000
8330.057,1000.000
8332.010,1000.000
8333.963,1000.000
8335.916,1000.000
8337.869,1000.000
8339.822,1000.000
8341.775,1000.000
8343.729,1000.000
8345.682,1000.000
8347.635,1000.000
8349.588,1000.000
8351.541,1000.000
8353.494,1000.000
8355.447,1000.000
8357.400,1000.000
8359.354,1000.000
8361.307,1000.000
8363.260,1000.000
8365.213,1000.000
8367.166,1000.000
8369.119,1000.000
8371.072,1000.000
8373.025,1000.000
8374.979,1000.000
8376.932,1000.000
8378.885,1000.000
8380.838,1000.000
8382.791,1000.000
8384.744,1000.000
8386.697,1000.000
8388.650,1000.000
8390.604,1000.000
8392.557,1000.000
8394.510,1000.000
8396.463,1000.000
8398.416,1000.000
8400.369,1000.000
8402.322,1000.000
8404.275,1000.000
8406.229,1000.000
8408.182,1000.000
8410.135,1000.000
8412.088,1000.000
8414.041,1000.000
8415.994,1000.000
8417.947,1000.000
8419.900,1000.000
8421.854,1000.000
8423.807,1000.000
8425.760,1000.000
8427.713,1000.000
8429.666,1000.000
8431.619,1000.000
8433.572,1000.000
8435.525,1000.000
8437.479,1000.000
8439.432,1000.000
8441.385,1000.000
8443.338,1000.000
8445.291,1000.000
8447.244,1000.000
8449.197,1000.000
8451.150,1000.000
8453.104,1000.000
8455.057,1000.000
8457.010,1000.000
8458.963,1000.000
8460.916,1000.000
8462.869,1000.000
8464.822,1000.000
8466.775,1000.000
8468.729,1000.000
8470.682,1000.000
8472.635,1000.000
8474.588,1000.000
8476.541,1000.000
8478.494,1000.000
8480.447,1000.000
8482.400,1000.000
8484.354,1000.000
8486.307,1000.000
8488.260,1000.000
8490.213,1000.000
8492.166,1000.000
8494.119,1000.000
8496.072,1000.000
8498.025,1000.000
8499.979,1000.000
8501.932,1000.000
8503.885,1000.000
8505.838,1000.000
8507.791,1000.000
8509.744,1000.000
8511.697,1000.000
8513.650,1000.000
8515.604,1000.000
8517.557,1000.000
8519.510,1000.000
8521.463,1000.000
8523.416,1000.000
8525.369,1000.000
8527.322,1000.000
8529.275,1000.000
8531.229,1000.000
8533.182,1000.000
8535.135,1000.000
8537.088,1000.000
8539.041,1000.000
8540.994,1000.000
8542.947,1000.000
8544.900,1000.000
8546.854,1000.000
8548.807,1000.000
8550.760,1000.000
8552.713,1000.000
8554.666,1000.000
8556.619,1000.000
8558.572,1000.000
8560.525,1000.000
8562.479,1000.000
8564.432,1000.000
8566.385,1000.000
8568.338,1000.000
8570.291,1000.000
8572.244,1000.000
8574.197,1000.000
8576.150,1000.000
8578.104,1000.000
8580.057,1000.000
8582.010,1000.000
8583.963,1000.000
8585.916,1000.000
8587.869,1000.000
8589.822,1000.000
8591.775,1000.000
8593.729,1000.000
8595.682,1000.000
8597.635,1000.000
8599.588,1000.000
8601.541,1000.000
8603.494,1000.000
8605.447,1000.000
8607.400,1000.000
8609.354,1000.000
8611.307,1000.000
8613.260,1000.000
8615.213,1000.000
8617.166,1000.000
8619.119,1000.000
8621.072,1000.000
8623.025,1000.000
8624.979,1000.000
8626.932,1000.000
8628.885,1000.000
8630.838,1000.000
8632.791,1000.000
8634.744,1000.000
8636.697,1000.000
8638.650,1000.000
8640.604,1000.000
8642.557,1000.000
8644.510,1000.000
8646.463,1000.000
8648.416,1000.000
8650.369,1000.000
8652.322,1000.000
8654.275,1000.000
8656.229,1000.000
8658.182,1000.000
8660.135,1000.000
8662.088,1000.000
8664.041,1000.000
8665.994,1000.000
8667.947,1000.000
8669.900,1000.000
8671.854,1000.000
8673.807,1000.000
8675.760,1000.000
8677.713,1000.000
8679.666,1000.000
8681.619,1000.000
8683.572,1000.000
8685.525,1000.000
8687.479,1000.000
8689.432,1000.000
8691.385,1000.000
8693.338,1000.000
8695.291,1000.000
8697.244,1000.000
8699.197,1000.000
8701.150,1000.000
8703.104,1000.000
8705.057,1000.000
8707.010,1000.000
8708.963,1000.000
8710.916,1000.000
8712.869,1000.000
8714.822,1000.000
8716.775,1000.000
8718.729,1000.000
8720.682,1000.000
8722.635,1000.000
8724.588,1000.000
8726.541,1000.000
8728.494,1000.000
8730.447,1000.000
8732.400,1000.000
8734.354,1000.000
8736.307,1000.000
8738.260,1000.000
8740.213,1000.000
8742.166,1000.000
8744.119,1000.000
8746.072,1000.000
8748.025,1000.000
8749.979,1000.000
8751.932,1000.000
8753.885,1000.000
8755.838,1000.000
8757.791,1000.000
8759.744,1000.000
8761.697,1000.000
8763.650,1000.000
8765.604,1000.000
8767.557,1000.000
8769.510,1000.000
8771.463,1000.000
8773.416,1000.000
8775.369,1000.000
8777.322,1000.000
8779.275,1000.000
8781.229,1000.000
8783.182,1000.000
8785.135,1000.000
8787.088,1000.000
8789.041,1000.000
8790.994,1000.000
8792.947,1000.000
8794.900,1000.000
8796.854,1000.000
8798.807,1000.000
8800.760,1000.000
8802.713,1000.000
8804.666,1000.000
8806.619,1000.000
8808.572,1000.000
8810.525,1000.000
8812.479,1000.000
8814.432,1000.000
8816.385,1000.000
8818.338,1000.000
8820.291,1000.000
8822.244,1000.000
8824.197,1000.000
8826.150,1000.000
8828.104,1000.000
8830.057,1000.000
8832.010,1000.000
8833.963,1000.000
8835.916,1000.000
8837.869,1000.000
8839.822,1000.000
8841.775,1000.000
8843.729,1000.000
8845.682,1000.000
8847.635,1000.000
8849.588,1000.000
8851.541,1000.000
8853.494,1000.000
8855.447,1000.000
8857.400,1000.000
8859.354,1000.000
8861.307,1000.000
8863.260,1000.000
8865.213,1000.000
8867.166,1000.000
8869.119,1000.000
8871.072,1000.000
8873.025,1000.000
8874.979,1000.000
8876.932,1000.000
8878.885,1000.000
8880.838,1000.000
8882.791,1000.000
8884.744,1000.000
8886.697,1000.000
8888.650,1000.000
8890.604,1000.000
8892.557,1000.000
8894.510,1000.000
8896.463,1000.000
8898.416,1000.000
8900.369,1000.000
8902.322,1000.000
8904.275,1000.000
8906.229,1000.000
8908.182,1000.000
8910.135,1000.000
8912.088,1000.000
8914.041,1000.000
8915.994,1000.000
8917.947,1000.000
8919.900,1000.000
8921.854,1000.000
8923.807,1000.000
8925.760,1000.000
8927.713,1000.000
8929.666,1000.000
8931.619,1000.000
8933.572,1000.000
8935.525,1000.000
8937.479,1000.000
8939.432,1000.000
8941.385,1000.000
8943.338,1000.000
8945.291,1000.000
8947.244,1000.000
8949.197,1000.000
8951.150,1000.000
8953.104,1000.000
8955.057,1000.000
8957.010,1000.000
8958.963,1000.000
8960.916,1000.000
8962.869,1000.000
8964.822,1000.000
8966.775,1000.000
8968.729,1000.000
8970.682,1000.000
8972.635,1000.000
8974.588,1000.000
8976.541,1000.000
8978.494,1000.000
8980.447,1000.000
8982.400,1000.000
8984.354,1000.000
8986.307,1000.000
8988.260,1000.000
8990.213,1000.000
8992.166,1000.000
8994.119,1000.000
8996.072,1000.000
8998.025,1000.000
8999.979,1000.000
9001.932,1000.000
9003.885,1000.000
9005.838,1000.000
9007.791,1000.000
9009.744,1000.000
9011.697,1000.000
9013.650,1000.000
9015.604,1000.000
9017.557,1000.000
9019.510,1000.000
9021.463,1000.000
9023.416,1000.000
9025.369,1000.000
9027.322,1000.000
9029.275,1000.000
9031.229,1000.000
9033.182,1000.000
9035.135,1000.000
9037.088,1000.000
9039.041,1000.000
9040.994,1000.000
9042.947,1000.000
9044.900,1000.000
9046.854,1000.000
9048.807,1000.000
9050.760,1000.000
9052.713,1000.000
9054.666,1000.000
9056.619,1000.000
9058.572,1000.000
9060.525,1000.000
9062.479,1000.000
9064.432,1000.000
9066.385,1000.000
9068.338,1000.000
9070.291,1000.000
9072.244,1000.000
9074.197,1000.000
9076.150,1000.000
9078.104,1000.000
9080.057,1000.000
9082.010,1000.000
9083.963,1000.000
9085.916,1000.000
9087.869,1000.000
9089.822,1000.000
9091.775,1000.000
9093.729,1000.000
9095.682,1000.000
9097.635,1000.000
9099.588,1000.000
9101.541,1000.000
9103.494,1000.000
9105.447,1000.000
9107.400,1000.000
9109.354,1000.000
9111.307,1000.000
9113.260,1000.000
9115.213,1000.000
9117.166,1000.000
9119.119,1000.000
9121.072,1000.000
9123.025,1000.000
9124.979,1000.000
9126.932,1000.000
9128.885,1000.000
9130.838,1000.000
9132.791,1000.000
9134.744,1000.000
9136.697,1000.000
9138.650,1000.000
9140.604,1000.000
9142.557,1000.000
9144.510,1000.000
9146.463,1000.000
9148.416,1000.000
9150.369,1000.000
9152.322,1000.000
9154.275,1000.000
9156.229,1000.000
9158.182,1000.000
9160.135,1000.000
9162.088,1000.000
9164.041,1000.000
9165.994,1000.000
9167.947,1000.000
9169.900,1000.000
9171.854,1000.000
9173.807,1000.000
9175.760,1000.000
9177.713,1000.000
9179.666,1000.000
9181.619,1000.000
9183.572,1000.000
9185.525,1000.000
9187.479,1000.000
9189.432,1000.000
9191.385,1000.000
9193.338,1000.000
9195.291,1000.000
9197.244,1000.000
9199.197,1000.000
9201.150,1000.000
9203.104,1000.000
9205.057,1000.000
9207.010,1000.000
9208.963,1000.000
9210.916,1000.000
9212.869,1000.000
9214.822,1000.000
9216.775,1000.000
9218.729,1000.000
9220.682,1000.000
9222.635,1000.000
9224.588,1000.000
9226.541,1000.000
9228.494,1000.000
9230.447,1000.000
9232.400,1000.000
9234.354,1000.000
9236.307,1000.000
9238.260,1000.000
9240.213,1000.000
9242.166,1000.000
9244.119,1000.000
9246.072,1000.000
9248.025,1000.000
9249.979,1000.000
9251.932,1000.000
9253.885,1000.000
9255.838,1000.000
9257.791,1000.000
9259.744,1000.000
9261.697,1000.000
9263.650,1000.000
9265.604,1000.000
9267.557,1000.000
9269.510,1000.000
9271.463,1000.000
9273.416,1000.000
9275.369,1000.000
9277.322,1000.000
9279.275,1000.000
9281.229,1000.000
9283.182,1000.000
9285.135,1000.000
9287.088,1000.000
9289.041,1000.000
9290.994,1000.000
9292.947,1000.000
9294.900,1000.000
9296.854,1000.000
9298.807,1000.000
9300.760,1000.000
9302.713,1000.000
9304.666,1000.000
9306.619,1000.000
9308.572,1000.000
9310.525,1000.000
9312.479,1000.000
9314.432,1000.000
9316.385,1000.000
9318.338,1000.000
9320.291,1000.000
9322.244,1000.000
9324.197,1000.000
9326.150,1000.000
9328.104,1000.000
9330.057,1000.000
9332.010,1000.000
9333.963,1000.000
9335.916,1000.000
9337.869,1000.000
9339.822,1000.000
9341.775,1000.000
9343.729,1000.000
9345.682,1000.000
9347.635,1000.000
9349.588,1000.000
9351.541,1000.000
9353.494,1000.000
9355.447,1000.000
9357.400,1000.000
9359.354,1000.000
9361.307,1000.000
9363.260,1000.000
9365.213,1000.000
9367.166,1000.000
9369.119,1000.000
9371.072,1000.000
9373.025,1000.000
9374.979,1000.000
9376.932,1000.000
9378.885,1000.000
9380.838,1000.000
9382.791,1000.000
9384.744,1000.000
9386.697,1000.000
9388.650,1000.000
9390.604,1000.000
9392.557,1000.000
9394.510,1000.000
9396.463,1000.000
9398.416,1000.000
9400.369,1000.000
9402.322,1000.000
9404.275,1000.000
9406.229,1000.000
9408.182,1000.000
9410.135,1000.000
9412.088,1000.000
9414.041,1000.000
9415.994,1000.000
9417.947,1000.000
9419.900,1000.000
9421.854,1000.000
9423.807,1000.000
9425.760,1000.000
9427.713,1000.000
9429.666,1000.000
9431.619,1000.000
9433.572,1000.000
9435.525,1000.000
9437.479,1000.000
9439.432,1000.000
9441.385,1000.000
9443.338,1000.000
9445.291,1000.000
9447.244,1000.000
9449.197,1000.000
9451.150,1000.000
9453.104,1000.000
9455.057,1000.000
9457.010,1000.000
9458.963,1000.000
9460.916,1000.000
9462.869,1000.000
9464.822,1000.000
9466.775,1000.000
9468.729,1000.000
9470.682,1000.000
9472.635,1000.000
9474.588,1000.000
9476.541,1000.000
9478.494,1000.000
9480.447,1000.000
9482.400,1000.000
9484.354,1000.000
9486.307,1000.000
9488.260,1000.000
9490.213,1000.000
9492.166,1000.000
9494.119,1000.000
9496.072,1000.000
9498.025,1000.000
9499.979,1000.000
9501.932,1000.000
9503.885,1000.000
9505.838,1000.000
9507.791,1000.000
9509.744,1000.000
9511.697,1000.000
9513.650,1000.000
9515.604,1000.000
9517.557,1000.000
9519.510,1000.000
9521.463,1000.000
9523.416,1000.000
9525.369,1000.000
9527.322,1000.000
9529.275,1000.000
9531.229,1000.000
9533.182,1000.000
9535.135,1000.000
9537.088,1000.000
9539.041,1000.000
9540.994,1000.000
9542.947,1000.000
9544.900,1000.000
9546.854,1000.000
9548.807,1000.000
9550.760,1000.000
9552.713,1000.000
9554.666,1000.000
9556.619,1000.000
9558.572,1000.000
9560.525,1000.000
9562.479,1000.000
9564.432,1000.000
9566.385,1000.000
9568.338,1000.000
9570.291,1000.000
9572.244,1000.000
9574.197,1000.000
9576.150,1000.000
9578.104,1000.000
9580.057,1000.000
9582.010,1000.000
9583.963,1000.000
9585.916,1000.000
9587.869,1000.000
9589.822,1000.000
9591.775,1000.000
9593.729,1000.000
9595.682,1000.000
9597.635,1000.000
9599.588,1000.000
9601.541,1000.000
9603.494,1000.000
9605.447,1000.000
9607.400,1000.000
9609.354,1000.000
9611.307,1000.000
9613.260,1000.000
9615.213,1000.000
9617.166,1000.000
9619.119,1000.000
9621.072,1000.000
9623.025,1000.000
9624.979,1000.000
9626.932,1000.000
9628.885,1000.000
9630.838,1000.000
9632.791,1000.000
9634.744,1000.000
9636.697,1000.000
9638.650,1000.000
9640.604,1000.000
9642.557,1000.000
9644.510,1000.000
9646.463,1000.000
9648.416,1000.000
9650.369,1000.000
9652.322,1000.000
9654.275,1000.000
9656.229,1000.000
9658.182,1000.000
9660.135,1000.000
9662.088,1000.000
9664.041,1000.000
9665.994,1000.000
9667.947,1000.000
9669.900,1000.000
9671.854,1000.000
9673.807,1000.000
9675.760,1000.000
9677.713,1000.000
9679.666,1000.000
9681.619,1000.000
9683.572,1000.000
9685.525,1000.000
9687.479,1000.000
9689.432,1000.000
9691.385,1000.000
9693.338,1000.000
9695.291,1000.000
9697.244,1000.000
9699.197,1000.000
9701.150,1000.000
9703.104,1000.000
9705.057,1000.000
9707.010,1000.000
9708.963,1000.000
9710.916,1000.000
9712.869,1000.000
9714.822,1000.000
9716.775,1000.000
9718.729,1000.000
9720.682,1000.000
9722.635,1000.000
9724.588,1000.000
9726.541,1000.000
9728.494,1000.000
9730.447,1000.000
9732.400,1000.000
9734.354,1000.000
9736.307,1000.000
9738.260,1000.000
9740.213,1000.000
9742.166,1000.000
9744.119,1000.000
9746.072,1000.000
9748.025,1000.000
9749.979,1000.000
9751.932,1000.000
9753.885,1000.000
9755.838,1000.000
9757.791,1000.000
9759.744,1000.000
9761.697,1000.000
9763.650,1000.000
9765.604,1000.000
9767.557,1000.000
9769.510,1000.000
9771.463,1000.000
9773.416,1000.000
9775.369,1000.000
9777.322,1000.000
9779.275,1000.000
9781.229,1000.000
9783.182,1000.000
9785.135,1000.000
9787.088,1000.000
9789.041,1000.000
9790.994,1000.000
9792.947,1000.000
9794.900,1000.000
9796.854,1000.000
9798.807,1000.000
9800.760,1000.000
9802.713,1000.000
9804.666,1000.000
9806.619,1000.000
9808.572,1000.000
9810.525,1000.000
9812.479,1000.000
9814.432,1000.000
9816.385,1000.000
9818.338,1000.000
9820.291,1000.000
9822.244,1000.000
9824.197,1000.000
9826.150,1000.000
9828.104,1000.000
9830.057,1000.000
9832.010,1000.000
9833.963,1000.000
9835.916,1000.000
9837.869,1000.000
9839.822,1000.000
9841.775,1000.000
9843.729,1000.000
9845.682,1000.000
9847.635,1000.000
9849.588,1000.000
9851.541,1000.000
9853.494,1000.000
9855.447,1000.000
9857.400,1000.000
9859.354,1000.000
9861.307,1000.000
9863.260,1000.000
9865.213,1000.000
9867.166,1000.000
9869.119,1000.000
9871.072,1000.000
9873.025,1000.000
9874.979,1000.000
9876.932,1000.000
9878.885,1000.000
9880.838,1000.000
9882.791,1000.000
9884.744,1000.000
9886.697,1000.000
9888.650,1000.000
9890.604,1000.000
9892.557,1000.000
9894.510,1000.000
9896.463,1000.000
9898.416,1000.000
9900.369,1000.000
9902.322,1000.000
9904.275,1000.000
9906.229,1000.000
9908.182,1000.000
9910.135,1000.000
9912.088,1000.000
9914.041,1000.000
9915.994,1000.000
9917.947,1000.000
9919.900,1000.000
9921.854,1000.000
9923.807,1000.000
9925.760,1000.000
9927.713,1000.000
9929.666,1000.000
9931.619,1000.000
9933.572,1000.000
9935.525,1000.000
9937.479,1000.000
9939.432,1000.000
9941.385,1000.000
9943.338,1000.000
9945.291,1000.000
9947.244,1000.000
9949.197,1000.000
9951.150,1000.000
9953.104,1000.000
9955.057,1000.000
9957.010,1000.000
9958.963,1000.000
9960.916,1000.000
9962.869,1000.000
9964.822,1000.000
9966.775,1000.000
9968.729,1000.000
9970.682,1000.000
9972.635,1000.000
9974.588,1000.000
9976.541,1000.000
9978.494,1000.000
9980.447,1000.000
9982.400,1000.000
9984.354,1000.000
9986.307,1000.000
9988.260,1000.000
9990.213,1000.000
9992.166,1000.000
9994.119,1000.000
9996.072,1000.000
9998.025,1000.000
9999.979,1000.000
10001.930,1000.000
10003.880,1000.000
10005.840,1000.000
10007.790,1000.000
10009.740,1000.000
10011.700,1000.000
10013.650,1000.000
10015.600,1000.000
10017.560,1000.000
10019.510,1000.000
10021.460,1000.000
10023.420,1000.000
10025.370,1000.000
10027.320,1000.000
10029.280,1000.000
10031.230,1000.000
10033.180,1000.000
10035.130,1000.000
10037.090,1000.000
10039.040,1000.000
10040.990,1000.000
10042.950,1000.000
10044.900,1000.000
10046.850,1000.000
10048.810,1000.000
10050.760,1000.000
10052.710,1000.000
10054.670,1000.000
10056.620,1000.000
10058.570,1000.000
10060.530,1000.000
10062.480,1000.000
10064.430,1000.000
10066.380,1000.000
10068.340,1000.000
10070.290,1000.000
10072.240,1000.000
10074.200,1000.000
10076.150,1000.000
10078.100,1000.000
10080.060,1000.000
10082.010,1000.000
10083.960,1000.000
10085.920,1000.000
10087.870,1000.000
10089.820,1000.000
10091.780,1000.000
10093.730,1000.000
10095.680,1000.000
10097.630,1000.000
10099.590,1000.000
10101.540,1000.000
10103.490,1000.000
10105.450,1000.000
10107.400,1000.000
10109.350,1000.000
10111.310,1000.000
10113.260,1000.000
10115.210,1000.000
10117.170,1000.000
10119.120,1000.000
10121.070,1000.000
10123.030,1000.000
10124.980,1000.000
10126.930,1000.000
10128.880,1000.000
10130.840,1000.000
10132.790,1000.000
10134.740,1000.000
10136.700,1000.000
10138.650,1000.000
10140.600,1000.000
10142.560,1000.000
10144.510,1000.000
10146.460,1000.000
10148.420,1000.000
10150.370,1000.000
10152.320,1000.000
10154.280,1000.000
10156.230,1000.000
10158.180,1000.000
10160.130,1000.000
10162.090,1000.000
10164.040,1000.000
10165.990,1000.000
10167.950,1000.000
10169.900,1000.000
10171.850,1000.000
10173.810,1000.000
10175.760,1000.000
10177.710,1000.000
10179.670,1000.000
10181.620,1000.000
10183.570,1000.000
10185.530,1000.000
10187.480,1000.000
10189.430,1000.000
10191.380,1000.000
10193.340,1000.000
10195.290,1000.000
10197.240,1000.000
10199.200,1000.000
10201.150,1000.000
10203.100,1000.000
10205.060,1000.000
10207.010,1000.000
10208.960,1000.000
10210.920,1000.000
10212.870,1000.000
10214.820,1000.000
10216.780,1000.000
10218.730,1000.000
10220.680,1000.000
10222.630,1000.000
10224.590,1000.000
10226.540,1000.000
10228.490,1000.000
10230.450,1000.000
10232.400,1000.000
10234.350,1000.000
10236.310,1000.000
10238.260,1000.000
10240.210,1000.000
10242.170,1000.000
10244.120,1000.000
10246.070,1000.000
10248.030,1000.000
10249.980,1000.000
10251.930,1000.000
10253.880,1000.000
10255.840,1000.000
10257.790,1000.000
10259.740,1000.000
10261.700,1000.000
10263.650,1000.000
10265.600,1000.000
10267.560,1000.000
10269.510,1000.000
10271.460,1000.000
10273.420,1000.000
10275.370,1000.000
10277.320,1000.000
10279.280,1000.000
10281.230,1000.000
10283.180,1000.000
10285.130,1000.000
10287.090,1000.000
10289.040,1000.000
10290.990,1000.000
10292.950,1000.000
10294.900,1000.000
10296.850,1000.000
10298.810,1000.000
10300.760,1000.000
10302.710,1000.000
10304.670,1000.000
10306.620,1000.000
10308.570,1000.000
10310.530,1000.000
10312.480,1000.000
10314.430,1000.000
10316.380,1000.000
10318.340,1000.000
10320.290,1000.000
10322.240,1000.000
10324.200,1000.000
10326.150,1000.000
10328.100,1000.000
10330.060,1000.000
10332.010,1000.000
10333.960,1000.000
10335.920,1000.000
10337.870,1000.000
10339.820,1000.000
10341.780,1000.000
10343.730,1000.000
10345.680,1000.000
10347.630,1000.000
10349.590,1000.000
10351.540,1000.000
10353.490,1000.000
10355.450,1000.000
10357.400,1000.000
10359.350,1000.000
10361.310,1000.000
10363.260,1000.000
10365.210,1000.000
10367.170,1000.000
10369.120,1000.000
10371.070,1000.000
10373.030,1000.000
10374.980,1000.000
10376.930,1000.000
10378.880,1000.000
10380.840,1000.000
10382.790,1000.000
10384.740,1000.000
10386.700,1000.000
10388.650,1000.000
10390.600,1000.000
10392.560,1000.000
10394.510,1000.000
10396.460,1000.000
10398.420,1000.000
10400.370,1000.000
10402.320,1000.000
10404.280,1000.000
10406.230,1000.000
10408.180,1000.000
10410.130,1000.000
10412.090,1000.000
10414.040,1000.000
10415.990,1000.000
10417.950,1000.000
10419.900,1000.000
10421.850,1000.000
10423.810,1000.000
10425.760,1000.000
10427.710,1000.000
10429.670,1000.000
10431.620,1000.000
10433.570,1000.000
10435.530,1000.000
10437.480,1000.000
10439.430,1000.000
10441.380,1000.000
10443.340,1000.000
10445.290,1000.000
10447.240,1000.000
10449.200,1000.000
10451.150,1000.000
10453.100,1000.000
10455.060,1000.000
10457.010,1000.000
10458.960,1000.000
10460.920,1000.000
10462.870,1000.000
10464.820,1000.000
10466.780,1000.000
10468.730,1000.000
10470.680,1000.000
10472.630,1000.000
10474.590,1000.000
10476.540,1000.000
10478.490,1000.000
10480.450,1000.000
10482.400,1000.000
10484.350,1000.000
10486.310,1000.000
10488.260,1000.000
10490.210,1000.000
10492.170,1000.000
10494.120,1000.000
10496.070,1000.000
10498.030,1000.000
10499.980,1000.000
10501.930,1000.000
10503.880,1000.000
10505.840,1000.000
10507.790,1000.000
10509.740,1000.000
10511.700,1000.000
10513.650,1000.000
10515.600,1000.000
10517.560,1000.000
10519.510,1000.000
10521.460,1000.000
10523.420,1000.000
10525.370,1000.000
10527.320,1000.000
10529.280,1000.000
10531.230,1000.000
10533.180,1000.000
10535.130,1000.000
10537.090,1000.000
10539.040,1000.000
10540.990,1000.000
10542.950,1000.000
10544.900,1000.000
10546.850,1000.000
10548.810,1000.000
10550.760,1000.000
10552.710,1000.000
10554.670,1000.000
10556.620,1000.000
10558.570,1000.000
10560.530,1000.000
10562.480,1000.000
10564.430,1000.000
10566.380,1000.000
10568.340,1000.000
10570.290,1000.000
10572.240,1000.000
10574.200,1000.000
10576.150,1000.000
10578.100,1000.000
10580.060,1000.000
10582.010,1000.000
10583.960,1000.000
10585.920,1000.000
10587.870,1000.000
10589.820,1000.000
10591.780,1000.000
10593.730,1000.000
10595.680,1000.000
10597.630,1000.000
10599.590,1000.000
10601.540,1000.000
10603.490,1000.000
10605.450,1000.000
10607.400,1000.000
10609.350,1000.000
10611.310,1000.000
10613.260,1000.000
10615.210,1000.000
10617.170,1000.000
10619.120,1000.000
10621.070,1000.000
10623.030,1000.000
10624.980,1000.000
10626.930,1000.000
10628.880,1000.000
10630.840,1000.000
10632.790,1000.000
10634.740,1000.000
10636.700,1000.000
10638.650,1000.000
10640.600,1000.000
10642.560,1000.000
10644.510,1000.000
10646.460,1000.000
10648.420,1000.000
10650.370,1000.000
10652.320,1000.000
10654.280,1000.000
10656.230,1000.000
10658.180,1000.000
10660.130,1000.000
10662.090,1000.000
10664.040,1000.000
10665.990,1000.000
10667.950,1000.000
10669.900,1000.000
10671.850,1000.000
10673.810,1000.000
10675.760,1000.000
10677.710,1000.000
10679.670,1000.000
10681.620,1000.000
10683.570,1000.000
10685.530,1000.000
10687.480,1000.000
10689.430,1000.000
10691.380,1000.000
10693.340,1000.000
10695.290,1000.000
10697.240,1000.000
10699.200,1000.000
10701.150,1000.000
10703.100,1000.000
10705.060,1000.000
10707.010,1000.000
10708.960,1000.000
10710.920,1000.000
10712.870,1000.000
10714.820,1000.000
10716.780,1000.000
10718.730,1000.000
10720.680,1000.000
10722.630,1000.000
10724.590,1000.000
10726.540,1000.000
10728.490,1000.000
10730.450,1000.000
10732.400,1000.000
10734.350,1000.000
10736.310,1000.000
10738.260,1000.000
10740.210,1000.000
10742.170,1000.000
10744.120,1000.000
10746.070,1000.000
10748.030,1000.000
10749.980,1000.000
10751.930,1000.000
10753.880,1000.000
10755.840,1000.000
10757.790,1000.000
10759.740,1000.000
10761.700,1000.000
10763.650,1000.000
10765.600,1000.000
10767.560,1000.000
10769.510,1000.000
10771.460,1000.000
10773.420,1000.000
10775.370,1000.000
10777.320,1000.000
10779.280,1000.000
10781.230,1000.000
10783.180,1000.000
10785.130,1000.000
10787.090,1000.000
10789.040,1000.000
10790.990,1000.000
10792.950,1000.000
10794.900,1000.000
10796.850,1000.000
10798.810,1000.000
10800.760,1000.000
10802.710,1000.000
10804.670,1000.000
10806.620,1000.000
10808.570,1000.000
10810.530,1000.000
10812.480,1000.000
10814.430,1000.000
10816.380,1000.000
10818.340,1000.000
10820.290,1000.000
10822.240,1000.000
10824.200,1000.000
10826.150,1000.000
10828.100,1000.000
10830.060,1000.000
10832.010,1000.000
10833.960,1000.000
10835.920,1000.000
10837.870,1000.000
10839.820,1000.000
10841.780,1000.000
10843.730,1000.000
10845.680,1000.000
10847.630,1000.000
10849.590,1000.000
10851.540,1000.000
10853.490,1000.000
10855.450,1000.000
10857.400,1000.000
10859.350,1000.000
10861.310,1000.000
10863.260,1000.000
10865.210,1000.000
10867.170,1000.000
10869.120,1000.000
10871.070,1000.000
10873.030,1000.000
10874.980,1000.000
10876.930,1000.000
10878.880,1000.000
10880.840,1000.000
10882.790,1000.000
10884.740,1000.000
10886.700,1000.000
10888.650,1000.000
10890.600,1000.000
10892.560,1000.000
10894.510,1000.000
10896.460,1000.000
10898.420,1000.000
10900.370,1000.000
10902.320,1000.000
10904.280,1000.000
10906.230,1000.000
10908.180,1000.000
10910.130,1000.000
10912.090,1000.000
10914.040,1000.000
10915.990,1000.000
10917.950,1000.000
10919.900,1000.000
10921.850,1000.000
10923.810,1000.000
10925.760,1000.000
10927.710,1000.000
10929.670,1000.000
10931.620,1000.000
10933.570,1000.000
10935.530,1000.000
10937.480,1000.000
10939.430,1000.000
10941.380,1000.000
10943.340,1000.000
10945.290,1000.000
10947.240,1000.000
10949.200,1000.000
10951.150,1000.000
10953.100,1000.000
10955.060,1000.000
10957.010,1000.000
10958.960,1000.000
10960.920,1000.000
10962.870,1000.000
10964.820,1000.000
10966.780,1000.000
10968.730,1000.000
10970.680,1000.000
10972.630,1000.000
10974.590,1000.000
10976.540,1000.000
10978.490,1000.000
10980.450,1000.000
10982.400,1000.000
10984.350,1000.000
10986.310,1000.000
10988.260,1000.000
10990.210,1000.000
10992.170,1000.000
10994.120,1000.000
10996.070,1000.000
10998.030,1000.000
10999.980,1000.000
11001.930,1000.000
11003.880,1000.000
11005.840,1000.000
11007.790,1000.000
11009.740,1000.000
11011.700,1000.000
11013.650,1000.000
11015.600,1000.000
11017.560,1000.000
11019.510,1000.000
11021.460,1000.000
11023.420,1000.000
11025.370,1000.000
11027.320,1000.000
11029.280,1000.000
11031.230,1000.000
11033.180,1000.000
11035.130,1000.000
11037.090,1000.000
11039.040,1000.000
11040.990,1000.000
11042.950,1000.000
11044.900,1000.000
11046.850,1000.000
11048.810,1000.000
11050.760,1000.000
11052.710,1000.000
11054.670,1000.000
11056.620,1000.000
11058.570,1000.000
11060.530,1000.000
11062.480,1000.000
11064.430,1000.000
11066.380,1000.000
11068.340,1000.000
11070.290,1000.000
11072.240,1000.000
11074.200,1000.000
11076.150,1000.000
11078.100,1000.000
11080.060,1000.000
11082.010,1000.000
11083.960,1000.000
11085.920,1000.000
11087.870,1000.000
11089.820,1000.000
11091.780,1000.000
11093.730,1000.000
11095.680,1000.000
11097.630,1000.000
11099.590,1000.000
11101.540,1000.000
11103.490,1000.000
11105.450,1000.000
11107.400,1000.000
11109.350,1000.000
11111.310,1000.000
11113.260,1000.000
11115.210,1000.000
11117.170,1000.000
11119.120,1000.000
11121.070,1000.000
11123.030,1000.000
11124.980,1000.000
11126.930,1000.000
11128.880,1000.000
11130.840,1000.000
11132.790,1000.000
11134.740,1000.000
11136.700,1000.000
11138.650,1000.000
11140.600,1000.000
11142.560,1000.000
11144.510,1000.000
11146.460,1000.000
11148.420,1000.000
11150.370,1000.000
11152.320,1000.000
11154.280,1000.000
11156.230,1000.000
11158.180,1000.000
11160.130,1000.000
11162.090,1000.000
11164.040,1000.000
11165.990,1000.000
11167.950,1000.000
11169.900,1000.000
11171.850,1000.000
11173.810,1000.000
11175.760,1000.000
11177.710,1000.000
11179.670,1000.000
11181.620,1000.000
11183.570,1000.000
11185.530,1000.000
11187.480,1000.000
11189.430,1000.000
11191.380,1000.000
11193.340,1000.000
11195.290,1000.000
11197.240,1000.000
11199.200,1000.000
11201.150,1000.000
11203.100,1000.000
11205.060,1000.000
11207.010,1000.000
11208.960,1000.000
11210.920,1000.000
11212.870,1000.000
11214.820,1000.000
11216.780,1000.000
11218.730,1000.000
11220.680,1000.000
11222.630,1000.000
11224.590,1000.000
11226.540,1000.000
11228.490,1000.000
11230.450,1000.000
11232.400,1000.000
11234.350,1000.000
11236.310,1000.000
11238.260,1000.000
11240.210,1000.000
11242.170,1000.000
11244.120,1000.000
11246.070,1000.000
11248.030,1000.000
11249.980,1000.000
11251.930,1000.000
11253.880,1000.000
11255.840,1000.000
11257.790,1000.000
11259.740,1000.000
11261.700,1000.000
11263.650,1000.000
11265.600,1000.000
11267.560,1000.000
11269.510,1000.000
11271.460,1000.000
11273.420,1000.000
11275.370,1000.000
11277.320,1000.000
11279.280,1000.000
11281.230,1000.000
11283.180,1000.000
11285.130,1000.000
11287.090,1000.000
11289.040,1000.000
11290.990,1000.000
11292.950,1000.000
11294.900,1000.000
11296.850,1000.000
11298.810,1000.000
11300.760,1000.000
11302.710,1000.000
11304.670,1000.000
11306.620,1000.000
11308.570,1000.000
11310.530,1000.000
11312.480,1000.000
11314.430,1000.000
11316.380,1000.000
11318.340,1000.000
11320.290,1000.000
11322.240,1000.000
11324.200,1000.000
11326.150,1000.000
11328.100,1000.000
11330.060,1000.000
11332.010,1000.000
11333.960,1000.000
11335.920,1000.000
11337.870,1000.000
11339.820,1000.000
11341.780,1000.000
11343.730,1000.000
11345.680,1000.000
11347.630,1000.000
11349.590,1000.000
11351.540,1000.000
11353.490,1000.000
11355.450,1000.000
11357.400,1000.000
11359.350,1000.000
11361.310,1000.000
11363.260,1000.000
11365.210,1000.000
11367.170,1000.000
11369.120,1000.000
11371.070,1000.000
11373.030,1000.000
11374.980,1000.000
11376.930,1000.000
11378.880,1000.000
11380.840,1000.000
11382.790,1000.000
11384.740,1000.000
11386.700,1000.000
11388.650,1000.000
11390.600,1000.000
11392.560,1000.000
11394.510,1000.000
11396.460,1000.000
11398.420,1000.000
11400.370,1000.000
11402.320,1000.000
11404.280,1000.000
11406.230,1000.000
11408.180,1000.000
11410.130,1000.000
11412.090,1000.000
11414.040,1000.000
11415.990,1000.000
11417.950,1000.000
11419.900,1000.000
11421.850,1000.000
11423.810,1000.000
11425.760,1000.000
11427.710,1000.000
11429.670,1000.000
11431.620,1000.000
11433.570,1000.000
11435.530,1000.000
11437.480,1000.000
11439.430,1000.000
11441.380,1000.000
11443.340,1000.000
11445.290,1000.000
11447.240,1000.000
11449.200,1000.000
11451.150,1000.000
11453.100,1000.000
11455.060,1000.000
11457.010,1000.000
11458.960,1000.000
11460.920,1000.000
11462.870,1000.000
11464.820,1000.000
11466.780,1000.000
11468.730,1000.000
11470.680,1000.000
11472.630,1000.000
11474.590,1000.000
11476.540,1000.000
11478.490,1000.000
11480.450,1000.000
11482.400,1000.000
11484.350,1000.000
11486.310,1000.000
11488.260,1000.000
11490.210,1000.000
11492.170,1000.000
11494.120,1000.000
11496.070,1000.000
11498.030,1000.000
11499.980,1000.000
11501.930,1000.000
11503.880,1000.000
11505.840,1000.000
11507.790,1000.000
11509.740,1000.000
11511.700,1000.000
11513.650,1000.000
11515.600,1000.000
11517.560,1000.000
11519.510,1000.000
11521.460,1000.000
11523.420,1000.000
11525.370,1000.000
11527.320,1000.000
11529.280,1000.000
11531.230,1000.000
11533.180,1000.000
11535.130,1000.000
11537.090,1000.000
11539.040,1000.000
11540.990,1000.000
11542.950,1000.000
11544.900,1000.000
11546.850,1000.000
11548.810,1000.000
11550.760,1000.000
11552.710,1000.000
11554.670,1000.000
11556.620,1000.000
11558.570,1000.000
11560.530,1000.000
11562.480,1000.000
11564.430,1000.000
11566.380,1000.000
11568.340,1000.000
11570.290,1000.000
11572.240,1000.000
11574.200,1000.000
11576.150,1000.000
11578.100,1000.000
11580.060,1000.000
11582.010,1000.000
11583.960,1000.000
11585.920,1000.000
11587.870,1000.000
11589.820,1000.000
11591.780,1000.000
11593.730,1000.000
11595.680,1000.000
11597.630,1000.000
11599.590,1000.000
11601.540,1000.000
11603.490,1000.000
11605.450,1000.000
11607.400,1000.000
11609.350,1000.000
11611.310,1000.000
11613.260,1000.000
11615.210,1000.000
11617.170,1000.000
11619.120,1000.000
11621.070,1000.000
11623.030,1000.000
11624.980,1000.000
11626.930,1000.000
11628.880,1000.000
11630.840,1000.000
11632.790,1000.000
11634.740,1000.000
11636.700,1000.000
11638.650,1000.000
11640.600,1000.000
11642.560,1000.000
11644.510,1000.000
11646.460,1000.000
11648.420,1000.000
11650.370,1000.000
11652.320,1000.000
11654.280,1000.000
11656.230,1000.000
11658.180,1000.000
11660.130,1000.000
11662.090,1000.000
11664.040,1000.000
11665.990,1000.000
11667.950,1000.000
11669.900,1000.000
11671.850,1000.000
11673.810,1000.000
11675.760,1000.000
11677.710,1000.000
11679.670,1000.000
11681.620,1000.000
11683.570,1000.000
11685.530,1000.000
11687.480,1000.000
11689.430,1000.000
11691.380,1000.000
11693.340,1000.000
11695.290,1000.000
11697.240,1000.000
11699.200,1000.000
11701.150,1000.000
11703.100,1000.000
11705.060,1000.000
11707.010,1000.000
11708.960,1000.000
11710.920,1000.000
11712.870,1000.000
11714.820,1000.000
11716.780,1000.000
11718.730,1000.000
11720.680,1000.000
11722.630,1000.000
11724.590,1000.000
11726.540,1000.000
11728.490,1000.000
11730.450,1000.000
11732.400,1000.000
11734.350,1000.000
11736.310,1000.000
11738.260,1000.000
11740.210,1000.000
11742.170,1000.000
11744.120,1000.000
11746.070,1000.000
11748.030,1000.000
11749.980,1000.000
11751.930,1000.000
11753.880,1000.000
11755.840,1000.000
11757.790,1000.000
11759.740,1000.000
11761.700,1000.000
11763.650,1000.000
11765.600,1000.000
11767.560,1000.000
11769.510,1000.000
11771.460,1000.000
11773.420,1000.000
11775.370,1000.000
11777.320,1000.000
11779.280,1000.000
11781.230,1000.000
11783.180,1000.000
11785.130,1000.000
11787.090,1000.000
11789.040,1000.000
11790.990,1000.000
11792.950,1000.000
11794.900,1000.000
11796.850,1000.000
11798.810,1000.000
11800.760,1000.000
11802.710,1000.000
11804.670,1000.000
11806.620,1000.000
11808.570,1000.000
11810.530,1000.000
11812.480,1000.000
11814.430,1000.000
11816.380,1000.000
11818.340,1000.000
11820.290,1000.000
11822.240,1000.000
11824.200,1000.000
11826.150,1000.000
11828.100,1000.000
11830.060,1000.000
11832.010,1000.000
11833.960,1000.000
11835.920,1000.000
11837.870,1000.000
11839.820,1000.000
11841.780,1000.000
11843.730,1000.000
11845.680,1000.000
11847.630,1000.000
11849.590,1000.000
11851.540,1000.000
11853.490,1000.000
11855.450,1000.000
11857.400,1000.000
11859.350,1000.000
11861.310,1000.000
11863.260,1000.000
11865.210,1000.000
11867.170,1000.000
11869.120,1000.000
11871.070,1000.000
11873.030,1000.000
11874.980,1000.000
11876.930,1000.000
11878.880,1000.000
11880.840,1000.000
11882.790,1000.000
11884.740,1000.000
11886.700,1000.000
11888.650,1000.000
11890.600,1000.000
11892.560,1000.000
11894.510,1000.000
11896.460,1000.000
11898.420,1000.000
11900.370,1000.000
11902.320,1000.000
11904.280,1000.000
11906.230,1000.000
11908.180,1000.000
11910.130,1000.000
11912.090,1000.000
11914.040,1000.000
11915.990,1000.000
11917.950,1000.000
11919.900,1000.000
11921.850,1000.000
11923.810,1000.000
11925.760,1000.000
11927.710,1000.000
11929.670,1000.000
11931.620,1000.000
11933.570,1000.000
11935.530,1000.000
11937.480,1000.000
11939.430,1000.000
11941.380,1000.000
11943.340,1000.000
11945.290,1000.000
11947.240,1000.000
11949.200,1000.000
11951.150,1000.000
11953.100,1000.000
11955.060,1000.000
11957.010,1000.000
11958.960,1000.000
11960.920,1000.000
11962.870,1000.000
11964.820,1000.000
11966.780,1000.000
11968.730,1000.000
11970.680,1000.000
11972.630,1000.000
11974.590,1000.000
11976.540,1000.000
11978.490,1000.000
11980.450,1000.000
11982.400,1000.000
11984.350,1000.000
11986.310,1000.000
11988.260,1000.000
11990.210,1000.000
11992.170,1000.000
11994.120,1000.000
11996.070,1000.000
11998.030,1000.000
11999.980,1000.000
12001.930,1000.000
12003.880,1000.000
12005.840,1000.000
12007.790,1000.000
12009.740,1000.000
12011.700,1000.000
12013.650,1000.000
12015.600,1000.000
12017.560,1000.000
12019.510,1000.000
12021.460,1000.000
12023.420,1000.000
12025.370,999.979
12027.320,999.900
12029.280,999.749
12031.230,999.531
12033.180,999.233
12035.130,998.890
12037.090,998.459
12039.040,997.959
12040.990,997.399
12042.950,996.777
12044.900,996.078
12046.850,995.306
12048.810,994.471
12050.760,993.566
12052.710,992.596
12054.670,991.572
12056.620,990.476
12058.570,989.324
12060.530,988.101
12062.480,986.820
12064.430,985.461
12066.380,984.047
12068.340,982.567
12070.290,981.020
12072.240,979.395
12074.200,977.715
12076.150,975.969
12078.100,974.147
12080.060,972.254
12082.010,970.299
12083.960,968.281
12085.920,966.196
12087.870,964.035
12089.820,961.817
12091.780,959.533
12093.730,957.180
12095.680,954.763
12097.630,952.305
12099.590,949.787
12101.540,947.220
12103.490,944.576
12105.450,941.887
12107.400,939.135
12109.350,936.322
12111.310,933.441
12113.260,930.499
12115.210,927.494
12117.170,924.434
12119.120,921.299
12121.070,918.137
12123.030,914.984
12124.980,911.828
12126.930,908.594
12128.880,905.318
12130.840,901.984
12132.790,898.644
12134.740,895.309
12136.700,891.963
12138.650,888.588
12140.600,885.187
12142.560,881.805
12144.510,878.444
12146.460,875.091
12148.420,871.736
12150.370,868.361
12152.320,864.995
12154.280,861.631
12156.230,858.260
12158.180,854.880
12160.130,851.533
12162.090,848.264
12164.040,845.033
12165.990,841.834
12167.950,838.681
12169.900,835.566
12171.850,832.445
12173.810,829.333
12175.760,826.243
12177.710,823.187
12179.670,820.229
12181.620,817.375
12183.570,814.580
12185.530,811.867
12187.480,809.233
12189.430,806.671
12191.380,804.166
12193.340,801.758
12195.290,799.417
12197.240,797.176
12199.200,795.016
12201.150,792.951
12203.100,791.016
12205.060,789.226
12207.010,787.561
12208.960,786.001
12210.920,784.518
12212.870,783.128
12214.820,781.826
12216.780,780.677
12218.730,779.692
12220.680,778.908
12222.630,778.245
12224.590,777.752
12226.540,777.376
12228.490,777.106
12230.450,776.964
12232.400,776.987
12234.350,777.190
12236.310,777.596
12238.260,778.154
12240.210,778.883
12242.170,779.748
12244.120,780.754
12246.070,781.935
12248.030,783.329
12249.980,784.880
12251.930,786.637
12253.880,788.586
12255.840,790.746
12257.790,793.096
12259.740,795.638
12261.700,798.372
12263.650,801.273
12265.600,804.346
12267.560,807.579
12269.510,811.016
12271.460,814.609
12273.420,818.396
12275.370,822.416
12277.320,826.643
12279.280,831.078
12281.230,835.702
12283.180,840.509
12285.130,845.510
12287.090,850.662
12289.040,855.997
12290.990,861.531
12292.950,867.274
12294.900,873.220
12296.850,879.335
12298.810,885.615
12300.760,892.074
12302.710,898.711
12304.670,905.525
12306.620,912.514
12308.570,919.684
12310.530,927.006
12312.480,934.499
12314.430,942.167
12316.380,950.004
12318.340,958.006
12320.290,966.195
12322.240,974.507
12324.200,982.947
12326.150,991.492
12328.100,1000.000
12330.060,1000.000
12332.010,1000.000
12333.960,1000.000
12335.920,1000.000
12337.870,1000.000
12339.820,1000.000
12341.780,1000.000
12343.730,1000.000
12345.680,1000.000
12347.630,1000.000
12349.590,1000.000
12351.540,1000.000
12353.490,1000.000
12355.450,1000.000
12357.400,1000.000
12359.350,1000.000
12361.310,1000.000
12363.260,1000.000
12365.210,1000.000
12367.170,1000.000
12369.120,1000.000
12371.070,1000.000
12373.030,1000.000
12374.980,1000.000
12376.930,1000.000
12378.880,1000.000
12380.840,1000.000
12382.790,1000.000
12384.740,1000.000
12386.700,1000.000
12388.650,1000.000
12390.600,1000.000
12392.560,1000.000
12394.510,1000.000
12396.460,1000.000
12398.420,1000.000
12400.370,1000.000
12402.320,1000.000
12404.280,1000.000
12406.230,1000.000
12408.180,1000.000
12410.130,1000.000
12412.090,1000.000
12414.040,1000.000
12415.990,1000.000
12417.950,1000.000
12419.900,1000.000
12421.850,1000.000
12423.810,1000.000
12425.760,1000.000
12427.710,1000.000
12429.670,1000.000
12431.620,1000.000
12433.570,1000.000
12435.530,1000.000
12437.480,1000.000
12439.430,1000.000
12441.380,1000.000
12443.340,1000.000
12445.290,1000.000
12447.240,1000.000
12449.200,1000.000
12451.150,1000.000
12453.100,1000.000
12455.060,1000.000
12457.010,1000.000
12458.960,1000.000
12460.920,1000.000
12462.870,1000.000
12464.820,1000.000
12466.780,1000.000
12468.730,1000.000
12470.680,1000.000
12472.630,1000.000
12474.590,1000.000
12476.540,1000.000
12478.490,1000.000
12480.450,1000.000
12482.400,1000.000
12484.350,1000.000
12486.310,1000.000
12488.260,1000.000
12490.210,1000.000
12492.170,1000.000
12494.120,1000.000
12496.070,1000.000
12498.030,1000.000
12499.980,1000.000
12501.930,1000.000
12503.880,1000.000
12505.840,1000.000
12507.790,1000.000
12509.740,1000.000
12511.700,1000.000
12513.650,1000.000
12515.600,1000.000
12517.560,1000.000
12519.510,1000.000
12521.460,1000.000
12523.420,1000.000
12525.370,1000.000
12527.320,1000.000
12529.280,1000.000
12531.230,1000.000
12533.180,1000.000
12535.130,1000.000
12537.090,1000.000
12539.040,1000.000
12540.990,1000.000
12542.950,1000.000
12544.900,1000.000
12546.850,1000.000
12548.810,1000.000
12550.760,1000.000
12552.710,1000.000
12554.670,1000.000
12556.620,1000.000
12558.570,1000.000
12560.530,1000.000
12562.480,1000.000
12564.430,1000.000
12566.380,1000.000
12568.340,1000.000
12570.290,1000.000
12572.240,1000.000
12574.200,1000.000
12576.150,1000.000
12578.100,1000.000
12580.060,1000.000
12582.010,1000.000
12583.960,1000.000
12585.920,1000.000
12587.870,1000.000
12589.820,1000.000
12591.780,1000.000
12593.730,1000.000
12595.680,1000.000
12597.630,1000.000
12599.590,1000.000
12601.540,1000.000
12603.490,1000.000
12605.450,1000.000
12607.400,1000.000
12609.350,1000.000
12611.310,1000.000
12613.260,1000.000
12615.210,1000.000
12617.170,1000.000
12619.120,1000.000
12621.070,1000.000
12623.030,1000.000
12624.980,1000.000
12626.930,1000.000
12628.880,1000.000
12630.840,1000.000
12632.790,1000.000
12634.740,1000.000
12636.700,1000.000
12638.650,1000.000
12640.600,1000.000
12642.560,1000.000
12644.510,1000.000
12646.460,1000.000
12648.420,1000.000
12650.370,1000.000
12652.320,1000.000
12654.280,1000.000
12656.230,1000.000
12658.180,1000.000
12660.130,1000.000
12662.090,1000.000
12664.040,1000.000
12665.990,1000.000
12667.950,1000.000
12669.900,1000.000
12671.850,1000.000
12673.810,1000.000
12675.760,1000.000
12677.710,1000.000
12679.670,1000.000
12681.620,1000.000
12683.570,1000.000
12685.530,1000.000
12687.480,999.971
12689.430,999.879
12691.380,999.695
12693.340,999.447
12695.290,999.112
12697.240,998.708
12699.200,998.217
12701.150,997.649
12703.100,997.002
12705.060,996.291
12707.010,995.481
12708.960,994.609
12710.920,993.640
12712.870,992.615
12714.820,991.494
12716.780,990.308
12718.730,989.041
12720.680,987.712
12722.630,986.283
12724.590,984.826
12726.540,983.278
12728.490,981.738
12730.450,980.105
12732.400,978.412
12734.350,976.649
12736.310,974.831
12738.260,972.918
12740.210,970.955
12742.170,968.903
12744.120,966.792
12746.070,964.605
12748.030,962.365
12749.980,960.063
12751.930,957.709
12753.880,955.264
12755.840,952.773
12757.790,950.252
12759.740,947.688
12761.700,945.058
12763.650,942.358
12765.600,939.601
12767.560,936.779
12769.510,933.914
12771.460,931.000
12773.420,928.026
12775.370,924.993
12777.320,921.907
12779.280,918.782
12781.230,915.650
12783.180,912.479
12785.130,909.255
12787.090,905.981
12789.040,902.648
12790.990,899.272
12792.950,895.846
12794.900,892.402
12796.850,888.950
12798.810,885.431
12800.760,881.928
12802.710,878.456
12804.670,875.059
12806.620,871.703
12808.570,868.337
12810.530,864.951
12812.480,861.563
12814.430,858.152
12816.380,854.729
12818.340,851.288
12820.290,847.888
12822.240,844.559
12824.200,841.292
12826.150,838.082
12828.100,834.903
12830.060,831.735
12832.010,828.598
12833.960,825.503
12835.920,822.482
12837.870,819.501
12839.820,816.531
12841.780,813.608
12843.730,810.764
12845.680,808.060
12847.630,805.431
12849.590,802.908
12851.540,800.496
12853.490,798.158
12855.450,795.859
12857.400,793.618
12859.350,791.473
12861.310,789.432
12863.260,787.571
12865.210,785.818
12867.170,784.181
12869.120,782.617
12871.070,781.179
12873.030,779.887
12874.980,778.709
12876.930,777.671
12878.880,776.781
12880.840,776.003
12882.790,775.370
12884.740,774.928
12886.700,774.577
12888.650,774.383
12890.600,774.375
12892.560,774.511
12894.510,774.802
12896.460,775.251
12898.420,775.925
12900.370,776.763
12902.320,777.769
12904.280,778.932
12906.230,780.263
12908.180,781.817
12910.130,783.549
12912.090,785.461
12914.040,787.531
12915.990,789.812
12917.950,792.239
12919.900,794.836
12921.850,797.639
12923.810,800.635
12925.760,803.893
12927.710,807.365
12929.670,811.031
12931.620,814.887
12933.570,818.919
12935.530,823.144
12937.480,827.559
12939.430,832.154
12941.380,836.928
12943.340,841.910
12945.290,847.077
12947.240,852.434
12949.200,857.974
12951.150,863.693
12953.100,869.578
12955.060,875.651
12957.010,881.915
12958.960,888.347
12960.920,894.959
12962.870,901.749
12964.820,908.712
12966.780,915.857
12968.730,923.168
12970.680,930.616
12972.630,938.240
12974.590,946.023
12976.540,953.974
12978.490,962.059
12980.450,970.314
12982.400,978.678
12984.350,987.209
12986.310,995.884
12988.260,1000.000
12990.210,1000.000
12992.170,1000.000
12994.120,1000.000
12996.070,1000.000
12998.030,1000.000
12999.980,1000.000
13001.930,1000.000
13003.880,1000.000
13005.840,1000.000
13007.790,1000.000
13009.740,1000.000
13011.700,1000.000
13013.650,1000.000
13015.600,1000.000
13017.560,1000.000
13019.510,1000.000
13021.460,1000.000
13023.420,1000.000
13025.370,1000.000
13027.320,1000.000
13029.280,1000.000
13031.230,1000.000
13033.180,1000.000
13035.130,1000.000
13037.090,1000.000
13039.040,1000.000
13040.990,1000.000
13042.950,1000.000
13044.900,1000.000
13046.850,1000.000
13048.810,1000.000
13050.760,1000.000
13052.710,1000.000
13054.670,1000.000
13056.620,1000.000
13058.570,1000.000
13060.530,1000.000
13062.480,1000.000
13064.430,1000.000
13066.380,1000.000
13068.340,1000.000
13070.290,1000.000
13072.240,1000.000
13074.200,1000.000
13076.150,1000.000
13078.100,1000.000
13080.060,1000.000
13082.010,1000.000
13083.960,1000.000
13085.920,1000.000
13087.870,1000.000
13089.820,1000.000
13091.780,1000.000
13093.730,1000.000
13095.680,1000.000
13097.630,1000.000
13099.590,1000.000
13101.540,1000.000
13103.490,1000.000
13105.450,1000.000
13107.400,1000.000
13109.350,1000.000
13111.310,1000.000
13113.260,1000.000
13115.210,1000.000
13117.170,1000.000
13119.120,1000.000
13121.070,1000.000
13123.030,1000.000
13124.980,1000.000
13126.930,1000.000
13128.880,1000.000
13130.840,1000.000
13132.790,1000.000
13134.740,1000.000
13136.700,1000.000
13138.650,1000.000
13140.600,1000.000
13142.560,1000.000
13144.510,1000.000
13146.460,1000.000
13148.420,1000.000
13150.370,1000.000
13152.320,1000.000
13154.280,1000.000
13156.230,1000.000
13158.180,1000.000
13160.130,1000.000
13162.090,1000.000
13164.040,1000.000
13165.990,1000.000
13167.950,1000.000
13169.900,1000.000
13171.850,1000.000
13173.810,1000.000
13175.760,1000.000
13177.710,1000.000
13179.670,1000.000
13181.620,1000.000
13183.570,1000.000
13185.530,1000.000
13187.480,1000.000
13189.430,1000.000
13191.380,1000.000
13193.340,1000.000
13195.290,1000.000
13197.240,1000.000
13199.200,1000.000
13201.150,1000.000
13203.100,1000.000
13205.060,1000.000
13207.010,1000.000
13208.960,1000.000
13210.920,1000.000
13212.870,1000.000
13214.820,1000.000
13216.780,1000.000
13218.730,1000.000
13220.680,1000.000
13222.630,1000.000
13224.590,1000.000
13226.540,1000.000
13228.490,1000.000
13230.450,1000.000
13232.400,1000.000
13234.350,1000.000
13236.310,1000.000
13238.260,1000.000
13240.210,1000.000
13242.170,1000.000
13244.120,1000.000
13246.070,1000.000
13248.030,1000.000
13249.980,1000.000
13251.930,1000.000
13253.880,1000.000
13255.840,1000.000
13257.790,1000.000
13259.740,1000.000
13261.700,1000.000
13263.650,1000.000
13265.600,1000.000
13267.560,1000.000
13269.510,1000.000
13271.460,1000.000
13273.420,1000.000
13275.370,1000.000
13277.320,1000.000
13279.280,1000.000
13281.230,1000.000
13283.180,1000.000
13285.130,1000.000
13287.090,1000.000
13289.040,1000.000
13290.990,1000.000
13292.950,1000.000
13294.900,1000.000
13296.850,1000.000
13298.810,1000.000
13300.760,1000.000
13302.710,1000.000
13304.670,1000.000
13306.620,1000.000
13308.570,1000.000
13310.530,1000.000
13312.480,1000.000
13314.430,1000.000
13316.380,1000.000
13318.340,1000.000
13320.290,1000.000
13322.240,1000.000
13324.200,1000.000
13326.150,1000.000
13328.100,1000.000
13330.060,1000.000
13332.010,1000.000
13333.960,1000.000
13335.920,1000.000
13337.870,1000.000
13339.820,1000.000
13341.780,1000.000
13343.730,1000.000
13345.680,999.980
13347.630,999.889
13349.590,999.723
13351.540,999.467
13353.490,999.141
13355.450,998.725
13357.400,998.240
13359.350,997.662
13361.310,997.012
13363.260,996.277
13365.210,995.457
13367.170,994.561
13369.120,993.594
13371.070,992.535
13373.030,991.407
13374.980,990.195
13376.930,988.915
13378.880,987.555
13380.840,986.108
13382.790,984.588
13384.740,982.975
13386.700,981.303
13388.650,979.545
13390.600,977.697
13392.560,975.782
13394.510,973.791
13396.460,971.725
13398.420,969.637
13400.370,967.478
13402.320,965.245
13404.280,962.928
13406.230,960.539
13408.180,958.078
13410.130,955.553
13412.090,952.931
13414.040,950.246
13415.990,947.541
13417.950,944.788
13419.900,941.975
13421.850,939.125
13423.810,936.225
13425.760,933.286
13427.710,930.267
13429.670,927.206
13431.620,924.082
13433.570,920.965
13435.530,917.781
13437.480,914.547
13439.430,911.250
13441.380,907.978
13443.340,904.652
13445.290,901.343
13447.240,897.967
13449.200,894.572
13451.150,891.141
13453.100,887.699
13455.060,884.217
13457.010,880.706
13458.960,877.186
13460.920,873.680
13462.870,870.221
13464.820,866.762
13466.780,863.331
13468.730,859.914
13470.680,856.481
13472.630,853.070
13474.590,849.654
13476.540,846.217
13478.490,842.794
13480.450,839.401
13482.400,836.050
13484.350,832.756
13486.310,829.489
13488.260,826.286
13490.210,823.117
13492.170,819.976
13494.120,816.947
13496.070,813.973
13498.030,811.070
13499.980,808.181
13501.930,805.385
13503.880,802.700
13505.840,800.107
13507.790,797.656
13509.740,795.265
13511.700,792.935
13513.650,790.668
13515.600,788.448
13517.560,786.313
13519.510,784.291
13521.460,782.387
13523.420,780.712
13525.370,779.131
13527.320,777.650
13529.280,776.270
13531.230,775.027
13533.180,773.988
13535.130,773.060
13537.090,772.257
13539.040,771.585
13540.990,771.044
13542.950,770.711
13544.900,770.512
13546.850,770.492
13548.810,770.656
13550.760,770.938
13552.710,771.361
13554.670,771.950
13556.620,772.717
13558.570,773.676
13560.530,774.824
13562.480,776.153
13564.430,777.657
13566.380,779.380
13568.340,781.323
13570.290,783.488
13572.240,785.806
13574.200,788.290
13576.150,790.948
13578.100,793.793
13580.060,796.828
13582.010,800.141
13583.960,803.603
13585.920,807.283
13587.870,811.145
13589.820,815.236
13591.780,819.500
13593.730,823.967
13595.680,828.600
13597.630,833.457
13599.590,838.500
13601.540,843.757
13603.490,849.197
13605.450,854.840
13607.400,860.658
13609.350,866.663
13611.310,872.867
13613.260,879.268
13615.210,885.858
13617.170,892.627
13619.120,899.588
13621.070,906.725
13623.030,914.045
13624.980,921.535
13626.930,929.192
13628.880,937.009
13630.840,944.963
13632.790,953.066
13634.740,961.317
13636.700,969.722
13638.650,978.275
13640.600,987.002
13642.560,995.876
13644.510,1000.000
13646.460,1000.000
13648.420,1000.000
13650.370,1000.000
13652.320,1000.000
13654.280,1000.000
13656.230,1000.000
13658.180,1000.000
13660.130,1000.000
13662.090,1000.000
13664.040,1000.000
13665.990,1000.000
13667.950,1000.000
13669.900,1000.000
13671.850,1000.000
13673.810,1000.000
13675.760,1000.000
13677.710,1000.000
13679.670,1000.000
13681.620,1000.000
13683.570,1000.000
13685.530,1000.000
13687.480,1000.000
13689.430,1000.000
13691.380,1000.000
13693.340,1000.000
13695.290,1000.000
13697.240,1000.000
13699.200,1000.000
13701.150,1000.000
13703.100,1000.000
13705.060,1000.000
13707.010,1000.000
13708.960,1000.000
13710.920,1000.000
13712.870,1000.000
13714.820,1000.000
13716.780,1000.000
13718.730,1000.000
13720.680,1000.000
13722.630,1000.000
13724.590,1000.000
13726.540,1000.000
13728.490,1000.000
13730.450,1000.000
13732.400,1000.000
13734.350,1000.000
13736.310,1000.000
13738.260,1000.000
13740.210,1000.000
13742.170,1000.000
13744.120,1000.000
13746.070,1000.000
13748.030,1000.000
13749.980,1000.000
13751.930,1000.000
13753.880,1000.000
13755.840,1000.000
13757.790,1000.000
13759.740,1000.000
13761.700,1000.000
13763.650,1000.000
13765.600,1000.000
13767.560,1000.000
13769.510,1000.000
13771.460,1000.000
13773.420,1000.000
13775.370,1000.000
13777.320,1000.000
13779.280,1000.000
13781.230,1000.000
13783.180,1000.000
13785.130,1000.000
13787.090,1000.000
13789.040,1000.000
13790.990,1000.000
13792.950,1000.000
13794.900,1000.000
13796.850,1000.000
13798.810,1000.000
13800.760,1000.000
13802.710,1000.000
13804.670,1000.000
13806.620,1000.000
13808.570,1000.000
13810.530,1000.000
13812.480,1000.000
13814.430,1000.000
13816.380,1000.000
13818.340,1000.000
13820.290,1000.000
13822.240,1000.000
13824.200,1000.000
13826.150,1000.000
13828.100,1000.000
13830.060,1000.000
13832.010,1000.000
13833.960,1000.000
13835.920,1000.000
13837.870,1000.000
13839.820,1000.000
13841.780,1000.000
13843.730,1000.000
13845.680,1000.000
13847.630,1000.000
13849.590,1000.000
13851.540,1000.000
13853.490,1000.000
13855.450,1000.000
13857.400,1000.000
13859.350,1000.000
13861.310,1000.000
13863.260,1000.000
13865.210,1000.000
13867.170,1000.000
13869.120,1000.000
13871.070,1000.000
13873.030,1000.000
13874.980,1000.000
13876.930,1000.000
13878.880,1000.000
13880.840,1000.000
13882.790,1000.000
13884.740,1000.000
13886.700,1000.000
13888.650,1000.000
13890.600,1000.000
13892.560,1000.000
13894.510,1000.000
13896.460,1000.000
13898.420,1000.000
13900.370,1000.000
13902.320,1000.000
13904.280,1000.000
13906.230,1000.000
13908.180,1000.000
13910.130,1000.000
13912.090,1000.000
13914.040,1000.000
13915.990,1000.000
13917.950,1000.000
13919.900,1000.000
13921.850,1000.000
13923.810,1000.000
13925.760,1000.000
13927.710,1000.000
13929.670,1000.000
13931.620,1000.000
13933.570,1000.000
13935.530,1000.000
13937.480,1000.000
13939.430,1000.000
13941.380,1000.000
13943.340,1000.000
13945.290,1000.000
13947.240,1000.000
13949.200,1000.000
13951.150,1000.000
13953.100,1000.000
13955.060,1000.000
13957.010,1000.000
13958.960,1000.000
13960.920,1000.000
13962.870,1000.000
13964.820,1000.000
13966.780,1000.000
13968.730,1000.000
13970.680,1000.000
13972.630,1000.000
13974.590,1000.000
13976.540,1000.000
13978.490,1000.000
13980.450,1000.000
13982.400,1000.000
13984.350,1000.000
13986.310,1000.000
13988.260,1000.000
13990.210,1000.000
13992.170,1000.000
13994.120,1000.000
13996.070,1000.000
13998.030,1000.000
13999.980,1000.000
14001.930,1000.000
14003.880,1000.000
14005.840,1000.000
14007.790,1000.000
14009.740,1000.000
14011.700,999.976
14013.650,999.881
14015.600,999.701
14017.560,999.464
14019.510,999.133
14021.460,998.713
14023.420,998.231
14025.370,997.682
14027.320,997.033
14029.280,996.314
14031.230,995.516
14033.180,994.656
14035.130,993.701
14037.090,992.664
14039.040,991.561
14040.990,990.385
14042.950,989.118
14044.900,987.779
14046.850,986.357
14048.810,984.886
14050.760,983.325
14052.710,981.678
14054.670,979.975
14056.620,978.192
14058.570,976.326
14060.530,974.369
14062.480,972.333
14064.430,970.238
14066.380,968.060
14068.340,965.788
14070.290,963.475
14072.240,961.137
14074.200,958.720
14076.150,956.226
14078.100,953.656
14080.060,951.023
14082.010,948.331
14083.960,945.590
14085.920,942.815
14087.870,940.004
14089.820,937.128
14091.780,934.195
14093.730,931.217
14095.680,928.207
14097.630,925.131
14099.590,922.002
14101.540,918.823
14103.490,915.588
14105.450,912.319
14107.400,909.031
14109.350,905.739
14111.310,902.440
14113.260,899.086
14115.210,895.684
14117.170,892.259
14119.120,888.799
14121.070,885.322
14123.030,881.818
14124.980,878.294
14126.930,874.791
14128.880,871.260
14130.840,867.771
14132.790,864.294
14134.740,860.801
14136.700,857.354
14138.650,853.908
14140.600,850.467
14142.560,847.027
14144.510,843.581
14146.460,840.153
14148.420,836.744
14150.370,833.387
14152.320,830.076
14154.280,826.797
14156.230,823.584
14158.180,820.476
14160.130,817.402
14162.090,814.384
14164.040,811.399
14165.990,808.494
14167.950,805.669
14169.900,802.873
14171.850,800.198
14173.810,797.627
14175.760,795.203
14177.710,792.847
14179.670,790.555
14181.620,788.316
14183.570,786.141
14185.530,784.051
14187.480,782.115
14189.430,780.337
14191.380,778.744
14193.340,777.258
14195.290,775.863
14197.240,774.615
14199.200,773.494
14201.150,772.558
14203.100,771.732
14205.060,771.009
14207.010,770.407
14208.960,769.965
14210.920,769.723
14212.870,769.646
14214.820,769.773
14216.780,770.037
14218.730,770.459
14220.680,770.994
14222.630,771.728
14224.590,772.598
14226.540,773.661
14228.490,774.941
14230.450,776.388
14232.400,778.054
14234.350,779.975
14236.310,782.052
14238.260,784.306
14240.210,786.771
14242.170,789.410
14244.120,792.205
14246.070,795.191
14248.030,798.367
14249.980,801.747
14251.930,805.374
14253.880,809.219
14255.840,813.239
14257.790,817.512
14259.740,821.968
14261.700,826.628
14263.650,831.459
14265.600,836.494
14267.560,841.732
14269.510,847.167
14271.460,852.773
14273.420,858.580
14275.370,864.544
14277.320,870.732
14279.280,877.096
14281.230,883.670
14283.180,890.406
14285.130,897.344
14287.090,904.444
14289.040,911.748
14290.990,919.219
14292.950,926.848
14294.900,934.605
14296.850,942.537
14298.810,950.561
14300.760,958.746
14302.710,967.091
14304.670,975.629
14306.620,984.305
14308.570,993.143
14310.530,1000.000
14312.480,1000.000
14314.430,1000.000
14316.380,1000.000
14318.340,1000.000
14320.290,1000.000
14322.240,1000.000
14324.200,1000.000
14326.150,1000.000
14328.100,1000.000
14330.060,1000.000
14332.010,1000.000
14333.960,1000.000
14335.920,1000.000
14337.870,1000.000
14339.820,1000.000
14341.780,1000.000
14343.730,1000.000
14345.680,1000.000
14347.630,1000.000
14349.590,1000.000
14351.540,1000.000
14353.490,1000.000
14355.450,1000.000
14357.400,1000.000
14359.350,1000.000
14361.310,1000.000
14363.260,1000.000
14365.210,1000.000
14367.170,1000.000
14369.120,1000.000
14371.070,1000.000
14373.030,1000.000
14374.980,1000.000
14376.930,1000.000
14378.880,1000.000
14380.840,1000.000
14382.790,1000.000
14384.740,1000.000
14386.700,1000.000
14388.650,1000.000
14390.600,1000.000
14392.560,1000.000
14394.510,1000.000
14396.460,1000.000
14398.420,1000.000
14400.370,1000.000
14402.320,1000.000
14404.280,1000.000
14406.230,1000.000
14408.180,1000.000
14410.130,1000.000
14412.090,1000.000
14414.040,1000.000
14415.990,1000.000
14417.950,1000.000
14419.900,1000.000
14421.850,1000.000
14423.810,1000.000
14425.760,1000.000
14427.710,1000.000
14429.670,1000.000
14431.620,1000.000
14433.570,1000.000
14435.530,1000.000
14437.480,1000.000
14439.430,1000.000
14441.380,1000.000
14443.340,1000.000
14445.290,1000.000
14447.240,1000.000
14449.200,1000.000
14451.150,1000.000
14453.100,1000.000
14455.060,1000.000
14457.010,1000.000
14458.960,1000.000
14460.920,1000.000
14462.870,1000.000
14464.820,1000.000
14466.780,1000.000
14468.730,1000.000
14470.680,1000.000
14472.630,1000.000
14474.590,1000.000
14476.540,1000.000
14478.490,1000.000
14480.450,1000.000
14482.400,1000.000
14484.350,1000.000
14486.310,1000.000
14488.260,1000.000
14490.210,1000.000
14492.170,1000.000
14494.120,1000.000
14496.070,1000.000
14498.030,1000.000
14499.980,1000.000
14501.930,1000.000
14503.880,1000.000
14505.840,1000.000
14507.790,1000.000
14509.740,1000.000
14511.700,1000.000
14513.650,1000.000
14515.600,1000.000
14517.560,1000.000
14519.510,1000.000
14521.460,1000.000
14523.420,1000.000
14525.370,1000.000
14527.320,1000.000
14529.280,1000.000
14531.230,1000.000
14533.180,1000.000
14535.130,1000.000
14537.090,1000.000
14539.040,1000.000
14540.990,1000.000
14542.950,1000.000
14544.900,1000.000
14546.850,1000.000
14548.810,1000.000
14550.760,1000.000
14552.710,1000.000
14554.670,1000.000
14556.620,1000.000
14558.570,1000.000
14560.530,1000.000
14562.480,1000.000
14564.430,1000.000
14566.380,1000.000
14568.340,1000.000
14570.290,1000.000
14572.240,1000.000
14574.200,1000.000
14576.150,1000.000
14578.100,1000.000
14580.060,1000.000
14582.010,1000.000
14583.960,1000.000
14585.920,1000.000
14587.870,1000.000
14589.820,1000.000
14591.780,1000.000
14593.730,1000.000
14595.680,1000.000
14597.630,1000.000
14599.590,1000.000
14601.540,1000.000
14603.490,1000.000
14605.450,1000.000
14607.400,1000.000
14609.350,1000.000
14611.310,1000.000
14613.260,1000.000
14615.210,1000.000
14617.170,1000.000
14619.120,1000.000
14621.070,1000.000
14623.030,1000.000
14624.980,1000.000
14626.930,1000.000
14628.880,1000.000
14630.840,1000.000
14632.790,1000.000
14634.740,1000.000
14636.700,1000.000
14638.650,1000.000
14640.600,1000.000
14642.560,1000.000
14644.510,1000.000
14646.460,1000.000
14648.420,1000.000
14650.370,1000.000
14652.320,1000.000
14654.280,1000.000
14656.230,1000.000
14658.180,1000.000
14660.130,1000.000
14662.090,1000.000
14664.040,1000.000
14665.990,1000.000
14667.950,1000.000
14669.900,1000.000
14671.850,1000.000
14673.810,1000.000
14675.760,1000.000
14677.710,1000.000
14679.670,999.988
14681.620,999.901
14683.570,999.740
14685.530,999.496
14687.480,999.176
14689.430,998.783
14691.380,998.310
14693.340,997.754
14695.290,997.121
14697.240,996.399
14699.200,995.604
14701.150,994.725
14703.100,993.771
14705.060,992.743
14707.010,991.639
14708.960,990.449
14710.920,989.190
14712.870,987.847
14714.820,986.434
14716.780,984.943
14718.730,983.389
14720.680,981.762
14722.630,980.055
14724.590,978.268
14726.540,976.410
14728.490,974.477
14730.450,972.458
14732.400,970.363
14734.350,968.195
14736.310,965.971
14738.260,963.686
14740.210,961.313
14742.170,958.895
14744.120,956.453
14746.070,953.928
14748.030,951.343
14749.980,948.721
14751.930,946.024
14753.880,943.262
14755.840,940.461
14757.790,937.653
14759.740,934.782
14761.700,931.820
14763.650,928.816
14765.600,925.752
14767.560,922.657
14769.510,919.492
14771.460,916.283
14773.420,913.037
14775.370,909.734
14777.320,906.361
14779.280,903.029
14781.230,899.714
14783.180,896.350
14785.130,892.920
14787.090,889.477
14789.040,886.003
14790.990,882.519
14792.950,878.984
14794.900,875.473
14796.850,871.963
14798.810,868.453
14800.760,864.988
14802.710,861.501
14804.670,858.020
14806.620,854.528
14808.570,851.076
14810.530,847.647
14812.480,844.208
14814.430,840.756
14816.380,837.346
14818.340,833.965
14820.290,830.654
14822.240,827.386
14824.200,824.173
14826.150,821.006
14828.100,817.922
14830.060,814.893
14832.010,811.933
14833.960,809.046
14835.920,806.217
14837.870,803.453
14839.820,800.795
14841.780,798.230
14843.730,795.744
14845.680,793.381
14847.630,791.092
14849.590,788.846
14851.540,786.661
14853.490,784.575
14855.450,782.618
14857.400,780.844
14859.350,779.202
14861.310,777.686
14863.260,776.305
14865.210,775.032
14867.170,773.891
14869.120,772.917
14871.070,772.088
14873.030,771.355
14874.980,770.743
14876.930,770.242
14878.880,769.945
14880.840,769.830
14882.790,769.924
14884.740,770.182
14886.700,770.584
14888.650,771.126
14890.600,771.809
14892.560,772.652
14894.510,773.664
14896.460,774.822
14898.420,776.264
14900.370,777.925
14902.320,779.812
14904.280,781.883
14906.230,784.131
14908.180,786.564
14910.130,789.193
14912.090,791.958
14914.040,794.906
14915.990,798.035
14917.950,801.364
14919.900,804.922
14921.850,808.692
14923.810,812.728
14925.760,816.957
14927.710,821.373
14929.670,825.982
14931.620,830.790
14933.570,835.788
14935.530,840.973
14937.480,846.342
14939.430,851.905
14941.380,857.661
14943.340,863.596
14945.290,869.731
14947.240,876.079
14949.200,882.620
14951.150,889.344
14953.100,896.236
14955.060,903.320
14957.010,910.597
14958.960,918.049
14960.920,925.618
14962.870,933.348
14964.820,941.187
14966.780,949.168
14968.730,957.324
14970.680,965.625
14972.630,974.109
14974.590,982.752
14976.540,991.533
14978.490,1000.000
14980.450,1000.000
14982.400,1000.000
14984.350,1000.000
14986.310,1000.000
14988.260,1000.000
14990.210,1000.000
14992.170,1000.000
14994.120,1000.000
14996.070,1000.000
14998.030,1000.000
14999.980,1000.000
15001.930,1000.000
15003.880,1000.000
15005.840,1000.000
15007.790,1000.000
15009.740,1000.000
15011.700,1000.000
15013.650,1000.000
15015.600,1000.000
15017.560,1000.000
15019.510,1000.000
15021.460,1000.000
15023.420,1000.000
15025.370,1000.000
15027.320,1000.000
15029.280,1000.000
15031.230,1000.000
15033.180,1000.000
15035.130,1000.000
15037.090,1000.000
15039.040,1000.000
15040.990,1000.000
15042.950,1000.000
15044.900,1000.000
15046.850,1000.000
15048.810,1000.000
15050.760,1000.000
15052.710,1000.000
15054.670,1000.000
15056.620,1000.000
15058.570,1000.000
15060.530,1000.000
15062.480,1000.000
15064.430,1000.000
15066.380,1000.000
15068.340,1000.000
15070.290,1000.000
15072.240,1000.000
15074.200,1000.000
15076.150,1000.000
15078.100,1000.000
15080.060,1000.000
15082.010,1000.000
15083.960,1000.000
15085.920,1000.000
15087.870,1000.000
15089.820,1000.000
15091.780,1000.000
15093.730,1000.000
15095.680,1000.000
15097.630,1000.000
15099.590,1000.000
15101.540,1000.000
15103.490,1000.000
15105.450,1000.000
15107.400,1000.000
15109.350,1000.000
15111.310,1000.000
15113.260,1000.000
15115.210,1000.000
15117.170,1000.000
15119.120,1000.000
15121.070,1000.000
15123.030,1000.000
15124.980,1000.000
15126.930,1000.000
15128.880,1000.000
15130.840,1000.000
15132.790,1000.000
15134.740,1000.000
15136.700,1000.000
15138.650,1000.000
15140.600,1000.000
15142.560,1000.000
15144.510,1000.000
15146.460,1000.000
15148.420,1000.000
15150.370,1000.000
15152.320,1000.000
15154.280,1000.000
15156.230,1000.000
15158.180,1000.000
15160.130,1000.000
15162.090,1000.000
15164.040,1000.000
15165.990,1000.000
15167.950,1000.000
15169.900,1000.000
15171.850,1000.000
15173.810,1000.000
15175.760,1000.000
15177.710,1000.000
15179.670,1000.000
15181.620,1000.000
15183.570,1000.000
15185.530,1000.000
15187.480,1000.000
15189.430,1000.000
15191.380,1000.000
15193.340,1000.000
15195.290,1000.000
15197.240,1000.000
15199.200,1000.000
15201.150,1000.000
15203.100,1000.000
15205.060,1000.000
15207.010,1000.000
15208.960,1000.000
15210.920,1000.000
15212.870,1000.000
15214.820,1000.000
15216.780,1000.000
15218.730,1000.000
15220.680,1000.000
15222.630,1000.000
15224.590,1000.000
15226.540,1000.000
15228.490,1000.000
15230.450,1000.000
15232.400,1000.000
15234.350,1000.000
15236.310,1000.000
15238.260,1000.000
15240.210,1000.000
15242.170,1000.000
15244.120,1000.000
15246.070,1000.000
15248.030,1000.000
15249.980,1000.000
15251.930,1000.000
15253.880,1000.000
15255.840,1000.000
15257.790,1000.000
15259.740,1000.000
15261.700,1000.000
15263.650,1000.000
15265.600,1000.000
15267.560,1000.000
15269.510,1000.000
15271.460,1000.000
15273.420,1000.000
15275.370,1000.000
15277.320,1000.000
15279.280,1000.000
15281.230,1000.000
15283.180,1000.000
15285.130,1000.000
15287.090,1000.000
15289.040,1000.000
15290.990,1000.000
15292.950,1000.000
15294.900,1000.000
15296.850,1000.000
15298.810,1000.000
15300.760,1000.000
15302.710,1000.000
15304.670,1000.000
15306.620,1000.000
15308.570,1000.000
15310.530,1000.000
15312.480,1000.000
15314.430,1000.000
15316.380,1000.000
15318.340,1000.000
15320.290,1000.000
15322.240,1000.000
15324.200,1000.000
15326.150,1000.000
15328.100,1000.000
15330.060,1000.000
15332.010,1000.000
15333.960,1000.000
15335.920,1000.000
15337.870,1000.000
15339.820,1000.000
15341.780,1000.000
15343.730,1000.000
15345.680,1000.000
15347.630,999.992
15349.590,999.903
15351.540,999.748
15353.490,999.500
15355.450,999.186
15357.400,998.789
15359.350,998.315
15361.310,997.766
15363.260,997.129
15365.210,996.414
15367.170,995.631
15369.120,994.760
15371.070,993.818
15373.030,992.797
15374.980,991.697
15376.930,990.520
15378.880,989.264
15380.840,987.930
15382.790,986.529
15384.740,985.037
15386.700,983.489
15388.650,981.869
15390.600,980.162
15392.560,978.395
15394.510,976.553
15396.460,974.635
15398.420,972.668
15400.370,970.600
15402.320,968.473
15404.280,966.273
15406.230,963.996
15408.180,961.651
15410.130,959.215
15412.090,956.731
15414.040,954.240
15415.990,951.662
15417.950,949.066
15419.900,946.408
15421.850,943.676
15423.810,940.895
15425.760,938.069
15427.710,935.201
15429.670,932.280
15431.620,929.296
15433.570,926.249
15435.530,923.160
15437.480,920.025
15439.430,916.809
15441.380,913.572
15443.340,910.286
15445.290,906.965
15447.240,903.611
15449.200,900.250
15451.150,896.884
15453.100,893.469
15455.060,890.042
15457.010,886.568
15458.960,883.080
15460.920,879.559
15462.870,876.033
15464.820,872.555
15466.780,869.064
15468.730,865.596
15470.680,862.106
15472.630,858.598
15474.590,855.090
15476.540,851.606
15478.490,848.187
15480.450,844.744
15482.400,841.310
15484.350,837.883
15486.310,834.526
15488.260,831.212
15490.210,827.992
15492.170,824.789
15494.120,821.621
15496.070,818.520
15498.030,815.505
15499.980,812.566
15501.930,809.671
15503.880,806.842
15505.840,804.087
15507.790,801.416
15509.740,798.847
15511.700,796.346
15513.650,793.935
15515.600,791.636
15517.560,789.391
15519.510,787.205
15521.460,785.105
15523.420,783.148
15525.370,781.356
15527.320,779.704
15529.280,778.181
15531.230,776.783
15533.180,775.490
15535.130,774.300
15537.090,773.305
15539.040,772.460
15540.990,771.731
15542.950,771.099
15544.900,770.591
15546.850,770.242
15548.810,770.104
15550.760,770.142
15552.710,770.397
15554.670,770.772
15556.620,771.309
15558.570,771.971
15560.530,772.798
15562.480,773.810
15564.430,774.942
15566.380,776.324
15568.340,777.955
15570.290,779.808
15572.240,781.856
15574.200,784.081
15576.150,786.476
15578.100,789.068
15580.060,791.827
15582.010,794.742
15583.960,797.840
15585.920,801.111
15587.870,804.633
15589.820,808.397
15591.780,812.365
15593.730,816.529
15595.680,820.911
15597.630,825.476
15599.590,830.262
15601.540,835.234
15603.490,840.395
15605.450,845.739
15607.400,851.279
15609.350,856.991
15611.310,862.896
15613.260,869.000
15615.210,875.316
15617.170,881.816
15619.120,888.507
15621.070,895.389
15623.030,902.465
15624.980,909.740
15626.930,917.173
15628.880,924.725
15630.840,932.394
15632.790,940.203
15634.740,948.182
15636.700,956.297
15638.650,964.593
15640.600,973.047
15642.560,981.667
15644.510,990.400
15646.460,999.225
15648.420,1000.000
15650.370,1000.000
15652.320,1000.000
15654.280,1000.000
15656.230,1000.000
15658.180,1000.000
15660.130,1000.000
15662.090,1000.000
15664.040,1000.000
15665.990,1000.000
15667.950,1000.000
15669.900,1000.000
15671.850,1000.000
15673.810,1000.000
15675.760,1000.000
15677.710,1000.000
15679.670,1000.000
15681.620,1000.000
15683.570,1000.000
15685.530,1000.000
15687.480,1000.000
15689.430,1000.000
15691.380,1000.000
15693.340,1000.000
15695.290,1000.000
15697.240,1000.000
15699.200,1000.000
15701.150,1000.000
15703.100,1000.000
15705.060,1000.000
15707.010,1000.000
15708.960,1000.000
15710.920,1000.000
15712.870,1000.000
15714.820,1000.000
15716.780,1000.000
15718.730,1000.000
15720.680,1000.000
15722.630,1000.000
15724.590,1000.000
15726.540,1000.000
15728.490,1000.000
15730.450,1000.000
15732.400,1000.000
15734.350,1000.000
15736.310,1000.000
15738.260,1000.000
15740.210,1000.000
15742.170,1000.000
15744.120,1000.000
15746.070,1000.000
15748.030,1000.000
15749.980,1000.000
15751.930,1000.000
15753.880,1000.000
15755.840,1000.000
15757.790,1000.000
15759.740,1000.000
15761.700,1000.000
15763.650,1000.000
15765.600,1000.000
15767.560,1000.000
15769.510,1000.000
15771.460,1000.000
15773.420,1000.000
15775.370,1000.000
15777.320,1000.000
15779.280,1000.000
15781.230,1000.000
15783.180,1000.000
15785.130,1000.000
15787.090,1000.000
15789.040,1000.000
15790.990,1000.000
15792.950,1000.000
15794.900,1000.000
15796.850,1000.000
15798.810,1000.000
15800.760,1000.000
15802.710,1000.000
15804.670,1000.000
15806.620,1000.000
15808.570,1000.000
15810.530,1000.000
15812.480,1000.000
15814.430,1000.000
15816.380,1000.000
15818.340,1000.000
15820.290,1000.000
15822.240,1000.000
15824.200,1000.000
15826.150,1000.000
15828.100,1000.000
15830.060,1000.000
15832.010,1000.000
15833.960,1000.000
15835.920,1000.000
15837.870,1000.000
15839.820,1000.000
15841.780,1000.000
15843.730,1000.000
15845.680,1000.000
15847.630,1000.000
15849.590,1000.000
15851.540,1000.000
15853.490,1000.000
15855.450,1000.000
15857.400,1000.000
15859.350,1000.000
15861.310,1000.000
15863.260,1000.000
15865.210,1000.000
15867.170,1000.000
15869.120,1000.000
15871.070,1000.000
15873.030,1000.000
15874.980,1000.000
15876.930,1000.000
15878.880,1000.000
15880.840,1000.000
15882.790,1000.000
15884.740,1000.000
15886.700,1000.000
15888.650,1000.000
15890.600,1000.000
15892.560,1000.000
15894.510,1000.000
15896.460,1000.000
15898.420,1000.000
15900.370,1000.000
15902.320,1000.000
15904.280,1000.000
15906.230,1000.000
15908.180,1000.000
15910.130,1000.000
15912.090,1000.000
15914.040,1000.000
15915.990,1000.000
15917.950,1000.000
15919.900,1000.000
15921.850,1000.000
15923.810,1000.000
15925.760,1000.000
15927.710,1000.000
15929.670,1000.000
15931.620,1000.000
15933.570,1000.000
15935.530,1000.000
15937.480,1000.000
15939.430,1000.000
15941.380,1000.000
15943.340,1000.000
15945.290,1000.000
15947.240,1000.000
15949.200,1000.000
15951.150,1000.000
15953.100,1000.000
15955.060,1000.000
15957.010,1000.000
15958.960,1000.000
15960.920,1000.000
15962.870,1000.000
15964.820,1000.000
15966.780,1000.000
15968.730,1000.000
15970.680,1000.000
15972.630,1000.000
15974.590,1000.000
15976.540,1000.000
15978.490,1000.000
15980.450,1000.000
15982.400,1000.000
15984.350,1000.000
15986.310,1000.000
15988.260,1000.000
15990.210,1000.000
15992.170,1000.000
15994.120,1000.000
15996.070,1000.000
15998.030,1000.000
15999.980,1000.000
16001.930,1000.000
16003.880,1000.000
16005.840,1000.000
16007.790,1000.000
16009.740,1000.000
16011.700,1000.000
16013.650,1000.000
16015.600,999.982
16017.560,999.897
16019.510,999.735
16021.460,999.490
16023.420,999.158
16025.370,998.760
16027.320,998.277
16029.280,997.723
16031.230,997.066
16033.180,996.322
16035.130,995.502
16037.090,994.602
16039.040,993.623
16040.990,992.585
16042.950,991.460
16044.900,990.266
16046.850,988.989
16048.810,987.633
16050.760,986.210
16052.710,984.719
16054.670,983.165
16056.620,981.545
16058.570,979.838
16060.530,978.076
16062.480,976.221
16064.430,974.306
16066.380,972.318
16068.340,970.248
16070.290,968.114
16072.240,965.904
16074.200,963.615
16076.150,961.262
16078.100,958.824
16080.060,956.326
16082.010,953.789
16083.960,951.240
16085.920,948.641
16087.870,945.977
16089.820,943.246
16091.780,940.451
16093.730,937.587
16095.680,934.716
16097.630,931.792
16099.590,928.785
16101.540,925.724
16103.490,922.631
16105.450,919.480
16107.400,916.279
16109.350,913.021
16111.310,909.742
16113.260,906.418
16115.210,903.051
16117.170,899.672
16119.120,896.290
16121.070,892.871
16123.030,889.424
16124.980,885.945
16126.930,882.443
16128.880,878.929
16130.840,875.428
16132.790,871.964
16134.740,868.453
16136.700,864.978
16138.650,861.477
16140.600,857.971
16142.560,854.448
16144.510,850.962
16146.460,847.550
16148.420,844.135
16150.370,840.701
16152.320,837.287
16154.280,833.948
16156.230,830.676
16158.180,827.463
16160.130,824.274
16162.090,821.109
16164.040,818.012
16165.990,815.014
16167.950,812.095
16169.900,809.211
16171.850,806.412
16173.810,803.661
16175.760,801.000
16177.710,798.434
16179.670,795.944
16181.620,793.546
16183.570,791.264
16185.530,789.035
16187.480,786.856
16189.430,784.797
16191.380,782.854
16193.340,781.097
16195.290,779.472
16197.240,777.973
16199.200,776.585
16201.150,775.308
16203.100,774.152
16205.060,773.167
16207.010,772.352
16208.960,771.633
16210.920,771.024
16212.870,770.561
16214.820,770.225
16216.780,770.117
16218.730,770.182
16220.680,770.458
16222.630,770.867
16224.590,771.430
16226.540,772.122
16228.490,772.980
16230.450,774.022
16232.400,775.226
16234.350,776.604
16236.310,778.296
16238.260,780.176
16240.210,782.257
16242.170,784.502
16244.120,786.940
16246.070,789.556
16248.030,792.341
16249.980,795.289
16251.930,798.407
16253.880,801.705
16255.840,805.294
16257.790,809.113
16259.740,813.113
16261.700,817.283
16263.650,821.695
16265.600,826.293
16267.560,831.113
16269.510,836.115
16271.460,841.309
16273.420,846.697
16275.370,852.270
16277.320,858.005
16279.280,863.940
16281.230,870.078
16283.180,876.412
16285.130,882.939
16287.090,889.684
16289.040,896.607
16290.990,903.723
16292.950,911.018
16294.900,918.462
16296.850,926.013
16298.810,933.757
16300.760,941.621
16302.710,949.653
16304.670,957.834
16306.620,966.162
16308.570,974.652
16310.530,983.298
16312.480,992.040
16314.430,1000.000
16316.380,1000.000
16318.340,1000.000
16320.290,1000.000
16322.240,1000.000
16324.200,1000.000
16326.150,1000.000
16328.100,1000.000
16330.060,1000.000
16332.010,1000.000
16333.960,1000.000
16335.920,1000.000
16337.870,1000.000
16339.820,1000.000
16341.780,1000.000
16343.730,1000.000
16345.680,1000.000
16347.630,1000.000
16349.590,1000.000
16351.540,1000.000
16353.490,1000.000
16355.450,1000.000
16357.400,1000.000
16359.350,1000.000
16361.310,1000.000
16363.260,1000.000
16365.210,1000.000
16367.170,1000.000
16369.120,1000.000
16371.070,1000.000
16373.030,1000.000
16374.980,1000.000
16376.930,1000.000
16378.880,1000.000
16380.840,1000.000
16382.790,1000.000
16384.740,1000.000
16386.700,1000.000
16388.650,1000.000
16390.600,1000.000
16392.560,1000.000
16394.510,1000.000
16396.460,1000.000
16398.420,1000.000
16400.370,1000.000
16402.320,1000.000
16404.280,1000.000
16406.230,1000.000
16408.180,1000.000
16410.130,1000.000
16412.090,1000.000
16414.040,1000.000
16415.990,1000.000
16417.950,1000.000
16419.900,1000.000
16421.850,1000.000
16423.810,1000.000
16425.760,1000.000
16427.710,1000.000
16429.670,1000.000
16431.620,1000.000
16433.570,1000.000
16435.530,1000.000
16437.480,1000.000
16439.430,1000.000
16441.380,1000.000
16443.340,1000.000
16445.290,1000.000
16447.240,1000.000
16449.200,1000.000
16451.150,1000.000
16453.100,1000.000
16455.060,1000.000
16457.010,1000.000
16458.960,1000.000
16460.920,1000.000
16462.870,1000.000
16464.820,1000.000
16466.780,1000.000
16468.730,1000.000
16470.680,1000.000
16472.630,1000.000
16474.590,1000.000
16476.540,1000.000
16478.490,1000.000
16480.450,1000.000
16482.400,1000.000
16484.350,1000.000
16486.310,1000.000
16488.260,1000.000
16490.210,1000.000
16492.170,1000.000
16494.120,1000.000
16496.070,1000.000
16498.030,1000.000
16499.980,1000.000
16501.930,1000.000
16503.880,1000.000
16505.840,1000.000
16507.790,1000.000
16509.740,1000.000
16511.700,1000.000
16513.650,1000.000
16515.600,1000.000
16517.560,1000.000
16519.510,1000.000
16521.460,1000.000
16523.420,1000.000
16525.370,1000.000
16527.320,1000.000
16529.280,1000.000
16531.230,1000.000
16533.180,1000.000
16535.130,1000.000
16537.090,1000.000
16539.040,1000.000
16540.990,1000.000
16542.950,1000.000
16544.900,1000.000
16546.850,1000.000
16548.810,1000.000
16550.760,1000.000
16552.710,1000.000
16554.670,1000.000
16556.620,1000.000
16558.570,1000.000
16560.530,1000.000
16562.480,1000.000
16564.430,1000.000
16566.380,1000.000
16568.340,1000.000
16570.290,1000.000
16572.240,1000.000
16574.200,1000.000
16576.150,1000.000
16578.100,1000.000
16580.060,1000.000
16582.010,1000.000
16583.960,1000.000
16585.920,1000.000
16587.870,1000.000
16589.820,1000.000
16591.780,1000.000
16593.730,1000.000
16595.680,1000.000
16597.630,1000.000
16599.590,1000.000
16601.540,1000.000
16603.490,1000.000
16605.450,1000.000
16607.400,1000.000
16609.350,1000.000
16611.310,1000.000
16613.260,1000.000
16615.210,1000.000
16617.170,1000.000
16619.120,1000.000
16621.070,1000.000
16623.030,1000.000
16624.980,1000.000
16626.930,1000.000
16628.880,1000.000
16630.840,1000.000
16632.790,1000.000
16634.740,1000.000
16636.700,1000.000
16638.650,1000.000
16640.600,1000.000
16642.560,1000.000
16644.510,1000.000
16646.460,1000.000
16648.420,1000.000
16650.370,1000.000
16652.320,1000.000
16654.280,1000.000
16656.230,1000.000
16658.180,1000.000
16660.130,1000.000
16662.090,1000.000
16664.040,1000.000
16665.990,1000.000
16667.950,1000.000
16669.900,1000.000
16671.850,1000.000
16673.810,1000.000
16675.760,1000.000
16677.710,1000.000
16679.670,1000.000
16681.620,1000.000
16683.570,999.973
16685.530,999.836
16687.480,999.626
16689.430,999.330
16691.380,998.953
16693.340,998.488
16695.290,997.956
16697.240,997.341
16699.200,996.650
16701.150,995.866
16703.100,995.023
16705.060,994.083
16707.010,993.082
16708.960,992.000
16710.920,990.848
16712.870,989.618
16714.820,988.315
16716.780,986.932
16718.730,985.508
16720.680,984.000
16722.630,982.423
16724.590,980.766
16726.540,979.044
16728.490,977.248
16730.450,975.380
16732.400,973.436
16734.350,971.421
16736.310,969.324
16738.260,967.160
16740.210,964.931
16742.170,962.615
16744.120,960.226
16746.070,957.767
16748.030,955.250
16749.980,952.718
16751.930,950.170
16753.880,947.537
16755.840,944.859
16757.790,942.108
16759.740,939.297
16761.700,936.417
16763.650,933.527
16765.600,930.562
16767.560,927.541
16769.510,924.454
16771.460,921.346
16773.420,918.184
16775.370,914.971
16777.320,911.697
16779.280,908.402
16781.230,905.050
16783.180,901.684
16785.130,898.296
16787.090,894.897
16789.040,891.480
16790.990,888.020
16792.950,884.533
16794.900,881.025
16796.850,877.537
16798.810,874.044
16800.760,870.570
16802.710,867.059
16804.670,863.585
16806.620,860.067
16808.570,856.564
16810.530,853.067
16812.480,849.647
16814.430,846.242
16816.380,842.828
16818.340,839.396
16820.290,836.025
16822.240,832.710
16824.200,829.473
16826.150,826.277
16828.100,823.091
16830.060,819.954
16832.010,816.915
16833.960,813.945
16835.920,811.050
16837.870,808.196
16839.820,805.429
16841.780,802.712
16843.730,800.098
16845.680,797.560
16847.630,795.104
16849.590,792.749
16851.540,790.498
16853.490,788.282
16855.450,786.154
16857.400,784.167
16859.350,782.300
16861.310,780.596
16863.260,779.029
16865.210,777.567
16867.170,776.243
16869.120,775.003
16871.070,773.898
16873.030,773.001
16874.980,772.236
16876.930,771.561
16878.880,771.027
16880.840,770.609
16882.790,770.352
16884.740,770.297
16886.700,770.458
16888.650,770.801
16890.600,771.266
16892.560,771.893
16894.510,772.642
16896.460,773.601
16898.420,774.700
16900.370,775.984
16902.320,777.506
16904.280,779.261
16906.230,781.221
16908.180,783.362
16910.130,785.687
16912.090,788.192
16914.040,790.874
16915.990,793.733
16917.950,796.740
16919.900,799.931
16921.850,803.334
16923.810,807.018
16925.760,810.909
16927.710,814.983
16929.670,819.240
16931.620,823.721
16933.570,828.400
16935.530,833.303
16937.480,838.388
16939.430,843.656
16941.380,849.102
16943.340,854.745
16945.290,860.570
16947.240,866.592
16949.200,872.792
16951.150,879.206
16953.100,885.831
16955.060,892.638
16957.010,899.637
16958.960,906.822
16960.920,914.172
16962.870,921.631
16964.820,929.273
16966.780,937.055
16968.730,944.974
16970.680,953.076
16972.630,961.337
16974.590,969.732
16976.540,978.296
16978.490,986.994
16980.450,995.770
16982.400,1000.000
16984.350,1000.000
16986.310,1000.000
16988.260,1000.000
16990.210,1000.000
16992.170,1000.000
16994.120,1000.000
16996.070,1000.000
16998.030,1000.000
16999.980,1000.000
17001.930,1000.000
17003.880,1000.000
17005.840,1000.000
17007.790,1000.000
17009.740,1000.000
17011.700,1000.000
17013.650,1000.000
17015.600,1000.000
17017.560,1000.000
17019.510,1000.000
17021.460,1000.000
17023.420,1000.000
17025.370,1000.000
17027.320,1000.000
17029.280,1000.000
17031.230,1000.000
17033.180,1000.000
17035.130,1000.000
17037.090,1000.000
17039.040,1000.000
17040.990,1000.000
17042.950,1000.000
17044.900,1000.000
17046.850,1000.000
17048.810,1000.000
17050.760,1000.000
17052.710,1000.000
17054.670,1000.000
17056.620,1000.000
17058.570,1000.000
17060.530,1000.000
17062.480,1000.000
17064.430,1000.000
17066.380,1000.000
17068.340,1000.000
17070.290,1000.000
17072.240,1000.000
17074.200,1000.000
17076.150,1000.000
17078.100,1000.000
17080.060,1000.000
17082.010,1000.000
17083.960,1000.000
17085.920,1000.000
17087.870,1000.000
17089.820,1000.000
17091.780,1000.000
17093.730,1000.000
17095.680,1000.000
17097.630,1000.000
17099.590,1000.000
17101.540,1000.000
17103.490,1000.000
17105.450,1000.000
17107.400,1000.000
17109.350,1000.000
17111.310,1000.000
17113.260,1000.000
17115.210,1000.000
17117.170,1000.000
17119.120,1000.000
17121.070,1000.000
17123.030,1000.000
17124.980,1000.000
17126.930,1000.000
17128.880,1000.000
17130.840,1000.000
17132.790,1000.000
17134.740,1000.000
17136.700,1000.000
17138.650,1000.000
17140.600,1000.000
17142.560,1000.000
17144.510,1000.000
17146.460,1000.000
17148.420,1000.000
17150.370,1000.000
17152.320,1000.000
17154.280,1000.000
17156.230,1000.000
17158.180,1000.000
17160.130,1000.000
17162.090,1000.000
17164.040,1000.000
17165.990,1000.000
17167.950,1000.000
17169.900,1000.000
17171.850,1000.000
17173.810,1000.000
17175.760,1000.000
17177.710,1000.000
17179.670,1000.000
17181.620,1000.000
17183.570,1000.000
17185.530,1000.000
17187.480,1000.000
17189.430,1000.000
17191.380,1000.000
17193.340,1000.000
17195.290,1000.000
17197.240,1000.000
17199.200,1000.000
17201.150,1000.000
17203.100,1000.000
17205.060,1000.000
17207.010,1000.000
17208.960,1000.000
17210.920,1000.000
17212.870,1000.000
17214.820,1000.000
17216.780,1000.000
17218.730,1000.000
17220.680,1000.000
17222.630,1000.000
17224.590,1000.000
17226.540,1000.000
17228.490,1000.000
17230.450,1000.000
17232.400,1000.000
17234.350,1000.000
17236.310,1000.000
17238.260,1000.000
17240.210,1000.000
17242.170,1000.000
17244.120,1000.000
17246.070,1000.000
17248.030,1000.000
17249.980,1000.000
17251.930,1000.000
17253.880,1000.000
17255.840,1000.000
17257.790,1000.000
17259.740,1000.000
17261.700,1000.000
17263.650,1000.000
17265.600,1000.000
17267.560,1000.000
17269.510,1000.000
17271.460,1000.000
17273.420,1000.000
17275.370,1000.000
17277.320,1000.000
17279.280,1000.000
17281.230,1000.000
17283.180,1000.000
17285.130,1000.000
17287.090,1000.000
17289.040,1000.000
17290.990,1000.000
17292.950,1000.000
17294.900,1000.000
17296.850,1000.000
17298.810,1000.000
17300.760,1000.000
17302.710,1000.000
17304.670,1000.000
17306.620,1000.000
17308.570,1000.000
17310.530,1000.000
17312.480,1000.000
17314.430,1000.000
17316.380,1000.000
17318.340,1000.000
17320.290,1000.000
17322.240,1000.000
17324.200,1000.000
17326.150,1000.000
17328.100,1000.000
17330.060,1000.000
17332.010,1000.000
17333.960,1000.000
17335.920,1000.000
17337.870,1000.000
17339.820,1000.000
17341.780,1000.000
17343.730,1000.000
17345.680,1000.000
17347.630,1000.000
17349.590,999.978
17351.540,999.880
17353.490,999.696
17355.450,999.447
17357.400,999.100
17359.350,998.682
17361.310,998.176
17363.260,997.598
17365.210,996.936
17367.170,996.203
17369.120,995.372
17371.070,994.486
17373.030,993.506
17374.980,992.455
17376.930,991.330
17378.880,990.136
17380.840,988.869
17382.790,987.523
17384.740,986.125
17386.700,984.654
17388.650,983.117
17390.600,981.486
17392.560,979.801
17394.510,978.035
17396.460,976.199
17398.420,974.288
17400.370,972.300
17402.320,970.250
17404.280,968.126
17406.230,965.912
17408.180,963.640
17410.130,961.284
17412.090,958.858
17414.040,956.367
17415.990,953.834
17417.950,951.287
17419.900,948.703
17421.850,946.037
17423.810,943.313
17425.760,940.522
17427.710,937.668
17429.670,934.775
17431.620,931.855
17433.570,928.854
17435.530,925.799
17437.480,922.707
17439.430,919.569
17441.380,916.378
17443.340,913.141
17445.290,909.845
17447.240,906.524
17449.200,903.153
17451.150,899.781
17453.100,896.391
17455.060,892.973
17457.010,889.543
17458.960,886.059
17460.920,882.554
17462.870,879.061
17464.820,875.570
17466.780,872.082
17468.730,868.584
17470.680,865.102
17472.630,861.605
17474.590,858.091
17476.540,854.576
17478.490,851.124
17480.450,847.733
17482.400,844.318
17484.350,840.900
17486.310,837.483
17488.260,834.165
17490.210,830.878
17492.170,827.662
17494.120,824.473
17496.070,821.311
17498.030,818.230
17499.980,815.225
17501.930,812.314
17503.880,809.439
17505.840,806.647
17507.790,803.910
17509.740,801.245
17511.700,798.686
17513.650,796.192
17515.600,793.783
17517.560,791.494
17519.510,789.269
17521.460,787.100
17523.420,785.048
17525.370,783.115
17527.320,781.354
17529.280,779.729
17531.230,778.240
17533.180,776.845
17535.130,775.568
17537.090,774.395
17539.040,773.424
17540.990,772.594
17542.950,771.872
17544.900,771.284
17546.850,770.817
17548.810,770.474
17550.760,770.349
17552.710,770.393
17554.670,770.682
17556.620,771.081
17558.570,771.641
17560.530,772.340
17562.480,773.208
17564.430,774.244
17566.380,775.454
17568.340,776.832
17570.290,778.517
17572.240,780.369
17574.200,782.444
17576.150,784.685
17578.100,787.110
17580.060,789.722
17582.010,792.504
17583.960,795.442
17585.920,798.556
17587.870,801.857
17589.820,805.423
17591.780,809.227
17593.730,813.215
17595.680,817.399
17597.630,821.779
17599.590,826.382
17601.540,831.187
17603.490,836.190
17605.450,841.374
17607.400,846.748
17609.350,852.314
17611.310,858.063
17613.260,863.981
17615.210,870.106
17617.170,876.420
17619.120,882.947
17621.070,889.674
17623.030,896.591
17624.980,903.700
17626.930,910.988
17628.880,918.392
17630.840,925.950
17632.790,933.674
17634.740,941.527
17636.700,949.553
17638.650,957.752
17640.600,966.108
17642.560,974.600
17644.510,983.249
17646.460,991.994
17648.420,1000.000
17650.370,1000.000
17652.320,1000.000
17654.280,1000.000
17656.230,1000.000
