time_s,temperature_C
3.000,20.001
6.000,20.006
9.000,20.014
11.000,20.020
13.000,20.027
15.000,20.035
17.000,20.043
19.000,20.052
21.000,20.061
23.000,20.071
25.000,20.081
27.000,20.091
29.000,20.101
31.001,20.111
33.001,20.122
35.001,20.133
37.001,20.144
39.001,20.155
41.001,20.167
43.001,20.178
45.001,20.190
47.001,20.202
49.001,20.214
51.001,20.226
53.001,20.238
55.001,20.250
57.001,20.263
59.001,20.275
61.001,20.288
63.001,20.300
66.001,20.319
69.000,20.339
72.000,20.358
74.999,20.378
77.999,20.398
80.998,20.417
83.998,20.437
86.997,20.458
89.997,20.478
92.996,20.498
95.996,20.519
98.995,20.539
101.995,20.560
104.994,20.580
107.994,20.601
110.993,20.622
113.993,20.643
116.992,20.664
119.992,20.685
122.991,20.706
125.991,20.727
128.991,20.748
130.991,20.762
132.992,20.776
134.992,20.790
136.992,20.804
138.993,20.818
140.993,20.833
142.994,20.847
144.994,20.861
146.995,20.875
148.995,20.889
150.995,20.904
152.996,20.918
154.996,20.932
156.997,20.946
158.997,20.961
160.998,20.975
162.998,20.989
164.998,21.003
166.999,21.018
168.999,21.032
171.000,21.046
173.000,21.061
175.001,21.075
177.001,21.089
179.001,21.104
181.002,21.118
183.002,21.132
185.003,21.147
187.003,21.161
189.004,21.175
191.004,21.190
193.004,21.204
195.005,21.218
197.005,21.233
199.006,21.247
201.006,21.261
203.007,21.276
205.007,21.290
207.007,21.304
209.008,21.319
211.008,21.333
213.009,21.347
215.009,21.362
217.010,21.376
219.010,21.391
221.010,21.405
223.011,21.419
225.011,21.434
227.012,21.448
229.012,21.462
231.013,21.477
233.013,21.491
235.013,21.506
237.014,21.520
239.014,21.534
241.015,21.549
243.015,21.563
245.016,21.577
247.016,21.592
249.016,21.606
251.017,21.621
253.017,21.635
255.018,21.649
258.017,21.671
261.015,21.693
264.014,21.714
267.012,21.736
270.010,21.757
273.009,21.779
276.007,21.801
279.005,21.822
282.004,21.844
285.002,21.865
288.000,21.887
290.999,21.908
293.997,21.930
296.995,21.952
299.994,21.973
302.992,21.995
305.990,22.016
308.989,22.038
311.987,22.059
314.985,22.081
317.984,22.102
320.982,22.124
323.981,22.146
326.979,22.167
329.977,22.189
332.976,22.210
335.974,22.232
338.972,22.253
341.971,22.275
344.969,22.296
347.967,22.318
350.966,22.339
353.964,22.361
356.962,22.382
359.961,22.404
362.959,22.426
365.957,22.447
368.956,22.469
371.954,22.490
374.953,22.512
377.951,22.533
380.949,22.555
383.948,22.576
386.946,22.598
389.944,22.619
392.943,22.641
395.941,22.662
398.939,22.684
401.938,22.705
404.936,22.727
407.934,22.748
410.933,22.770
413.931,22.791
416.929,22.813
419.928,22.834
422.926,22.856
425.925,22.877
428.923,22.899
431.921,22.920
434.920,22.942
437.918,22.963
440.916,22.985
443.915,23.006
446.913,23.028
449.911,23.049
452.910,23.071
455.908,23.092
458.906,23.113
461.905,23.135
464.903,23.156
467.901,23.178
470.900,23.199
473.898,23.221
476.897,23.242
479.895,23.264
482.893,23.285
485.892,23.307
488.890,23.328
491.888,23.350
494.887,23.371
497.885,23.393
500.883,23.414
503.882,23.435
506.880,23.457
509.878,23.478
512.878,23.500
514.880,23.514
516.882,23.528
518.884,23.543
520.886,23.557
522.888,23.571
524.890,23.585
526.892,23.600
528.894,23.614
530.896,23.628
532.898,23.643
534.900,23.657
536.901,23.671
538.903,23.685
540.905,23.700
542.907,23.714
544.909,23.728
546.911,23.743
548.913,23.757
550.915,23.771
552.917,23.785
554.919,23.800
556.921,23.814
558.923,23.828
560.925,23.843
562.927,23.857
564.929,23.871
566.931,23.885
568.933,23.900
570.935,23.914
572.937,23.928
574.939,23.942
576.941,23.957
578.942,23.971
580.944,23.985
582.946,23.999
584.948,24.014
586.950,24.028
588.952,24.042
590.954,24.057
592.956,24.071
594.958,24.085
596.960,24.099
598.962,24.114
600.964,24.128
602.966,24.142
604.968,24.156
606.970,24.171
608.972,24.185
610.974,24.199
612.976,24.213
614.978,24.228
616.980,24.242
618.982,24.256
620.984,24.270
622.985,24.285
624.987,24.299
626.989,24.313
628.991,24.327
630.993,24.342
632.995,24.356
634.997,24.370
636.999,24.384
639.001,24.398
641.003,24.413
643.005,24.427
645.007,24.441
647.009,24.455
649.011,24.470
651.013,24.484
653.015,24.498
655.017,24.512
657.019,24.527
659.021,24.541
661.023,24.555
663.025,24.569
665.026,24.583
667.028,24.598
669.030,24.612
671.032,24.626
673.034,24.640
675.036,24.655
677.038,24.669
679.040,24.683
681.042,24.697
683.044,24.712
685.046,24.726
687.048,24.740
689.050,24.754
691.052,24.768
693.054,24.783
695.056,24.797
697.058,24.811
699.060,24.825
701.062,24.839
703.064,24.854
705.066,24.868
707.067,24.882
709.069,24.896
711.071,24.910
713.073,24.925
715.075,24.939
717.077,24.953
719.079,24.967
721.081,24.981
723.083,24.996
725.085,25.010
727.087,25.024
729.089,25.038
731.091,25.052
733.093,25.067
735.095,25.081
737.097,25.095
739.099,25.109
741.101,25.124
743.103,25.138
745.105,25.152
747.107,25.166
749.109,25.180
751.110,25.195
753.112,25.209
755.114,25.223
757.116,25.237
759.118,25.251
761.120,25.266
763.122,25.280
765.124,25.294
767.126,25.308
769.128,25.322
771.130,25.337
773.132,25.351
775.134,25.365
777.136,25.379
779.138,25.393
781.140,25.408
783.142,25.422
785.144,25.436
787.146,25.450
789.148,25.464
791.150,25.478
793.151,25.493
795.153,25.507
797.155,25.521
799.157,25.535
801.159,25.549
803.161,25.563
805.163,25.578
807.165,25.592
809.167,25.606
811.169,25.620
813.171,25.634
815.173,25.648
817.175,25.663
819.177,25.677
821.179,25.691
823.181,25.705
825.183,25.719
827.185,25.734
829.187,25.748
831.189,25.762
833.191,25.776
835.192,25.790
837.194,25.804
839.196,25.819
841.198,25.833
843.200,25.847
845.202,25.861
847.204,25.875
849.206,25.890
851.208,25.904
853.210,25.918
855.212,25.932
857.214,25.946
859.216,25.960
861.218,25.975
863.220,25.989
865.222,26.003
867.224,26.017
869.226,26.031
871.228,26.045
873.230,26.060
875.232,26.074
877.234,26.088
879.235,26.102
881.237,26.116
883.239,26.130
885.241,26.144
887.243,26.159
889.245,26.173
891.247,26.187
893.249,26.201
895.251,26.215
897.253,26.229
899.255,26.243
901.257,26.258
903.259,26.272
905.261,26.286
907.263,26.300
909.265,26.314
911.267,26.328
913.269,26.342
915.271,26.357
917.273,26.371
919.275,26.385
921.276,26.399
923.278,26.413
925.280,26.427
927.282,26.441
929.284,26.456
931.286,26.470
933.288,26.484
935.290,26.498
937.292,26.512
939.294,26.526
941.296,26.540
943.298,26.555
945.300,26.569
947.302,26.583
949.304,26.597
951.306,26.611
953.308,26.625
955.310,26.639
957.312,26.653
959.314,26.668
961.316,26.682
963.317,26.696
965.319,26.710
967.321,26.724
969.323,26.738
971.325,26.752
973.327,26.766
975.329,26.780
977.331,26.795
979.333,26.809
981.335,26.823
983.337,26.837
985.339,26.851
987.341,26.865
989.343,26.879
991.345,26.893
993.347,26.907
995.349,26.922
997.351,26.936
999.353,26.950
1001.355,26.964
1003.357,26.978
1005.358,26.992
1007.360,27.006
1009.362,27.020
1011.364,27.034
1013.366,27.049
1015.368,27.063
1017.370,27.077
1019.372,27.091
1021.374,27.105
1023.376,27.119
1025.378,27.133
1027.380,27.147
1029.382,27.161
1031.384,27.175
1033.386,27.190
1035.388,27.204
1037.390,27.218
1039.392,27.232
1041.394,27.246
1043.396,27.260
1045.397,27.274
1047.399,27.288
1049.401,27.302
1051.403,27.316
1053.405,27.330
1055.407,27.345
1057.409,27.359
1059.411,27.373
1061.413,27.387
1063.415,27.401
1065.417,27.415
1067.419,27.429
1069.421,27.443
1071.423,27.457
1073.425,27.471
1075.427,27.485
1077.429,27.499
1079.431,27.513
1081.433,27.528
1083.435,27.542
1085.437,27.556
1087.438,27.570
1089.440,27.584
1091.442,27.598
1093.444,27.612
1095.446,27.626
1097.448,27.640
1099.450,27.654
1101.452,27.668
1103.454,27.682
1105.456,27.696
1107.458,27.710
1109.460,27.724
1111.462,27.739
1113.464,27.753
1115.466,27.767
1117.468,27.781
1119.470,27.795
1121.472,27.809
1123.474,27.823
1125.476,27.837
1127.478,27.851
1129.479,27.865
1131.481,27.879
1133.483,27.893
1135.485,27.907
1137.487,27.921
1139.489,27.935
1141.491,27.949
1143.493,27.963
1145.495,27.977
1147.497,27.991
1149.499,28.005
1151.501,28.020
1153.503,28.034
1155.505,28.048
1157.507,28.062
1159.509,28.076
1161.511,28.090
1163.513,28.104
1165.515,28.118
1167.517,28.132
1169.519,28.146
1171.521,28.160
1173.522,28.174
1175.524,28.188
1177.526,28.202
1179.528,28.216
1181.530,28.230
1183.532,28.244
1185.534,28.258
1187.536,28.272
1189.538,28.286
1191.540,28.300
1193.542,28.314
1195.544,28.329
1197.546,28.343
1199.548,28.357
1201.550,28.371
1203.552,28.385
1205.554,28.399
1207.556,28.413
1209.558,28.427
1211.560,28.441
1213.562,28.455
1215.563,28.469
1217.565,28.483
1219.567,28.497
1221.569,28.511
1223.571,28.525
1225.573,28.539
1227.575,28.553
1229.577,28.567
1231.579,28.581
1233.581,28.595
1235.583,28.609
1237.585,28.623
1239.587,28.637
1241.589,28.651
1243.591,28.665
1245.593,28.679
1247.595,28.693
1249.597,28.707
1251.599,28.721
1253.601,28.735
1255.603,28.749
1257.604,28.763
1259.606,28.777
1261.608,28.791
1263.610,28.805
1265.612,28.819
1267.614,28.833
1269.616,28.847
1271.618,28.861
1273.620,28.875
1275.622,28.889
1277.624,28.903
1279.626,28.917
1281.628,28.931
1283.630,28.945
1285.632,28.959
1287.634,28.973
1289.636,28.987
1291.638,29.001
1293.640,29.015
1295.642,29.029
1297.644,29.043
1299.646,29.057
1301.647,29.071
1303.649,29.085
1305.651,29.099
1307.653,29.113
1309.655,29.127
1311.657,29.141
1313.659,29.155
1315.661,29.169
1317.663,29.183
1319.665,29.197
1321.667,29.211
1323.669,29.225
1325.671,29.239
1327.673,29.253
1329.675,29.267
1331.677,29.281
1333.679,29.295
1335.681,29.308
1337.683,29.322
1339.685,29.336
1341.687,29.350
1343.688,29.364
1345.690,29.378
1347.692,29.392
1349.694,29.406
1351.696,29.420
1353.698,29.434
1355.700,29.448
1357.702,29.462
1359.704,29.476
1361.706,29.490
1363.708,29.504
1365.710,29.518
1367.712,29.532
1369.714,29.546
1371.716,29.560
1373.718,29.574
1375.720,29.588
1377.722,29.602
1379.724,29.616
1381.726,29.630
1383.728,29.644
1385.729,29.658
1387.731,29.672
1389.733,29.686
1391.735,29.699
1393.737,29.713
1395.739,29.727
1397.741,29.741
1399.743,29.755
1401.745,29.769
1403.747,29.783
1405.749,29.797
1407.751,29.811
1409.753,29.825
1411.755,29.839
1413.757,29.853
1415.759,29.867
1417.761,29.881
1419.763,29.895
1421.765,29.909
1423.767,29.922
1425.769,29.936
1427.771,29.950
1429.772,29.964
1431.774,29.978
1433.776,29.992
1435.778,30.006
1437.780,30.020
1439.782,30.034
1441.784,30.048
1443.786,30.062
1445.788,30.076
1447.790,30.090
1449.792,30.104
1451.794,30.118
1453.796,30.131
1455.798,30.145
1457.800,30.159
1459.802,30.173
1461.804,30.187
1463.806,30.201
1465.808,30.215
1467.810,30.229
1469.812,30.243
1471.813,30.257
1473.815,30.271
1475.817,30.285
1477.819,30.299
1479.821,30.313
1481.823,30.326
1483.825,30.340
1485.827,30.354
1487.829,30.368
1489.831,30.382
1491.833,30.396
1493.835,30.410
1495.837,30.424
1497.839,30.438
1499.841,30.452
1501.843,30.466
1503.845,30.480
1505.847,30.494
1507.849,30.507
1509.851,30.521
1511.853,30.535
1513.854,30.549
1515.856,30.563
1517.858,30.577
1519.860,30.591
1521.862,30.605
1523.864,30.619
1525.866,30.633
1527.868,30.647
1529.870,30.661
1531.872,30.674
1533.874,30.688
1535.876,30.702
1537.878,30.716
1539.880,30.730
1541.882,30.744
1543.884,30.758
1545.886,30.772
1547.888,30.786
1549.890,30.800
1551.892,30.813
1553.894,30.827
1555.896,30.841
1557.897,30.855
1559.899,30.869
1561.901,30.883
1563.903,30.897
1565.905,30.911
1567.907,30.925
1569.909,30.938
1571.911,30.952
1573.913,30.966
1575.915,30.980
1577.917,30.994
1579.919,31.008
1581.921,31.022
1583.923,31.036
1585.925,31.050
1587.927,31.063
1589.929,31.077
1591.931,31.091
1593.933,31.105
1595.935,31.119
1597.937,31.133
1599.938,31.147
1601.940,31.161
1603.942,31.174
1605.944,31.188
1607.946,31.202
1609.948,31.216
1611.950,31.230
1613.952,31.244
1615.954,31.258
1617.956,31.272
1619.958,31.286
1621.960,31.299
1623.962,31.313
1625.964,31.327
1627.966,31.341
1629.968,31.355
1631.970,31.369
1633.972,31.383
1635.974,31.396
1637.976,31.410
1639.978,31.424
1641.979,31.438
1643.981,31.452
1645.983,31.466
1647.985,31.480
1649.987,31.493
1651.989,31.507
1653.991,31.521
1655.993,31.535
1657.995,31.549
1659.997,31.563
1661.999,31.577
1664.001,31.590
1666.003,31.604
1668.005,31.618
1670.007,31.632
1672.009,31.646
1674.011,31.660
1676.013,31.674
1678.015,31.687
1680.017,31.701
1682.019,31.715
1684.021,31.729
1686.022,31.743
1688.024,31.757
1690.026,31.771
1692.028,31.784
1694.030,31.798
1696.032,31.812
1698.034,31.826
1700.036,31.840
1702.038,31.854
1704.040,31.867
1706.042,31.881
1708.044,31.895
1710.046,31.909
1712.048,31.923
1714.050,31.937
1716.052,31.951
1718.054,31.964
1720.056,31.978
1722.058,31.992
1724.060,32.006
1726.062,32.020
1728.063,32.034
1730.065,32.047
1732.067,32.061
1734.069,32.075
1736.071,32.089
1738.073,32.103
1740.075,32.117
1742.077,32.130
1744.079,32.144
1746.081,32.158
1748.083,32.172
1750.085,32.186
1752.087,32.200
1754.089,32.213
1756.091,32.227
1758.093,32.241
1760.095,32.255
1762.097,32.269
1764.099,32.282
1766.101,32.296
1768.103,32.310
1770.104,32.324
1772.106,32.338
1774.108,32.352
1776.110,32.365
1778.112,32.379
1780.114,32.393
1782.116,32.407
1784.118,32.421
1786.120,32.434
1788.122,32.448
1790.124,32.462
1792.126,32.476
1794.128,32.490
1796.130,32.503
1798.132,32.517
1800.134,32.531
1802.136,32.545
1804.138,32.559
1806.140,32.573
1808.142,32.586
1810.144,32.600
1812.146,32.614
1814.147,32.628
1816.149,32.642
1818.151,32.655
1820.153,32.669
1822.155,32.683
1824.157,32.697
1826.159,32.710
1828.161,32.724
1830.163,32.738
1832.165,32.752
1834.167,32.766
1836.169,32.779
1838.171,32.793
1840.173,32.807
1842.175,32.821
1844.177,32.835
1846.179,32.848
1848.181,32.862
1850.183,32.876
1852.185,32.890
1854.187,32.904
1856.188,32.917
1858.190,32.931
1860.192,32.945
1862.194,32.959
1864.196,32.973
1866.198,32.986
1868.200,33.000
1870.202,33.014
1872.204,33.028
1874.206,33.041
1876.208,33.055
1878.210,33.069
1880.212,33.083
1882.214,33.097
1884.216,33.110
1886.218,33.124
1888.220,33.138
1890.222,33.152
1892.224,33.165
1894.226,33.179
1896.228,33.193
1898.229,33.207
1900.231,33.221
1902.233,33.234
1904.235,33.248
1906.237,33.262
1908.239,33.276
1910.241,33.289
1912.243,33.303
1914.245,33.317
1916.247,33.331
1918.249,33.344
1920.251,33.358
1922.253,33.372
1924.255,33.386
1926.257,33.399
1928.259,33.413
1930.261,33.427
1932.263,33.441
1934.265,33.454
1936.267,33.468
1938.269,33.482
1940.271,33.496
1942.272,33.509
1944.274,33.523
1946.276,33.537
1948.278,33.551
1950.280,33.565
1952.282,33.578
1954.284,33.592
1956.286,33.606
1958.288,33.620
1960.290,33.633
1962.292,33.647
1964.294,33.661
1966.296,33.675
1968.298,33.688
1970.300,33.702
1972.302,33.716
1974.304,33.730
1976.306,33.743
1978.308,33.757
1980.310,33.771
1982.312,33.785
1984.313,33.798
1986.315,33.812
1988.317,33.826
1990.319,33.840
1992.321,33.853
1994.323,33.867
1996.325,33.881
1998.327,33.894
2000.329,33.908
2002.331,33.922
2004.333,33.936
2006.335,33.949
2008.337,33.963
2010.339,33.977
2012.341,33.991
2014.343,34.004
2016.345,34.018
2018.347,34.032
2020.349,34.045
2022.351,34.059
2024.353,34.073
2026.354,34.087
2028.356,34.100
2030.358,34.114
2032.360,34.128
2034.362,34.141
2036.364,34.155
2038.366,34.169
2040.368,34.182
2042.370,34.196
2044.372,34.210
2046.374,34.224
2048.376,34.237
2050.378,34.251
2052.380,34.265
2054.382,34.278
2056.384,34.292
2058.386,34.306
2060.388,34.320
2062.390,34.333
2064.392,34.347
2066.394,34.361
2068.396,34.374
2070.397,34.388
2072.399,34.402
2074.401,34.416
2076.403,34.429
2078.405,34.443
2080.407,34.457
2082.409,34.470
2084.411,34.484
2086.413,34.498
2088.415,34.511
2090.417,34.525
2092.419,34.539
2094.421,34.553
2096.423,34.566
2098.425,34.580
2100.427,34.594
2102.429,34.607
2104.431,34.621
2106.433,34.635
2108.435,34.648
2110.437,34.662
2112.438,34.676
2114.440,34.689
2116.442,34.703
2118.444,34.717
2120.446,34.730
2122.448,34.744
2124.450,34.758
2126.452,34.771
2128.454,34.785
2130.456,34.799
2132.458,34.812
2134.460,34.826
2136.462,34.840
2138.464,34.853
2140.466,34.867
2142.468,34.881
2144.470,34.894
2146.472,34.908
2148.474,34.922
2150.476,34.935
2152.478,34.949
2154.479,34.963
2156.481,34.976
2158.483,34.990
2160.485,35.004
2162.487,35.017
2164.489,35.031
2166.491,35.045
2168.493,35.059
2170.495,35.072
2172.497,35.086
2174.499,35.100
2176.501,35.113
2178.503,35.127
2180.505,35.141
2182.507,35.154
2184.509,35.168
2186.511,35.182
2188.513,35.195
2190.515,35.209
2192.517,35.223
2194.519,35.236
2196.521,35.250
2198.522,35.264
2200.524,35.277
2202.526,35.291
2204.528,35.305
2206.530,35.318
2208.532,35.332
2210.534,35.346
2212.536,35.359
2214.538,35.373
2216.540,35.387
2218.542,35.400
2220.544,35.414
2222.546,35.428
2224.548,35.441
2226.550,35.455
2228.552,35.469
2230.554,35.482
2232.556,35.496
2234.558,35.510
2236.560,35.523
2238.562,35.537
2240.563,35.550
2242.565,35.564
2244.567,35.578
2246.569,35.591
2248.571,35.605
2250.573,35.619
2252.575,35.632
2254.577,35.646
2256.579,35.660
2258.581,35.673
2260.583,35.687
2262.585,35.701
2264.587,35.714
2266.589,35.728
2268.591,35.742
2270.593,35.755
2272.595,35.769
2274.597,35.783
2276.599,35.796
2278.601,35.810
2280.603,35.824
2282.604,35.837
2284.606,35.851
2286.608,35.864
2288.610,35.878
2290.612,35.892
2292.614,35.905
2294.616,35.919
2296.618,35.933
2298.620,35.946
2300.622,35.960
2302.624,35.974
2304.626,35.987
2306.628,36.001
2308.630,36.015
2310.632,36.028
2312.634,36.042
2314.636,36.056
2316.638,36.069
2318.640,36.083
2320.642,36.097
2322.644,36.110
2324.646,36.124
2326.647,36.137
2328.649,36.151
2330.651,36.165
2332.653,36.178
2334.655,36.192
2336.657,36.206
2338.659,36.219
2340.661,36.233
2342.663,36.247
2344.665,36.260
2346.667,36.274
2348.669,36.287
2350.671,36.301
2352.673,36.315
2354.675,36.328
2356.677,36.342
2358.679,36.355
2360.681,36.369
2362.683,36.383
2364.685,36.396
2366.687,36.410
2368.688,36.424
2370.690,36.437
2372.692,36.451
2374.694,36.464
2376.696,36.478
2378.698,36.492
2380.700,36.505
2382.702,36.519
2384.704,36.532
2386.706,36.546
2388.708,36.560
2390.710,36.573
2392.712,36.587
2394.714,36.600
2396.716,36.614
2398.718,36.628
2400.720,36.641
2402.722,36.655
2404.724,36.669
2406.726,36.682
2408.728,36.696
2410.729,36.709
2412.731,36.723
2414.733,36.737
2416.735,36.750
2418.737,36.764
2420.739,36.777
2422.741,36.791
2424.743,36.805
2426.745,36.818
2428.747,36.832
2430.749,36.845
2432.751,36.859
2434.753,36.873
2436.755,36.886
2438.757,36.900
2440.759,36.913
2442.761,36.927
2444.763,36.941
2446.765,36.954
2448.767,36.968
2450.769,36.981
2452.771,36.995
2454.772,37.009
2456.774,37.022
2458.776,37.036
2460.778,37.049
2462.780,37.063
2464.782,37.076
2466.784,37.090
2468.786,37.104
2470.788,37.117
2472.790,37.131
2474.792,37.144
2476.794,37.158
2478.796,37.171
2480.798,37.185
2482.800,37.199
2484.802,37.212
2486.804,37.226
2488.806,37.239
2490.808,37.253
2492.810,37.266
2494.812,37.280
2496.813,37.294
2498.815,37.307
2500.817,37.321
2502.819,37.334
2504.821,37.348
2506.823,37.361
2508.825,37.375
2510.827,37.389
2512.829,37.402
2514.831,37.416
2516.833,37.429
2518.835,37.443
2520.837,37.456
2522.839,37.470
2524.841,37.483
2526.843,37.497
2528.845,37.511
2530.847,37.524
2532.849,37.538
2534.851,37.551
2536.853,37.565
2538.854,37.578
2540.856,37.592
2542.858,37.606
2544.860,37.619
2546.862,37.633
2548.864,37.646
2550.866,37.660
2552.868,37.673
2554.870,37.687
2556.872,37.700
2558.874,37.714
2560.876,37.728
2562.878,37.741
2564.880,37.755
2566.882,37.768
2568.884,37.782
2570.886,37.795
2572.888,37.809
2574.890,37.822
2576.892,37.836
2578.894,37.849
2580.896,37.863
2582.897,37.877
2584.899,37.890
2586.901,37.904
2588.903,37.917
2590.905,37.931
2592.907,37.944
2594.909,37.958
2596.911,37.971
2598.913,37.985
2600.915,37.998
2602.917,38.012
2604.919,38.025
2606.921,38.039
2608.923,38.052
2610.925,38.066
2612.927,38.079
2614.929,38.093
2616.931,38.106
2618.933,38.120
2620.935,38.134
2622.937,38.147
2624.938,38.161
2626.940,38.174
2628.942,38.188
2630.944,38.201
2632.946,38.215
2634.948,38.228
2636.950,38.242
2638.952,38.255
2640.954,38.269
2642.956,38.282
2644.958,38.296
2646.960,38.309
2648.962,38.323
2650.964,38.336
2652.966,38.350
2654.968,38.363
2656.970,38.377
2658.972,38.390
2660.974,38.404
2662.976,38.417
2664.978,38.431
2666.979,38.444
2668.981,38.458
2670.983,38.471
2672.985,38.485
2674.987,38.498
2676.989,38.512
2678.991,38.525
2680.993,38.539
2682.995,38.552
2684.997,38.566
2686.999,38.579
2689.001,38.593
2691.003,38.606
2693.005,38.620
2695.007,38.633
2697.009,38.647
2699.011,38.660
2701.013,38.674
2703.015,38.687
2705.017,38.701
2707.019,38.714
2709.021,38.728
2711.022,38.741
2713.024,38.755
2715.026,38.768
2717.028,38.782
2719.030,38.795
2721.032,38.809
2723.034,38.822
2725.036,38.836
2727.038,38.849
2729.040,38.863
2731.042,38.876
2733.044,38.890
2735.046,38.903
2737.048,38.917
2739.050,38.930
2741.052,38.944
2743.054,38.957
2745.056,38.971
2747.058,38.984
2749.060,38.997
2751.062,39.011
2753.063,39.024
2755.065,39.038
2757.067,39.051
2759.069,39.065
2761.071,39.078
2763.073,39.092
2765.075,39.105
2767.077,39.119
2769.079,39.132
2771.081,39.146
2773.083,39.159
2775.085,39.173
2777.087,39.186
2779.089,39.200
2781.091,39.213
2783.093,39.227
2785.095,39.240
2787.097,39.254
2789.099,39.267
2791.101,39.280
2793.103,39.294
2795.104,39.307
2797.106,39.321
2799.108,39.334
2801.110,39.348
2803.112,39.361
2805.114,39.375
2807.116,39.388
2809.118,39.402
2811.120,39.415
2813.122,39.429
2815.124,39.442
2817.126,39.456
2819.128,39.469
2821.130,39.483
2823.132,39.496
2825.134,39.509
2827.136,39.523
2829.138,39.536
2831.140,39.550
2833.142,39.563
2835.144,39.577
2837.146,39.590
2839.147,39.604
2841.149,39.617
2843.151,39.631
2845.153,39.644
2847.155,39.657
2849.157,39.671
2851.159,39.684
2853.161,39.698
2855.163,39.711
2857.165,39.725
2859.167,39.738
2861.169,39.752
2863.171,39.765
2865.173,39.779
2867.175,39.792
2869.177,39.805
2871.179,39.819
2873.181,39.832
2875.183,39.846
2877.185,39.859
2879.187,39.873
2881.188,39.886
2883.190,39.900
2885.192,39.913
2887.194,39.926
2889.196,39.940
2891.198,39.953
2893.200,39.967
2895.202,39.980
2897.204,39.994
2899.206,40.007
2901.208,40.021
2903.210,40.034
2905.212,40.047
2907.214,40.061
2909.216,40.074
2911.218,40.088
2913.220,40.101
2915.222,40.115
2917.224,40.128
2919.226,40.142
2921.228,40.155
2923.229,40.168
2925.231,40.182
2927.233,40.195
2929.235,40.209
2931.237,40.222
2933.239,40.235
2935.241,40.249
2937.243,40.262
2939.245,40.276
2941.247,40.289
2943.249,40.302
2945.251,40.316
2947.253,40.329
2949.255,40.343
2951.257,40.356
2953.259,40.370
2955.261,40.383
2957.263,40.396
2959.265,40.410
2961.267,40.423
2963.269,40.437
2965.271,40.450
2967.272,40.463
2969.274,40.477
2971.276,40.490
2973.278,40.504
2975.280,40.517
2977.282,40.530
2979.284,40.544
2981.286,40.557
2983.288,40.571
2985.290,40.584
2987.292,40.597
2989.294,40.611
2991.296,40.624
2993.298,40.637
2995.300,40.651
2997.302,40.664
2999.304,40.678
3001.306,40.691
3003.308,40.704
3005.310,40.718
3007.312,40.731
3009.313,40.744
3011.315,40.758
3013.317,40.771
3015.319,40.785
3017.321,40.798
3019.323,40.811
3021.325,40.825
3023.327,40.838
3025.329,40.852
3027.331,40.865
3029.333,40.878
3031.335,40.892
3033.337,40.905
3035.339,40.919
3037.341,40.932
3039.343,40.945
3041.345,40.959
3043.347,40.972
3045.349,40.986
3047.351,40.999
3049.353,41.012
3051.354,41.026
3053.356,41.039
3055.358,41.053
3057.360,41.066
3059.362,41.079
3061.364,41.093
3063.366,41.106
3065.368,41.120
3067.370,41.133
3069.372,41.146
3071.374,41.160
3073.376,41.173
3075.378,41.187
3077.380,41.200
3079.382,41.213
3081.384,41.227
3083.386,41.240
3085.388,41.254
3087.390,41.267
3089.392,41.280
3091.394,41.294
3093.396,41.307
3095.397,41.320
3097.399,41.334
3099.401,41.347
3101.403,41.361
3103.405,41.374
3105.407,41.387
3107.409,41.401
3109.411,41.414
3111.413,41.427
3113.415,41.441
3115.417,41.454
3117.419,41.468
3119.421,41.481
3121.423,41.494
3123.425,41.508
3125.427,41.521
3127.429,41.534
3129.431,41.548
3131.433,41.561
3133.435,41.574
3135.437,41.588
3137.438,41.601
3139.440,41.614
3141.442,41.628
3143.444,41.641
3145.446,41.655
3147.448,41.668
3149.450,41.681
3151.452,41.695
3153.454,41.708
3155.456,41.721
3157.458,41.735
3159.460,41.748
3161.462,41.761
3163.464,41.775
3165.466,41.788
3167.468,41.801
3169.470,41.815
3171.472,41.828
3173.474,41.841
3175.476,41.855
3177.478,41.868
3179.479,41.882
3181.481,41.895
3183.483,41.908
3185.485,41.922
3187.487,41.935
3189.489,41.948
3191.491,41.962
3193.493,41.975
3195.495,41.988
3197.497,42.002
3199.499,42.015
3201.501,42.028
3203.503,42.042
3205.505,42.055
3207.507,42.068
3209.509,42.082
3211.511,42.095
3213.513,42.108
3215.515,42.122
3217.517,42.135
3219.519,42.148
3221.521,42.162
3223.522,42.175
3225.524,42.188
3227.526,42.202
3229.528,42.215
3231.530,42.228
3233.532,42.242
3235.534,42.255
3237.536,42.268
3239.538,42.281
3241.540,42.295
3243.542,42.308
3245.544,42.321
3247.546,42.335
3249.548,42.348
3251.550,42.361
3253.552,42.375
3255.554,42.388
3257.556,42.401
3259.558,42.414
3261.560,42.428
3263.562,42.441
3265.563,42.454
3267.565,42.468
3269.567,42.481
3271.569,42.494
3273.571,42.508
3275.573,42.521
3277.575,42.534
3279.577,42.547
3281.579,42.561
3283.581,42.574
3285.583,42.587
3287.585,42.601
3289.587,42.614
3291.589,42.627
3293.591,42.641
3295.593,42.654
3297.595,42.667
3299.597,42.680
3301.599,42.694
3303.601,42.707
3305.603,42.720
3307.604,42.734
3309.606,42.747
3311.608,42.760
3313.610,42.774
3315.612,42.787
3317.614,42.800
3319.616,42.814
3321.618,42.827
3323.620,42.840
3325.622,42.853
3327.624,42.867
3329.626,42.880
3331.628,42.893
3333.630,42.907
3335.632,42.920
3337.634,42.933
3339.636,42.947
3341.638,42.960
3343.640,42.973
3345.642,42.987
3347.644,43.000
3349.646,43.013
3351.647,43.027
3353.649,43.040
3355.651,43.053
3357.653,43.067
3359.655,43.080
3361.657,43.093
3363.659,43.107
3365.661,43.120
3367.663,43.133
3369.665,43.147
3371.667,43.160
3373.669,43.173
3375.671,43.187
3377.673,43.200
3379.675,43.213
3381.677,43.226
3383.679,43.240
3385.681,43.253
3387.683,43.266
3389.685,43.280
3391.687,43.293
3393.688,43.306
3395.690,43.319
3397.692,43.333
3399.694,43.346
3401.696,43.359
3403.698,43.373
3405.700,43.386
3407.702,43.399
3409.704,43.412
3411.706,43.426
3413.708,43.439
3415.710,43.452
3417.712,43.466
3419.714,43.479
3421.716,43.492
3423.718,43.506
3425.720,43.519
3427.722,43.532
3429.724,43.545
3431.726,43.559
3433.728,43.572
3435.729,43.585
3437.731,43.598
3439.733,43.612
3441.735,43.625
3443.737,43.638
3445.739,43.652
3447.741,43.665
3449.743,43.678
3451.745,43.691
3453.747,43.705
3455.749,43.718
3457.751,43.731
3459.753,43.744
3461.755,43.758
3463.757,43.771
3465.759,43.784
3467.761,43.797
3469.763,43.811
3471.765,43.824
3473.767,43.837
3475.769,43.851
3477.771,43.864
3479.772,43.877
3481.774,43.890
3483.776,43.904
3485.778,43.917
3487.780,43.930
3489.782,43.943
3491.784,43.957
3493.786,43.970
3495.788,43.983
3497.790,43.996
3499.792,44.010
3501.794,44.023
3503.796,44.036
3505.798,44.049
3507.800,44.063
3509.802,44.076
3511.804,44.089
3513.806,44.102
3515.808,44.116
3517.810,44.129
3519.812,44.142
3521.813,44.155
3523.815,44.169
3525.817,44.182
3527.819,44.195
3529.821,44.208
3531.823,44.222
3533.825,44.235
3535.827,44.248
3537.829,44.261
3539.831,44.275
3541.833,44.288
3543.835,44.301
3545.837,44.314
3547.839,44.328
3549.841,44.341
3551.843,44.354
3553.845,44.367
3555.847,44.381
3557.849,44.394
3559.851,44.407
3561.853,44.420
3563.854,44.433
3565.856,44.447
3567.858,44.460
3569.860,44.473
3571.862,44.486
3573.864,44.500
3575.866,44.513
3577.868,44.526
3579.870,44.539
3581.872,44.553
3583.874,44.566
3585.876,44.579
3587.878,44.592
3589.880,44.605
3591.882,44.619
3593.884,44.632
3595.886,44.645
3597.888,44.658
3599.890,44.672
3601.892,44.685
3603.894,44.698
3605.896,44.711
3607.897,44.724
3609.899,44.738
3611.901,44.751
3613.903,44.764
3615.905,44.777
3617.907,44.791
3619.909,44.804
3621.911,44.817
3623.913,44.830
3625.915,44.843
3627.917,44.857
3629.919,44.870
3631.921,44.883
3633.923,44.896
3635.925,44.909
3637.927,44.923
3639.929,44.936
3641.931,44.949
3643.933,44.962
3645.935,44.976
3647.937,44.989
3649.938,45.002
3651.940,45.015
3653.942,45.028
3655.944,45.042
3657.946,45.055
3659.948,45.068
3661.950,45.081
3663.952,45.094
3665.954,45.108
3667.956,45.121
3669.958,45.134
3671.960,45.147
3673.962,45.160
3675.964,45.174
3677.966,45.187
3679.968,45.200
3681.970,45.213
3683.972,45.227
3685.974,45.240
3687.976,45.253
3689.978,45.266
3691.979,45.280
3693.981,45.293
3695.983,45.306
3697.985,45.319
3699.987,45.332
3701.989,45.346
3703.991,45.359
3705.993,45.372
3707.995,45.385
3709.997,45.398
3711.999,45.412
3714.001,45.425
3716.003,45.438
3718.005,45.451
3720.007,45.464
3722.009,45.478
3724.011,45.491
3726.013,45.504
3728.015,45.517
3730.017,45.531
3732.019,45.544
3734.021,45.557
3736.022,45.570
3738.024,45.583
3740.026,45.597
3742.028,45.610
3744.030,45.623
3746.032,45.636
3748.034,45.649
3750.036,45.663
3752.038,45.676
3754.040,45.689
3756.042,45.702
3758.044,45.715
3760.046,45.729
3762.048,45.742
3764.050,45.755
3766.052,45.768
3768.054,45.781
3770.056,45.795
3772.058,45.808
3774.060,45.821
3776.062,45.834
3778.063,45.847
3780.065,45.861
3782.067,45.874
3784.069,45.887
3786.071,45.900
3788.073,45.913
3790.075,45.926
3792.077,45.940
3794.079,45.953
3796.081,45.966
3798.083,45.979
3800.085,45.992
3802.087,46.005
3804.089,46.019
3806.091,46.032
3808.093,46.045
3810.095,46.058
3812.097,46.071
3814.099,46.084
3816.101,46.097
3818.103,46.111
3820.104,46.124
3822.106,46.137
3824.108,46.150
3826.110,46.163
3828.112,46.176
3830.114,46.190
3832.116,46.203
3834.118,46.216
3836.120,46.229
3838.122,46.242
3840.124,46.255
3842.126,46.268
3844.128,46.281
3846.130,46.295
3848.132,46.308
3850.134,46.321
3852.136,46.334
3854.138,46.347
3856.140,46.360
3858.142,46.373
3860.144,46.387
3862.146,46.400
3864.147,46.413
3866.149,46.426
3868.151,46.439
3870.153,46.452
3872.155,46.465
3874.157,46.478
3876.159,46.491
3878.161,46.505
3880.163,46.518
3882.165,46.531
3884.167,46.544
3886.169,46.557
3888.171,46.570
3890.173,46.583
3892.175,46.596
3894.177,46.610
3896.179,46.623
3898.181,46.636
3900.183,46.649
3902.185,46.662
3904.187,46.675
3906.188,46.688
3908.190,46.701
3910.192,46.714
3912.194,46.728
3914.196,46.741
3916.198,46.754
3918.200,46.767
3920.202,46.780
3922.204,46.793
3924.206,46.806
3926.208,46.819
3928.210,46.832
3930.212,46.846
3932.214,46.859
3934.216,46.872
3936.218,46.885
3938.220,46.898
3940.222,46.911
3942.224,46.924
3944.226,46.937
3946.228,46.950
3948.229,46.963
3950.231,46.977
3952.233,46.990
3954.235,47.003
3956.237,47.016
3958.239,47.029
3960.241,47.042
3962.243,47.055
3964.245,47.068
3966.247,47.081
3968.249,47.095
3970.251,47.108
3972.253,47.121
3974.255,47.134
3976.257,47.147
3978.259,47.160
3980.261,47.173
3982.263,47.186
3984.265,47.199
3986.267,47.212
3988.269,47.226
3990.271,47.239
3992.272,47.252
3994.274,47.265
3996.276,47.278
3998.278,47.291
4000.280,47.304
4002.282,47.317
4004.284,47.330
4006.286,47.344
4008.288,47.357
4010.290,47.370
4012.292,47.383
4014.294,47.396
4016.296,47.409
4018.298,47.422
4020.300,47.435
4022.302,47.448
4024.304,47.462
4026.306,47.475
4028.308,47.488
4030.310,47.501
4032.312,47.514
4034.313,47.527
4036.315,47.540
4038.317,47.553
4040.319,47.566
4042.321,47.580
4044.323,47.593
4046.325,47.606
4048.327,47.619
4050.329,47.632
4052.331,47.645
4054.333,47.658
4056.335,47.671
4058.337,47.684
4060.339,47.697
4062.341,47.710
4064.343,47.724
4066.345,47.737
4068.347,47.750
4070.349,47.763
4072.351,47.776
4074.353,47.789
4076.354,47.802
4078.356,47.815
4080.358,47.828
4082.360,47.841
4084.362,47.854
4086.364,47.867
4088.366,47.880
4090.368,47.893
4092.370,47.906
4094.372,47.919
4096.374,47.932
4098.376,47.945
4100.378,47.959
4102.380,47.972
4104.382,47.985
4106.384,47.998
4108.386,48.011
4110.388,48.024
4112.390,48.037
4114.392,48.050
4116.394,48.063
4118.396,48.076
4120.397,48.089
4122.399,48.102
4124.401,48.115
4126.403,48.128
4128.405,48.141
4130.407,48.154
4132.409,48.167
4134.411,48.180
4136.413,48.193
4138.415,48.206
4140.417,48.219
4142.419,48.232
4144.421,48.245
4146.423,48.258
4148.425,48.271
4150.427,48.284
4152.429,48.297
4154.431,48.310
4156.433,48.323
4158.435,48.336
4160.437,48.349
4162.438,48.362
4164.440,48.376
4166.442,48.389
4168.444,48.402
4170.446,48.415
4172.448,48.428
4174.450,48.441
4176.452,48.454
4178.454,48.467
4180.456,48.480
4182.458,48.493
4184.460,48.506
4186.462,48.519
4188.464,48.532
4190.466,48.545
4192.468,48.558
4194.470,48.571
4196.472,48.584
4198.474,48.597
4200.476,48.610
4202.478,48.623
4204.479,48.636
4206.481,48.649
4208.483,48.662
4210.485,48.675
4212.487,48.688
4214.489,48.701
4216.491,48.714
4218.493,48.727
4220.495,48.740
4222.497,48.753
4224.499,48.766
4226.501,48.779
4228.503,48.792
4230.505,48.805
4232.507,48.818
4234.509,48.831
4236.511,48.844
4238.513,48.857
4240.515,48.870
4242.517,48.883
4244.519,48.896
4246.521,48.909
4248.522,48.923
4250.524,48.936
4252.526,48.949
4254.528,48.962
4256.530,48.975
4258.532,48.988
4260.534,49.001
4262.536,49.014
4264.538,49.027
4266.540,49.040
4268.542,49.053
4270.544,49.066
4272.546,49.079
4274.548,49.092
4276.550,49.105
4278.552,49.118
4280.554,49.131
4282.556,49.144
4284.558,49.157
4286.560,49.170
4288.562,49.183
4290.563,49.196
4292.565,49.209
4294.567,49.222
4296.569,49.235
4298.571,49.248
4300.573,49.261
4302.575,49.274
4304.577,49.287
4306.579,49.300
4308.581,49.313
4310.583,49.326
4312.585,49.339
4314.587,49.352
4316.589,49.365
4318.591,49.378
4320.593,49.391
4322.595,49.404
4324.597,49.417
4326.599,49.430
4328.601,49.443
4330.603,49.456
4332.604,49.469
4334.606,49.482
4336.608,49.495
4338.610,49.508
4340.612,49.521
4342.614,49.534
4344.616,49.547
4346.618,49.560
4348.620,49.573
4350.622,49.586
4352.624,49.599
4354.626,49.612
4356.628,49.626
4358.630,49.639
4360.632,49.652
4362.634,49.665
4364.636,49.678
4366.638,49.691
4368.640,49.704
4370.642,49.717
4372.644,49.730
4374.646,49.743
4376.647,49.756
4378.649,49.769
4380.651,49.782
4382.653,49.795
4384.655,49.808
4386.657,49.821
4388.659,49.834
4390.661,49.847
4392.663,49.859
4394.665,49.872
4396.667,49.885
4398.669,49.898
4400.671,49.911
4402.673,49.924
4404.675,49.937
4406.677,49.950
4408.679,49.963
4410.681,49.976
4412.683,49.989
4414.685,50.002
4416.687,50.015
4418.688,50.028
4420.690,50.041
4422.692,50.054
4424.694,50.067
4426.696,50.080
4428.698,50.093
4430.700,50.106
4432.702,50.119
4434.704,50.132
4436.706,50.145
4438.708,50.158
4440.710,50.171
4442.712,50.184
4444.714,50.196
4446.716,50.209
4448.718,50.222
4450.720,50.235
4452.722,50.248
4454.724,50.261
4456.726,50.274
4458.728,50.287
4460.729,50.300
4462.731,50.313
4464.733,50.326
4466.735,50.339
4468.737,50.352
4470.739,50.364
4472.741,50.377
4474.743,50.390
4476.745,50.403
4478.747,50.416
4480.749,50.429
4482.751,50.442
4484.753,50.455
4486.755,50.468
4488.757,50.481
4490.759,50.494
4492.761,50.507
4494.763,50.520
4496.765,50.532
4498.767,50.545
4500.769,50.558
4502.771,50.571
4504.772,50.584
4506.774,50.597
4508.776,50.610
4510.778,50.623
4512.780,50.636
4514.782,50.649
4516.784,50.662
4518.786,50.675
4520.788,50.687
4522.790,50.700
4524.792,50.713
4526.794,50.726
4528.796,50.739
4530.798,50.752
4532.800,50.765
4534.802,50.778
4536.804,50.791
4538.806,50.804
4540.808,50.817
4542.810,50.830
4544.812,50.842
4546.813,50.855
4548.815,50.868
4550.817,50.881
4552.819,50.894
4554.821,50.907
4556.823,50.920
4558.825,50.933
4560.827,50.946
4562.829,50.959
4564.831,50.972
4566.833,50.985
4568.835,50.998
4570.837,51.011
4572.839,51.024
4574.841,51.036
4576.843,51.049
4578.845,51.062
4580.847,51.075
4582.849,51.088
4584.851,51.101
4586.853,51.114
4588.854,51.127
4590.856,51.140
4592.858,51.153
4594.860,51.166
4596.862,51.179
4598.864,51.192
4600.866,51.205
4602.868,51.217
4604.870,51.230
4606.872,51.243
4608.874,51.256
4610.876,51.269
4612.878,51.282
4614.880,51.295
4616.882,51.308
4618.884,51.321
4620.886,51.334
4622.888,51.347
4624.890,51.360
4626.892,51.373
4628.894,51.386
4630.896,51.398
4632.897,51.411
4634.899,51.424
4636.901,51.437
4638.903,51.450
4640.905,51.463
4642.907,51.476
4644.909,51.489
4646.911,51.502
4648.913,51.515
4650.915,51.528
4652.917,51.540
4654.919,51.553
4656.921,51.566
4658.923,51.579
4660.925,51.592
4662.927,51.605
4664.929,51.618
4666.931,51.631
4668.933,51.644
4670.935,51.657
4672.937,51.669
4674.938,51.682
4676.940,51.695
4678.942,51.708
4680.944,51.721
4682.946,51.734
4684.948,51.747
4686.950,51.760
4688.952,51.773
4690.954,51.786
4692.956,51.799
4694.958,51.811
4696.960,51.824
4698.962,51.837
4700.964,51.850
4702.966,51.863
4704.968,51.876
4706.970,51.889
4708.972,51.902
4710.974,51.915
4712.976,51.928
4714.978,51.941
4716.979,51.953
4718.981,51.966
4720.983,51.979
4722.985,51.992
4724.987,52.005
4726.989,52.018
4728.991,52.031
4730.993,52.044
4732.995,52.057
4734.997,52.070
4736.999,52.082
4739.001,52.095
4741.003,52.108
4743.005,52.121
4745.007,52.134
4747.009,52.147
4749.011,52.160
4751.013,52.173
4753.015,52.186
4755.017,52.198
4757.019,52.211
4759.021,52.224
4761.022,52.237
4763.024,52.250
4765.026,52.263
4767.028,52.276
4769.030,52.289
4771.032,52.301
4773.034,52.314
4775.036,52.327
4777.038,52.340
4779.040,52.353
4781.042,52.366
4783.044,52.379
4785.046,52.392
4787.048,52.405
4789.050,52.417
4791.052,52.430
4793.054,52.443
4795.056,52.456
4797.058,52.469
4799.060,52.482
4801.062,52.495
4803.063,52.508
4805.065,52.520
4807.067,52.533
4809.069,52.546
4811.071,52.559
4813.073,52.572
4815.075,52.585
4817.077,52.598
4819.079,52.611
4821.081,52.624
4823.083,52.636
4825.085,52.649
4827.087,52.662
4829.089,52.675
4831.091,52.688
4833.093,52.701
4835.095,52.714
4837.097,52.726
4839.099,52.739
4841.101,52.752
4843.103,52.765
4845.104,52.778
4847.106,52.791
4849.108,52.804
4851.110,52.816
4853.112,52.829
4855.114,52.842
4857.116,52.855
4859.118,52.868
4861.120,52.881
4863.122,52.893
4865.124,52.906
4867.126,52.919
4869.128,52.932
4871.130,52.945
4873.132,52.958
4875.134,52.970
4877.136,52.983
4879.138,52.996
4881.140,53.009
4883.142,53.022
4885.144,53.035
4887.146,53.047
4889.147,53.060
4891.149,53.073
4893.151,53.086
4895.153,53.099
4897.155,53.111
4899.157,53.124
4901.159,53.137
4903.161,53.150
4905.163,53.163
4907.165,53.176
4909.167,53.188
4911.169,53.201
4913.171,53.214
4915.173,53.227
4917.175,53.240
4919.177,53.253
4921.179,53.265
4923.181,53.278
4925.183,53.291
4927.185,53.304
4929.187,53.317
4931.188,53.329
4933.190,53.342
4935.192,53.355
4937.194,53.368
4939.196,53.381
4941.198,53.394
4943.200,53.406
4945.202,53.419
4947.204,53.432
4949.206,53.445
4951.208,53.458
4953.210,53.471
4955.212,53.483
4957.214,53.496
4959.216,53.509
4961.218,53.522
4963.220,53.535
4965.222,53.547
4967.224,53.560
4969.226,53.573
4971.228,53.586
4973.229,53.599
4975.231,53.612
4977.233,53.624
4979.235,53.637
4981.237,53.650
4983.239,53.663
4985.241,53.676
4987.243,53.688
4989.245,53.701
4991.247,53.714
4993.249,53.727
4995.251,53.740
4997.253,53.753
4999.255,53.765
5001.257,53.778
5003.259,53.791
5005.261,53.804
5007.263,53.817
5009.265,53.829
5011.267,53.842
5013.269,53.855
5015.271,53.868
5017.272,53.881
5019.274,53.894
5021.276,53.906
5023.278,53.919
5025.280,53.932
5027.282,53.945
5029.284,53.958
5031.286,53.971
5033.288,53.983
5035.290,53.996
5037.292,54.009
5039.294,54.022
5041.296,54.035
5043.298,54.047
5045.300,54.060
5047.302,54.073
5049.304,54.086
5051.306,54.099
5053.308,54.112
5055.310,54.124
5057.312,54.137
5059.313,54.150
5061.315,54.163
5063.317,54.176
5065.319,54.188
5067.321,54.201
5069.323,54.214
5071.325,54.227
5073.327,54.240
5075.329,54.253
5077.331,54.265
5079.333,54.278
5081.335,54.291
5083.337,54.304
5085.339,54.317
5087.341,54.329
5089.343,54.342
5091.345,54.355
5093.347,54.368
5095.349,54.381
5097.351,54.393
5099.353,54.406
5101.354,54.419
5103.356,54.432
5105.358,54.445
5107.360,54.457
5109.362,54.470
5111.364,54.483
5113.366,54.496
5115.368,54.508
5117.370,54.521
5119.372,54.534
5121.374,54.547
5123.376,54.559
5125.378,54.572
5127.380,54.585
5129.382,54.598
5131.384,54.610
5133.386,54.623
5135.388,54.636
5137.390,54.649
5139.392,54.661
5141.394,54.674
5143.396,54.687
5145.397,54.700
5147.399,54.712
5149.401,54.725
5151.403,54.738
5153.405,54.751
5155.407,54.763
5157.409,54.776
5159.411,54.789
5161.413,54.802
5163.415,54.814
5165.417,54.827
5167.419,54.840
5169.421,54.853
5171.423,54.865
5173.425,54.878
5175.427,54.891
5177.429,54.904
5179.431,54.916
5181.433,54.929
5183.435,54.942
5185.437,54.955
5187.438,54.967
5189.440,54.980
5191.442,54.993
5193.444,55.005
5195.446,55.018
5197.448,55.031
5199.450,55.044
5201.452,55.056
5203.454,55.069
5205.456,55.082
5207.458,55.095
5209.460,55.107
5211.462,55.120
5213.464,55.133
5215.466,55.145
5217.468,55.158
5219.470,55.171
5221.472,55.184
5223.474,55.196
5225.476,55.209
5227.478,55.222
5229.479,55.234
5231.481,55.247
5233.483,55.260
5235.485,55.273
5237.487,55.285
5239.489,55.298
5241.491,55.311
5243.493,55.323
5245.495,55.336
5247.497,55.349
5249.499,55.361
5251.501,55.374
5253.503,55.387
5255.505,55.400
5257.507,55.412
5259.509,55.425
5261.511,55.438
5263.513,55.450
5265.515,55.463
5267.517,55.476
5269.519,55.489
5271.521,55.501
5273.522,55.514
5275.524,55.527
5277.526,55.539
5279.528,55.552
5281.530,55.565
5283.532,55.577
5285.534,55.590
5287.536,55.603
5289.538,55.616
5291.540,55.628
5293.542,55.641
5295.544,55.654
5297.546,55.666
5299.548,55.679
5301.550,55.692
5303.552,55.704
5305.554,55.717
5307.556,55.730
5309.558,55.742
5311.560,55.755
5313.562,55.768
5315.563,55.781
5317.565,55.793
5319.567,55.806
5321.569,55.819
5323.571,55.831
5325.573,55.844
5327.575,55.857
5329.577,55.869
5331.579,55.882
5333.581,55.895
5335.583,55.908
5337.585,55.920
5339.587,55.933
5341.589,55.946
5343.591,55.958
5345.593,55.971
5347.595,55.984
5349.597,55.996
5351.599,56.009
5353.601,56.022
5355.603,56.035
5357.604,56.047
5359.606,56.060
5361.608,56.073
5363.610,56.085
5365.612,56.098
5367.614,56.111
5369.616,56.123
5371.618,56.136
5373.620,56.149
5375.622,56.161
5377.624,56.174
5379.626,56.187
5381.628,56.199
5383.630,56.212
5385.632,56.225
5387.634,56.237
5389.636,56.250
5391.638,56.263
5393.640,56.276
5395.642,56.288
5397.644,56.301
5399.646,56.314
5401.647,56.326
5403.649,56.339
5405.651,56.352
5407.653,56.364
5409.655,56.377
5411.657,56.390
5413.659,56.402
5415.661,56.415
5417.663,56.428
5419.665,56.440
5421.667,56.453
5423.669,56.466
5425.671,56.478
5427.673,56.491
5429.675,56.504
5431.677,56.516
5433.679,56.529
5435.681,56.542
5437.683,56.554
5439.685,56.567
5441.687,56.580
5443.688,56.593
5445.690,56.605
5447.692,56.618
5449.694,56.631
5451.696,56.643
5453.698,56.656
5455.700,56.669
5457.702,56.681
5459.704,56.694
5461.706,56.707
5463.708,56.719
5465.710,56.732
5467.712,56.745
5469.714,56.757
5471.716,56.770
5473.718,56.783
5475.720,56.795
5477.722,56.808
5479.724,56.821
5481.726,56.833
5483.728,56.846
5485.729,56.858
5487.731,56.871
5489.733,56.884
5491.735,56.896
5493.737,56.909
5495.739,56.922
5497.741,56.934
5499.743,56.947
5501.745,56.960
5503.747,56.972
5505.749,56.985
5507.751,56.998
5509.753,57.010
5511.755,57.023
5513.757,57.035
5515.759,57.048
5517.761,57.061
5519.763,57.073
5521.765,57.086
5523.767,57.099
5525.769,57.111
5527.771,57.124
5529.772,57.136
5531.774,57.149
5533.776,57.162
5535.778,57.174
5537.780,57.187
5539.782,57.200
5541.784,57.212
5543.786,57.225
5545.788,57.237
5547.790,57.250
5549.792,57.263
5551.794,57.275
5553.796,57.288
5555.798,57.301
5557.800,57.313
5559.802,57.326
5561.804,57.339
5563.806,57.351
5565.808,57.364
5567.810,57.376
5569.812,57.389
5571.813,57.402
5573.815,57.414
5575.817,57.427
5577.819,57.440
5579.821,57.452
5581.823,57.465
5583.825,57.477
5585.827,57.490
5587.829,57.503
5589.831,57.515
5591.833,57.528
5593.835,57.540
5595.837,57.553
5597.839,57.566
5599.841,57.578
5601.843,57.591
5603.845,57.603
5605.847,57.616
5607.849,57.629
5609.851,57.641
5611.853,57.654
5613.854,57.667
5615.856,57.679
5617.858,57.692
5619.860,57.704
5621.862,57.717
5623.864,57.730
5625.866,57.742
5627.868,57.755
5629.870,57.767
5631.872,57.780
5633.874,57.793
5635.876,57.805
5637.878,57.818
5639.880,57.830
5641.882,57.843
5643.884,57.856
5645.886,57.868
5647.888,57.881
5649.890,57.894
5651.892,57.906
5653.894,57.919
5655.896,57.931
5657.897,57.944
5659.899,57.957
5661.901,57.969
5663.903,57.982
5665.905,57.994
5667.907,58.007
5669.909,58.020
5671.911,58.032
5673.913,58.045
5675.915,58.057
5677.917,58.070
5679.919,58.083
5681.921,58.095
5683.923,58.108
5685.925,58.120
5687.927,58.133
5689.929,58.145
5691.931,58.158
5693.933,58.171
5695.935,58.183
5697.937,58.196
5699.938,58.208
5701.940,58.221
5703.942,58.234
5705.944,58.246
5707.946,58.259
5709.948,58.271
5711.950,58.284
5713.952,58.297
5715.954,58.309
5717.956,58.322
5719.958,58.334
5721.960,58.347
5723.962,58.360
5725.964,58.372
5727.966,58.385
5729.968,58.397
5731.970,58.410
5733.972,58.423
5735.974,58.435
5737.976,58.448
5739.978,58.460
5741.979,58.473
5743.981,58.486
5745.983,58.498
5747.985,58.511
5749.987,58.523
5751.989,58.536
5753.991,58.548
5755.993,58.561
5757.995,58.574
5759.997,58.586
5761.999,58.599
5764.001,58.611
5766.003,58.624
5768.005,58.637
5770.007,58.649
5772.009,58.662
5774.011,58.674
5776.013,58.687
5778.015,58.700
5780.017,58.712
5782.019,58.725
5784.021,58.737
5786.022,58.750
5788.024,58.763
5790.026,58.775
5792.028,58.788
5794.030,58.800
5796.032,58.813
5798.034,58.826
5800.036,58.838
5802.038,58.851
5804.040,58.863
5806.042,58.876
5808.044,58.889
5810.046,58.901
5812.048,58.914
5814.050,58.926
5816.052,58.939
5818.054,58.952
5820.056,58.964
5822.058,58.977
5824.060,58.989
5826.062,59.002
5828.063,59.015
5830.065,59.027
5832.067,59.040
5834.069,59.052
5836.071,59.065
5838.073,59.078
5840.075,59.090
5842.077,59.103
5844.079,59.115
5846.081,59.128
5848.083,59.141
5850.085,59.153
5852.087,59.166
5854.089,59.178
5856.091,59.191
5858.093,59.204
5860.095,59.216
5862.097,59.229
5864.099,59.241
5866.101,59.254
5868.103,59.266
5870.104,59.279
5872.106,59.292
5874.108,59.304
5876.110,59.317
5878.112,59.329
5880.114,59.342
5882.116,59.355
5884.118,59.367
5886.120,59.380
5888.122,59.392
5890.124,59.405
5892.126,59.417
5894.128,59.430
5896.130,59.443
5898.132,59.455
5900.134,59.468
5902.136,59.480
5904.138,59.493
5906.140,59.505
5908.142,59.518
5910.144,59.531
5912.146,59.543
5914.147,59.556
5916.149,59.568
5918.151,59.581
5920.153,59.593
5922.155,59.606
5924.157,59.619
5926.159,59.631
5928.161,59.644
5930.163,59.656
5932.165,59.669
5934.167,59.681
5936.169,59.694
5938.171,59.707
5940.173,59.719
5942.175,59.732
5944.177,59.744
5946.179,59.757
5948.181,59.769
5950.183,59.782
5952.185,59.794
5954.187,59.807
5956.188,59.820
5958.190,59.832
5960.192,59.845
5962.194,59.857
5964.196,59.870
5966.198,59.882
5968.200,59.895
5970.202,59.907
5972.204,59.920
5974.206,59.932
5976.208,59.944
5978.210,59.957
5980.212,59.969
5982.214,59.981
5984.216,59.994
5986.218,60.006
5988.220,60.018
5990.222,60.030
5992.224,60.042
5994.226,60.053
5996.228,60.065
5998.229,60.076
6000.231,60.088
6002.233,60.099
6004.235,60.110
6006.237,60.121
6008.239,60.132
6010.241,60.142
6012.243,60.153
6014.245,60.163
6016.247,60.173
6018.249,60.183
6020.251,60.193
6022.253,60.202
6024.255,60.211
6026.257,60.220
6028.259,60.229
6030.261,60.237
6032.263,60.245
6034.265,60.253
6036.267,60.261
6038.269,60.268
6040.271,60.275
6042.272,60.282
6044.274,60.288
6046.276,60.294
6048.278,60.300
6050.280,60.306
6052.282,60.311
6054.284,60.316
6056.286,60.320
6058.288,60.324
6060.290,60.328
6062.292,60.332
6064.294,60.335
6066.296,60.338
6068.298,60.341
6070.300,60.343
6072.302,60.345
6074.304,60.346
6076.306,60.348
6078.308,60.349
6080.310,60.350
6082.312,60.350
6084.313,60.351
6086.315,60.352
6088.317,60.352
6090.319,60.352
6092.321,60.352
6094.323,60.352
6096.325,60.352
6098.327,60.352
6100.329,60.352
6102.331,60.352
6104.333,60.351
6106.335,60.351
6108.337,60.350
6110.339,60.349
6112.341,60.349
6114.343,60.348
6116.345,60.347
6118.347,60.346
6120.349,60.346
6122.351,60.345
6124.353,60.344
6126.354,60.343
6128.356,60.342
6130.358,60.340
6132.360,60.339
6134.362,60.338
6136.364,60.337
6138.366,60.336
6140.368,60.334
6142.370,60.333
6144.372,60.332
6146.374,60.330
6148.376,60.329
6150.378,60.327
6152.380,60.326
6154.382,60.324
6156.384,60.323
6158.386,60.321
6160.388,60.320
6162.390,60.318
6164.392,60.317
6166.394,60.315
6168.396,60.313
6170.397,60.312
6172.399,60.310
6174.401,60.308
6176.403,60.307
6178.405,60.305
6180.407,60.303
6182.409,60.302
6184.411,60.300
6186.413,60.298
6188.415,60.296
6190.417,60.295
6192.419,60.293
6194.421,60.291
6196.423,60.289
6198.425,60.288
6200.427,60.286
6202.429,60.284
6204.431,60.282
6206.433,60.280
6208.435,60.279
6210.437,60.277
6212.438,60.275
6214.440,60.273
6216.442,60.271
6218.444,60.270
6220.446,60.268
6222.448,60.266
6224.450,60.264
6226.452,60.262
6228.454,60.260
6230.456,60.258
6232.458,60.257
6234.460,60.255
6236.462,60.253
6238.464,60.251
6240.466,60.249
6242.468,60.247
6244.470,60.245
6246.472,60.243
6248.474,60.242
6250.476,60.240
6252.478,60.238
6254.479,60.236
6256.481,60.234
6258.483,60.232
6260.485,60.230
6262.487,60.228
6264.489,60.226
6266.491,60.224
6268.493,60.222
6270.495,60.221
6272.497,60.219
6274.499,60.217
6276.501,60.215
6278.503,60.213
6280.505,60.211
6282.507,60.209
6284.509,60.207
6286.511,60.205
6288.513,60.203
6290.515,60.201
6292.517,60.199
6294.519,60.197
6296.521,60.195
6298.522,60.193
6300.524,60.192
6302.526,60.190
6304.528,60.188
6306.530,60.186
6308.532,60.184
6310.534,60.182
6312.536,60.180
6314.538,60.178
6316.540,60.176
6318.542,60.174
6320.544,60.172
6322.546,60.170
6324.548,60.168
6326.550,60.166
6328.552,60.164
6330.554,60.163
6332.556,60.161
6334.558,60.159
6336.560,60.157
6338.562,60.155
6340.563,60.153
6342.565,60.151
6344.567,60.149
6346.569,60.147
6348.571,60.145
6350.573,60.144
6352.575,60.142
6354.577,60.140
6356.579,60.138
6358.581,60.136
6360.583,60.134
6362.585,60.132
6364.587,60.130
6366.589,60.128
6368.591,60.126
6370.593,60.124
6372.595,60.123
6374.597,60.121
6376.599,60.119
6378.601,60.117
6380.603,60.115
6382.604,60.113
6384.606,60.111
6386.608,60.109
6388.610,60.107
6390.612,60.105
6392.614,60.103
6394.616,60.101
6396.618,60.099
6398.620,60.097
6400.622,60.095
6402.624,60.094
6404.626,60.092
6406.628,60.090
6408.630,60.088
6410.632,60.086
6412.634,60.084
6414.636,60.082
6416.638,60.080
6418.640,60.078
6420.642,60.076
6422.644,60.074
6424.646,60.072
6426.647,60.070
6428.649,60.068
6430.651,60.066
6432.653,60.065
6434.655,60.063
6436.657,60.061
6438.659,60.059
6440.661,60.057
6442.663,60.055
6444.665,60.053
6446.667,60.051
6448.669,60.049
6450.671,60.047
6452.673,60.045
6454.675,60.043
6456.677,60.041
6458.679,60.039
6460.681,60.037
6462.683,60.035
6464.685,60.034
6466.687,60.032
6468.688,60.030
6470.690,60.028
6472.692,60.026
6474.694,60.024
6476.696,60.022
6478.698,60.020
6480.700,60.018
6482.702,60.016
6484.704,60.014
6486.706,60.012
6488.708,60.010
6490.710,60.008
6492.712,60.006
6494.714,60.004
6496.716,60.003
6498.718,60.001
6500.720,59.999
6502.722,59.997
6504.724,59.995
6506.726,59.993
6508.728,59.992
6510.729,59.990
6512.731,59.988
6514.733,59.986
6516.735,59.985
6518.737,59.983
6520.739,59.981
6522.741,59.980
6524.743,59.978
6526.745,59.976
6528.747,59.975
6530.749,59.973
6532.751,59.972
6534.753,59.970
6536.755,59.969
6538.757,59.968
6540.759,59.966
6542.761,59.965
6544.763,59.964
6546.765,59.963
6548.767,59.961
6550.769,59.960
6552.771,59.959
6554.772,59.958
6556.774,59.957
6558.776,59.956
6560.778,59.955
6562.780,59.954
6564.782,59.953
6566.784,59.953
6568.786,59.952
6570.788,59.951
6572.790,59.951
6574.792,59.950
6576.794,59.949
6578.796,59.949
6580.798,59.949
6582.800,59.948
6584.802,59.948
6586.804,59.948
6588.806,59.947
6590.808,59.947
6592.810,59.947
6594.812,59.947
6596.813,59.947
6598.815,59.947
6600.817,59.947
6602.819,59.947
6604.821,59.948
6606.823,59.948
6608.825,59.948
6610.827,59.949
6612.829,59.949
6614.831,59.949
6616.833,59.950
6618.835,59.950
6620.837,59.951
6622.839,59.952
6624.841,59.952
6626.843,59.953
6628.845,59.954
6630.847,59.955
6632.849,59.956
6634.851,59.957
6636.853,59.958
6638.854,59.959
6640.856,59.960
6642.858,59.961
6644.860,59.962
6646.862,59.963
6648.864,59.964
6650.866,59.966
6652.868,59.967
6654.870,59.968
6656.872,59.969
6658.874,59.971
6660.876,59.972
6662.878,59.974
6664.880,59.975
6666.882,59.976
6668.884,59.978
6670.886,59.979
6672.888,59.981
6674.890,59.983
6676.892,59.984
6678.894,59.986
6680.896,59.987
6682.897,59.989
6684.899,59.991
6686.901,59.992
6688.903,59.994
6690.905,59.995
6692.907,59.997
6694.909,59.999
6696.911,60.000
6698.913,60.002
6700.915,60.004
6702.917,60.005
6704.919,60.007
6706.921,60.009
6708.923,60.010
6710.925,60.012
6712.927,60.013
6714.929,60.015
6716.931,60.017
6718.933,60.018
6720.935,60.020
6722.937,60.021
6724.938,60.023
6726.940,60.024
6728.942,60.026
6730.944,60.027
6732.946,60.028
6734.948,60.030
6736.950,60.031
6738.952,60.032
6740.954,60.033
6742.956,60.035
6744.958,60.036
6746.960,60.037
6748.962,60.038
6750.964,60.039
6752.966,60.040
6754.968,60.041
6756.970,60.042
6758.972,60.043
6760.974,60.044
6762.976,60.045
6764.978,60.045
6766.979,60.046
6768.981,60.047
6770.983,60.047
6772.985,60.048
6774.987,60.049
6776.989,60.049
6778.991,60.049
6780.993,60.050
6782.995,60.050
6784.997,60.050
6786.999,60.051
6789.001,60.051
6791.003,60.051
6793.005,60.051
6795.007,60.051
6797.009,60.051
6799.011,60.051
6801.013,60.051
6803.015,60.051
6805.017,60.051
6807.019,60.050
6809.021,60.050
6811.022,60.050
6813.024,60.049
6815.026,60.049
6817.028,60.048
6819.030,60.048
6821.032,60.047
6823.034,60.047
6825.036,60.046
6827.038,60.045
6829.040,60.044
6831.042,60.044
6833.044,60.043
6835.046,60.042
6837.048,60.041
6839.050,60.040
6841.052,60.039
6843.054,60.038
6845.056,60.037
6847.058,60.036
6849.060,60.035
6851.062,60.034
6853.063,60.032
6855.065,60.031
6857.067,60.030
6859.069,60.028
6861.071,60.027
6863.073,60.026
6865.075,60.024
6867.077,60.023
6869.079,60.022
6871.081,60.020
6873.083,60.019
6875.085,60.017
6877.087,60.016
6879.089,60.014
6881.091,60.013
6883.093,60.011
6885.095,60.009
6887.097,60.008
6889.099,60.006
6891.101,60.005
6893.103,60.003
6895.104,60.002
6897.106,60.000
6899.108,59.999
6901.110,59.997
6903.112,59.995
6905.114,59.994
6907.116,59.992
6909.118,59.991
6911.120,59.989
6913.122,59.988
6915.124,59.986
6917.126,59.985
6919.128,59.983
6921.130,59.982
6923.132,59.980
6925.134,59.979
6927.136,59.978
6929.138,59.976
6931.140,59.975
6933.142,59.974
6935.144,59.972
6937.146,59.971
6939.147,59.970
6941.149,59.969
6943.151,59.967
6945.153,59.966
6947.155,59.965
6949.157,59.964
6951.159,59.963
6953.161,59.962
6955.163,59.961
6957.165,59.960
6959.167,59.959
6961.169,59.959
6963.171,59.958
6965.173,59.957
6967.175,59.956
6969.177,59.956
6971.179,59.955
6973.181,59.954
6975.183,59.954
6977.185,59.953
6979.187,59.953
6981.188,59.953
6983.190,59.952
6985.192,59.952
6987.194,59.952
6989.196,59.952
6991.198,59.951
6993.200,59.951
6995.202,59.951
6997.204,59.951
6999.206,59.951
7001.208,59.951
7003.210,59.951
7005.212,59.952
7007.214,59.952
7009.216,59.952
7011.218,59.952
7013.220,59.953
7015.222,59.953
7017.224,59.954
7019.226,59.954
7021.228,59.955
7023.229,59.955
7025.231,59.956
7027.233,59.957
7029.235,59.957
7031.237,59.958
7033.239,59.959
7035.241,59.960
7037.243,59.961
7039.245,59.962
7041.247,59.963
7043.249,59.964
7045.251,59.965
7047.253,59.966
7049.255,59.967
7051.257,59.968
7053.259,59.969
7055.261,59.970
7057.263,59.972
7059.265,59.973
7061.267,59.974
7063.269,59.975
7065.271,59.977
7067.272,59.978
7069.274,59.979
7071.276,59.981
7073.278,59.982
7075.280,59.984
7077.282,59.985
7079.284,59.987
7081.286,59.988
7083.288,59.989
7085.290,59.991
7087.292,59.993
7089.294,59.994
7091.296,59.996
7093.298,59.997
7095.300,59.999
7097.302,60.000
7099.304,60.002
7101.306,60.003
7103.308,60.005
7105.310,60.006
7107.312,60.008
7109.313,60.009
7111.315,60.011
7113.317,60.012
7115.319,60.014
7117.321,60.015
7119.323,60.017
7121.325,60.018
7123.327,60.019
7125.329,60.021
7127.331,60.022
7129.333,60.023
7131.335,60.025
7133.337,60.026
7135.339,60.027
7137.341,60.028
7139.343,60.030
7141.345,60.031
7143.347,60.032
7145.349,60.033
7147.351,60.034
7149.353,60.035
7151.354,60.036
7153.356,60.037
7155.358,60.038
7157.360,60.039
7159.362,60.039
7161.364,60.040
7163.366,60.041
7165.368,60.042
7167.370,60.042
7169.372,60.043
7171.374,60.044
7173.376,60.044
7175.378,60.045
7177.380,60.045
7179.382,60.046
7181.384,60.046
7183.386,60.046
7185.388,60.047
7187.390,60.047
7189.392,60.047
7191.394,60.047
7193.396,60.047
7195.397,60.047
7197.399,60.047
7199.401,60.047
7201.403,60.047
7203.405,60.047
7205.407,60.047
7207.409,60.046
7209.411,60.046
7211.413,60.046
7213.415,60.046
7215.417,60.045
7217.419,60.045
7219.421,60.044
7221.423,60.044
7223.425,60.043
7225.427,60.042
7227.429,60.042
7229.431,60.041
7231.433,60.040
7233.435,60.039
7235.437,60.039
7237.438,60.038
7239.440,60.037
7241.442,60.036
7243.444,60.035
7245.446,60.034
7247.448,60.033
7249.450,60.032
7251.452,60.031
7253.454,60.030
7255.456,60.028
7257.458,60.027
7259.460,60.026
7261.462,60.025
7263.464,60.024
7265.466,60.022
7267.468,60.021
7269.470,60.020
7271.472,60.018
7273.474,60.017
7275.476,60.016
7277.478,60.014
7279.479,60.013
7281.481,60.012
7283.483,60.010
7285.485,60.009
7287.487,60.007
7289.489,60.006
7291.491,60.005
7293.493,60.003
7295.495,60.002
7297.497,60.000
7299.499,59.999
7301.501,59.997
7303.503,59.996
7305.505,59.994
7307.507,59.993
7309.509,59.992
7311.511,59.990
7313.513,59.989
7315.515,59.987
7317.517,59.986
7319.519,59.985
7321.521,59.983
7323.522,59.982
7325.524,59.981
7327.526,59.980
7329.528,59.978
7331.530,59.977
7333.532,59.976
7335.534,59.975
7337.536,59.974
7339.538,59.972
7341.540,59.971
7343.542,59.970
7345.544,59.969
7347.546,59.968
7349.548,59.967
7351.550,59.966
7353.552,59.965
7355.554,59.964
7357.556,59.964
7359.558,59.963
7361.560,59.962
7363.562,59.961
7365.563,59.961
7367.565,59.960
7369.567,59.959
7371.569,59.959
7373.571,59.958
7375.573,59.958
7377.575,59.957
7379.577,59.957
7381.579,59.956
7383.581,59.956
7385.583,59.956
7387.585,59.956
7389.587,59.955
7391.589,59.955
7393.591,59.955
7395.593,59.955
7397.595,59.955
7399.597,59.955
7401.599,59.955
7403.601,59.955
7405.603,59.956
7407.604,59.956
7409.606,59.956
7411.608,59.956
7413.610,59.957
7415.612,59.957
7417.614,59.957
7419.616,59.958
7421.618,59.958
7423.620,59.959
7425.622,59.960
7427.624,59.960
7429.626,59.961
7431.628,59.962
7433.630,59.962
7435.632,59.963
7437.634,59.964
7439.636,59.965
7441.638,59.966
7443.640,59.967
7445.642,59.968
7447.644,59.968
7449.646,59.969
7451.647,59.970
7453.649,59.972
7455.651,59.973
7457.653,59.974
7459.655,59.975
7461.657,59.976
7463.659,59.977
7465.661,59.978
7467.663,59.980
7469.665,59.981
7471.667,59.982
7473.669,59.984
7475.671,59.985
7477.673,59.986
7479.675,59.987
7481.677,59.989
7483.679,59.990
7485.681,59.992
7487.683,59.993
7489.685,59.994
7491.687,59.996
7493.688,59.997
7495.690,59.998
7497.692,60.000
7499.694,60.001
7501.696,60.003
7503.698,60.004
7505.700,60.005
7507.702,60.007
7509.704,60.008
7511.706,60.009
7513.708,60.011
7515.710,60.012
7517.712,60.013
7519.714,60.015
7521.716,60.016
7523.718,60.017
7525.720,60.019
7527.722,60.020
7529.724,60.021
7531.726,60.022
7533.728,60.023
7535.729,60.025
7537.731,60.026
7539.733,60.027
7541.735,60.028
7543.737,60.029
7545.739,60.030
7547.741,60.031
7549.743,60.032
7551.745,60.033
7553.747,60.033
7555.749,60.034
7557.751,60.035
7559.753,60.036
7561.755,60.037
7563.757,60.037
7565.759,60.038
7567.761,60.039
7569.763,60.039
7571.765,60.040
7573.767,60.040
7575.769,60.041
7577.771,60.041
7579.772,60.042
7581.774,60.042
7583.776,60.042
7585.778,60.043
7587.780,60.043
7589.782,60.043
7591.784,60.043
7593.786,60.043
7595.788,60.043
7597.790,60.043
7599.792,60.043
7601.794,60.043
7603.796,60.043
7605.798,60.043
7607.800,60.043
7609.802,60.042
7611.804,60.042
7613.806,60.042
7615.808,60.041
7617.810,60.041
7619.812,60.040
7621.813,60.040
7623.815,60.039
7625.817,60.039
7627.819,60.038
7629.821,60.038
7631.823,60.037
7633.825,60.036
7635.827,60.036
7637.829,60.035
7639.831,60.034
7641.833,60.033
7643.835,60.032
7645.837,60.031
7647.839,60.030
7649.841,60.029
7651.843,60.028
7653.845,60.027
7655.847,60.026
7657.849,60.025
7659.851,60.024
7661.853,60.023
7663.854,60.022
7665.856,60.021
7667.858,60.019
7669.860,60.018
7671.862,60.017
7673.864,60.016
7675.866,60.015
7677.868,60.013
7679.870,60.012
7681.872,60.011
7683.874,60.009
7685.876,60.008
7687.878,60.007
7689.880,60.006
7691.882,60.004
7693.884,60.003
7695.886,60.002
7697.888,60.000
7699.890,59.999
7701.892,59.998
7703.894,59.996
7705.896,59.995
7707.897,59.994
7709.899,59.992
7711.901,59.991
7713.903,59.990
7715.905,59.989
7717.907,59.987
7719.909,59.986
7721.911,59.985
7723.913,59.984
7725.915,59.983
7727.917,59.981
7729.919,59.980
7731.921,59.979
7733.923,59.978
7735.925,59.977
7737.927,59.976
7739.929,59.975
7741.931,59.974
7743.933,59.973
7745.935,59.972
7747.937,59.971
7749.938,59.970
7751.940,59.969
7753.942,59.968
7755.944,59.968
7757.946,59.967
7759.948,59.966
7761.950,59.966
7763.952,59.965
7765.954,59.964
7767.956,59.964
7769.958,59.963
7771.960,59.963
7773.962,59.962
7775.964,59.962
7777.966,59.961
7779.968,59.961
7781.970,59.961
7783.972,59.960
7785.974,59.960
7787.976,59.960
7789.978,59.960
7791.979,59.960
7793.981,59.960
7795.983,59.960
7797.985,59.960
7799.987,59.960
7801.989,59.960
7803.991,59.960
7805.993,59.960
7807.995,59.960
7809.997,59.960
7811.999,59.961
7814.001,59.961
7816.003,59.961
7818.005,59.962
7820.007,59.962
7822.009,59.963
7824.011,59.963
7826.013,59.964
7828.015,59.964
7830.017,59.965
7832.019,59.965
7834.021,59.966
7836.022,59.967
7838.024,59.968
7840.026,59.968
7842.028,59.969
7844.030,59.970
7846.032,59.971
7848.034,59.972
7850.036,59.973
7852.038,59.974
7854.040,59.975
7856.042,59.976
7858.044,59.977
7860.046,59.978
7862.048,59.979
7864.050,59.980
7866.052,59.981
7868.054,59.982
7870.056,59.983
7872.058,59.984
7874.060,59.985
7876.062,59.987
7878.063,59.988
7880.065,59.989
7882.067,59.990
7884.069,59.991
7886.071,59.993
7888.073,59.994
7890.075,59.995
7892.077,59.996
7894.079,59.998
7896.081,59.999
7898.083,60.000
7900.085,60.001
7902.087,60.002
7904.089,60.004
7906.091,60.005
7908.093,60.006
7910.095,60.007
7912.097,60.009
7914.099,60.010
7916.101,60.011
7918.103,60.012
7920.104,60.013
7922.106,60.014
7924.108,60.015
7926.110,60.017
7928.112,60.018
7930.114,60.019
7932.116,60.020
7934.118,60.021
7936.120,60.022
7938.122,60.023
7940.124,60.024
7942.126,60.025
7944.128,60.026
7946.130,60.026
7948.132,60.027
7950.134,60.028
7952.136,60.029
7954.138,60.030
7956.140,60.030
7958.142,60.031
7960.144,60.032
7962.146,60.032
7964.147,60.033
7966.149,60.034
7968.151,60.034
7970.153,60.035
7972.155,60.035
7974.157,60.036
7976.159,60.036
7978.161,60.036
7980.163,60.037
7982.165,60.037
7984.167,60.037
7986.169,60.038
7988.171,60.038
7990.173,60.038
7992.175,60.038
7994.177,60.038
7996.179,60.038
7998.181,60.038
8000.183,60.038
8002.185,60.038
8004.187,60.038
8006.188,60.038
8008.190,60.038
8010.192,60.038
8012.194,60.037
8014.196,60.037
8016.198,60.037
8018.200,60.036
8020.202,60.036
8022.204,60.035
8024.206,60.035
8026.208,60.034
8028.210,60.034
8030.212,60.033
8032.214,60.033
8034.216,60.032
8036.218,60.032
8038.220,60.031
8040.222,60.030
8042.224,60.029
8044.226,60.029
8046.228,60.028
8048.229,60.027
8050.231,60.026
8052.233,60.025
8054.235,60.024
8056.237,60.024
8058.239,60.023
8060.241,60.022
8062.243,60.021
8064.245,60.020
8066.247,60.019
8068.249,60.018
8070.251,60.017
8072.253,60.015
8074.255,60.014
8076.257,60.013
8078.259,60.012
8080.261,60.011
8082.263,60.010
8084.265,60.009
8086.267,60.008
8088.269,60.006
8090.271,60.005
8092.272,60.004
8094.274,60.003
8096.276,60.002
8098.278,60.001
8100.280,59.999
8102.282,59.998
8104.284,59.997
8106.286,59.996
8108.288,59.995
8110.290,59.994
8112.292,59.992
8114.294,59.991
8116.296,59.990
8118.298,59.989
8120.300,59.988
8122.302,59.987
8124.304,59.986
8126.306,59.985
8128.308,59.984
8130.310,59.983
8132.312,59.982
8134.313,59.981
8136.315,59.980
8138.317,59.979
8140.319,59.978
8142.321,59.977
8144.323,59.976
8146.325,59.975
8148.327,59.974
8150.329,59.973
8152.331,59.973
8154.333,59.972
8156.335,59.971
8158.337,59.971
8160.339,59.970
8162.341,59.969
8164.343,59.969
8166.345,59.968
8168.347,59.968
8170.349,59.967
8172.351,59.967
8174.353,59.966
8176.354,59.966
8178.356,59.965
8180.358,59.965
8182.360,59.965
8184.362,59.965
8186.364,59.964
8188.366,59.964
8190.368,59.964
8193.338,59.964
8196.268,59.964
8199.197,59.964
8202.127,59.964
8205.057,59.964
8207.986,59.964
8210.916,59.965
8213.846,59.965
8216.775,59.966
8219.705,59.966
8222.635,59.967
8225.564,59.967
8228.494,59.968
8231.424,59.969
8234.354,59.970
8237.283,59.971
8240.213,59.972
8243.143,59.973
8246.072,59.974
8249.002,59.975
8251.932,59.977
8254.861,59.978
8257.791,59.979
8260.721,59.981
8263.650,59.982
8266.580,59.984
8269.510,59.985
8272.439,59.987
8275.369,59.988
8278.299,59.990
8281.229,59.992
8284.158,59.993
8287.088,59.995
8290.018,59.997
8292.947,59.998
8295.877,60.000
8298.807,60.001
8301.736,60.003
8304.666,60.005
8307.596,60.006
8310.525,60.008
8313.455,60.009
8316.385,60.011
8319.314,60.013
8322.244,60.014
8325.174,60.016
8328.104,60.017
8331.033,60.019
8333.963,60.020
8336.893,60.021
8339.822,60.023
8342.752,60.024
8345.682,60.025
8348.611,60.026
8351.541,60.027
8354.471,60.028
8357.400,60.029
8360.330,60.030
8363.260,60.031
8366.189,60.032
8369.119,60.032
8372.049,60.033
8374.979,60.033
8377.908,60.034
8380.838,60.034
8383.768,60.034
8386.697,60.034
8389.627,60.035
8392.557,60.035
8395.486,60.035
8398.416,60.035
8401.346,60.034
8404.275,60.034
8407.205,60.034
8410.135,60.033
8413.064,60.033
8415.994,60.032
8418.924,60.032
8421.854,60.031
8424.783,60.030
8427.713,60.030
8430.643,60.029
8433.572,60.028
8436.502,60.027
8439.432,60.026
8442.361,60.025
8445.291,60.024
8448.221,60.022
8451.150,60.021
8454.080,60.020
8457.010,60.018
8459.939,60.017
8462.869,60.016
8465.799,60.014
8468.729,60.013
8471.658,60.011
8474.588,60.009
8477.518,60.008
8480.447,60.006
8483.377,60.005
8486.307,60.003
8489.236,60.002
8492.166,60.000
8495.096,59.998
8498.025,59.997
8500.955,59.995
8503.885,59.994
8506.814,59.992
8509.744,59.991
8512.674,59.989
8515.604,59.988
8518.533,59.986
8521.463,59.985
8524.393,59.983
8527.322,59.982
8530.252,59.981
8533.182,59.979
8536.111,59.978
8539.041,59.977
8541.971,59.976
8544.900,59.975
8547.830,59.974
8550.760,59.973
8553.689,59.972
8556.619,59.972
8559.549,59.971
8562.479,59.970
8565.408,59.970
8568.338,59.969
8571.268,59.969
8574.197,59.968
8577.127,59.968
8580.057,59.968
8582.986,59.968
8585.916,59.968
8588.846,59.967
8591.775,59.967
8594.705,59.968
8597.635,59.968
8600.564,59.968
8603.494,59.968
8606.424,59.969
8609.354,59.969
8612.283,59.970
8615.213,59.970
8618.143,59.971
8621.072,59.972
8624.002,59.972
8626.932,59.973
8629.861,59.974
8632.791,59.975
8635.721,59.976
8638.650,59.977
8641.580,59.978
8644.510,59.980
8647.439,59.981
8650.369,59.982
8653.299,59.983
8656.229,59.985
8659.158,59.986
8662.088,59.987
8665.018,59.989
8667.947,59.990
8670.877,59.992
8673.807,59.993
8676.736,59.994
8679.666,59.996
8682.596,59.997
8685.525,59.999
8688.455,60.000
8691.385,60.002
8694.314,60.003
8697.244,60.005
8700.174,60.006
8703.104,60.008
8706.033,60.009
8708.963,60.010
8711.893,60.012
8714.822,60.013
8717.752,60.015
8720.682,60.016
8723.611,60.017
8726.541,60.018
8729.471,60.019
8732.400,60.021
8735.330,60.022
8738.260,60.023
8741.189,60.024
8744.119,60.025
8747.049,60.025
8749.979,60.026
8752.908,60.027
8755.838,60.028
8758.768,60.028
8761.697,60.029
8764.627,60.029
8767.557,60.030
8770.486,60.030
8773.416,60.031
8776.346,60.031
8779.275,60.031
8782.205,60.031
8785.135,60.031
8788.064,60.031
8790.994,60.031
8793.924,60.031
8796.854,60.031
8799.783,60.030
8802.713,60.030
8805.643,60.029
8808.572,60.029
8811.502,60.028
8814.432,60.028
8817.361,60.027
8820.291,60.026
8823.221,60.026
8826.150,60.025
8829.080,60.024
8832.010,60.023
8834.939,60.022
8837.869,60.021
8840.799,60.020
8843.729,60.019
8846.658,60.017
8849.588,60.016
8852.518,60.015
8855.447,60.014
8858.377,60.012
8861.307,60.011
8864.236,60.010
8867.166,60.008
8870.096,60.007
8873.025,60.005
8875.955,60.004
8878.885,60.003
8881.814,60.001
8884.744,60.000
8887.674,59.998
8890.604,59.997
8893.533,59.995
8896.463,59.994
8899.393,59.993
8902.322,59.991
8905.252,59.990
8908.182,59.988
8911.111,59.987
8914.041,59.986
8916.971,59.985
8919.900,59.983
8922.830,59.982
8925.760,59.981
8928.689,59.980
8931.619,59.979
8934.549,59.978
8937.479,59.977
8940.408,59.977
8943.338,59.976
8946.268,59.975
8949.197,59.974
8952.127,59.973
8955.057,59.973
8957.986,59.972
8960.916,59.972
8963.846,59.972
8966.775,59.971
8969.705,59.971
8972.635,59.971
8975.564,59.971
8978.494,59.971
8981.424,59.971
8984.354,59.971
8987.283,59.971
8990.213,59.971
8993.143,59.971
8996.072,59.972
8999.002,59.972
9001.932,59.973
9004.861,59.973
9007.791,59.974
9010.721,59.974
9013.650,59.975
9016.580,59.976
9019.510,59.976
9022.439,59.977
9025.369,59.978
9028.299,59.979
9031.229,59.980
9034.158,59.981
9037.088,59.982
9040.018,59.983
9042.947,59.984
9045.877,59.985
9048.807,59.987
9051.736,59.988
9054.666,59.989
9057.596,59.990
9060.525,59.992
9063.455,59.993
9066.385,59.995
9069.314,59.996
9072.244,59.997
9075.174,59.999
9078.104,60.000
9081.033,60.001
9083.963,60.003
9086.893,60.004
9089.822,60.005
9092.752,60.007
9095.682,60.008
9098.611,60.009
9101.541,60.010
9104.471,60.012
9107.400,60.013
9110.330,60.014
9113.260,60.015
9116.189,60.016
9119.119,60.017
9122.049,60.018
9124.979,60.019
9127.908,60.020
9130.838,60.021
9133.768,60.022
9136.697,60.023
9139.627,60.024
9142.557,60.025
9145.486,60.025
9148.416,60.026
9151.346,60.026
9154.275,60.027
9157.205,60.027
9160.135,60.027
9163.064,60.028
9165.994,60.028
9168.924,60.028
9171.854,60.028
9174.783,60.028
9177.713,60.028
9180.643,60.028
9183.572,60.028
9186.502,60.028
9189.432,60.027
9192.361,60.027
9195.291,60.027
9198.221,60.026
9201.150,60.026
9204.080,60.025
9207.010,60.025
9209.939,60.024
9212.869,60.023
9215.799,60.023
9218.729,60.022
9221.658,60.021
9224.588,60.020
9227.518,60.019
9230.447,60.018
9233.377,60.017
9236.307,60.015
9239.236,60.014
9242.166,60.013
9245.096,60.012
9248.025,60.011
9250.955,60.009
9253.885,60.008
9256.814,60.007
9259.744,60.006
9262.674,60.005
9265.604,60.003
9268.533,60.002
9271.463,60.001
9274.393,60.000
9277.322,59.998
9280.252,59.997
9283.182,59.996
9286.111,59.994
9289.041,59.993
9291.971,59.992
9294.900,59.991
9297.830,59.990
9300.760,59.989
9303.689,59.987
9306.619,59.986
9309.549,59.985
9312.479,59.984
9315.408,59.983
9318.338,59.982
9321.268,59.981
9324.197,59.981
9327.127,59.980
9330.057,59.979
9332.986,59.978
9335.916,59.978
9338.846,59.977
9341.775,59.976
9344.705,59.976
9347.635,59.975
9350.564,59.975
9353.494,59.975
9356.424,59.974
9359.354,59.974
9362.283,59.974
9365.213,59.974
9368.143,59.974
9371.072,59.974
9374.002,59.974
9376.932,59.974
9379.861,59.974
9382.791,59.975
9385.721,59.975
9388.650,59.975
9391.580,59.976
9394.510,59.976
9397.439,59.976
9400.369,59.977
9403.299,59.978
9406.229,59.978
9409.158,59.979
9412.088,59.980
9415.018,59.981
9417.947,59.982
9420.877,59.982
9423.807,59.983
9426.736,59.984
9429.666,59.985
9432.596,59.986
9435.525,59.987
9438.455,59.988
9441.385,59.989
9444.314,59.990
9447.244,59.992
9450.174,59.993
9453.104,59.994
9456.033,59.995
9458.963,59.996
9461.893,59.997
9464.822,59.998
9467.752,60.000
9470.682,60.001
9473.611,60.002
9476.541,60.003
9479.471,60.004
9482.400,60.005
9485.330,60.006
9488.260,60.007
9491.189,60.009
9494.119,60.010
9497.049,60.011
9499.979,60.012
9502.908,60.013
9505.838,60.014
9508.768,60.015
9511.697,60.015
9514.627,60.016
9517.557,60.017
9520.486,60.018
9523.416,60.019
9526.346,60.019
9529.275,60.020
9532.205,60.021
9535.135,60.021
9538.064,60.022
9540.994,60.022
9543.924,60.023
9546.854,60.023
9549.783,60.023
9552.713,60.024
9555.643,60.024
9558.572,60.024
9561.502,60.024
9564.432,60.024
9567.361,60.024
9570.291,60.024
9573.221,60.024
9576.150,60.024
9579.080,60.024
9582.010,60.024
9584.939,60.024
9587.869,60.023
9590.799,60.023
9593.729,60.022
9596.658,60.022
9599.588,60.021
9602.518,60.021
9605.447,60.020
9608.377,60.019
9611.307,60.018
9614.236,60.018
9617.166,60.017
9620.096,60.016
9623.025,60.015
9625.955,60.014
9628.885,60.013
9631.814,60.012
9634.744,60.011
9637.674,60.010
9640.604,60.009
9643.533,60.008
9646.463,60.007
9649.393,60.006
9652.322,60.005
9655.252,60.004
9658.182,60.003
9661.111,60.002
9664.041,60.001
9666.971,60.000
9669.900,59.999
9672.830,59.997
9675.760,59.996
9678.689,59.995
9681.619,59.994
9684.549,59.993
9687.479,59.992
9690.408,59.991
9693.338,59.990
9696.268,59.989
9699.197,59.988
9702.127,59.987
9705.057,59.986
9707.986,59.986
9710.916,59.985
9713.846,59.984
9716.775,59.983
9719.705,59.983
9722.635,59.982
9725.564,59.981
9728.494,59.981
9731.424,59.980
9734.354,59.980
9737.283,59.979
9740.213,59.979
9743.143,59.978
9746.072,59.978
9749.002,59.978
9751.932,59.978
9754.861,59.978
9757.791,59.978
9760.721,59.978
9763.650,59.977
9766.580,59.978
9769.510,59.978
9772.439,59.978
9775.369,59.978
9778.299,59.978
9781.229,59.978
9784.158,59.979
9787.088,59.979
9790.018,59.979
9792.947,59.980
9795.877,59.980
9798.807,59.981
9801.736,59.982
9804.666,59.982
9807.596,59.983
9810.525,59.984
9813.455,59.984
9816.385,59.985
9819.314,59.986
9822.244,59.987
9825.174,59.988
9828.104,59.989
9831.033,59.990
9833.963,59.991
9836.893,59.991
9839.822,59.992
9842.752,59.993
9845.682,59.995
9848.611,59.995
9851.541,59.997
9854.471,59.998
9857.400,59.999
9860.330,60.000
9863.260,60.001
9866.189,60.002
9869.119,60.003
9872.049,60.004
9874.979,60.005
9877.908,60.006
9880.838,60.007
9883.768,60.008
9886.697,60.009
9889.627,60.010
9892.557,60.010
9895.486,60.011
9898.416,60.012
9901.346,60.013
9904.275,60.014
9907.205,60.014
9910.135,60.015
9913.064,60.016
9915.994,60.017
9918.924,60.017
9921.854,60.018
9924.783,60.018
9927.713,60.019
9930.643,60.019
9933.572,60.020
9936.502,60.020
9939.432,60.021
9942.361,60.021
9945.291,60.021
9948.221,60.021
9951.150,60.022
9954.080,60.022
9957.010,60.022
9959.939,60.022
9962.869,60.022
9965.799,60.021
9968.729,60.021
9971.658,60.021
9974.588,60.021
9977.518,60.020
9980.447,60.020
9983.377,60.020
9986.307,60.019
9989.236,60.019
9992.166,60.018
9995.096,60.018
9998.025,60.017
10000.960,60.017
10003.880,60.016
10006.810,60.015
10009.740,60.015
10012.670,60.014
10015.600,60.013
10018.530,60.012
10021.460,60.012
10024.390,60.011
10027.320,60.010
10030.250,60.009
10033.180,60.008
10036.110,60.007
10039.040,60.006
10041.970,60.005
10044.900,60.004
10047.830,60.004
10050.760,60.003
10053.690,60.002
10056.620,60.001
10059.550,60.000
10062.480,59.999
10065.410,59.998
10068.340,59.997
10071.270,59.996
10074.200,59.995
10077.130,59.994
10080.060,59.993
10082.990,59.992
10085.920,59.991
10088.850,59.991
10091.780,59.990
10094.710,59.989
10097.630,59.988
10100.560,59.988
10103.490,59.987
10106.420,59.986
10109.350,59.986
10112.280,59.985
10115.210,59.984
10118.140,59.984
10121.070,59.983
10124.000,59.983
10126.930,59.982
10129.860,59.982
10132.790,59.981
10135.720,59.981
10138.650,59.981
10141.580,59.980
10144.510,59.980
10147.440,59.980
10150.370,59.980
10153.300,59.980
10156.230,59.980
10159.160,59.980
10162.090,59.980
10165.020,59.980
10167.950,59.980
10170.880,59.981
10173.810,59.981
10176.740,59.981
10179.670,59.981
10182.600,59.982
10185.530,59.982
10188.460,59.983
10191.380,59.983
10194.310,59.984
10197.240,59.984
10200.170,59.985
10203.100,59.985
10206.030,59.986
10208.960,59.987
10211.890,59.988
10214.820,59.988
10217.750,59.989
10220.680,59.990
10223.610,59.991
10226.540,59.992
10229.470,59.992
10232.400,59.993
10235.330,59.994
10238.260,59.995
10241.190,59.996
10244.120,59.997
10247.050,59.998
10249.980,59.999
10252.910,60.000
10255.840,60.001
10258.770,60.002
10261.700,60.003
10264.630,60.004
10267.560,60.004
10270.490,60.005
10273.420,60.006
10276.350,60.007
10279.280,60.008
10282.210,60.009
10285.130,60.010
10288.060,60.010
10290.990,60.011
10293.920,60.012
10296.850,60.013
10299.780,60.013
10302.710,60.014
10305.640,60.014
10308.570,60.015
10311.500,60.016
10314.430,60.016
10317.360,60.017
10320.290,60.017
10323.220,60.017
10326.150,60.018
10329.080,60.018
10332.010,60.018
10334.940,60.018
10337.870,60.019
10340.800,60.019
10343.730,60.019
10346.660,60.019
10349.590,60.019
10352.520,60.019
10355.450,60.019
10358.380,60.019
10361.310,60.018
10364.240,60.018
10367.170,60.018
10370.100,60.018
10373.030,60.017
10375.960,60.017
10378.880,60.017
10381.810,60.016
10384.740,60.016
10387.670,60.016
10390.600,60.015
10393.530,60.015
10396.460,60.014
10399.390,60.013
10402.320,60.013
10405.250,60.012
10408.180,60.012
10411.110,60.011
10414.040,60.010
10416.970,60.009
10419.900,60.009
10422.830,60.008
10425.760,60.007
10428.690,60.006
10431.620,60.005
10434.550,60.004
10437.480,60.004
10440.410,60.003
10443.340,60.002
10446.270,60.001
10449.200,60.000
10452.130,59.999
10455.060,59.998
10457.990,59.997
10460.920,59.996
10463.850,59.996
10466.780,59.995
10469.710,59.994
10472.630,59.993
10475.560,59.992
10478.490,59.991
10481.420,59.991
10484.350,59.990
10487.280,59.989
10490.210,59.988
10493.140,59.988
10496.070,59.987
10499.000,59.987
10501.930,59.986
10504.860,59.986
10507.790,59.985
10510.720,59.985
10513.650,59.984
10516.580,59.984
10519.510,59.983
10522.440,59.983
10525.370,59.983
10528.300,59.983
10531.230,59.982
10534.160,59.982
10537.090,59.982
10540.020,59.982
10542.950,59.982
10545.880,59.982
10548.810,59.982
10551.740,59.982
10554.670,59.982
10557.600,59.982
10560.530,59.983
10563.460,59.983
10566.380,59.983
10569.310,59.983
10572.240,59.984
10575.170,59.984
10578.100,59.984
10581.030,59.985
10583.960,59.985
10586.890,59.986
10589.820,59.986
10592.750,59.987
10595.680,59.987
10598.610,59.988
10601.540,59.989
10604.470,59.990
10607.400,59.990
10610.330,59.991
10613.260,59.992
10616.190,59.993
10619.120,59.993
10622.050,59.994
10624.980,59.995
10627.910,59.996
10630.840,59.996
10633.770,59.997
10636.700,59.998
10639.630,59.999
10642.560,60.000
10645.490,60.001
10648.420,60.001
10651.350,60.002
10654.280,60.003
10657.210,60.004
10660.130,60.005
10663.060,60.005
10665.990,60.006
10668.920,60.007
10671.850,60.008
10674.780,60.008
10677.710,60.009
10680.640,60.010
10683.570,60.011
10686.500,60.011
10689.430,60.012
10692.360,60.013
10695.290,60.013
10698.220,60.014
10701.150,60.014
10704.080,60.015
10707.010,60.015
10709.940,60.015
10712.870,60.016
10715.800,60.016
10718.730,60.016
10721.660,60.017
10724.590,60.017
10727.520,60.017
10730.450,60.017
10733.380,60.017
10736.310,60.017
10739.240,60.017
10742.170,60.017
10745.100,60.017
10748.030,60.017
10750.960,60.017
10753.880,60.017
10756.810,60.017
10759.740,60.017
10762.670,60.017
10765.600,60.017
10768.530,60.016
10771.460,60.016
10774.390,60.016
10777.320,60.015
10780.250,60.015
10783.180,60.014
10786.110,60.014
10789.040,60.013
10791.970,60.013
10794.900,60.012
10797.830,60.011
10800.760,60.011
10803.690,60.010
10806.620,60.009
10809.550,60.009
10812.480,60.008
10815.410,60.007
10818.340,60.006
10821.270,60.006
10824.200,60.005
10827.130,60.004
10830.060,60.003
10832.990,60.002
10835.920,60.001
10838.850,60.000
10841.780,59.999
10844.710,59.999
10847.630,59.998
10850.560,59.997
10853.490,59.996
10856.420,59.995
10859.350,59.995
10862.280,59.994
10865.210,59.993
10868.140,59.993
10871.070,59.992
10874.000,59.991
10876.930,59.990
10879.860,59.990
10882.790,59.989
10885.720,59.989
10888.650,59.988
10891.580,59.987
10894.510,59.987
10897.440,59.986
10900.370,59.986
10903.300,59.986
10906.230,59.985
10909.160,59.985
10912.090,59.985
10915.020,59.984
10917.950,59.984
10920.880,59.984
10923.810,59.984
10926.740,59.983
10929.670,59.983
10932.600,59.983
10935.530,59.983
10938.460,59.983
10941.380,59.983
10944.310,59.983
10947.240,59.983
10950.170,59.984
10953.100,59.984
10956.030,59.984
10958.960,59.984
10961.890,59.984
10964.820,59.985
10967.750,59.985
10970.680,59.985
10973.610,59.986
10976.540,59.986
10979.470,59.987
10982.400,59.987
10985.330,59.988
10988.260,59.988
10991.190,59.989
10994.120,59.989
10997.050,59.990
10999.980,59.990
11002.910,59.991
11005.840,59.992
11008.770,59.992
11011.700,59.993
11014.630,59.994
11017.560,59.995
11020.490,59.995
11023.420,59.996
11026.350,59.997
11029.280,59.998
11032.210,59.999
11035.130,59.999
11038.060,60.000
11040.990,60.001
11043.920,60.002
11046.850,60.002
11049.780,60.003
11052.710,60.004
11055.640,60.005
11058.570,60.005
11061.500,60.006
11064.430,60.007
11067.360,60.007
11070.290,60.008
11073.220,60.008
11076.150,60.009
11079.080,60.010
11082.010,60.010
11084.940,60.011
11087.870,60.011
11090.800,60.012
11093.730,60.012
11096.660,60.013
11099.590,60.013
11102.520,60.014
11105.450,60.014
11108.380,60.014
11111.310,60.015
11114.240,60.015
11117.170,60.015
11120.100,60.015
11123.030,60.016
11125.960,60.016
11128.880,60.016
11131.810,60.016
11134.740,60.016
11137.670,60.016
11140.600,60.016
11143.530,60.016
11146.460,60.016
11149.390,60.016
11152.320,60.016
11155.250,60.015
11158.180,60.015
11161.110,60.015
11164.040,60.015
11166.970,60.014
11169.900,60.014
11172.830,60.014
11175.760,60.013
11178.690,60.013
11181.620,60.013
11184.550,60.012
11187.480,60.012
11190.410,60.011
11193.340,60.010
11196.270,60.010
11199.200,60.009
11202.130,60.008
11205.060,60.008
11207.990,60.007
11210.920,60.006
11213.850,60.005
11216.780,60.005
11219.710,60.004
11222.630,60.003
11225.560,60.003
11228.490,60.002
11231.420,60.001
11234.350,60.000
11237.280,60.000
11240.210,59.999
11243.140,59.998
11246.070,59.997
11249.000,59.997
11251.930,59.996
11254.860,59.995
11257.790,59.994
11260.720,59.994
11263.650,59.993
11266.580,59.992
11269.510,59.992
11272.440,59.991
11275.370,59.991
11278.300,59.990
11281.230,59.990
11284.160,59.989
11287.090,59.989
11290.020,59.988
11292.950,59.988
11295.880,59.988
11298.810,59.987
11301.740,59.987
11304.670,59.986
11307.600,59.986
11310.530,59.986
11313.460,59.986
11316.380,59.985
11319.310,59.985
11322.240,59.985
11325.170,59.985
11328.100,59.985
11331.030,59.985
11333.960,59.985
11336.890,59.985
11339.820,59.985
11342.750,59.985
11345.680,59.985
11348.610,59.986
11351.540,59.986
11354.470,59.986
11357.400,59.986
11360.330,59.987
11363.260,59.987
11366.190,59.987
11369.120,59.988
11372.050,59.988
11374.980,59.988
11377.910,59.989
11380.840,59.989
11383.770,59.990
11386.700,59.990
11389.630,59.991
11392.560,59.991
11395.490,59.992
11398.420,59.993
11401.350,59.993
11404.280,59.994
11407.210,59.994
11410.130,59.995
11413.060,59.996
11415.990,59.996
11418.920,59.997
11421.850,59.998
11424.780,59.999
11427.710,59.999
11430.640,60.000
11433.570,60.001
11436.500,60.001
11439.430,60.002
11442.360,60.003
11445.290,60.003
11448.220,60.004
11451.150,60.005
11454.080,60.005
11457.010,60.006
11459.940,60.007
11462.870,60.007
11465.800,60.008
11468.730,60.008
11471.660,60.009
11474.590,60.009
11477.520,60.010
11480.450,60.010
11483.380,60.011
11486.310,60.011
11489.240,60.012
11492.170,60.012
11495.100,60.013
11498.030,60.013
11500.960,60.013
11503.880,60.014
11506.810,60.014
11509.740,60.014
11512.670,60.014
11515.600,60.015
11518.530,60.015
11521.460,60.015
11524.390,60.015
11527.320,60.015
11530.250,60.015
11533.180,60.015
11536.110,60.015
11539.040,60.015
11541.970,60.015
11544.900,60.014
11547.830,60.014
11550.760,60.014
11553.690,60.014
11556.620,60.013
11559.550,60.013
11562.480,60.013
11565.410,60.012
11568.340,60.012
11571.270,60.011
11574.200,60.011
11577.130,60.010
11580.060,60.010
11582.990,60.009
11585.920,60.009
11588.850,60.008
11591.780,60.008
11594.710,60.007
11597.630,60.007
11600.560,60.006
11603.490,60.005
11606.420,60.005
11609.350,60.004
11612.280,60.004
11615.210,60.003
11618.140,60.002
11621.070,60.002
11624.000,60.001
11626.930,60.000
11629.860,60.000
11632.790,59.999
11635.720,59.999
11638.650,59.998
11641.580,59.997
11644.510,59.997
11647.440,59.996
11650.370,59.995
11653.300,59.995
11656.230,59.994
11659.160,59.994
11662.090,59.993
11665.020,59.992
11667.950,59.992
11670.880,59.991
11673.810,59.991
11676.740,59.990
11679.670,59.990
11682.600,59.989
11685.530,59.989
11688.460,59.989
11691.380,59.988
11694.310,59.988
11697.240,59.988
11700.170,59.987
11703.100,59.987
11706.030,59.987
11708.960,59.987
11711.890,59.987
11714.820,59.986
11717.750,59.986
11720.680,59.986
11723.610,59.986
11726.540,59.986
11729.470,59.986
11732.400,59.986
11735.330,59.986
11738.260,59.987
11741.190,59.987
11744.120,59.987
11747.050,59.987
11749.980,59.988
11752.910,59.988
11755.840,59.988
11758.770,59.988
11761.700,59.989
11764.630,59.989
11767.560,59.990
11770.490,59.990
11773.420,59.990
11776.350,59.991
11779.280,59.991
11782.210,59.992
11785.130,59.993
11788.060,59.993
11790.990,59.994
11793.920,59.994
11796.850,59.995
11799.780,59.995
11802.710,59.996
11805.640,59.997
11808.570,59.997
11811.500,59.998
11814.430,59.999
11817.360,59.999
11820.290,60.000
11823.220,60.000
11826.150,60.001
11829.080,60.002
11832.010,60.002
11834.940,60.003
11837.870,60.003
11840.800,60.004
11843.730,60.005
11846.660,60.005
11849.590,60.006
11852.520,60.006
11855.450,60.007
11858.380,60.008
11861.310,60.008
11864.240,60.008
11867.170,60.009
11870.100,60.009
11873.030,60.010
11875.960,60.010
11878.880,60.010
11881.810,60.011
11884.740,60.011
11887.670,60.011
11890.600,60.012
11893.530,60.012
11896.460,60.012
11899.390,60.012
11902.320,60.012
11905.250,60.012
11908.180,60.013
11911.110,60.013
11914.040,60.013
11916.970,60.012
11919.900,60.012
11922.830,60.012
11925.760,60.012
11928.690,60.012
11931.620,60.012
11934.550,60.012
11937.480,60.011
11940.410,60.011
11943.340,60.011
11946.270,60.011
11949.200,60.010
11952.130,60.010
11955.060,60.010
11957.990,60.009
11960.920,60.009
11963.850,60.009
11966.780,60.008
11969.710,60.008
11972.630,60.007
11975.560,60.007
11978.490,60.006
11981.420,60.006
11984.350,60.005
11987.280,60.005
11990.210,60.004
11993.140,60.004
11996.070,60.003
11999.000,60.002
12001.930,60.002
12004.860,60.001
12007.790,60.001
12010.720,60.000
12013.650,59.999
12016.580,59.999
12019.510,59.998
12022.440,59.998
12025.370,59.997
12028.300,59.997
12031.230,59.996
12034.160,59.996
12037.090,59.995
12040.020,59.995
12042.950,59.994
12045.880,59.994
12048.810,59.993
12051.740,59.993
12054.670,59.993
12057.600,59.992
12060.530,59.992
12063.460,59.991
12066.380,59.991
12069.310,59.991
12072.240,59.990
12075.170,59.990
12078.100,59.990
12081.030,59.989
12083.960,59.989
12086.890,59.989
12089.820,59.989
12092.750,59.989
12095.680,59.989
12098.610,59.989
12101.540,59.989
12104.470,59.989
12107.400,59.989
12110.330,59.989
12113.260,59.989
12116.190,59.989
12119.120,59.989
12122.050,59.989
12124.980,59.989
12127.910,59.989
12130.840,59.989
12133.770,59.990
12136.700,59.990
12139.630,59.990
12142.560,59.990
12145.490,59.991
12148.420,59.991
12151.350,59.992
12154.280,59.992
12157.210,59.993
12160.130,59.993
12163.060,59.993
12165.990,59.994
12168.920,59.994
12171.850,59.995
12174.780,59.995
12177.710,59.996
12180.640,59.996
12183.570,59.997
12186.500,59.997
12189.430,59.998
12192.360,59.998
12195.290,59.999
12198.220,59.999
12201.150,60.000
12204.080,60.000
12207.010,60.001
12209.940,60.001
12212.870,60.002
12215.800,60.002
12218.730,60.003
12221.660,60.003
12224.590,60.004
12227.520,60.004
12230.450,60.005
12233.380,60.005
12236.310,60.006
12239.240,60.006
12242.170,60.007
12245.100,60.007
12248.030,60.008
12250.960,60.008
12253.880,60.009
12256.810,60.009
12259.740,60.009
12262.670,60.010
12265.600,60.010
12268.530,60.010
12271.460,60.010
12274.390,60.010
12277.320,60.010
12280.250,60.011
12283.180,60.011
12286.110,60.011
12289.040,60.011
12291.970,60.011
12294.900,60.011
12297.830,60.011
12300.760,60.011
12303.690,60.011
12306.620,60.011
12309.550,60.010
12312.480,60.010
12315.410,60.010
12318.340,60.010
12321.270,60.010
12324.200,60.009
12327.130,60.009
12330.060,60.009
12332.990,60.009
12335.920,60.008
12338.850,60.008
12341.780,60.008
12344.710,60.007
12347.630,60.007
12350.560,60.007
12353.490,60.006
12356.420,60.006
12359.350,60.006
12362.280,60.005
12365.210,60.005
12368.140,60.004
12371.070,60.004
12374.000,60.003
12376.930,60.003
12379.860,60.003
12382.790,60.002
12385.720,60.002
12388.650,60.001
12391.580,60.001
12394.510,60.000
12397.440,60.000
12400.370,60.000
12403.300,59.999
12406.230,59.999
12409.160,59.998
12412.090,59.998
12415.020,59.997
12417.950,59.997
12420.880,59.996
12423.810,59.996
12426.740,59.996
12429.670,59.995
12432.600,59.995
12435.530,59.994
12438.460,59.994
12441.380,59.994
12444.310,59.993
12447.240,59.993
12450.170,59.992
12453.100,59.992
12456.030,59.992
12458.960,59.991
12461.890,59.991
12464.820,59.991
12467.750,59.991
12470.680,59.991
12473.610,59.990
12476.540,59.990
12479.470,59.990
12482.400,59.990
12485.330,59.990
12488.260,59.990
12491.190,59.990
12494.120,59.990
12497.050,59.990
12499.980,59.990
12502.910,59.990
12505.840,59.990
12508.770,59.990
12511.700,59.990
12514.630,59.990
12517.560,59.990
12520.490,59.991
12523.420,59.991
12526.350,59.991
12529.280,59.992
12532.210,59.992
12535.130,59.992
12538.060,59.992
12540.990,59.993
12543.920,59.993
12546.850,59.993
12549.780,59.994
12552.710,59.994
12555.640,59.995
12558.570,59.995
12561.500,59.995
12564.430,59.996
12567.360,59.996
12570.290,59.997
12573.220,59.997
12576.150,59.997
12579.080,59.998
12582.010,59.998
12584.940,59.999
12587.870,59.999
12590.800,60.000
12593.730,60.000
12596.660,60.001
12599.590,60.001
12602.520,60.001
12605.450,60.002
12608.380,60.002
12611.310,60.003
12614.240,60.003
12617.170,60.004
12620.100,60.004
12623.030,60.005
12625.960,60.005
12628.880,60.005
12631.810,60.006
12634.740,60.006
12637.670,60.006
12640.600,60.007
12643.530,60.007
12646.460,60.008
12649.390,60.008
12652.320,60.008
12655.250,60.009
12658.180,60.009
12661.110,60.009
12664.040,60.009
12666.970,60.010
12669.900,60.010
12672.830,60.010
12675.760,60.010
12678.690,60.010
12681.620,60.010
12684.550,60.010
12687.480,60.010
12690.410,60.010
12693.340,60.010
12696.270,60.010
12699.200,60.010
12702.130,60.009
12705.060,60.009
12707.990,60.009
12710.920,60.009
12713.850,60.009
12716.780,60.009
12719.710,60.009
12722.630,60.008
12725.560,60.008
12728.490,60.008
12731.420,60.008
12734.350,60.007
12737.280,60.007
12740.210,60.007
12743.140,60.006
12746.070,60.006
12749.000,60.006
12751.930,60.005
12754.860,60.005
12757.790,60.004
12760.720,60.004
12763.650,60.004
12766.580,60.003
12769.510,60.003
12772.440,60.002
12775.370,60.002
12778.300,60.002
12781.230,60.001
12784.160,60.001
12787.090,60.000
12790.020,60.000
12792.950,59.999
12795.880,59.999
12798.810,59.999
12801.740,59.998
12804.670,59.998
12807.600,59.997
12810.530,59.997
12813.460,59.996
12816.380,59.996
12819.310,59.996
12822.240,59.995
12825.170,59.995
12828.100,59.995
12831.030,59.994
12833.960,59.994
12836.890,59.994
12839.820,59.994
12842.750,59.993
12845.680,59.993
12848.610,59.993
12851.540,59.993
12854.470,59.992
12857.400,59.992
12860.330,59.992
12863.260,59.992
12866.190,59.992
12869.120,59.992
12872.050,59.991
12874.980,59.991
12877.910,59.991
12880.840,59.991
12883.770,59.991
12886.700,59.991
12889.630,59.991
12892.560,59.991
12895.490,59.991
12898.420,59.991
12901.350,59.991
12904.280,59.992
12907.210,59.992
12910.130,59.992
12913.060,59.992
12915.990,59.992
12918.920,59.993
12921.850,59.993
12924.780,59.993
12927.710,59.993
12930.640,59.994
12933.570,59.994
12936.500,59.994
12939.430,59.995
12942.360,59.995
12945.290,59.995
12948.220,59.996
12951.150,59.996
12954.080,59.996
12957.010,59.997
12959.940,59.997
12962.870,59.998
12965.800,59.998
12968.730,59.998
12971.660,59.999
12974.590,59.999
12977.520,60.000
12980.450,60.000
12983.380,60.000
12986.310,60.001
12989.240,60.001
12992.170,60.001
12995.100,60.002
12998.030,60.002
13000.960,60.002
13003.880,60.003
13006.810,60.003
13009.740,60.003
13012.670,60.004
13015.600,60.004
13018.530,60.005
13021.460,60.005
13024.390,60.005
13027.320,60.006
13030.250,60.006
13033.180,60.006
13036.110,60.006
13039.040,60.007
13041.970,60.007
13044.900,60.007
13047.830,60.007
13050.760,60.008
13053.690,60.008
13056.620,60.008
13059.550,60.008
13062.480,60.008
13065.410,60.008
13068.340,60.008
13071.270,60.009
13074.200,60.009
13077.130,60.008
13080.060,60.008
13082.990,60.008
13085.920,60.008
13088.850,60.008
13091.780,60.008
13094.710,60.008
13097.630,60.008
13100.560,60.007
13103.490,60.007
13106.420,60.007
13109.350,60.007
13112.280,60.007
13115.210,60.006
13118.140,60.006
13121.070,60.006
13124.000,60.006
13126.930,60.005
13129.860,60.005
13132.790,60.005
13135.720,60.005
13138.650,60.004
13141.580,60.004
13144.510,60.004
13147.440,60.004
13150.370,60.003
13153.300,60.003
13156.230,60.003
13159.160,60.002
13162.090,60.002
13165.020,60.002
13167.950,60.001
13170.880,60.001
13173.810,60.001
13176.740,60.000
13179.670,60.000
13182.600,60.000
13185.530,59.999
13188.460,59.999
13191.380,59.999
13194.310,59.998
13197.240,59.998
13200.170,59.998
13203.100,59.997
13206.030,59.997
13208.960,59.997
13211.890,59.996
13214.820,59.996
13217.750,59.996
13220.680,59.995
13223.610,59.995
13226.540,59.995
13229.470,59.995
13232.400,59.994
13235.330,59.994
13238.260,59.994
13241.190,59.994
13244.120,59.993
13247.050,59.993
13249.980,59.993
13252.910,59.993
13255.840,59.992
13258.770,59.992
13261.700,59.992
13264.630,59.992
13267.560,59.992
13270.490,59.992
13273.420,59.992
13276.350,59.992
13279.280,59.992
13282.210,59.992
13285.130,59.992
13288.060,59.992
13290.990,59.992
13293.920,59.992
13296.850,59.992
13299.780,59.992
13302.710,59.992
13305.640,59.993
13308.570,59.993
13311.500,59.993
13314.430,59.993
13317.360,59.993
13320.290,59.994
13323.220,59.994
13326.150,59.994
13329.080,59.994
13332.010,59.995
13334.940,59.995
13337.870,59.995
13340.800,59.996
13343.730,59.996
13346.660,59.996
13349.590,59.997
13352.520,59.997
13355.450,59.998
13358.380,59.998
13361.310,59.999
13364.240,59.999
13367.170,60.000
13370.100,60.000
13373.030,60.000
13375.960,60.001
13378.880,60.001
13381.810,60.002
13384.740,60.002
13387.670,60.003
13390.600,60.003
13393.530,60.003
13396.460,60.004
13399.390,60.004
13402.320,60.004
13405.250,60.005
13408.180,60.005
13411.110,60.005
13414.040,60.006
13416.970,60.006
13419.900,60.006
13422.830,60.006
13425.760,60.006
13428.690,60.007
13431.620,60.007
13434.550,60.007
13437.480,60.007
13440.410,60.007
13443.340,60.007
13446.270,60.007
13449.200,60.008
13452.130,60.008
13455.060,60.008
13457.990,60.008
13460.920,60.008
13463.850,60.008
13466.780,60.008
13469.710,60.008
13472.630,60.008
13475.560,60.008
13478.490,60.008
13481.420,60.007
13484.350,60.007
13487.280,60.007
13490.210,60.007
13493.140,60.007
13496.070,60.007
13499.000,60.006
13501.930,60.006
13504.860,60.006
13507.790,60.006
13510.720,60.005
13513.650,60.005
13516.580,60.005
13519.510,60.005
13522.440,60.004
13525.370,60.004
13528.300,60.004
13531.230,60.004
13534.160,60.003
13537.090,60.003
13540.020,60.003
13542.950,60.002
13545.880,60.002
13548.810,60.002
13551.740,60.001
13554.670,60.001
13557.600,60.001
13560.530,60.000
13563.460,60.000
13566.380,60.000
13569.310,59.999
13572.240,59.999
13575.170,59.999
13578.100,59.998
13581.030,59.998
13583.960,59.998
13586.890,59.997
13589.820,59.997
13592.750,59.997
13595.680,59.996
13598.610,59.996
13601.540,59.996
13604.470,59.996
13607.400,59.995
13610.330,59.995
13613.260,59.995
13616.190,59.995
13619.120,59.994
13622.050,59.994
13624.980,59.994
13627.910,59.994
13630.840,59.994
13633.770,59.994
13636.700,59.994
13639.630,59.994
13642.560,59.994
13645.490,59.993
13648.420,59.993
13651.350,59.993
13654.280,59.993
13657.210,59.993
13660.130,59.993
13663.060,59.993
13665.990,59.993
13668.920,59.993
13671.850,59.993
13674.780,59.993
13677.710,59.993
13680.640,59.994
13683.570,59.994
13686.500,59.994
13689.430,59.994
13692.360,59.994
13695.290,59.994
13698.220,59.994
13701.150,59.995
13704.080,59.995
13707.010,59.995
13709.940,59.995
13712.870,59.996
13715.800,59.996
13718.730,59.996
13721.660,59.996
13724.590,59.997
13727.520,59.997
13730.450,59.997
13733.380,59.998
13736.310,59.998
13739.240,59.998
13742.170,59.999
13745.100,59.999
13748.030,59.999
13750.960,60.000
13753.880,60.000
13756.810,60.001
13759.740,60.001
13762.670,60.001
13765.600,60.002
13768.530,60.002
13771.460,60.002
13774.390,60.003
13777.320,60.003
13780.250,60.003
13783.180,60.004
13786.110,60.004
13789.040,60.004
13791.970,60.004
13794.900,60.005
13797.830,60.005
13800.760,60.005
13803.690,60.005
13806.620,60.005
13809.550,60.005
13812.480,60.006
13815.410,60.006
13818.340,60.006
13821.270,60.006
13824.200,60.006
13827.130,60.006
13830.060,60.006
13832.990,60.006
13835.920,60.006
13838.850,60.006
13841.780,60.006
13844.710,60.006
13847.630,60.006
13850.560,60.006
13853.490,60.006
13856.420,60.006
13859.350,60.005
13862.280,60.005
13865.210,60.005
13868.140,60.005
13871.070,60.005
13874.000,60.005
13876.930,60.005
13879.860,60.005
13882.790,60.005
13885.720,60.005
13888.650,60.004
13891.580,60.004
13894.510,60.004
13897.440,60.004
13900.370,60.004
13903.300,60.003
13906.230,60.003
13909.160,60.003
13912.090,60.003
13915.020,60.003
13917.950,60.002
13920.880,60.002
13923.810,60.002
13926.740,60.002
13929.670,60.001
13932.600,60.001
13935.530,60.001
13938.460,60.001
13941.380,60.000
13944.310,60.000
13947.240,60.000
13950.170,60.000
13953.100,59.999
13956.030,59.999
13958.960,59.999
13961.890,59.999
13964.820,59.998
13967.750,59.998
13970.680,59.998
13973.610,59.998
13976.540,59.998
13979.470,59.997
13982.400,59.997
13985.330,59.997
13988.260,59.997
13991.190,59.997
13994.120,59.996
13997.050,59.996
13999.980,59.996
14002.910,59.996
14005.840,59.996
14008.770,59.995
14011.700,59.995
14014.630,59.995
14017.560,59.995
14020.490,59.995
14023.420,59.995
14026.350,59.995
14029.280,59.995
14032.210,59.994
14035.130,59.994
14038.060,59.994
14040.990,59.994
14043.920,59.994
14046.850,59.994
14049.780,59.994
14052.710,59.994
14055.640,59.994
14058.570,59.994
14061.500,59.994
14064.430,59.995
14067.360,59.995
14070.290,59.995
14073.220,59.995
14076.150,59.995
14079.080,59.995
14082.010,59.995
14084.940,59.996
14087.870,59.996
14090.800,59.996
14093.730,59.996
14096.660,59.996
14099.590,59.997
14102.520,59.997
14105.450,59.997
14108.380,59.997
14111.310,59.998
14114.240,59.998
14117.170,59.998
14120.100,59.998
14123.030,59.999
14125.960,59.999
14128.880,59.999
14131.810,59.999
14134.740,60.000
14137.670,60.000
14140.600,60.000
14143.530,60.001
14146.460,60.001
14149.390,60.001
14152.320,60.001
14155.250,60.002
14158.180,60.002
14161.110,60.002
14164.040,60.002
14166.970,60.003
14169.900,60.003
14172.830,60.003
14175.760,60.004
14178.690,60.004
14181.620,60.004
14184.550,60.004
14187.480,60.004
14190.410,60.005
14193.340,60.005
14196.270,60.005
14199.200,60.005
14202.130,60.005
14205.060,60.005
14207.990,60.005
14210.920,60.006
14213.850,60.006
14216.780,60.005
14219.710,60.005
14222.630,60.005
14225.560,60.005
14228.490,60.005
14231.420,60.005
14234.350,60.005
14237.280,60.005
14240.210,60.005
14243.140,60.005
14246.070,60.005
14249.000,60.005
14251.930,60.004
14254.860,60.004
14257.790,60.004
14260.720,60.004
14263.650,60.004
14266.580,60.004
14269.510,60.004
14272.440,60.004
14275.370,60.004
14278.300,60.003
14281.230,60.003
14284.160,60.003
14287.090,60.003
14290.020,60.003
14292.950,60.003
14295.880,60.003
14298.810,60.002
14301.740,60.002
14304.670,60.002
14307.600,60.002
14310.530,60.002
14313.460,60.002
14316.380,60.001
14319.310,60.001
14322.240,60.001
14325.170,60.001
14328.100,60.001
14331.030,60.000
14333.960,60.000
14336.890,60.000
14339.820,60.000
14342.750,59.999
14345.680,59.999
14348.610,59.999
14351.540,59.999
14354.470,59.999
14357.400,59.999
14360.330,59.998
14363.260,59.998
14366.190,59.998
14369.120,59.998
14372.050,59.998
14374.980,59.998
14377.910,59.997
14380.840,59.997
14383.770,59.997
14386.700,59.997
14389.630,59.997
14392.560,59.997
14395.490,59.996
14398.420,59.996
14401.350,59.996
14404.280,59.996
14407.210,59.996
14410.130,59.996
14413.060,59.996
14415.990,59.996
14418.920,59.996
14421.850,59.996
14424.780,59.995
14427.710,59.995
14430.640,59.995
14433.570,59.995
14436.500,59.995
14439.430,59.995
14442.360,59.996
14445.290,59.996
14448.220,59.996
14451.150,59.996
14454.080,59.996
14457.010,59.996
14459.940,59.996
14462.870,59.996
14465.800,59.996
14468.730,59.997
14471.660,59.997
14474.590,59.997
14477.520,59.997
14480.450,59.997
14483.380,59.997
14486.310,59.998
14489.240,59.998
14492.170,59.998
14495.100,59.998
14498.030,59.998
14500.960,59.999
14503.880,59.999
14506.810,59.999
14509.740,59.999
14512.670,59.999
14515.600,60.000
14518.530,60.000
14521.460,60.000
14524.390,60.000
14527.320,60.000
14530.250,60.001
14533.180,60.001
14536.110,60.001
14539.040,60.001
14541.970,60.001
14544.900,60.002
14547.830,60.002
14550.760,60.002
14553.690,60.002
14556.620,60.002
14559.550,60.003
14562.480,60.003
14565.410,60.003
14568.340,60.003
14571.270,60.003
14574.200,60.003
14577.130,60.003
14580.060,60.004
14582.990,60.004
14585.920,60.004
14588.850,60.004
14591.780,60.004
14594.710,60.004
14597.630,60.004
14600.560,60.004
14603.490,60.004
14606.420,60.004
14609.350,60.004
14612.280,60.004
14615.210,60.004
14618.140,60.004
14621.070,60.004
14624.000,60.004
14626.930,60.004
14629.860,60.003
14632.790,60.003
14635.720,60.003
14638.650,60.003
14641.580,60.003
14644.510,60.003
14647.440,60.003
14650.370,60.002
14653.300,60.002
14656.230,60.002
14659.160,60.002
14662.090,60.002
14665.020,60.002
14667.950,60.002
14670.880,60.001
14673.810,60.001
14676.740,60.001
14679.670,60.001
14682.600,60.001
14685.530,60.001
14688.460,60.001
14691.380,60.000
14694.310,60.000
14697.240,60.000
14700.170,60.000
14703.100,60.000
14706.030,60.000
14708.960,59.999
14711.890,59.999
14714.820,59.999
14717.750,59.999
14720.680,59.999
14723.610,59.999
14726.540,59.998
14729.470,59.998
14732.400,59.998
14735.330,59.998
14738.260,59.998
14741.190,59.998
14744.120,59.998
14747.050,59.997
14749.980,59.997
14752.910,59.997
14755.840,59.997
14758.770,59.997
14761.700,59.997
14764.630,59.997
14767.560,59.997
14770.490,59.997
14773.420,59.997
14776.350,59.997
14779.280,59.997
14782.210,59.997
14785.130,59.997
14788.060,59.997
14790.990,59.997
14793.920,59.997
14796.850,59.997
14799.780,59.997
14802.710,59.997
14805.640,59.997
14808.570,59.997
14811.500,59.997
14814.430,59.998
14817.360,59.998
14820.290,59.998
14823.220,59.998
14826.150,59.998
14829.080,59.998
14832.010,59.998
14834.940,59.998
14837.870,59.998
14840.800,59.998
14843.730,59.999
14846.660,59.999
14849.590,59.999
14852.520,59.999
14855.450,59.999
14858.380,59.999
14861.310,59.999
14864.240,59.999
14867.170,59.999
14870.100,60.000
14873.030,60.000
14875.960,60.000
14878.880,60.000
14881.810,60.000
14884.740,60.000
14887.670,60.000
14890.600,60.000
14893.530,60.001
14896.460,60.001
14899.390,60.001
14902.320,60.001
14905.250,60.001
14908.180,60.001
14911.110,60.001
14914.040,60.001
14916.970,60.002
14919.900,60.002
14922.830,60.002
14925.760,60.002
14928.690,60.002
14931.620,60.002
14934.550,60.002
14937.480,60.002
14940.410,60.002
14943.340,60.002
14946.270,60.002
14949.200,60.002
14952.130,60.003
14955.060,60.003
14957.990,60.003
14960.920,60.003
14963.850,60.003
14966.780,60.003
14969.710,60.003
14972.630,60.003
14975.560,60.003
14978.490,60.003
14981.420,60.003
14984.350,60.002
14987.280,60.002
14990.210,60.002
14993.140,60.002
14996.070,60.002
14999.000,60.002
15001.930,60.002
15004.860,60.002
15007.790,60.002
15010.720,60.002
15013.650,60.002
15016.580,60.002
15019.510,60.002
15022.440,60.002
15025.370,60.001
15028.300,60.001
15031.230,60.001
15034.160,60.001
15037.090,60.001
15040.020,60.001
15042.950,60.001
15045.880,60.001
15048.810,60.001
15051.740,60.000
15054.670,60.000
15057.600,60.000
15060.530,60.000
15063.460,60.000
15066.380,60.000
15069.310,60.000
15072.240,60.000
15075.170,59.999
15078.100,59.999
15081.030,59.999
15083.960,59.999
15086.890,59.999
15089.820,59.999
15092.750,59.999
15095.680,59.999
15098.610,59.999
15101.540,59.999
15104.470,59.999
15107.400,59.998
15110.330,59.998
15113.260,59.998
15116.190,59.998
15119.120,59.998
15122.050,59.998
15124.980,59.998
15127.910,59.998
15130.840,59.998
15133.770,59.998
15136.700,59.998
15139.630,59.998
15142.560,59.998
15145.490,59.998
15148.420,59.998
15151.350,59.998
15154.280,59.998
15157.210,59.998
15160.130,59.998
15163.060,59.998
15165.990,59.999
15168.920,59.999
15171.850,59.999
15174.780,59.999
15177.710,59.999
15180.640,59.999
15183.570,59.999
15186.500,59.999
15189.430,59.999
15192.360,59.999
15195.290,59.999
15198.220,59.999
15201.150,59.999
15204.080,59.999
15207.010,59.999
15209.940,60.000
15212.870,60.000
15215.800,60.000
15218.730,60.000
15221.660,60.000
15224.590,60.000
15227.520,60.000
15230.450,60.000
15233.380,60.000
15236.310,60.000
15239.240,60.000
15242.170,60.000
15245.100,60.001
15248.030,60.001
15250.960,60.001
15253.880,60.001
15256.810,60.001
15259.740,60.001
15262.670,60.001
15265.600,60.001
15268.530,60.001
15271.460,60.001
15274.390,60.001
15277.320,60.001
15280.250,60.001
15283.180,60.001
15286.110,60.001
15289.040,60.001
15291.970,60.001
15294.900,60.001
15297.830,60.001
15300.760,60.001
15303.690,60.001
15306.620,60.001
15309.550,60.001
15312.480,60.001
15315.410,60.001
15318.340,60.001
15321.270,60.001
15324.200,60.001
15327.130,60.001
15330.060,60.001
15332.990,60.001
15335.920,60.001
15338.850,60.001
15341.780,60.001
15344.710,60.001
15347.630,60.001
15350.560,60.001
15353.490,60.001
15356.420,60.001
15359.350,60.001
15362.280,60.001
15365.210,60.001
15368.140,60.001
15371.070,60.001
15374.000,60.001
15376.930,60.001
15379.860,60.001
15382.790,60.001
15385.720,60.001
15388.650,60.001
15391.580,60.001
15394.510,60.001
15397.440,60.001
15400.370,60.000
15403.300,60.000
15406.230,60.000
15409.160,60.000
15412.090,60.000
15415.020,60.000
15417.950,60.000
15420.880,60.000
15423.810,60.000
15426.740,60.000
15429.670,60.000
15432.600,60.000
15435.530,60.000
15438.460,60.000
15441.380,60.000
15444.310,60.000
15447.240,60.000
15450.170,60.000
15453.100,60.000
15456.030,60.000
15458.960,59.999
15461.890,59.999
15464.820,59.999
15467.750,59.999
15470.680,59.999
15473.610,59.999
15476.540,59.999
15479.470,59.999
15482.400,59.999
15485.330,59.999
15488.260,59.999
15491.190,59.999
15494.120,59.999
15497.050,59.999
15499.980,59.999
15502.910,59.999
15505.840,59.999
15508.770,59.999
15511.700,59.999
15514.630,59.999
15517.560,59.999
15520.490,59.999
15523.420,59.999
15526.350,59.999
15529.280,59.999
15532.210,60.000
15535.130,60.000
15538.060,60.000
15540.990,60.000
15543.920,60.000
15546.850,60.000
15549.780,60.000
15552.710,60.000
15555.640,60.000
15558.570,60.000
15561.500,60.000
15564.430,60.000
15567.360,60.000
15570.290,60.000
15573.220,60.000
15576.150,60.000
15579.080,60.000
15582.010,60.000
15584.940,60.000
15587.870,60.000
15590.800,60.001
15593.730,60.001
15596.660,60.001
15599.590,60.001
15602.520,60.001
15605.450,60.001
15608.380,60.001
15611.310,60.001
15614.240,60.001
15617.170,60.001
15620.100,60.001
15623.030,60.001
15625.960,60.001
15628.880,60.001
15631.810,60.000
15634.740,60.000
15637.670,60.000
15640.600,60.000
15643.530,60.000
15646.460,60.000
15649.390,60.000
15652.320,60.000
15655.250,60.000
15658.180,60.000
15661.110,60.000
15664.040,60.000
15666.970,60.000
15669.900,60.000
15672.830,60.000
15675.760,60.000
15678.690,60.000
15681.620,60.000
15684.550,60.000
15687.480,60.000
15690.410,60.000
15693.340,60.000
15696.270,60.000
15699.200,60.000
15702.130,60.000
15705.060,60.000
15707.990,60.000
15710.920,60.000
15713.850,60.000
15716.780,60.000
15719.710,60.000
15722.630,60.000
15725.560,60.000
15728.490,60.000
15731.420,60.000
15734.350,60.000
15737.280,60.000
15740.210,60.000
15743.140,60.000
15746.070,60.000
15749.000,60.000
15751.930,60.000
15754.860,60.000
15757.790,60.000
15760.720,60.000
15763.650,60.000
15766.580,60.000
15769.510,60.000
15772.440,60.000
15775.370,60.000
15778.300,60.000
15781.230,60.000
15784.160,60.000
15787.090,60.000
15790.020,60.000
15792.950,60.000
15795.880,60.000
15798.810,60.000
15801.740,60.000
15804.670,60.000
15807.600,60.000
15810.530,60.000
15813.460,60.000
15816.380,60.000
15819.310,60.000
15822.240,60.000
15825.170,60.000
15828.100,60.000
15831.030,60.000
15833.960,60.000
15836.890,60.000
15839.820,60.000
15842.750,60.000
15845.680,60.000
15848.610,60.000
15851.540,60.000
15854.470,60.000
15857.400,60.000
15860.330,60.000
15863.260,60.000
15866.190,60.000
15869.120,60.000
15872.050,60.000
15874.980,60.000
15877.910,60.000
15880.840,60.000
15883.770,60.000
15886.700,60.000
15889.630,60.000
15892.560,60.000
15895.490,60.000
15898.420,60.000
15901.350,60.000
15904.280,60.000
15907.210,60.000
15910.130,60.000
15913.060,60.000
15915.990,60.000
15918.920,60.000
15921.850,60.000
15924.780,60.000
15927.710,60.000
15930.640,60.000
15933.570,60.000
15936.500,60.000
15939.430,60.000
15942.360,60.000
15945.290,60.000
15948.220,60.000
15951.150,60.000
15954.080,60.000
15957.010,60.000
15959.940,60.000
15962.870,60.000
15965.800,60.000
15968.730,60.000
15971.660,60.000
15974.590,60.000
15977.520,60.000
15980.450,60.000
15983.380,60.000
15986.310,60.000
15989.240,60.000
15992.170,60.000
15995.100,60.000
15998.030,60.000
16000.960,60.000
16003.880,60.000
16006.810,60.000
16009.740,60.000
16012.670,60.000
16015.600,60.000
16018.530,60.000
16021.460,60.000
16024.390,60.000
16027.320,60.000
16030.250,60.000
16033.180,60.000
16036.110,60.000
16039.040,60.000
16041.970,60.000
16044.900,60.000
16047.830,60.000
16050.760,60.000
16053.690,60.000
16056.620,60.000
16059.550,60.000
16062.480,60.000
16065.410,60.000
16068.340,60.000
16071.270,60.000
16074.200,60.000
16077.130,60.000
16080.060,60.000
16082.990,60.000
16085.920,60.000
16088.850,60.000
16091.780,60.000
16094.710,60.000
16097.630,60.000
16100.560,60.000
16103.490,60.000
16106.420,60.000
16109.350,60.000
16112.280,60.000
16115.210,60.000
16118.140,60.000
16121.070,60.000
16124.000,60.000
16126.930,60.000
16129.860,60.000
16132.790,60.000
16135.720,60.000
16138.650,60.000
16141.580,60.000
16144.510,60.000
16147.440,60.000
16150.370,60.000
16153.300,60.000
16156.230,60.000
16159.160,60.000
