time_s,temperature_C
3.000,20.000
6.000,20.000
9.000,20.000
11.000,20.000
13.000,20.000
15.000,20.000
17.000,20.000
19.000,20.001
21.000,20.001
23.000,20.002
25.000,20.003
27.000,20.005
29.000,20.006
31.001,20.009
33.001,20.011
35.001,20.014
37.001,20.018
39.001,20.021
41.001,20.026
43.001,20.030
45.001,20.036
47.001,20.041
49.001,20.047
51.001,20.054
53.001,20.061
55.001,20.068
57.001,20.075
59.001,20.083
61.001,20.092
63.001,20.100
66.001,20.114
69.000,20.129
72.000,20.144
74.999,20.160
77.999,20.176
80.998,20.193
83.998,20.211
86.997,20.229
89.997,20.248
92.996,20.267
95.996,20.287
98.995,20.307
101.995,20.328
104.994,20.349
107.994,20.371
110.993,20.392
113.993,20.415
116.992,20.437
119.992,20.460
122.991,20.483
125.991,20.507
128.991,20.530
130.991,20.546
132.992,20.562
134.992,20.578
136.992,20.595
138.993,20.611
140.993,20.628
142.994,20.644
144.994,20.661
146.995,20.678
148.995,20.695
150.995,20.712
152.996,20.729
154.996,20.746
156.997,20.763
158.997,20.780
160.998,20.798
162.998,20.815
164.998,20.833
166.999,20.850
168.999,20.868
171.000,20.886
173.000,20.903
175.001,20.921
177.001,20.939
179.001,20.957
181.002,20.975
183.002,20.993
185.003,21.011
187.003,21.030
189.004,21.048
191.004,21.066
193.004,21.084
195.005,21.103
197.005,21.121
199.006,21.140
201.006,21.158
203.007,21.177
205.007,21.195
207.007,21.214
209.008,21.233
211.008,21.251
213.009,21.270
215.009,21.289
217.010,21.308
219.010,21.327
221.010,21.345
223.011,21.364
225.011,21.383
227.012,21.402
229.012,21.421
231.013,21.440
233.013,21.459
235.013,21.478
237.014,21.497
239.014,21.517
241.015,21.536
243.015,21.555
245.016,21.574
247.016,21.593
249.016,21.612
251.017,21.632
253.017,21.651
255.018,21.670
258.017,21.699
261.015,21.728
264.014,21.757
267.012,21.786
270.010,21.815
273.009,21.845
276.007,21.874
279.005,21.903
282.004,21.932
285.002,21.961
288.000,21.991
290.999,22.020
293.997,22.049
296.995,22.078
299.994,22.108
302.992,22.137
305.990,22.166
308.989,22.196
311.987,22.225
314.985,22.254
317.984,22.284
320.982,22.313
323.981,22.343
326.979,22.372
329.977,22.402
332.976,22.431
335.974,22.460
338.972,22.490
341.971,22.519
344.969,22.548
347.967,22.578
350.966,22.607
353.964,22.637
356.962,22.666
359.961,22.696
362.959,22.725
365.957,22.754
368.956,22.784
371.954,22.813
374.953,22.843
377.951,22.872
380.949,22.901
383.948,22.931
386.946,22.960
389.944,22.989
392.943,23.019
395.941,23.048
398.939,23.077
401.938,23.107
404.936,23.136
407.934,23.165
410.933,23.195
413.931,23.224
416.929,23.253
419.928,23.282
422.926,23.312
425.925,23.341
428.923,23.370
431.921,23.399
434.920,23.428
437.918,23.457
440.916,23.487
443.915,23.516
446.913,23.545
449.911,23.574
452.910,23.603
455.908,23.632
458.906,23.661
461.905,23.690
464.903,23.719
467.901,23.748
470.900,23.777
473.898,23.806
476.897,23.835
479.895,23.864
482.893,23.893
485.892,23.921
488.890,23.950
491.888,23.979
494.887,24.008
497.885,24.037
500.883,24.065
503.882,24.094
506.880,24.123
509.878,24.152
512.878,24.180
514.880,24.199
516.882,24.219
518.884,24.238
520.886,24.257
522.888,24.276
524.890,24.295
526.892,24.314
528.894,24.333
530.896,24.352
532.898,24.371
534.900,24.390
536.901,24.409
538.903,24.428
540.905,24.447
542.907,24.466
544.909,24.485
546.911,24.504
548.913,24.523
550.915,24.542
552.917,24.561
554.919,24.580
556.921,24.599
558.923,24.618
560.925,24.637
562.927,24.655
564.929,24.674
566.931,24.693
568.933,24.712
570.935,24.731
572.937,24.750
574.939,24.769
576.941,24.787
578.942,24.806
580.944,24.825
582.946,24.844
584.948,24.863
586.950,24.881
588.952,24.900
590.954,24.919
592.956,24.938
594.958,24.956
596.960,24.975
598.962,24.994
600.964,25.013
602.966,25.031
604.968,25.050
606.970,25.069
608.972,25.087
610.974,25.106
612.976,25.125
614.978,25.143
616.980,25.162
618.982,25.181
620.984,25.199
622.985,25.218
624.987,25.236
626.989,25.255
628.991,25.273
630.993,25.292
632.995,25.311
634.997,25.329
636.999,25.348
639.001,25.366
641.003,25.385
643.005,25.403
645.007,25.422
647.009,25.440
649.011,25.459
651.013,25.477
653.015,25.496
655.017,25.514
657.019,25.533
659.021,25.551
661.023,25.569
663.025,25.588
665.026,25.606
667.028,25.625
669.030,25.643
671.032,25.661
673.034,25.680
675.036,25.698
677.038,25.716
679.040,25.735
681.042,25.753
683.044,25.771
685.046,25.790
687.048,25.808
689.050,25.826
691.052,25.844
693.054,25.863
695.056,25.881
697.058,25.899
699.060,25.917
701.062,25.936
703.064,25.954
705.066,25.972
707.067,25.990
709.069,26.008
711.071,26.027
713.073,26.045
715.075,26.063
717.077,26.081
719.079,26.099
721.081,26.117
723.083,26.135
725.085,26.153
727.087,26.172
729.089,26.190
731.091,26.208
733.093,26.226
735.095,26.244
737.097,26.262
739.099,26.280
741.101,26.298
743.103,26.316
745.105,26.334
747.107,26.352
749.109,26.370
751.110,26.388
753.112,26.406
755.114,26.424
757.116,26.442
759.118,26.460
761.120,26.478
763.122,26.496
765.124,26.514
767.126,26.532
769.128,26.550
771.130,26.567
773.132,26.585
775.134,26.603
777.136,26.621
779.138,26.639
781.140,26.657
783.142,26.674
785.144,26.692
787.146,26.710
789.148,26.728
791.150,26.746
793.151,26.763
795.153,26.781
797.155,26.799
799.157,26.817
801.159,26.834
803.161,26.852
805.163,26.870
807.165,26.887
809.167,26.905
811.169,26.923
813.171,26.941
815.173,26.958
817.175,26.976
819.177,26.994
821.179,27.011
823.181,27.029
825.183,27.047
827.185,27.064
829.187,27.082
831.189,27.099
833.191,27.117
835.192,27.135
837.194,27.152
839.196,27.170
841.198,27.187
843.200,27.205
845.202,27.222
847.204,27.240
849.206,27.257
851.208,27.275
853.210,27.292
855.212,27.310
857.214,27.327
859.216,27.345
861.218,27.362
863.220,27.380
865.222,27.397
867.224,27.415
869.226,27.432
871.228,27.449
873.230,27.467
875.232,27.484
877.234,27.501
879.235,27.519
881.237,27.536
883.239,27.554
885.241,27.571
887.243,27.588
889.245,27.606
891.247,27.623
893.249,27.640
895.251,27.657
897.253,27.675
899.255,27.692
901.257,27.709
903.259,27.727
905.261,27.744
907.263,27.761
909.265,27.778
911.267,27.795
913.269,27.813
915.271,27.830
917.273,27.847
919.275,27.864
921.276,27.881
923.278,27.899
925.280,27.916
927.282,27.933
929.284,27.950
931.286,27.967
933.288,27.984
935.290,28.001
937.292,28.019
939.294,28.036
941.296,28.053
943.298,28.070
945.300,28.087
947.302,28.104
949.304,28.121
951.306,28.138
953.308,28.155
955.310,28.172
957.312,28.189
959.314,28.206
961.316,28.223
963.317,28.240
965.319,28.257
967.321,28.274
969.323,28.291
971.325,28.308
973.327,28.325
975.329,28.342
977.331,28.359
979.333,28.376
981.335,28.393
983.337,28.410
985.339,28.427
987.341,28.443
989.343,28.460
991.345,28.477
993.347,28.494
995.349,28.511
997.351,28.528
999.353,28.544
1001.355,28.561
1003.357,28.578
1005.358,28.595
1007.360,28.612
1009.362,28.628
1011.364,28.645
1013.366,28.662
1015.368,28.679
1017.370,28.695
1019.372,28.712
1021.374,28.729
1023.376,28.746
1025.378,28.762
1027.380,28.779
1029.382,28.796
1031.384,28.812
1033.386,28.829
1035.388,28.846
1037.390,28.862
1039.392,28.879
1041.394,28.896
1043.396,28.912
1045.397,28.929
1047.399,28.946
1049.401,28.962
1051.403,28.979
1053.405,28.995
1055.407,29.012
1057.409,29.029
1059.411,29.045
1061.413,29.062
1063.415,29.078
1065.417,29.095
1067.419,29.111
1069.421,29.128
1071.423,29.144
1073.425,29.161
1075.427,29.177
1077.429,29.194
1079.431,29.210
1081.433,29.227
1083.435,29.243
1085.437,29.260
1087.438,29.276
1089.440,29.292
1091.442,29.309
1093.444,29.325
1095.446,29.342
1097.448,29.358
1099.450,29.374
1101.452,29.391
1103.454,29.407
1105.456,29.423
1107.458,29.440
1109.460,29.456
1111.462,29.472
1113.464,29.489
1115.466,29.505
1117.468,29.521
1119.470,29.538
1121.472,29.554
1123.474,29.570
1125.476,29.586
1127.478,29.603
1129.479,29.619
1131.481,29.635
1133.483,29.652
1135.485,29.668
1137.487,29.684
1139.489,29.700
1141.491,29.717
1143.493,29.733
1145.495,29.749
1147.497,29.765
1149.499,29.781
1151.501,29.797
1153.503,29.813
1155.505,29.830
1157.507,29.846
1159.509,29.862
1161.511,29.878
1163.513,29.894
1165.515,29.910
1167.517,29.926
1169.519,29.942
1171.521,29.958
1173.522,29.974
1175.524,29.991
1177.526,30.007
1179.528,30.023
1181.530,30.039
1183.532,30.055
1185.534,30.071
1187.536,30.087
1189.538,30.103
1191.540,30.119
1193.542,30.135
1195.544,30.151
1197.546,30.167
1199.548,30.183
1201.550,30.198
1203.552,30.214
1205.554,30.230
1207.556,30.246
1209.558,30.262
1211.560,30.278
1213.562,30.294
1215.563,30.310
1217.565,30.326
1219.567,30.342
1221.569,30.358
1223.571,30.373
1225.573,30.389
1227.575,30.405
1229.577,30.421
1231.579,30.437
1233.581,30.452
1235.583,30.468
1237.585,30.484
1239.587,30.500
1241.589,30.516
1243.591,30.531
1245.593,30.547
1247.595,30.563
1249.597,30.579
1251.599,30.595
1253.601,30.610
1255.603,30.626
1257.604,30.642
1259.606,30.657
1261.608,30.673
1263.610,30.689
1265.612,30.704
1267.614,30.720
1269.616,30.736
1271.618,30.751
1273.620,30.767
1275.622,30.783
1277.624,30.798
1279.626,30.814
1281.628,30.830
1283.630,30.845
1285.632,30.861
1287.634,30.876
1289.636,30.892
1291.638,30.908
1293.640,30.923
1295.642,30.939
1297.644,30.954
1299.646,30.970
1301.647,30.985
1303.649,31.001
1305.651,31.016
1307.653,31.032
1309.655,31.047
1311.657,31.063
1313.659,31.078
1315.661,31.094
1317.663,31.109
1319.665,31.125
1321.667,31.140
1323.669,31.156
1325.671,31.171
1327.673,31.186
1329.675,31.202
1331.677,31.217
1333.679,31.233
1335.681,31.248
1337.683,31.264
1339.685,31.279
1341.687,31.294
1343.688,31.310
1345.690,31.325
1347.692,31.340
1349.694,31.356
1351.696,31.371
1353.698,31.387
1355.700,31.402
1357.702,31.417
1359.704,31.432
1361.706,31.448
1363.708,31.463
1365.710,31.478
1367.712,31.494
1369.714,31.509
1371.716,31.524
1373.718,31.539
1375.720,31.555
1377.722,31.570
1379.724,31.585
1381.726,31.600
1383.728,31.616
1385.729,31.631
1387.731,31.646
1389.733,31.661
1391.735,31.676
1393.737,31.691
1395.739,31.707
1397.741,31.722
1399.743,31.737
1401.745,31.752
1403.747,31.767
1405.749,31.782
1407.751,31.797
1409.753,31.813
1411.755,31.828
1413.757,31.843
1415.759,31.858
1417.761,31.873
1419.763,31.888
1421.765,31.903
1423.767,31.918
1425.769,31.933
1427.771,31.948
1429.772,31.963
1431.774,31.978
1433.776,31.993
1435.778,32.008
1437.780,32.023
1439.782,32.038
1441.784,32.053
1443.786,32.068
1445.788,32.083
1447.790,32.098
1449.792,32.113
1451.794,32.128
1453.796,32.143
1455.798,32.158
1457.800,32.173
1459.802,32.188
1461.804,32.203
1463.806,32.218
1465.808,32.232
1467.810,32.247
1469.812,32.262
1471.813,32.277
1473.815,32.292
1475.817,32.307
1477.819,32.322
1479.821,32.337
1481.823,32.351
1483.825,32.366
1485.827,32.381
1487.829,32.396
1489.831,32.411
1491.833,32.426
1493.835,32.440
1495.837,32.455
1497.839,32.470
1499.841,32.485
1501.843,32.499
1503.845,32.514
1505.847,32.529
1507.849,32.544
1509.851,32.558
1511.853,32.573
1513.854,32.588
1515.856,32.602
1517.858,32.617
1519.860,32.632
1521.862,32.646
1523.864,32.661
1525.866,32.676
1527.868,32.690
1529.870,32.705
1531.872,32.719
1533.874,32.734
1535.876,32.749
1537.878,32.763
1539.880,32.778
1541.882,32.793
1543.884,32.807
1545.886,32.822
1547.888,32.836
1549.890,32.851
1551.892,32.865
1553.894,32.880
1555.896,32.895
1557.897,32.909
1559.899,32.924
1561.901,32.938
1563.903,32.953
1565.905,32.967
1567.907,32.982
1569.909,32.996
1571.911,33.010
1573.913,33.025
1575.915,33.039
1577.917,33.054
1579.919,33.068
1581.921,33.083
1583.923,33.097
1585.925,33.112
1587.927,33.126
1589.929,33.141
1591.931,33.155
1593.933,33.170
1595.935,33.184
1597.937,33.198
1599.938,33.213
1601.940,33.227
1603.942,33.242
1605.944,33.256
1607.946,33.270
1609.948,33.285
1611.950,33.299
1613.952,33.313
1615.954,33.328
1617.956,33.342
1619.958,33.356
1621.960,33.371
1623.962,33.385
1625.964,33.399
1627.966,33.413
1629.968,33.428
1631.970,33.442
1633.972,33.456
1635.974,33.470
1637.976,33.484
1639.978,33.499
1641.979,33.513
1643.981,33.527
1645.983,33.541
1647.985,33.556
1649.987,33.570
1651.989,33.584
1653.991,33.598
1655.993,33.612
1657.995,33.627
1659.997,33.641
1661.999,33.655
1664.001,33.669
1666.003,33.683
1668.005,33.697
1670.007,33.712
1672.009,33.726
1674.011,33.740
1676.013,33.754
1678.015,33.768
1680.017,33.782
1682.019,33.796
1684.021,33.810
1686.022,33.824
1688.024,33.838
1690.026,33.852
1692.028,33.867
1694.030,33.881
1696.032,33.895
1698.034,33.909
1700.036,33.923
1702.038,33.937
1704.040,33.951
1706.042,33.965
1708.044,33.979
1710.046,33.993
1712.048,34.007
1714.050,34.021
1716.052,34.035
1718.054,34.049
1720.056,34.063
1722.058,34.077
1724.060,34.091
1726.062,34.104
1728.063,34.118
1730.065,34.132
1732.067,34.146
1734.069,34.160
1736.071,34.174
1738.073,34.188
1740.075,34.202
1742.077,34.216
1744.079,34.229
1746.081,34.243
1748.083,34.257
1750.085,34.271
1752.087,34.285
1754.089,34.299
1756.091,34.312
1758.093,34.326
1760.095,34.340
1762.097,34.354
1764.099,34.368
1766.101,34.381
1768.103,34.395
1770.104,34.409
1772.106,34.423
1774.108,34.436
1776.110,34.450
1778.112,34.464
1780.114,34.477
1782.116,34.491
1784.118,34.505
1786.120,34.519
1788.122,34.532
1790.124,34.546
1792.126,34.560
1794.128,34.573
1796.130,34.587
1798.132,34.601
1800.134,34.615
1802.136,34.628
1804.138,34.642
1806.140,34.656
1808.142,34.669
1810.144,34.683
1812.146,34.697
1814.147,34.710
1816.149,34.724
1818.151,34.738
1820.153,34.751
1822.155,34.765
1824.157,34.778
1826.159,34.792
1828.161,34.806
1830.163,34.819
1832.165,34.833
1834.167,34.846
1836.169,34.860
1838.171,34.873
1840.173,34.887
1842.175,34.900
1844.177,34.914
1846.179,34.927
1848.181,34.941
1850.183,34.954
1852.185,34.968
1854.187,34.981
1856.188,34.994
1858.190,35.008
1860.192,35.021
1862.194,35.035
1864.196,35.048
1866.198,35.062
1868.200,35.075
1870.202,35.089
1872.204,35.102
1874.206,35.115
1876.208,35.129
1878.210,35.142
1880.212,35.156
1882.214,35.169
1884.216,35.183
1886.218,35.196
1888.220,35.209
1890.222,35.223
1892.224,35.236
1894.226,35.250
1896.228,35.263
1898.229,35.276
1900.231,35.290
1902.233,35.303
1904.235,35.316
1906.237,35.330
1908.239,35.343
1910.241,35.356
1912.243,35.370
1914.245,35.383
1916.247,35.396
1918.249,35.409
1920.251,35.423
1922.253,35.436
1924.255,35.449
1926.257,35.462
1928.259,35.476
1930.261,35.489
1932.263,35.502
1934.265,35.515
1936.267,35.528
1938.269,35.542
1940.271,35.555
1942.272,35.568
1944.274,35.581
1946.276,35.594
1948.278,35.607
1950.280,35.620
1952.282,35.633
1954.284,35.647
1956.286,35.660
1958.288,35.673
1960.290,35.686
1962.292,35.699
1964.294,35.712
1966.296,35.725
1968.298,35.738
1970.300,35.751
1972.302,35.764
1974.304,35.778
1976.306,35.791
1978.308,35.804
1980.310,35.817
1982.312,35.830
1984.313,35.843
1986.315,35.856
1988.317,35.869
1990.319,35.882
1992.321,35.895
1994.323,35.908
1996.325,35.921
1998.327,35.934
2000.329,35.947
2002.331,35.960
2004.333,35.973
2006.335,35.986
2008.337,35.999
2010.339,36.012
2012.341,36.025
2014.343,36.038
2016.345,36.051
2018.347,36.064
2020.349,36.077
2022.351,36.090
2024.353,36.103
2026.354,36.116
2028.356,36.129
2030.358,36.142
2032.360,36.155
2034.362,36.168
2036.364,36.180
2038.366,36.193
2040.368,36.206
2042.370,36.219
2044.372,36.232
2046.374,36.245
2048.376,36.258
2050.378,36.271
2052.380,36.284
2054.382,36.297
2056.384,36.309
2058.386,36.322
2060.388,36.335
2062.390,36.348
2064.392,36.361
2066.394,36.374
2068.396,36.386
2070.397,36.399
2072.399,36.412
2074.401,36.425
2076.403,36.437
2078.405,36.450
2080.407,36.463
2082.409,36.475
2084.411,36.488
2086.413,36.501
2088.415,36.513
2090.417,36.526
2092.419,36.538
2094.421,36.551
2096.423,36.564
2098.425,36.576
2100.427,36.589
2102.429,36.602
2104.431,36.614
2106.433,36.627
2108.435,36.639
2110.437,36.652
2112.438,36.665
2114.440,36.677
2116.442,36.690
2118.444,36.702
2120.446,36.715
2122.448,36.728
2124.450,36.740
2126.452,36.753
2128.454,36.766
2130.456,36.778
2132.458,36.791
2134.460,36.803
2136.462,36.816
2138.464,36.828
2140.466,36.841
2142.468,36.854
2144.470,36.866
2146.472,36.879
2148.474,36.891
2150.476,36.904
2152.478,36.916
2154.479,36.929
2156.481,36.941
2158.483,36.954
2160.485,36.967
2162.487,36.979
2164.489,36.991
2166.491,37.004
2168.493,37.016
2170.495,37.029
2172.497,37.041
2174.499,37.054
2176.501,37.066
2178.503,37.079
2180.505,37.091
2182.507,37.103
2184.509,37.116
2186.511,37.128
2188.513,37.141
2190.515,37.153
2192.517,37.165
2194.519,37.178
2196.521,37.190
2198.522,37.202
2200.524,37.215
2202.526,37.227
2204.528,37.240
2206.530,37.252
2208.532,37.264
2210.534,37.277
2212.536,37.289
2214.538,37.301
2216.540,37.314
2218.542,37.326
2220.544,37.338
2222.546,37.351
2224.548,37.363
2226.550,37.375
2228.552,37.387
2230.554,37.400
2232.556,37.412
2234.558,37.424
2236.560,37.437
2238.562,37.449
2240.563,37.461
2242.565,37.473
2244.567,37.486
2246.569,37.498
2248.571,37.510
2250.573,37.522
2252.575,37.534
2254.577,37.547
2256.579,37.559
2258.581,37.571
2260.583,37.583
2262.585,37.595
2264.587,37.607
2266.589,37.619
2268.591,37.632
2270.593,37.644
2272.595,37.656
2274.597,37.668
2276.599,37.680
2278.601,37.692
2280.603,37.704
2282.604,37.716
2284.606,37.728
2286.608,37.741
2288.610,37.753
2290.612,37.765
2292.614,37.777
2294.616,37.789
2296.618,37.801
2298.620,37.813
2300.622,37.825
2302.624,37.837
2304.626,37.849
2306.628,37.861
2308.630,37.873
2310.632,37.885
2312.634,37.897
2314.636,37.909
2316.638,37.921
2318.640,37.933
2320.642,37.945
2322.644,37.957
2324.646,37.969
2326.647,37.981
2328.649,37.993
2330.651,38.005
2332.653,38.017
2334.655,38.028
2336.657,38.040
2338.659,38.052
2340.661,38.064
2342.663,38.076
2344.665,38.088
2346.667,38.100
2348.669,38.112
2350.671,38.124
2352.673,38.136
2354.675,38.148
2356.677,38.160
2358.679,38.171
2360.681,38.183
2362.683,38.195
2364.685,38.207
2366.687,38.219
2368.688,38.231
2370.690,38.243
2372.692,38.255
2374.694,38.267
2376.696,38.278
2378.698,38.290
2380.700,38.302
2382.702,38.314
2384.704,38.326
2386.706,38.338
2388.708,38.350
2390.710,38.361
2392.712,38.373
2394.714,38.385
2396.716,38.397
2398.718,38.409
2400.720,38.420
2402.722,38.432
2404.724,38.444
2406.726,38.456
2408.728,38.468
2410.729,38.479
2412.731,38.491
2414.733,38.503
2416.735,38.514
2418.737,38.526
2420.739,38.538
2422.741,38.549
2424.743,38.561
2426.745,38.572
2428.747,38.584
2430.749,38.596
2432.751,38.607
2434.753,38.619
2436.755,38.631
2438.757,38.642
2440.759,38.654
2442.761,38.665
2444.763,38.677
2446.765,38.689
2448.767,38.700
2450.769,38.712
2452.771,38.723
2454.772,38.735
2456.774,38.746
2458.776,38.758
2460.778,38.770
2462.780,38.781
2464.782,38.793
2466.784,38.804
2468.786,38.816
2470.788,38.827
2472.790,38.839
2474.792,38.851
2476.794,38.862
2478.796,38.874
2480.798,38.885
2482.800,38.897
2484.802,38.908
2486.804,38.920
2488.806,38.931
2490.808,38.943
2492.810,38.954
2494.812,38.966
2496.813,38.977
2498.815,38.989
2500.817,39.000
2502.819,39.012
2504.821,39.023
2506.823,39.035
2508.825,39.046
2510.827,39.058
2512.829,39.069
2514.831,39.081
2516.833,39.092
2518.835,39.103
2520.837,39.115
2522.839,39.126
2524.841,39.138
2526.843,39.149
2528.845,39.160
2530.847,39.172
2532.849,39.183
2534.851,39.195
2536.853,39.206
2538.854,39.217
2540.856,39.229
2542.858,39.240
2544.860,39.251
2546.862,39.263
2548.864,39.274
2550.866,39.285
2552.868,39.297
2554.870,39.308
2556.872,39.319
2558.874,39.331
2560.876,39.342
2562.878,39.353
2564.880,39.364
2566.882,39.376
2568.884,39.387
2570.886,39.398
2572.888,39.410
2574.890,39.421
2576.892,39.432
2578.894,39.443
2580.896,39.454
2582.897,39.466
2584.899,39.477
2586.901,39.488
2588.903,39.499
2590.905,39.511
2592.907,39.522
2594.909,39.533
2596.911,39.544
2598.913,39.555
2600.915,39.567
2602.917,39.578
2604.919,39.589
2606.921,39.600
2608.923,39.611
2610.925,39.622
2612.927,39.634
2614.929,39.645
2616.931,39.656
2618.933,39.667
2620.935,39.678
2622.937,39.689
2624.938,39.700
2626.940,39.711
2628.942,39.722
2630.944,39.733
2632.946,39.744
2634.948,39.755
2636.950,39.767
2638.952,39.778
2640.954,39.789
2642.956,39.800
2644.958,39.811
2646.960,39.822
2648.962,39.833
2650.964,39.844
2652.966,39.855
2654.968,39.866
2656.970,39.877
2658.972,39.888
2660.974,39.899
2662.976,39.910
2664.978,39.921
2666.979,39.932
2668.981,39.943
2670.983,39.954
2672.985,39.965
2674.987,39.976
2676.989,39.987
2678.991,39.998
2680.993,40.009
2682.995,40.020
2684.997,40.031
2686.999,40.042
2689.001,40.053
2691.003,40.064
2693.005,40.075
2695.007,40.086
2697.009,40.097
2699.011,40.108
2701.013,40.118
2703.015,40.129
2705.017,40.140
2707.019,40.151
2709.021,40.162
2711.022,40.173
2713.024,40.184
2715.026,40.195
2717.028,40.206
2719.030,40.217
2721.032,40.228
2723.034,40.238
2725.036,40.249
2727.038,40.260
2729.040,40.271
2731.042,40.282
2733.044,40.293
2735.046,40.303
2737.048,40.314
2739.050,40.325
2741.052,40.336
2743.054,40.347
2745.056,40.357
2747.058,40.368
2749.060,40.379
2751.062,40.390
2753.063,40.401
2755.065,40.411
2757.067,40.422
2759.069,40.433
2761.071,40.444
2763.073,40.454
2765.075,40.465
2767.077,40.476
2769.079,40.487
2771.081,40.497
2773.083,40.508
2775.085,40.519
2777.087,40.530
2779.089,40.540
2781.091,40.551
2783.093,40.562
2785.095,40.572
2787.097,40.583
2789.099,40.593
2791.101,40.604
2793.103,40.615
2795.104,40.625
2797.106,40.636
2799.108,40.647
2801.110,40.657
2803.112,40.668
2805.114,40.678
2807.116,40.689
2809.118,40.700
2811.120,40.710
2813.122,40.721
2815.124,40.731
2817.126,40.742
2819.128,40.753
2821.130,40.763
2823.132,40.774
2825.134,40.784
2827.136,40.795
2829.138,40.806
2831.140,40.816
2833.142,40.827
2835.144,40.837
2837.146,40.848
2839.147,40.858
2841.149,40.869
2843.151,40.880
2845.153,40.890
2847.155,40.901
2849.157,40.911
2851.159,40.922
2853.161,40.932
2855.163,40.943
2857.165,40.953
2859.167,40.964
2861.169,40.974
2863.171,40.984
2865.173,40.995
2867.175,41.005
2869.177,41.016
2871.179,41.026
2873.181,41.037
2875.183,41.047
2877.185,41.058
2879.187,41.068
2881.188,41.079
2883.190,41.089
2885.192,41.099
2887.194,41.110
2889.196,41.120
2891.198,41.131
2893.200,41.141
2895.202,41.151
2897.204,41.162
2899.206,41.172
2901.208,41.183
2903.210,41.193
2905.212,41.203
2907.214,41.214
2909.216,41.224
2911.218,41.234
2913.220,41.245
2915.222,41.255
2917.224,41.265
2919.226,41.276
2921.228,41.286
2923.229,41.296
2925.231,41.307
2927.233,41.317
2929.235,41.327
2931.237,41.338
2933.239,41.348
2935.241,41.358
2937.243,41.369
2939.245,41.379
2941.247,41.389
2943.249,41.400
2945.251,41.410
2947.253,41.420
2949.255,41.430
2951.257,41.441
2953.259,41.451
2955.261,41.461
2957.263,41.472
2959.265,41.482
2961.267,41.492
2963.269,41.502
2965.271,41.513
2967.272,41.523
2969.274,41.533
2971.276,41.543
2973.278,41.553
2975.280,41.564
2977.282,41.574
2979.284,41.584
2981.286,41.594
2983.288,41.604
2985.290,41.615
2987.292,41.625
2989.294,41.635
2991.296,41.645
2993.298,41.655
2995.300,41.665
2997.302,41.675
2999.304,41.686
3001.306,41.696
3003.308,41.706
3005.310,41.716
3007.312,41.726
3009.313,41.736
3011.315,41.746
3013.317,41.756
3015.319,41.766
3017.321,41.776
3019.323,41.786
3021.325,41.796
3023.327,41.806
3025.329,41.816
3027.331,41.826
3029.333,41.837
3031.335,41.847
3033.337,41.857
3035.339,41.867
3037.341,41.877
3039.343,41.887
3041.345,41.897
3043.347,41.907
3045.349,41.917
3047.351,41.927
3049.353,41.936
3051.354,41.946
3053.356,41.956
3055.358,41.966
3057.360,41.976
3059.362,41.986
3061.364,41.996
3063.366,42.006
3065.368,42.016
3067.370,42.026
3069.372,42.036
3071.374,42.046
3073.376,42.056
3075.378,42.066
3077.380,42.076
3079.382,42.086
3081.384,42.096
3083.386,42.106
3085.388,42.116
3087.390,42.126
3089.392,42.136
3091.394,42.145
3093.396,42.155
3095.397,42.165
3097.399,42.175
3099.401,42.185
3101.403,42.195
3103.405,42.205
3105.407,42.215
3107.409,42.225
3109.411,42.235
3111.413,42.245
3113.415,42.254
3115.417,42.264
3117.419,42.274
3119.421,42.284
3121.423,42.294
3123.425,42.304
3125.427,42.314
3127.429,42.324
3129.431,42.333
3131.433,42.343
3133.435,42.353
3135.437,42.363
3137.438,42.373
3139.440,42.383
3141.442,42.392
3143.444,42.402
3145.446,42.412
3147.448,42.422
3149.450,42.431
3151.452,42.441
3153.454,42.451
3155.456,42.461
3157.458,42.470
3159.460,42.480
3161.462,42.490
3163.464,42.499
3165.466,42.509
3167.468,42.519
3169.470,42.529
3171.472,42.538
3173.474,42.548
3175.476,42.558
3177.478,42.567
3179.479,42.577
3181.481,42.587
3183.483,42.596
3185.485,42.606
3187.487,42.616
3189.489,42.626
3191.491,42.635
3193.493,42.645
3195.495,42.654
3197.497,42.664
3199.499,42.674
3201.501,42.683
3203.503,42.693
3205.505,42.702
3207.507,42.712
3209.509,42.722
3211.511,42.731
3213.513,42.741
3215.515,42.750
3217.517,42.760
3219.519,42.769
3221.521,42.779
3223.522,42.789
3225.524,42.798
3227.526,42.808
3229.528,42.817
3231.530,42.827
3233.532,42.836
3235.534,42.846
3237.536,42.855
3239.538,42.865
3241.540,42.874
3243.542,42.884
3245.544,42.894
3247.546,42.903
3249.548,42.913
3251.550,42.922
3253.552,42.932
3255.554,42.941
3257.556,42.951
3259.558,42.960
3261.560,42.970
3263.562,42.979
3265.563,42.989
3267.565,42.998
3269.567,43.008
3271.569,43.017
3273.571,43.027
3275.573,43.036
3277.575,43.046
3279.577,43.055
3281.579,43.064
3283.581,43.074
3285.583,43.083
3287.585,43.093
3289.587,43.102
3291.589,43.112
3293.591,43.121
3295.593,43.131
3297.595,43.140
3299.597,43.150
3301.599,43.159
3303.601,43.168
3305.603,43.178
3307.604,43.187
3309.606,43.197
3311.608,43.206
3313.610,43.215
3315.612,43.225
3317.614,43.234
3319.616,43.244
3321.618,43.253
3323.620,43.262
3325.622,43.272
3327.624,43.281
3329.626,43.290
3331.628,43.300
3333.630,43.309
3335.632,43.318
3337.634,43.328
3339.636,43.337
3341.638,43.346
3343.640,43.355
3345.642,43.365
3347.644,43.374
3349.646,43.383
3351.647,43.393
3353.649,43.402
3355.651,43.411
3357.653,43.420
3359.655,43.430
3361.657,43.439
3363.659,43.448
3365.661,43.458
3367.663,43.467
3369.665,43.476
3371.667,43.485
3373.669,43.495
3375.671,43.504
3377.673,43.513
3379.675,43.522
3381.677,43.531
3383.679,43.541
3385.681,43.550
3387.683,43.559
3389.685,43.568
3391.687,43.578
3393.688,43.587
3395.690,43.596
3397.692,43.605
3399.694,43.614
3401.696,43.623
3403.698,43.633
3405.700,43.642
3407.702,43.651
3409.704,43.660
3411.706,43.669
3413.708,43.678
3415.710,43.687
3417.712,43.696
3419.714,43.705
3421.716,43.715
3423.718,43.724
3425.720,43.733
3427.722,43.742
3429.724,43.751
3431.726,43.760
3433.728,43.769
3435.729,43.778
3437.731,43.787
3439.733,43.796
3441.735,43.805
3443.737,43.815
3445.739,43.824
3447.741,43.833
3449.743,43.842
3451.745,43.851
3453.747,43.860
3455.749,43.869
3457.751,43.878
3459.753,43.887
3461.755,43.896
3463.757,43.905
3465.759,43.914
3467.761,43.923
3469.763,43.932
3471.765,43.941
3473.767,43.950
3475.769,43.959
3477.771,43.968
3479.772,43.977
3481.774,43.986
3483.776,43.995
3485.778,44.004
3487.780,44.013
3489.782,44.022
3491.784,44.031
3493.786,44.040
3495.788,44.049
3497.790,44.058
3499.792,44.067
3501.794,44.076
3503.796,44.085
3505.798,44.094
3507.800,44.103
3509.802,44.112
3511.804,44.121
3513.806,44.130
3515.808,44.139
3517.810,44.148
3519.812,44.156
3521.813,44.165
3523.815,44.174
3525.817,44.183
3527.819,44.192
3529.821,44.201
3531.823,44.210
3533.825,44.219
3535.827,44.228
3537.829,44.237
3539.831,44.245
3541.833,44.254
3543.835,44.263
3545.837,44.272
3547.839,44.281
3549.841,44.290
3551.843,44.299
3553.845,44.307
3555.847,44.316
3557.849,44.325
3559.851,44.334
3561.853,44.343
3563.854,44.351
3565.856,44.360
3567.858,44.369
3569.860,44.378
3571.862,44.386
3573.864,44.395
3575.866,44.404
3577.868,44.413
3579.870,44.422
3581.872,44.430
3583.874,44.439
3585.876,44.448
3587.878,44.457
3589.880,44.465
3591.882,44.474
3593.884,44.483
3595.886,44.492
3597.888,44.500
3599.890,44.509
3601.892,44.518
3603.894,44.527
3605.896,44.535
3607.897,44.544
3609.899,44.553
3611.901,44.562
3613.903,44.570
3615.905,44.579
3617.907,44.588
3619.909,44.596
3621.911,44.605
3623.913,44.614
3625.915,44.622
3627.917,44.631
3629.919,44.640
3631.921,44.648
3633.923,44.657
3635.925,44.666
3637.927,44.674
3639.929,44.683
3641.931,44.692
3643.933,44.700
3645.935,44.709
3647.937,44.718
3649.938,44.726
3651.940,44.735
3653.942,44.743
3655.944,44.752
3657.946,44.760
3659.948,44.769
3661.950,44.778
3663.952,44.786
3665.954,44.795
3667.956,44.803
3669.958,44.812
3671.960,44.821
3673.962,44.829
3675.964,44.838
3677.966,44.846
3679.968,44.855
3681.970,44.863
3683.972,44.872
3685.974,44.881
3687.976,44.889
3689.978,44.898
3691.979,44.906
3693.981,44.915
3695.983,44.923
3697.985,44.932
3699.987,44.940
3701.989,44.949
3703.991,44.957
3705.993,44.966
3707.995,44.975
3709.997,44.983
3711.999,44.992
3714.001,45.000
3716.003,45.009
3718.005,45.017
3720.007,45.026
3722.009,45.034
3724.011,45.043
3726.013,45.051
3728.015,45.059
3730.017,45.068
3732.019,45.076
3734.021,45.085
3736.022,45.093
3738.024,45.102
3740.026,45.110
3742.028,45.119
3744.030,45.127
3746.032,45.135
3748.034,45.144
3750.036,45.152
3752.038,45.161
3754.040,45.169
3756.042,45.178
3758.044,45.186
3760.046,45.194
3762.048,45.203
3764.050,45.211
3766.052,45.219
3768.054,45.228
3770.056,45.236
3772.058,45.244
3774.060,45.253
3776.062,45.261
3778.063,45.269
3780.065,45.278
3782.067,45.286
3784.069,45.294
3786.071,45.303
3788.073,45.311
3790.075,45.319
3792.077,45.328
3794.079,45.336
3796.081,45.344
3798.083,45.353
3800.085,45.361
3802.087,45.369
3804.089,45.378
3806.091,45.386
3808.093,45.394
3810.095,45.403
3812.097,45.411
3814.099,45.419
3816.101,45.428
3818.103,45.436
3820.104,45.444
3822.106,45.453
3824.108,45.461
3826.110,45.469
3828.112,45.477
3830.114,45.486
3832.116,45.494
3834.118,45.502
3836.120,45.510
3838.122,45.519
3840.124,45.527
3842.126,45.535
3844.128,45.543
3846.130,45.552
3848.132,45.560
3850.134,45.568
3852.136,45.576
3854.138,45.584
3856.140,45.592
3858.142,45.601
3860.144,45.609
3862.146,45.617
3864.147,45.625
3866.149,45.633
3868.151,45.641
3870.153,45.650
3872.155,45.658
3874.157,45.666
3876.159,45.674
3878.161,45.682
3880.163,45.690
3882.165,45.698
3884.167,45.707
3886.169,45.715
3888.171,45.723
3890.173,45.731
3892.175,45.739
3894.177,45.747
3896.179,45.756
3898.181,45.764
3900.183,45.772
3902.185,45.780
3904.187,45.788
3906.188,45.796
3908.190,45.804
3910.192,45.812
3912.194,45.821
3914.196,45.829
3916.198,45.837
3918.200,45.845
3920.202,45.853
3922.204,45.861
3924.206,45.869
3926.208,45.877
3928.210,45.885
3930.212,45.893
3932.214,45.901
3934.216,45.909
3936.218,45.917
3938.220,45.925
3940.222,45.933
3942.224,45.941
3944.226,45.949
3946.228,45.957
3948.229,45.965
3950.231,45.973
3952.233,45.981
3954.235,45.989
3956.237,45.997
3958.239,46.005
3960.241,46.013
3962.243,46.021
3964.245,46.029
3966.247,46.037
3968.249,46.045
3970.251,46.053
3972.253,46.061
3974.255,46.069
3976.257,46.077
3978.259,46.085
3980.261,46.093
3982.263,46.101
3984.265,46.109
3986.267,46.117
3988.269,46.125
3990.271,46.132
3992.272,46.140
3994.274,46.148
3996.276,46.156
3998.278,46.164
4000.280,46.172
4002.282,46.180
4004.284,46.188
4006.286,46.196
4008.288,46.204
4010.290,46.212
4012.292,46.220
4014.294,46.228
4016.296,46.235
4018.298,46.243
4020.300,46.251
4022.302,46.259
4024.304,46.267
4026.306,46.275
4028.308,46.283
4030.310,46.290
4032.312,46.298
4034.313,46.306
4036.315,46.314
4038.317,46.322
4040.319,46.330
4042.321,46.337
4044.323,46.345
4046.325,46.353
4048.327,46.361
4050.329,46.369
4052.331,46.377
4054.333,46.385
4056.335,46.392
4058.337,46.400
4060.339,46.408
4062.341,46.416
4064.343,46.424
4066.345,46.432
4068.347,46.439
4070.349,46.447
4072.351,46.455
4074.353,46.463
4076.354,46.471
4078.356,46.478
4080.358,46.486
4082.360,46.494
4084.362,46.502
4086.364,46.509
4088.366,46.517
4090.368,46.525
4092.370,46.532
4094.372,46.540
4096.374,46.548
4098.376,46.556
4100.378,46.563
4102.380,46.571
4104.382,46.579
4106.384,46.586
4108.386,46.594
4110.388,46.602
4112.390,46.609
4114.392,46.617
4116.394,46.625
4118.396,46.632
4120.397,46.640
4122.399,46.648
4124.401,46.655
4126.403,46.663
4128.405,46.671
4130.407,46.678
4132.409,46.686
4134.411,46.694
4136.413,46.701
4138.415,46.709
4140.417,46.717
4142.419,46.724
4144.421,46.732
4146.423,46.740
4148.425,46.747
4150.427,46.755
4152.429,46.762
4154.431,46.770
4156.433,46.778
4158.435,46.785
4160.437,46.793
4162.438,46.800
4164.440,46.808
4166.442,46.816
4168.444,46.823
4170.446,46.831
4172.448,46.838
4174.450,46.846
4176.452,46.853
4178.454,46.861
4180.456,46.869
4182.458,46.876
4184.460,46.884
4186.462,46.891
4188.464,46.899
4190.466,46.906
4192.468,46.914
4194.470,46.922
4196.472,46.929
4198.474,46.937
4200.476,46.944
4202.478,46.952
4204.479,46.959
4206.481,46.967
4208.483,46.974
4210.485,46.982
4212.487,46.989
4214.489,46.997
4216.491,47.004
4218.493,47.012
4220.495,47.019
4222.497,47.027
4224.499,47.034
4226.501,47.042
4228.503,47.049
4230.505,47.057
4232.507,47.064
4234.509,47.072
4236.511,47.079
4238.513,47.087
4240.515,47.094
4242.517,47.102
4244.519,47.109
4246.521,47.116
4248.522,47.124
4250.524,47.131
4252.526,47.139
4254.528,47.146
4256.530,47.154
4258.532,47.161
4260.534,47.169
4262.536,47.176
4264.538,47.183
4266.540,47.191
4268.542,47.198
4270.544,47.206
4272.546,47.213
4274.548,47.221
4276.550,47.228
4278.552,47.235
4280.554,47.243
4282.556,47.250
4284.558,47.258
4286.560,47.265
4288.562,47.272
4290.563,47.280
4292.565,47.287
4294.567,47.294
4296.569,47.302
4298.571,47.309
4300.573,47.317
4302.575,47.324
4304.577,47.331
4306.579,47.339
4308.581,47.346
4310.583,47.353
4312.585,47.361
4314.587,47.368
4316.589,47.375
4318.591,47.382
4320.593,47.390
4322.595,47.397
4324.597,47.404
4326.599,47.412
4328.601,47.419
4330.603,47.426
4332.604,47.433
4334.606,47.441
4336.608,47.448
4338.610,47.455
4340.612,47.463
4342.614,47.470
4344.616,47.477
4346.618,47.484
4348.620,47.492
4350.622,47.499
4352.624,47.506
4354.626,47.513
4356.628,47.521
4358.630,47.528
4360.632,47.535
4362.634,47.542
4364.636,47.550
4366.638,47.557
4368.640,47.564
4370.642,47.571
4372.644,47.578
4374.646,47.586
4376.647,47.593
4378.649,47.600
4380.651,47.607
4382.653,47.615
4384.655,47.622
4386.657,47.629
4388.659,47.636
4390.661,47.643
4392.663,47.650
4394.665,47.658
4396.667,47.665
4398.669,47.672
4400.671,47.679
4402.673,47.686
4404.675,47.693
4406.677,47.701
4408.679,47.708
4410.681,47.715
4412.683,47.722
4414.685,47.729
4416.687,47.736
4418.688,47.743
4420.690,47.751
4422.692,47.758
4424.694,47.765
4426.696,47.772
4428.698,47.779
4430.700,47.786
4432.702,47.793
4434.704,47.800
4436.706,47.808
4438.708,47.815
4440.710,47.822
4442.712,47.829
4444.714,47.836
4446.716,47.843
4448.718,47.850
4450.720,47.857
4452.722,47.864
4454.724,47.871
4456.726,47.878
4458.728,47.885
4460.729,47.892
4462.731,47.899
4464.733,47.906
4466.735,47.914
4468.737,47.921
4470.739,47.928
4472.741,47.935
4474.743,47.942
4476.745,47.949
4478.747,47.956
4480.749,47.963
4482.751,47.970
4484.753,47.977
4486.755,47.984
4488.757,47.991
4490.759,47.998
4492.761,48.005
4494.763,48.012
4496.765,48.019
4498.767,48.026
4500.769,48.033
4502.771,48.040
4504.772,48.047
4506.774,48.054
4508.776,48.061
4510.778,48.068
4512.780,48.075
4514.782,48.082
4516.784,48.089
4518.786,48.096
4520.788,48.103
4522.790,48.110
4524.792,48.117
4526.794,48.124
4528.796,48.131
4530.798,48.138
4532.800,48.145
4534.802,48.152
4536.804,48.159
4538.806,48.166
4540.808,48.173
4542.810,48.180
4544.812,48.186
4546.813,48.193
4548.815,48.200
4550.817,48.207
4552.819,48.214
4554.821,48.221
4556.823,48.228
4558.825,48.235
4560.827,48.242
4562.829,48.249
4564.831,48.255
4566.833,48.262
4568.835,48.269
4570.837,48.276
4572.839,48.283
4574.841,48.290
4576.843,48.297
4578.845,48.304
4580.847,48.310
4582.849,48.317
4584.851,48.324
4586.853,48.331
4588.854,48.338
4590.856,48.345
4592.858,48.352
4594.860,48.358
4596.862,48.365
4598.864,48.372
4600.866,48.379
4602.868,48.386
4604.870,48.393
4606.872,48.399
4608.874,48.406
4610.876,48.413
4612.878,48.420
4614.880,48.426
4616.882,48.433
4618.884,48.440
4620.886,48.447
4622.888,48.454
4624.890,48.460
4626.892,48.467
4628.894,48.474
4630.896,48.481
4632.897,48.487
4634.899,48.494
4636.901,48.501
4638.903,48.508
4640.905,48.514
4642.907,48.521
4644.909,48.528
4646.911,48.535
4648.913,48.541
4650.915,48.548
4652.917,48.555
4654.919,48.561
4656.921,48.568
4658.923,48.575
4660.925,48.582
4662.927,48.588
4664.929,48.595
4666.931,48.602
4668.933,48.609
4670.935,48.615
4672.937,48.622
4674.938,48.629
4676.940,48.635
4678.942,48.642
4680.944,48.649
4682.946,48.655
4684.948,48.662
4686.950,48.669
4688.952,48.675
4690.954,48.682
4692.956,48.689
4694.958,48.695
4696.960,48.702
4698.962,48.709
4700.964,48.715
4702.966,48.722
4704.968,48.728
4706.970,48.735
4708.972,48.742
4710.974,48.748
4712.976,48.755
4714.978,48.762
4716.979,48.768
4718.981,48.775
4720.983,48.782
4722.985,48.788
4724.987,48.795
4726.989,48.802
4728.991,48.808
4730.993,48.815
4732.995,48.821
4734.997,48.828
4736.999,48.835
4739.001,48.841
4741.003,48.848
4743.005,48.855
4745.007,48.861
4747.009,48.868
4749.011,48.874
4751.013,48.881
4753.015,48.888
4755.017,48.894
4757.019,48.901
4759.021,48.908
4761.022,48.914
4763.024,48.921
4765.026,48.927
4767.028,48.934
4769.030,48.940
4771.032,48.947
4773.034,48.953
4775.036,48.960
4777.038,48.967
4779.040,48.973
4781.042,48.980
4783.044,48.986
4785.046,48.993
4787.048,48.999
4789.050,49.006
4791.052,49.012
4793.054,49.019
4795.056,49.025
4797.058,49.032
4799.060,49.038
4801.062,49.045
4803.063,49.051
4805.065,49.058
4807.067,49.064
4809.069,49.071
4811.071,49.077
4813.073,49.084
4815.075,49.090
4817.077,49.097
4819.079,49.103
4821.081,49.110
4823.083,49.116
4825.085,49.123
4827.087,49.129
4829.089,49.135
4831.091,49.142
4833.093,49.148
4835.095,49.155
4837.097,49.161
4839.099,49.168
4841.101,49.174
4843.103,49.180
4845.104,49.187
4847.106,49.193
4849.108,49.200
4851.110,49.206
4853.112,49.212
4855.114,49.219
4857.116,49.225
4859.118,49.232
4861.120,49.238
4863.122,49.244
4865.124,49.251
4867.126,49.257
4869.128,49.263
4871.130,49.270
4873.132,49.276
4875.134,49.283
4877.136,49.289
4879.138,49.295
4881.140,49.302
4883.142,49.308
4885.144,49.314
4887.146,49.321
4889.147,49.327
4891.149,49.333
4893.151,49.340
4895.153,49.346
4897.155,49.352
4899.157,49.359
4901.159,49.365
4903.161,49.371
4905.163,49.378
4907.165,49.384
4909.167,49.390
4911.169,49.397
4913.171,49.403
4915.173,49.409
4917.175,49.416
4919.177,49.422
4921.179,49.428
4923.181,49.434
4925.183,49.441
4927.185,49.447
4929.187,49.453
4931.188,49.460
4933.190,49.466
4935.192,49.472
4937.194,49.479
4939.196,49.485
4941.198,49.491
4943.200,49.497
4945.202,49.504
4947.204,49.510
4949.206,49.516
4951.208,49.522
4953.210,49.529
4955.212,49.535
4957.214,49.541
4959.216,49.547
4961.218,49.554
4963.220,49.560
4965.222,49.566
4967.224,49.572
4969.226,49.579
4971.228,49.585
4973.229,49.591
4975.231,49.597
4977.233,49.604
4979.235,49.610
4981.237,49.616
4983.239,49.622
4985.241,49.628
4987.243,49.635
4989.245,49.641
4991.247,49.647
4993.249,49.653
4995.251,49.660
4997.253,49.666
4999.255,49.672
5001.257,49.678
5003.259,49.684
5005.261,49.691
5007.263,49.697
5009.265,49.703
5011.267,49.709
5013.269,49.715
5015.271,49.722
5017.272,49.728
5019.274,49.734
5021.276,49.740
5023.278,49.746
5025.280,49.753
5027.282,49.759
5029.284,49.765
5031.286,49.771
5033.288,49.777
5035.290,49.783
5037.292,49.789
5039.294,49.795
5041.296,49.802
5043.298,49.808
5045.300,49.814
5047.302,49.820
5049.304,49.826
5051.306,49.832
5053.308,49.838
5055.310,49.844
5057.312,49.850
5059.313,49.856
5061.315,49.862
5063.317,49.869
5065.319,49.875
5067.321,49.881
5069.323,49.887
5071.325,49.893
5073.327,49.899
5075.329,49.905
5077.331,49.911
5079.333,49.917
5081.335,49.923
5083.337,49.929
5085.339,49.935
5087.341,49.941
5089.343,49.947
5091.345,49.953
5093.347,49.959
5095.349,49.965
5097.351,49.972
5099.353,49.978
5101.354,49.984
5103.356,49.990
5105.358,49.996
5107.360,50.002
5109.362,50.008
5111.364,50.014
5113.366,50.020
5115.368,50.026
5117.370,50.032
5119.372,50.038
5121.374,50.044
5123.376,50.050
5125.378,50.056
5127.380,50.062
5129.382,50.068
5131.384,50.074
5133.386,50.080
5135.388,50.086
5137.390,50.092
5139.392,50.098
5141.394,50.104
5143.396,50.110
5145.397,50.116
5147.399,50.122
5149.401,50.127
5151.403,50.133
5153.405,50.139
5155.407,50.145
5157.409,50.151
5159.411,50.157
5161.413,50.163
5163.415,50.169
5165.417,50.175
5167.419,50.181
5169.421,50.187
5171.423,50.193
5173.425,50.199
5175.427,50.205
5177.429,50.211
5179.431,50.216
5181.433,50.222
5183.435,50.228
5185.437,50.234
5187.438,50.240
5189.440,50.246
5191.442,50.252
5193.444,50.258
5195.446,50.264
5197.448,50.270
5199.450,50.276
5201.452,50.281
5203.454,50.287
5205.456,50.293
5207.458,50.299
5209.460,50.305
5211.462,50.311
5213.464,50.317
5215.466,50.323
5217.468,50.328
5219.470,50.334
5221.472,50.340
5223.474,50.346
5225.476,50.352
5227.478,50.358
5229.479,50.363
5231.481,50.369
5233.483,50.375
5235.485,50.381
5237.487,50.387
5239.489,50.393
5241.491,50.398
5243.493,50.404
5245.495,50.410
5247.497,50.416
5249.499,50.422
5251.501,50.428
5253.503,50.433
5255.505,50.439
5257.507,50.445
5259.509,50.451
5261.511,50.457
5263.513,50.462
5265.515,50.468
5267.517,50.474
5269.519,50.480
5271.521,50.486
5273.522,50.491
5275.524,50.497
5277.526,50.503
5279.528,50.509
5281.530,50.515
5283.532,50.520
5285.534,50.526
5287.536,50.532
5289.538,50.538
5291.540,50.544
5293.542,50.549
5295.544,50.555
5297.546,50.561
5299.548,50.567
5301.550,50.572
5303.552,50.578
5305.554,50.584
5307.556,50.590
5309.558,50.595
5311.560,50.601
5313.562,50.607
5315.563,50.613
5317.565,50.618
5319.567,50.624
5321.569,50.630
5323.571,50.635
5325.573,50.641
5327.575,50.647
5329.577,50.652
5331.579,50.658
5333.581,50.664
5335.583,50.670
5337.585,50.675
5339.587,50.681
5341.589,50.687
5343.591,50.692
5345.593,50.698
5347.595,50.704
5349.597,50.709
5351.599,50.715
5353.601,50.720
5355.603,50.726
5357.604,50.732
5359.606,50.738
5361.608,50.743
5363.610,50.749
5365.612,50.754
5367.614,50.760
5369.616,50.766
5371.618,50.771
5373.620,50.777
5375.622,50.783
5377.624,50.788
5379.626,50.794
5381.628,50.800
5383.630,50.805
5385.632,50.811
5387.634,50.817
5389.636,50.822
5391.638,50.828
5393.640,50.833
5395.642,50.839
5397.644,50.845
5399.646,50.850
5401.647,50.856
5403.649,50.861
5405.651,50.867
5407.653,50.873
5409.655,50.878
5411.657,50.884
5413.659,50.889
5415.661,50.895
5417.663,50.901
5419.665,50.906
5421.667,50.912
5423.669,50.918
5425.671,50.923
5427.673,50.929
5429.675,50.934
5431.677,50.940
5433.679,50.945
5435.681,50.951
5437.683,50.956
5439.685,50.962
5441.687,50.968
5443.688,50.973
5445.690,50.979
5447.692,50.984
5449.694,50.990
5451.696,50.995
5453.698,51.001
5455.700,51.006
5457.702,51.012
5459.704,51.017
5461.706,51.023
5463.708,51.028
5465.710,51.034
5467.712,51.039
5469.714,51.045
5471.716,51.050
5473.718,51.056
5475.720,51.061
5477.722,51.067
5479.724,51.072
5481.726,51.078
5483.728,51.083
5485.729,51.089
5487.731,51.094
5489.733,51.099
5491.735,51.105
5493.737,51.110
5495.739,51.116
5497.741,51.121
5499.743,51.127
5501.745,51.132
5503.747,51.138
5505.749,51.143
5507.751,51.148
5509.753,51.154
5511.755,51.159
5513.757,51.165
5515.759,51.170
5517.761,51.176
5519.763,51.181
5521.765,51.187
5523.767,51.192
5525.769,51.197
5527.771,51.203
5529.772,51.208
5531.774,51.214
5533.776,51.219
5535.778,51.225
5537.780,51.230
5539.782,51.235
5541.784,51.241
5543.786,51.246
5545.788,51.252
5547.790,51.257
5549.792,51.263
5551.794,51.268
5553.796,51.274
5555.798,51.279
5557.800,51.284
5559.802,51.290
5561.804,51.295
5563.806,51.301
5565.808,51.306
5567.810,51.311
5569.812,51.317
5571.813,51.322
5573.815,51.328
5575.817,51.333
5577.819,51.339
5579.821,51.344
5581.823,51.349
5583.825,51.355
5585.827,51.360
5587.829,51.365
5589.831,51.371
5591.833,51.376
5593.835,51.381
5595.837,51.387
5597.839,51.392
5599.841,51.397
5601.843,51.403
5603.845,51.408
5605.847,51.413
5607.849,51.419
5609.851,51.424
5611.853,51.429
5613.854,51.435
5615.856,51.440
5617.858,51.445
5619.860,51.451
5621.862,51.456
5623.864,51.461
5625.866,51.467
5627.868,51.472
5629.870,51.477
5631.872,51.482
5633.874,51.488
5635.876,51.493
5637.878,51.498
5639.880,51.503
5641.882,51.509
5643.884,51.514
5645.886,51.519
5647.888,51.524
5649.890,51.530
5651.892,51.535
5653.894,51.540
5655.896,51.545
5657.897,51.551
5659.899,51.556
5661.901,51.561
5663.903,51.566
5665.905,51.572
5667.907,51.577
5669.909,51.582
5671.911,51.587
5673.913,51.593
5675.915,51.598
5677.917,51.603
5679.919,51.608
5681.921,51.614
5683.923,51.619
5685.925,51.624
5687.927,51.629
5689.929,51.635
5691.931,51.640
5693.933,51.645
5695.935,51.650
5697.937,51.656
5699.938,51.661
5701.940,51.666
5703.942,51.671
5705.944,51.676
5707.946,51.682
5709.948,51.687
5711.950,51.692
5713.952,51.697
5715.954,51.703
5717.956,51.708
5719.958,51.713
5721.960,51.718
5723.962,51.723
5725.964,51.728
5727.966,51.734
5729.968,51.739
5731.970,51.744
5733.972,51.749
5735.974,51.754
5737.976,51.759
5739.978,51.765
5741.979,51.770
5743.981,51.775
5745.983,51.780
5747.985,51.785
5749.987,51.790
5751.989,51.795
5753.991,51.800
5755.993,51.805
5757.995,51.811
5759.997,51.816
5761.999,51.821
5764.001,51.826
5766.003,51.831
5768.005,51.836
5770.007,51.841
5772.009,51.846
5774.011,51.851
5776.013,51.856
5778.015,51.861
5780.017,51.867
5782.019,51.872
5784.021,51.877
5786.022,51.882
5788.024,51.887
5790.026,51.892
5792.028,51.897
5794.030,51.902
5796.032,51.907
5798.034,51.912
5800.036,51.917
5802.038,51.922
5804.040,51.927
5806.042,51.932
5808.044,51.937
5810.046,51.942
5812.048,51.947
5814.050,51.953
5816.052,51.958
5818.054,51.963
5820.056,51.968
5822.058,51.973
5824.060,51.978
5826.062,51.983
5828.063,51.988
5830.065,51.993
5832.067,51.998
5834.069,52.003
5836.071,52.008
5838.073,52.013
5840.075,52.018
5842.077,52.023
5844.079,52.028
5846.081,52.033
5848.083,52.039
5850.085,52.044
5852.087,52.049
5854.089,52.054
5856.091,52.059
5858.093,52.064
5860.095,52.069
5862.097,52.074
5864.099,52.079
5866.101,52.084
5868.103,52.089
5870.104,52.094
5872.106,52.099
5874.108,52.104
5876.110,52.109
5878.112,52.114
5880.114,52.119
5882.116,52.124
5884.118,52.129
5886.120,52.134
5888.122,52.139
5890.124,52.144
5892.126,52.149
5894.128,52.154
5896.130,52.159
5898.132,52.164
5900.134,52.169
5902.136,52.174
5904.138,52.179
5906.140,52.184
5908.142,52.189
5910.144,52.194
5912.146,52.199
5914.147,52.203
5916.149,52.208
5918.151,52.213
5920.153,52.218
5922.155,52.223
5924.157,52.228
5926.159,52.233
5928.161,52.238
5930.163,52.243
5932.165,52.248
5934.167,52.253
5936.169,52.258
5938.171,52.262
5940.173,52.267
5942.175,52.272
5944.177,52.277
5946.179,52.282
5948.181,52.287
5950.183,52.292
5952.185,52.297
5954.187,52.301
5956.188,52.306
5958.190,52.311
5960.192,52.316
5962.194,52.321
5964.196,52.326
5966.198,52.331
5968.200,52.336
5970.202,52.340
5972.204,52.345
5974.206,52.350
5976.208,52.355
5978.210,52.360
5980.212,52.365
5982.214,52.370
5984.216,52.374
5986.218,52.379
5988.220,52.384
5990.222,52.389
5992.224,52.394
5994.226,52.399
5996.228,52.404
5998.229,52.408
6000.231,52.413
6002.233,52.418
6004.235,52.423
6006.237,52.428
6008.239,52.433
6010.241,52.438
6012.243,52.442
6014.245,52.447
6016.247,52.452
6018.249,52.457
6020.251,52.462
6022.253,52.466
6024.255,52.471
6026.257,52.476
6028.259,52.481
6030.261,52.486
6032.263,52.490
6034.265,52.495
6036.267,52.500
6038.269,52.505
6040.271,52.510
6042.272,52.514
6044.274,52.519
6046.276,52.524
6048.278,52.529
6050.280,52.533
6052.282,52.538
6054.284,52.543
6056.286,52.547
6058.288,52.552
6060.290,52.557
6062.292,52.562
6064.294,52.566
6066.296,52.571
6068.298,52.576
6070.300,52.581
6072.302,52.585
6074.304,52.590
6076.306,52.595
6078.308,52.600
6080.310,52.604
6082.312,52.609
6084.313,52.614
6086.315,52.618
6088.317,52.623
6090.319,52.628
6092.321,52.633
6094.323,52.637
6096.325,52.642
6098.327,52.647
6100.329,52.651
6102.331,52.656
6104.333,52.661
6106.335,52.666
6108.337,52.670
6110.339,52.675
6112.341,52.680
6114.343,52.684
6116.345,52.689
6118.347,52.694
6120.349,52.698
6122.351,52.703
6124.353,52.708
6126.354,52.713
6128.356,52.717
6130.358,52.722
6132.360,52.727
6134.362,52.731
6136.364,52.736
6138.366,52.741
6140.368,52.745
6142.370,52.750
6144.372,52.755
6146.374,52.759
6148.376,52.764
6150.378,52.769
6152.380,52.773
6154.382,52.778
6156.384,52.783
6158.386,52.787
6160.388,52.792
6162.390,52.797
6164.392,52.801
6166.394,52.806
6168.396,52.811
6170.397,52.815
6172.399,52.820
6174.401,52.825
6176.403,52.829
6178.405,52.834
6180.407,52.839
6182.409,52.843
6184.411,52.848
6186.413,52.853
6188.415,52.857
6190.417,52.862
6192.419,52.867
6194.421,52.871
6196.423,52.876
6198.425,52.881
6200.427,52.885
6202.429,52.890
6204.431,52.894
6206.433,52.899
6208.435,52.904
6210.437,52.908
6212.438,52.913
6214.440,52.917
6216.442,52.922
6218.444,52.926
6220.446,52.931
6222.448,52.936
6224.450,52.940
6226.452,52.945
6228.454,52.949
6230.456,52.954
6232.458,52.958
6234.460,52.963
6236.462,52.967
6238.464,52.972
6240.466,52.976
6242.468,52.981
6244.470,52.985
6246.472,52.990
6248.474,52.995
6250.476,52.999
6252.478,53.004
6254.479,53.008
6256.481,53.013
6258.483,53.017
6260.485,53.022
6262.487,53.026
6264.489,53.031
6266.491,53.035
6268.493,53.040
6270.495,53.044
6272.497,53.049
6274.499,53.053
6276.501,53.058
6278.503,53.062
6280.505,53.067
6282.507,53.071
6284.509,53.076
6286.511,53.081
6288.513,53.085
6290.515,53.090
6292.517,53.094
6294.519,53.099
6296.521,53.103
6298.522,53.108
6300.524,53.112
6302.526,53.117
6304.528,53.121
6306.530,53.126
6308.532,53.130
6310.534,53.135
6312.536,53.139
6314.538,53.143
6316.540,53.148
6318.542,53.152
6320.544,53.157
6322.546,53.161
6324.548,53.166
6326.550,53.170
6328.552,53.175
6330.554,53.179
6332.556,53.184
6334.558,53.188
6336.560,53.193
6338.562,53.197
6340.563,53.202
6342.565,53.206
6344.567,53.210
6346.569,53.215
6348.571,53.219
6350.573,53.224
6352.575,53.228
6354.577,53.233
6356.579,53.237
6358.581,53.241
6360.583,53.246
6362.585,53.250
6364.587,53.255
6366.589,53.259
6368.591,53.263
6370.593,53.268
6372.595,53.272
6374.597,53.276
6376.599,53.281
6378.601,53.285
6380.603,53.290
6382.604,53.294
6384.606,53.298
6386.608,53.303
6388.610,53.307
6390.612,53.311
6392.614,53.316
6394.616,53.320
6396.618,53.324
6398.620,53.329
6400.622,53.333
6402.624,53.337
6404.626,53.342
6406.628,53.346
6408.630,53.350
6410.632,53.355
6412.634,53.359
6414.636,53.364
6416.638,53.368
6418.640,53.372
6420.642,53.377
6422.644,53.381
6424.646,53.385
6426.647,53.390
6428.649,53.394
6430.651,53.398
6432.653,53.403
6434.655,53.407
6436.657,53.411
6438.659,53.416
6440.661,53.420
6442.663,53.424
6444.665,53.429
6446.667,53.433
6448.669,53.438
6450.671,53.442
6452.673,53.446
6454.675,53.451
6456.677,53.455
6458.679,53.459
6460.681,53.464
6462.683,53.468
6464.685,53.472
6466.687,53.477
6468.688,53.481
6470.690,53.485
6472.692,53.490
6474.694,53.494
6476.696,53.498
6478.698,53.503
6480.700,53.507
6482.702,53.511
6484.704,53.516
6486.706,53.520
6488.708,53.524
6490.710,53.528
6492.712,53.533
6494.714,53.537
6496.716,53.541
6498.718,53.546
6500.720,53.550
6502.722,53.554
6504.724,53.558
6506.726,53.563
6508.728,53.567
6510.729,53.571
6512.731,53.576
6514.733,53.580
6516.735,53.584
6518.737,53.588
6520.739,53.593
6522.741,53.597
6524.743,53.601
6526.745,53.605
6528.747,53.610
6530.749,53.614
6532.751,53.618
6534.753,53.622
6536.755,53.627
6538.757,53.631
6540.759,53.635
6542.761,53.639
6544.763,53.644
6546.765,53.648
6548.767,53.652
6550.769,53.656
6552.771,53.660
6554.772,53.665
6556.774,53.669
6558.776,53.673
6560.778,53.677
6562.780,53.681
6564.782,53.686
6566.784,53.690
6568.786,53.694
6570.788,53.698
6572.790,53.702
6574.792,53.706
6576.794,53.711
6578.796,53.715
6580.798,53.719
6582.800,53.723
6584.802,53.727
6586.804,53.731
6588.806,53.735
6590.808,53.740
6592.810,53.744
6594.812,53.748
6596.813,53.752
6598.815,53.756
6600.817,53.760
6602.819,53.765
6604.821,53.769
6606.823,53.773
6608.825,53.777
6610.827,53.781
6612.829,53.785
6614.831,53.789
6616.833,53.794
6618.835,53.798
6620.837,53.802
6622.839,53.806
6624.841,53.810
6626.843,53.814
6628.845,53.819
6630.847,53.823
6632.849,53.827
6634.851,53.831
6636.853,53.835
6638.854,53.839
6640.856,53.843
6642.858,53.848
6644.860,53.852
6646.862,53.856
6648.864,53.860
6650.866,53.864
6652.868,53.868
6654.870,53.873
6656.872,53.877
6658.874,53.881
6660.876,53.885
6662.878,53.889
6664.880,53.893
6666.882,53.897
6668.884,53.902
6670.886,53.906
6672.888,53.910
6674.890,53.914
6676.892,53.918
6678.894,53.922
6680.896,53.926
6682.897,53.930
6684.899,53.934
6686.901,53.938
6688.903,53.943
6690.905,53.947
6692.907,53.951
6694.909,53.955
6696.911,53.959
6698.913,53.963
6700.915,53.967
6702.917,53.971
6704.919,53.975
6706.921,53.979
6708.923,53.983
6710.925,53.987
6712.927,53.991
6714.929,53.995
6716.931,53.999
6718.933,54.004
6720.935,54.008
6722.937,54.012
6724.938,54.016
6726.940,54.020
6728.942,54.024
6730.944,54.028
6732.946,54.032
6734.948,54.036
6736.950,54.040
6738.952,54.044
6740.954,54.048
6742.956,54.052
6744.958,54.056
6746.960,54.060
6748.962,54.064
6750.964,54.068
6752.966,54.072
6754.968,54.076
6756.970,54.080
6758.972,54.084
6760.974,54.087
6762.976,54.091
6764.978,54.095
6766.979,54.099
6768.981,54.103
6770.983,54.107
6772.985,54.111
6774.987,54.115
6776.989,54.119
6778.991,54.123
6780.993,54.127
6782.995,54.131
6784.997,54.135
6786.999,54.139
6789.001,54.143
6791.003,54.147
6793.005,54.151
6795.007,54.155
6797.009,54.159
6799.011,54.163
6801.013,54.167
6803.015,54.171
6805.017,54.175
6807.019,54.179
6809.021,54.183
6811.022,54.187
6813.024,54.191
6815.026,54.195
6817.028,54.199
6819.030,54.203
6821.032,54.207
6823.034,54.211
6825.036,54.215
6827.038,54.218
6829.040,54.222
6831.042,54.226
6833.044,54.230
6835.046,54.234
6837.048,54.238
6839.050,54.242
6841.052,54.246
6843.054,54.250
6845.056,54.254
6847.058,54.258
6849.060,54.262
6851.062,54.266
6853.063,54.270
6855.065,54.274
6857.067,54.277
6859.069,54.281
6861.071,54.285
6863.073,54.289
6865.075,54.293
6867.077,54.297
6869.079,54.301
6871.081,54.305
6873.083,54.309
6875.085,54.313
6877.087,54.317
6879.089,54.320
6881.091,54.324
6883.093,54.328
6885.095,54.332
6887.097,54.336
6889.099,54.340
6891.101,54.344
6893.103,54.348
6895.104,54.351
6897.106,54.355
6899.108,54.359
6901.110,54.363
6903.112,54.367
6905.114,54.371
6907.116,54.375
6909.118,54.379
6911.120,54.382
6913.122,54.386
6915.124,54.390
6917.126,54.394
6919.128,54.398
6921.130,54.402
6923.132,54.406
6925.134,54.409
6927.136,54.413
6929.138,54.417
6931.140,54.421
6933.142,54.425
6935.144,54.429
6937.146,54.432
6939.147,54.436
6941.149,54.440
6943.151,54.444
6945.153,54.448
6947.155,54.452
6949.157,54.455
6951.159,54.459
6953.161,54.463
6955.163,54.467
6957.165,54.471
6959.167,54.475
6961.169,54.478
6963.171,54.482
6965.173,54.486
6967.175,54.490
6969.177,54.494
6971.179,54.497
6973.181,54.501
6975.183,54.505
6977.185,54.509
6979.187,54.513
6981.188,54.516
6983.190,54.520
6985.192,54.524
6987.194,54.528
6989.196,54.532
6991.198,54.535
6993.200,54.539
6995.202,54.543
6997.204,54.547
6999.206,54.550
7001.208,54.554
7003.210,54.558
7005.212,54.562
7007.214,54.565
7009.216,54.569
7011.218,54.573
7013.220,54.577
7015.222,54.581
7017.224,54.584
7019.226,54.588
7021.228,54.592
7023.229,54.596
7025.231,54.599
7027.233,54.603
7029.235,54.607
7031.237,54.611
7033.239,54.615
7035.241,54.618
7037.243,54.622
7039.245,54.626
7041.247,54.629
7043.249,54.633
7045.251,54.637
7047.253,54.641
7049.255,54.644
7051.257,54.648
7053.259,54.652
7055.261,54.656
7057.263,54.659
7059.265,54.663
7061.267,54.667
7063.269,54.671
7065.271,54.674
7067.272,54.678
7069.274,54.682
7071.276,54.685
7073.278,54.689
7075.280,54.693
7077.282,54.697
7079.284,54.700
7081.286,54.704
7083.288,54.708
7085.290,54.712
7087.292,54.715
7089.294,54.719
7091.296,54.723
7093.298,54.726
7095.300,54.730
7097.302,54.734
7099.304,54.738
7101.306,54.741
7103.308,54.745
7105.310,54.749
7107.312,54.752
7109.313,54.756
7111.315,54.760
7113.317,54.764
7115.319,54.767
7117.321,54.771
7119.323,54.775
7121.325,54.778
7123.327,54.782
7125.329,54.786
7127.331,54.790
7129.333,54.793
7131.335,54.797
7133.337,54.801
7135.339,54.804
7137.341,54.808
7139.343,54.812
7141.345,54.815
7143.347,54.819
7145.349,54.823
7147.351,54.826
7149.353,54.830
7151.354,54.834
7153.356,54.837
7155.358,54.841
7157.360,54.844
7159.362,54.848
7161.364,54.852
7163.366,54.855
7165.368,54.859
7167.370,54.862
7169.372,54.866
7171.374,54.869
7173.376,54.873
7175.378,54.877
7177.380,54.880
7179.382,54.884
7181.384,54.887
7183.386,54.891
7185.388,54.894
7187.390,54.898
7189.392,54.902
7191.394,54.905
7193.396,54.909
7195.397,54.912
7197.399,54.916
7199.401,54.919
7201.403,54.923
7203.405,54.927
7205.407,54.930
7207.409,54.934
7209.411,54.937
7211.413,54.941
7213.415,54.944
7215.417,54.948
7217.419,54.951
7219.421,54.955
7221.423,54.959
7223.425,54.962
7225.427,54.966
7227.429,54.969
7229.431,54.973
7231.433,54.976
7233.435,54.980
7235.437,54.983
7237.438,54.987
7239.440,54.990
7241.442,54.994
7243.444,54.997
7245.446,55.001
7247.448,55.004
7249.450,55.008
7251.452,55.012
7253.454,55.015
7255.456,55.019
7257.458,55.022
7259.460,55.026
7261.462,55.029
7263.464,55.033
7265.466,55.036
7267.468,55.040
7269.470,55.043
7271.472,55.047
7273.474,55.050
7275.476,55.054
7277.478,55.057
7279.479,55.061
7281.481,55.064
7283.483,55.068
7285.485,55.072
7287.487,55.075
7289.489,55.079
7291.491,55.082
7293.493,55.086
7295.495,55.089
7297.497,55.093
7299.499,55.096
7301.501,55.100
7303.503,55.103
7305.505,55.107
7307.507,55.110
7309.509,55.114
7311.511,55.117
7313.513,55.121
7315.515,55.125
7317.517,55.128
7319.519,55.132
7321.521,55.135
7323.522,55.139
7325.524,55.142
7327.526,55.146
7329.528,55.149
7331.530,55.153
7333.532,55.156
7335.534,55.160
7337.536,55.163
7339.538,55.167
7341.540,55.170
7343.542,55.174
7345.544,55.177
7347.546,55.180
7349.548,55.184
7351.550,55.187
7353.552,55.191
7355.554,55.194
7357.556,55.198
7359.558,55.201
7361.560,55.205
7363.562,55.208
7365.563,55.211
7367.565,55.215
7369.567,55.218
7371.569,55.222
7373.571,55.225
7375.573,55.229
7377.575,55.232
7379.577,55.236
7381.579,55.239
7383.581,55.243
7385.583,55.246
7387.585,55.249
7389.587,55.253
7391.589,55.256
7393.591,55.260
7395.593,55.263
7397.595,55.267
7399.597,55.270
7401.599,55.274
7403.601,55.277
7405.603,55.280
7407.604,55.284
7409.606,55.287
7411.608,55.291
7413.610,55.294
7415.612,55.298
7417.614,55.301
7419.616,55.304
7421.618,55.308
7423.620,55.311
7425.622,55.315
7427.624,55.318
7429.626,55.322
7431.628,55.325
7433.630,55.328
7435.632,55.332
7437.634,55.335
7439.636,55.339
7441.638,55.342
7443.640,55.345
7445.642,55.349
7447.644,55.352
7449.646,55.355
7451.647,55.359
7453.649,55.362
7455.651,55.366
7457.653,55.369
7459.655,55.372
7461.657,55.376
7463.659,55.379
7465.661,55.382
7467.663,55.386
7469.665,55.389
7471.667,55.392
7473.669,55.396
7475.671,55.399
7477.673,55.402
7479.675,55.406
7481.677,55.409
7483.679,55.412
7485.681,55.416
7487.683,55.419
7489.685,55.422
7491.687,55.426
7493.688,55.429
7495.690,55.433
7497.692,55.436
7499.694,55.439
7501.696,55.443
7503.698,55.446
7505.700,55.449
7507.702,55.453
7509.704,55.456
7511.706,55.459
7513.708,55.463
7515.710,55.466
7517.712,55.469
7519.714,55.473
7521.716,55.476
7523.718,55.479
7525.720,55.483
7527.722,55.486
7529.724,55.489
7531.726,55.493
7533.728,55.496
7535.729,55.499
7537.731,55.503
7539.733,55.506
7541.735,55.509
7543.737,55.513
7545.739,55.516
7547.741,55.519
7549.743,55.523
7551.745,55.526
7553.747,55.529
7555.749,55.533
7557.751,55.536
7559.753,55.539
7561.755,55.543
7563.757,55.546
7565.759,55.549
7567.761,55.553
7569.763,55.556
7571.765,55.559
7573.767,55.563
7575.769,55.566
7577.771,55.569
7579.772,55.573
7581.774,55.576
7583.776,55.579
7585.778,55.583
7587.780,55.586
7589.782,55.589
7591.784,55.592
7593.786,55.596
7595.788,55.599
7597.790,55.602
7599.792,55.605
7601.794,55.609
7603.796,55.612
7605.798,55.615
7607.800,55.618
7609.802,55.622
7611.804,55.625
7613.806,55.628
7615.808,55.631
7617.810,55.634
7619.812,55.638
7621.813,55.641
7623.815,55.644
7625.817,55.647
7627.819,55.650
7629.821,55.654
7631.823,55.657
7633.825,55.660
7635.827,55.663
7637.829,55.666
7639.831,55.670
7641.833,55.673
7643.835,55.676
7645.837,55.679
7647.839,55.682
7649.841,55.685
7651.843,55.688
7653.845,55.692
7655.847,55.695
7657.849,55.698
7659.851,55.701
7661.853,55.704
7663.854,55.707
7665.856,55.711
7667.858,55.714
7669.860,55.717
7671.862,55.720
7673.864,55.723
7675.866,55.726
7677.868,55.729
7679.870,55.733
7681.872,55.736
7683.874,55.739
7685.876,55.742
7687.878,55.745
7689.880,55.748
7691.882,55.751
7693.884,55.755
7695.886,55.758
7697.888,55.761
7699.890,55.764
7701.892,55.767
7703.894,55.770
7705.896,55.774
7707.897,55.777
7709.899,55.780
7711.901,55.783
7713.903,55.786
7715.905,55.789
7717.907,55.792
7719.909,55.796
7721.911,55.799
7723.913,55.802
7725.915,55.805
7727.917,55.808
7729.919,55.811
7731.921,55.814
7733.923,55.818
7735.925,55.821
7737.927,55.824
7739.929,55.827
7741.931,55.830
7743.933,55.833
7745.935,55.837
7747.937,55.840
7749.938,55.843
7751.940,55.846
7753.942,55.849
7755.944,55.852
7757.946,55.855
7759.948,55.859
7761.950,55.862
7763.952,55.865
7765.954,55.868
7767.956,55.871
7769.958,55.874
7771.960,55.877
7773.962,55.881
7775.964,55.884
7777.966,55.887
7779.968,55.890
7781.970,55.893
7783.972,55.896
7785.974,55.899
7787.976,55.903
7789.978,55.906
7791.979,55.909
7793.981,55.912
7795.983,55.915
7797.985,55.918
7799.987,55.921
7801.989,55.924
7803.991,55.927
7805.993,55.931
7807.995,55.934
7809.997,55.937
7811.999,55.940
7814.001,55.943
7816.003,55.946
7818.005,55.949
7820.007,55.952
7822.009,55.955
7824.011,55.959
7826.013,55.962
7828.015,55.965
7830.017,55.968
7832.019,55.971
7834.021,55.974
7836.022,55.977
7838.024,55.980
7840.026,55.983
7842.028,55.986
7844.030,55.989
7846.032,55.992
7848.034,55.996
7850.036,55.999
7852.038,56.002
7854.040,56.005
7856.042,56.008
7858.044,56.011
7860.046,56.014
7862.048,56.017
7864.050,56.020
7866.052,56.023
7868.054,56.026
7870.056,56.029
7872.058,56.032
7874.060,56.035
7876.062,56.038
7878.063,56.042
7880.065,56.045
7882.067,56.048
7884.069,56.051
7886.071,56.054
7888.073,56.057
7890.075,56.060
7892.077,56.063
7894.079,56.066
7896.081,56.069
7898.083,56.072
7900.085,56.075
7902.087,56.078
7904.089,56.081
7906.091,56.084
7908.093,56.087
7910.095,56.090
7912.097,56.093
7914.099,56.096
7916.101,56.099
7918.103,56.102
7920.104,56.105
7922.106,56.108
7924.108,56.111
7926.110,56.114
7928.112,56.117
7930.114,56.120
7932.116,56.123
7934.118,56.126
7936.120,56.129
7938.122,56.132
7940.124,56.135
7942.126,56.138
7944.128,56.141
7946.130,56.144
7948.132,56.147
7950.134,56.150
7952.136,56.153
7954.138,56.156
7956.140,56.159
7958.142,56.162
7960.144,56.165
7962.146,56.168
7964.147,56.170
7966.149,56.173
7968.151,56.176
7970.153,56.179
7972.155,56.182
7974.157,56.185
7976.159,56.188
7978.161,56.191
7980.163,56.194
7982.165,56.197
7984.167,56.200
7986.169,56.203
7988.171,56.206
7990.173,56.209
7992.175,56.212
7994.177,56.215
7996.179,56.218
7998.181,56.221
8000.183,56.224
8002.185,56.227
8004.187,56.230
8006.188,56.233
8008.190,56.236
8010.192,56.239
8012.194,56.242
8014.196,56.245
8016.198,56.248
8018.200,56.251
8020.202,56.254
8022.204,56.257
8024.206,56.259
8026.208,56.262
8028.210,56.265
8030.212,56.268
8032.214,56.271
8034.216,56.274
8036.218,56.277
8038.220,56.280
8040.222,56.283
8042.224,56.286
8044.226,56.289
8046.228,56.292
8048.229,56.295
8050.231,56.298
8052.233,56.301
8054.235,56.304
8056.237,56.307
8058.239,56.310
8060.241,56.313
8062.243,56.316
8064.245,56.318
8066.247,56.321
8068.249,56.324
8070.251,56.327
8072.253,56.330
8074.255,56.333
8076.257,56.336
8078.259,56.339
8080.261,56.342
8082.263,56.345
8084.265,56.347
8086.267,56.350
8088.269,56.353
8090.271,56.356
8092.272,56.359
8094.274,56.362
8096.276,56.365
8098.278,56.367
8100.280,56.370
8102.282,56.373
8104.284,56.376
8106.286,56.379
8108.288,56.381
8110.290,56.384
8112.292,56.387
8114.294,56.390
8116.296,56.393
8118.298,56.395
8120.300,56.398
8122.302,56.401
8124.304,56.404
8126.306,56.407
8128.308,56.410
8130.310,56.412
8132.312,56.415
8134.313,56.418
8136.315,56.421
8138.317,56.424
8140.319,56.426
8142.321,56.429
8144.323,56.432
8146.325,56.435
8148.327,56.438
8150.329,56.440
8152.331,56.443
8154.333,56.446
8156.335,56.449
8158.337,56.452
8160.339,56.455
8162.341,56.457
8164.343,56.460
8166.345,56.463
8168.347,56.466
8170.349,56.469
8172.351,56.471
8174.353,56.474
8176.354,56.477
8178.356,56.480
8180.358,56.483
8182.360,56.485
8184.362,56.488
8186.364,56.491
8188.366,56.494
8190.368,56.497
8193.338,56.501
8196.268,56.505
8199.197,56.509
8202.127,56.514
8205.057,56.518
8207.986,56.522
8210.916,56.526
8213.846,56.530
8216.775,56.534
8219.705,56.539
8222.635,56.543
8225.564,56.547
8228.494,56.551
8231.424,56.555
8234.354,56.559
8237.283,56.563
8240.213,56.568
8243.143,56.572
8246.072,56.576
8249.002,56.580
8251.932,56.584
8254.861,56.588
8257.791,56.593
8260.721,56.597
8263.650,56.601
8266.580,56.605
8269.510,56.609
8272.439,56.613
8275.369,56.617
8278.299,56.622
8281.229,56.626
8284.158,56.630
8287.088,56.634
8290.018,56.638
8292.947,56.642
8295.877,56.646
8298.807,56.650
8301.736,56.654
8304.666,56.659
8307.596,56.663
8310.525,56.667
8313.455,56.671
8316.385,56.675
8319.314,56.679
8322.244,56.683
8325.174,56.687
8328.104,56.691
8331.033,56.695
8333.963,56.699
8336.893,56.704
8339.822,56.708
8342.752,56.712
8345.682,56.716
8348.611,56.720
8351.541,56.724
8354.471,56.728
8357.400,56.732
8360.330,56.736
8363.260,56.740
8366.189,56.744
8369.119,56.749
8372.049,56.753
8374.979,56.757
8377.908,56.761
8380.838,56.765
8383.768,56.769
8386.697,56.773
8389.627,56.777
8392.557,56.781
8395.486,56.785
8398.416,56.789
8401.346,56.793
8404.275,56.797
8407.205,56.801
8410.135,56.805
8413.064,56.809
8415.994,56.813
8418.924,56.816
8421.854,56.820
8424.783,56.824
8427.713,56.828
8430.643,56.832
8433.572,56.836
8436.502,56.840
8439.432,56.844
8442.361,56.848
8445.291,56.852
8448.221,56.856
8451.150,56.860
8454.080,56.864
8457.010,56.868
8459.939,56.872
8462.869,56.876
8465.799,56.879
8468.729,56.883
8471.658,56.887
8474.588,56.891
8477.518,56.895
8480.447,56.899
8483.377,56.903
8486.307,56.907
8489.236,56.910
8492.166,56.914
8495.096,56.918
8498.025,56.922
8500.955,56.926
8503.885,56.930
8506.814,56.934
8509.744,56.938
8512.674,56.942
8515.604,56.945
8518.533,56.949
8521.463,56.953
8524.393,56.957
8527.322,56.961
8530.252,56.965
8533.182,56.969
8536.111,56.973
8539.041,56.976
8541.971,56.980
8544.900,56.984
8547.830,56.988
8550.760,56.992
8553.689,56.996
8556.619,57.000
8559.549,57.003
8562.479,57.007
8565.408,57.011
8568.338,57.015
8571.268,57.019
8574.197,57.022
8577.127,57.026
8580.057,57.030
8582.986,57.034
8585.916,57.038
8588.846,57.041
8591.775,57.045
8594.705,57.049
8597.635,57.053
8600.564,57.057
8603.494,57.061
8606.424,57.064
8609.354,57.068
8612.283,57.072
8615.213,57.076
8618.143,57.080
8621.072,57.083
8624.002,57.087
8626.932,57.091
8629.861,57.095
8632.791,57.099
8635.721,57.102
8638.650,57.106
8641.580,57.110
8644.510,57.114
8647.439,57.117
8650.369,57.121
8653.299,57.125
8656.229,57.128
8659.158,57.132
8662.088,57.136
8665.018,57.139
8667.947,57.143
8670.877,57.147
8673.807,57.150
8676.736,57.154
8679.666,57.158
8682.596,57.161
8685.525,57.165
8688.455,57.169
8691.385,57.172
8694.314,57.176
8697.244,57.180
8700.174,57.183
8703.104,57.187
8706.033,57.191
8708.963,57.194
8711.893,57.198
8714.822,57.202
8717.752,57.205
8720.682,57.209
8723.611,57.213
8726.541,57.216
8729.471,57.220
8732.400,57.224
8735.330,57.227
8738.260,57.231
8741.189,57.235
8744.119,57.238
8747.049,57.242
8749.979,57.246
8752.908,57.249
8755.838,57.253
8758.768,57.257
8761.697,57.260
8764.627,57.264
8767.557,57.268
8770.486,57.271
8773.416,57.275
8776.346,57.279
8779.275,57.282
8782.205,57.286
8785.135,57.290
8788.064,57.293
8790.994,57.297
8793.924,57.301
8796.854,57.304
8799.783,57.308
8802.713,57.312
8805.643,57.315
8808.572,57.319
8811.502,57.323
8814.432,57.326
8817.361,57.330
8820.291,57.334
8823.221,57.337
8826.150,57.341
8829.080,57.345
8832.010,57.348
8834.939,57.352
8837.869,57.356
8840.799,57.359
8843.729,57.363
8846.658,57.366
8849.588,57.370
8852.518,57.374
8855.447,57.377
8858.377,57.381
8861.307,57.384
8864.236,57.388
8867.166,57.391
8870.096,57.395
8873.025,57.398
8875.955,57.401
8878.885,57.405
8881.814,57.408
8884.744,57.412
8887.674,57.415
8890.604,57.419
8893.533,57.422
8896.463,57.426
8899.393,57.429
8902.322,57.433
8905.252,57.436
8908.182,57.440
8911.111,57.443
8914.041,57.447
8916.971,57.450
8919.900,57.454
8922.830,57.457
8925.760,57.461
8928.689,57.464
8931.619,57.467
8934.549,57.471
8937.479,57.474
8940.408,57.478
8943.338,57.481
8946.268,57.485
8949.197,57.488
8952.127,57.491
8955.057,57.495
8957.986,57.498
8960.916,57.502
8963.846,57.505
8966.775,57.509
8969.705,57.512
8972.635,57.515
8975.564,57.519
8978.494,57.522
8981.424,57.526
8984.354,57.529
8987.283,57.533
8990.213,57.536
8993.143,57.539
8996.072,57.543
8999.002,57.546
9001.932,57.550
9004.861,57.553
9007.791,57.557
9010.721,57.560
9013.650,57.563
9016.580,57.567
9019.510,57.570
9022.439,57.574
9025.369,57.577
9028.299,57.581
9031.229,57.584
9034.158,57.587
9037.088,57.591
9040.018,57.594
9042.947,57.598
9045.877,57.601
9048.807,57.605
9051.736,57.608
9054.666,57.611
9057.596,57.615
9060.525,57.618
9063.455,57.621
9066.385,57.625
9069.314,57.628
9072.244,57.631
9075.174,57.635
9078.104,57.638
9081.033,57.642
9083.963,57.645
9086.893,57.648
9089.822,57.652
9092.752,57.655
9095.682,57.658
9098.611,57.662
9101.541,57.665
9104.471,57.668
9107.400,57.672
9110.330,57.675
9113.260,57.678
9116.189,57.682
9119.119,57.685
9122.049,57.688
9124.979,57.691
9127.908,57.694
9130.838,57.698
9133.768,57.701
9136.697,57.704
9139.627,57.707
9142.557,57.711
9145.486,57.714
9148.416,57.717
9151.346,57.720
9154.275,57.723
9157.205,57.727
9160.135,57.730
9163.064,57.733
9165.994,57.736
9168.924,57.740
9171.854,57.743
9174.783,57.746
9177.713,57.749
9180.643,57.752
9183.572,57.756
9186.502,57.759
9189.432,57.762
9192.361,57.765
9195.291,57.769
9198.221,57.772
9201.150,57.775
9204.080,57.778
9207.010,57.781
9209.939,57.785
9212.869,57.788
9215.799,57.791
9218.729,57.794
9221.658,57.798
9224.588,57.801
9227.518,57.804
9230.447,57.807
9233.377,57.810
9236.307,57.814
9239.236,57.817
9242.166,57.820
9245.096,57.823
9248.025,57.827
9250.955,57.830
9253.885,57.833
9256.814,57.836
9259.744,57.839
9262.674,57.843
9265.604,57.846
9268.533,57.849
9271.463,57.852
9274.393,57.856
9277.322,57.859
9280.252,57.862
9283.182,57.865
9286.111,57.868
9289.041,57.871
9291.971,57.874
9294.900,57.877
9297.830,57.880
9300.760,57.883
9303.689,57.887
9306.619,57.890
9309.549,57.893
9312.479,57.896
9315.408,57.899
9318.338,57.902
9321.268,57.905
9324.197,57.908
9327.127,57.911
9330.057,57.914
9332.986,57.918
9335.916,57.921
9338.846,57.924
9341.775,57.927
9344.705,57.930
9347.635,57.933
9350.564,57.936
9353.494,57.939
9356.424,57.943
9359.354,57.946
9362.283,57.949
9365.213,57.952
9368.143,57.955
9371.072,57.958
9374.002,57.961
9376.932,57.964
9379.861,57.968
9382.791,57.971
9385.721,57.974
9388.650,57.977
9391.580,57.980
9394.510,57.983
9397.439,57.986
9400.369,57.989
9403.299,57.992
9406.229,57.996
9409.158,57.999
9412.088,58.002
9415.018,58.005
9417.947,58.008
9420.877,58.011
9423.807,58.014
9426.736,58.017
9429.666,58.020
9432.596,58.023
9435.525,58.026
9438.455,58.029
9441.385,58.032
9444.314,58.035
9447.244,58.038
9450.174,58.041
9453.104,58.044
9456.033,58.047
9458.963,58.050
9461.893,58.053
9464.822,58.057
9467.752,58.060
9470.682,58.063
9473.611,58.066
9476.541,58.069
9479.471,58.072
9482.400,58.075
9485.330,58.078
9488.260,58.081
9491.189,58.084
9494.119,58.087
9497.049,58.090
9499.979,58.093
9502.908,58.096
9505.838,58.099
9508.768,58.102
9511.697,58.105
9514.627,58.107
9517.557,58.110
9520.486,58.113
9523.416,58.116
9526.346,58.119
9529.275,58.122
9532.205,58.125
9535.135,58.128
9538.064,58.131
9540.994,58.134
9543.924,58.137
9546.854,58.140
9549.783,58.143
9552.713,58.146
9555.643,58.149
9558.572,58.152
9561.502,58.155
9564.432,58.158
9567.361,58.161
9570.291,58.164
9573.221,58.167
9576.150,58.170
9579.080,58.172
9582.010,58.175
9584.939,58.178
9587.869,58.181
9590.799,58.184
9593.729,58.187
9596.658,58.190
9599.588,58.193
9602.518,58.196
9605.447,58.198
9608.377,58.201
9611.307,58.204
9614.236,58.207
9617.166,58.210
9620.096,58.213
9623.025,58.216
9625.955,58.218
9628.885,58.221
9631.814,58.224
9634.744,58.227
9637.674,58.230
9640.604,58.232
9643.533,58.235
9646.463,58.238
9649.393,58.241
9652.322,58.244
9655.252,58.247
9658.182,58.249
9661.111,58.252
9664.041,58.255
9666.971,58.258
9669.900,58.261
9672.830,58.263
9675.760,58.266
9678.689,58.269
9681.619,58.272
9684.549,58.275
9687.479,58.278
9690.408,58.280
9693.338,58.283
9696.268,58.286
9699.197,58.289
9702.127,58.292
9705.057,58.294
9707.986,58.297
9710.916,58.300
9713.846,58.303
9716.775,58.306
9719.705,58.309
9722.635,58.311
9725.564,58.314
9728.494,58.317
9731.424,58.320
9734.354,58.323
9737.283,58.325
9740.213,58.328
9743.143,58.331
9746.072,58.334
9749.002,58.337
9751.932,58.339
9754.861,58.342
9757.791,58.345
9760.721,58.348
9763.650,58.350
9766.580,58.353
9769.510,58.356
9772.439,58.359
9775.369,58.361
9778.299,58.364
9781.229,58.367
9784.158,58.370
9787.088,58.372
9790.018,58.375
9792.947,58.378
9795.877,58.381
9798.807,58.383
9801.736,58.386
9804.666,58.389
9807.596,58.392
9810.525,58.394
9813.455,58.397
9816.385,58.400
9819.314,58.403
9822.244,58.405
9825.174,58.408
9828.104,58.411
9831.033,58.413
9833.963,58.416
9836.893,58.419
9839.822,58.421
9842.752,58.424
9845.682,58.427
9848.611,58.429
9851.541,58.432
9854.471,58.435
9857.400,58.437
9860.330,58.440
9863.260,58.443
9866.189,58.445
9869.119,58.448
9872.049,58.451
9874.979,58.453
9877.908,58.456
9880.838,58.459
9883.768,58.461
9886.697,58.464
9889.627,58.467
9892.557,58.469
9895.486,58.472
9898.416,58.475
9901.346,58.477
9904.275,58.480
9907.205,58.483
9910.135,58.485
9913.064,58.488
9915.994,58.491
9918.924,58.493
9921.854,58.496
9924.783,58.499
9927.713,58.501
9930.643,58.504
9933.572,58.507
9936.502,58.509
9939.432,58.512
9942.361,58.515
9945.291,58.517
9948.221,58.520
9951.150,58.523
9954.080,58.526
9957.010,58.528
9959.939,58.531
9962.869,58.534
9965.799,58.536
9968.729,58.539
9971.658,58.542
9974.588,58.544
9977.518,58.547
9980.447,58.550
9983.377,58.552
9986.307,58.555
9989.236,58.558
9992.166,58.560
9995.096,58.563
9998.025,58.566
10000.960,58.568
10003.880,58.571
10006.810,58.574
10009.740,58.576
10012.670,58.579
10015.600,58.582
10018.530,58.584
10021.460,58.587
10024.390,58.590
10027.320,58.592
10030.250,58.595
10033.180,58.598
10036.110,58.600
10039.040,58.603
10041.970,58.606
10044.900,58.608
10047.830,58.611
10050.760,58.614
10053.690,58.616
10056.620,58.619
10059.550,58.621
10062.480,58.624
10065.410,58.626
10068.340,58.629
10071.270,58.631
10074.200,58.634
10077.130,58.636
10080.060,58.639
10082.990,58.641
10085.920,58.644
10088.850,58.646
10091.780,58.649
10094.710,58.651
10097.630,58.654
10100.560,58.656
10103.490,58.659
10106.420,58.661
10109.350,58.664
10112.280,58.666
10115.210,58.669
10118.140,58.671
10121.070,58.674
10124.000,58.676
10126.930,58.679
10129.860,58.681
10132.790,58.684
10135.720,58.686
10138.650,58.689
10141.580,58.691
10144.510,58.694
10147.440,58.696
10150.370,58.699
10153.300,58.701
10156.230,58.704
10159.160,58.706
10162.090,58.709
10165.020,58.711
10167.950,58.714
10170.880,58.716
10173.810,58.719
10176.740,58.721
10179.670,58.724
10182.600,58.726
10185.530,58.729
10188.460,58.731
10191.380,58.734
10194.310,58.736
10197.240,58.739
10200.170,58.741
10203.100,58.744
10206.030,58.746
10208.960,58.749
10211.890,58.751
10214.820,58.754
10217.750,58.756
10220.680,58.759
10223.610,58.761
10226.540,58.764
10229.470,58.766
10232.400,58.769
10235.330,58.771
10238.260,58.774
10241.190,58.776
10244.120,58.779
10247.050,58.781
10249.980,58.784
10252.910,58.786
10255.840,58.788
10258.770,58.791
10261.700,58.793
10264.630,58.796
10267.560,58.798
10270.490,58.801
10273.420,58.803
10276.350,58.805
10279.280,58.808
10282.210,58.810
10285.130,58.812
10288.060,58.815
10290.990,58.817
10293.920,58.820
10296.850,58.822
10299.780,58.824
10302.710,58.827
10305.640,58.829
10308.570,58.831
10311.500,58.834
10314.430,58.836
10317.360,58.839
10320.290,58.841
10323.220,58.843
10326.150,58.846
10329.080,58.848
10332.010,58.850
10334.940,58.853
10337.870,58.855
10340.800,58.858
10343.730,58.860
10346.660,58.862
10349.590,58.865
10352.520,58.867
10355.450,58.869
10358.380,58.872
10361.310,58.874
10364.240,58.877
10367.170,58.879
10370.100,58.881
10373.030,58.884
10375.960,58.886
10378.880,58.888
10381.810,58.891
10384.740,58.893
10387.670,58.896
10390.600,58.898
10393.530,58.900
10396.460,58.903
10399.390,58.905
10402.320,58.907
10405.250,58.910
10408.180,58.912
10411.110,58.915
10414.040,58.917
10416.970,58.919
10419.900,58.922
10422.830,58.924
10425.760,58.926
10428.690,58.929
10431.620,58.931
10434.550,58.934
10437.480,58.936
10440.410,58.938
10443.340,58.941
10446.270,58.943
10449.200,58.945
10452.130,58.948
10455.060,58.950
10457.990,58.953
10460.920,58.955
10463.850,58.957
10466.780,58.960
10469.710,58.962
10472.630,58.964
10475.560,58.967
10478.490,58.969
10481.420,58.972
10484.350,58.974
10487.280,58.976
10490.210,58.979
10493.140,58.981
10496.070,58.983
10499.000,58.986
10501.930,58.988
10504.860,58.991
10507.790,58.993
10510.720,58.995
10513.650,58.998
10516.580,59.000
10519.510,59.002
10522.440,59.005
10525.370,59.007
10528.300,59.009
10531.230,59.012
10534.160,59.014
10537.090,59.016
10540.020,59.018
10542.950,59.021
10545.880,59.023
10548.810,59.025
10551.740,59.028
10554.670,59.030
10557.600,59.032
10560.530,59.035
10563.460,59.037
10566.380,59.039
10569.310,59.042
10572.240,59.044
10575.170,59.046
10578.100,59.048
10581.030,59.051
10583.960,59.053
10586.890,59.055
10589.820,59.058
10592.750,59.060
10595.680,59.062
10598.610,59.064
10601.540,59.067
10604.470,59.069
10607.400,59.071
10610.330,59.074
10613.260,59.076
10616.190,59.078
10619.120,59.081
10622.050,59.083
10624.980,59.085
10627.910,59.087
10630.840,59.090
10633.770,59.092
10636.700,59.094
10639.630,59.097
10642.560,59.099
10645.490,59.101
10648.420,59.103
10651.350,59.106
10654.280,59.108
10657.210,59.110
10660.130,59.113
10663.060,59.115
10665.990,59.117
10668.920,59.120
10671.850,59.122
10674.780,59.124
10677.710,59.126
10680.640,59.129
10683.570,59.131
10686.500,59.133
10689.430,59.136
10692.360,59.138
10695.290,59.140
10698.220,59.142
10701.150,59.145
10704.080,59.147
10707.010,59.149
10709.940,59.152
10712.870,59.154
10715.800,59.156
10718.730,59.158
10721.660,59.161
10724.590,59.163
10727.520,59.165
10730.450,59.168
10733.380,59.170
10736.310,59.172
10739.240,59.174
10742.170,59.177
10745.100,59.179
10748.030,59.181
10750.960,59.184
10753.880,59.186
10756.810,59.188
10759.740,59.190
10762.670,59.193
10765.600,59.195
10768.530,59.197
10771.460,59.199
10774.390,59.202
10777.320,59.204
10780.250,59.206
10783.180,59.208
10786.110,59.210
10789.040,59.213
10791.970,59.215
10794.900,59.217
10797.830,59.219
10800.760,59.221
10803.690,59.223
10806.620,59.226
10809.550,59.228
10812.480,59.230
10815.410,59.232
10818.340,59.234
10821.270,59.236
10824.200,59.239
10827.130,59.241
10830.060,59.243
10832.990,59.245
10835.920,59.247
10838.850,59.249
10841.780,59.252
10844.710,59.254
10847.630,59.256
10850.560,59.258
10853.490,59.260
10856.420,59.263
10859.350,59.265
10862.280,59.267
10865.210,59.269
10868.140,59.271
10871.070,59.273
10874.000,59.276
10876.930,59.278
10879.860,59.280
10882.790,59.282
10885.720,59.284
10888.650,59.286
10891.580,59.288
10894.510,59.291
10897.440,59.293
10900.370,59.295
10903.300,59.297
10906.230,59.299
10909.160,59.301
10912.090,59.303
10915.020,59.306
10917.950,59.308
10920.880,59.310
10923.810,59.312
10926.740,59.314
10929.670,59.316
10932.600,59.318
10935.530,59.321
10938.460,59.323
10941.380,59.325
10944.310,59.327
10947.240,59.329
10950.170,59.331
10953.100,59.333
10956.030,59.336
10958.960,59.338
10961.890,59.340
10964.820,59.342
10967.750,59.344
10970.680,59.346
10973.610,59.348
10976.540,59.351
10979.470,59.353
10982.400,59.355
10985.330,59.357
10988.260,59.359
10991.190,59.361
10994.120,59.363
10997.050,59.366
10999.980,59.368
11002.910,59.370
11005.840,59.372
11008.770,59.374
11011.700,59.376
11014.630,59.378
11017.560,59.380
11020.490,59.383
11023.420,59.385
11026.350,59.387
11029.280,59.389
11032.210,59.391
11035.130,59.393
11038.060,59.395
11040.990,59.397
11043.920,59.399
11046.850,59.401
11049.780,59.404
11052.710,59.406
11055.640,59.408
11058.570,59.410
11061.500,59.412
11064.430,59.414
11067.360,59.416
11070.290,59.418
11073.220,59.420
11076.150,59.422
11079.080,59.424
11082.010,59.426
11084.940,59.428
11087.870,59.430
11090.800,59.432
11093.730,59.434
11096.660,59.436
11099.590,59.438
11102.520,59.440
11105.450,59.442
11108.380,59.444
11111.310,59.446
11114.240,59.448
11117.170,59.450
11120.100,59.452
11123.030,59.454
11125.960,59.456
11128.880,59.458
11131.810,59.460
11134.740,59.462
11137.670,59.464
11140.600,59.466
11143.530,59.468
11146.460,59.469
11149.390,59.471
11152.320,59.473
11155.250,59.475
11158.180,59.477
11161.110,59.479
11164.040,59.481
11166.970,59.483
11169.900,59.485
11172.830,59.487
11175.760,59.489
11178.690,59.491
11181.620,59.493
11184.550,59.495
11187.480,59.497
11190.410,59.499
11193.340,59.501
11196.270,59.503
11199.200,59.505
11202.130,59.507
11205.060,59.509
11207.990,59.511
11210.920,59.513
11213.850,59.515
11216.780,59.517
11219.710,59.519
11222.630,59.521
11225.560,59.523
11228.490,59.525
11231.420,59.527
11234.350,59.529
11237.280,59.530
11240.210,59.532
11243.140,59.534
11246.070,59.536
11249.000,59.538
11251.930,59.540
11254.860,59.542
11257.790,59.544
11260.720,59.546
11263.650,59.548
11266.580,59.550
11269.510,59.552
11272.440,59.554
11275.370,59.556
11278.300,59.557
11281.230,59.559
11284.160,59.561
11287.090,59.563
11290.020,59.565
11292.950,59.567
11295.880,59.569
11298.810,59.571
11301.740,59.573
11304.670,59.575
11307.600,59.577
11310.530,59.578
11313.460,59.580
11316.380,59.582
11319.310,59.584
11322.240,59.586
11325.170,59.588
11328.100,59.590
11331.030,59.592
11333.960,59.593
11336.890,59.595
11339.820,59.597
11342.750,59.599
11345.680,59.601
11348.610,59.602
11351.540,59.604
11354.470,59.606
11357.400,59.608
11360.330,59.610
11363.260,59.612
11366.190,59.613
11369.120,59.615
11372.050,59.617
11374.980,59.619
11377.910,59.621
11380.840,59.623
11383.770,59.624
11386.700,59.626
11389.630,59.628
11392.560,59.630
11395.490,59.632
11398.420,59.633
11401.350,59.635
11404.280,59.637
11407.210,59.639
11410.130,59.641
11413.060,59.642
11415.990,59.644
11418.920,59.646
11421.850,59.648
11424.780,59.649
11427.710,59.651
11430.640,59.653
11433.570,59.655
11436.500,59.656
11439.430,59.658
11442.360,59.660
11445.290,59.662
11448.220,59.663
11451.150,59.665
11454.080,59.667
11457.010,59.669
11459.940,59.670
11462.870,59.672
11465.800,59.674
11468.730,59.676
11471.660,59.678
11474.590,59.679
11477.520,59.681
11480.450,59.683
11483.380,59.685
11486.310,59.686
11489.240,59.688
11492.170,59.690
11495.100,59.692
11498.030,59.693
11500.960,59.695
11503.880,59.697
11506.810,59.699
11509.740,59.700
11512.670,59.702
11515.600,59.704
11518.530,59.706
11521.460,59.707
11524.390,59.709
11527.320,59.711
11530.250,59.712
11533.180,59.714
11536.110,59.716
11539.040,59.717
11541.970,59.719
11544.900,59.721
11547.830,59.723
11550.760,59.724
11553.690,59.726
11556.620,59.728
11559.550,59.729
11562.480,59.731
11565.410,59.733
11568.340,59.735
11571.270,59.736
11574.200,59.738
11577.130,59.740
11580.060,59.742
11582.990,59.743
11585.920,59.745
11588.850,59.747
11591.780,59.749
11594.710,59.750
11597.630,59.752
11600.560,59.754
11603.490,59.756
11606.420,59.758
11609.350,59.759
11612.280,59.761
11615.210,59.763
11618.140,59.765
11621.070,59.766
11624.000,59.768
11626.930,59.770
11629.860,59.772
11632.790,59.773
11635.720,59.775
11638.650,59.777
11641.580,59.779
11644.510,59.780
11647.440,59.782
11650.370,59.784
11653.300,59.786
11656.230,59.787
11659.160,59.789
11662.090,59.791
11665.020,59.793
11667.950,59.794
11670.880,59.796
11673.810,59.798
11676.740,59.800
11679.670,59.801
11682.600,59.803
11685.530,59.805
11688.460,59.807
11691.380,59.808
11694.310,59.810
11697.240,59.812
11700.170,59.813
11703.100,59.815
11706.030,59.817
11708.960,59.818
11711.890,59.820
11714.820,59.822
11717.750,59.823
11720.680,59.825
11723.610,59.826
11726.540,59.828
11729.470,59.830
11732.400,59.831
11735.330,59.833
11738.260,59.834
11741.190,59.836
11744.120,59.838
11747.050,59.839
11749.980,59.841
11752.910,59.842
11755.840,59.844
11758.770,59.846
11761.700,59.847
11764.630,59.849
11767.560,59.850
11770.490,59.852
11773.420,59.854
11776.350,59.855
11779.280,59.857
11782.210,59.858
11785.130,59.860
11788.060,59.862
11790.990,59.863
11793.920,59.865
11796.850,59.866
11799.780,59.868
11802.710,59.870
11805.640,59.871
11808.570,59.873
11811.500,59.874
11814.430,59.876
11817.360,59.878
11820.290,59.879
11823.220,59.881
11826.150,59.882
11829.080,59.884
11832.010,59.886
11834.940,59.887
11837.870,59.889
11840.800,59.890
11843.730,59.892
11846.660,59.893
11849.590,59.895
11852.520,59.897
11855.450,59.898
11858.380,59.900
11861.310,59.901
11864.240,59.903
11867.170,59.905
11870.100,59.906
11873.030,59.908
11875.960,59.909
11878.880,59.911
11881.810,59.912
11884.740,59.914
11887.670,59.916
11890.600,59.917
11893.530,59.919
11896.460,59.920
11899.390,59.922
11902.320,59.923
11905.250,59.925
11908.180,59.926
11911.110,59.928
11914.040,59.930
11916.970,59.931
11919.900,59.933
11922.830,59.934
11925.760,59.936
11928.690,59.937
11931.620,59.939
11934.550,59.940
11937.480,59.942
11940.410,59.944
11943.340,59.945
11946.270,59.947
11949.200,59.948
11952.130,59.950
11955.060,59.951
11957.990,59.953
11960.920,59.954
11963.850,59.956
11966.780,59.958
11969.710,59.959
11972.630,59.961
11975.560,59.962
11978.490,59.964
11981.420,59.965
11984.350,59.967
11987.280,59.968
11990.210,59.970
11993.140,59.971
11996.070,59.973
11999.000,59.974
12001.930,59.976
12004.860,59.977
12007.790,59.979
12010.720,59.980
12013.650,59.982
12016.580,59.983
12019.510,59.985
12022.440,59.986
12025.370,59.988
12028.300,59.989
12031.230,59.991
12034.160,59.992
12037.090,59.994
12040.020,59.995
12042.950,59.997
12045.880,59.998
12048.810,60.000
12051.740,60.001
12054.670,60.003
12057.600,60.004
12060.530,60.006
12063.460,60.007
12066.380,60.009
12069.310,60.010
12072.240,60.011
12075.170,60.013
12078.100,60.014
12081.030,60.016
12083.960,60.017
12086.890,60.019
12089.820,60.020
12092.750,60.021
12095.680,60.023
12098.610,60.024
12101.540,60.026
12104.470,60.027
12107.400,60.028
12110.330,60.029
12113.260,60.030
12116.190,60.031
12119.120,60.032
12122.050,60.032
12124.980,60.033
12127.910,60.033
12130.840,60.033
12133.770,60.033
12136.700,60.033
12139.630,60.033
12142.560,60.032
12145.490,60.031
12148.420,60.030
12151.350,60.029
12154.280,60.027
12157.210,60.025
12160.130,60.023
12163.060,60.020
12165.990,60.018
12168.920,60.015
12171.850,60.011
12174.780,60.008
12177.710,60.004
12180.640,60.000
12183.570,59.995
12186.500,59.990
12189.430,59.985
12192.360,59.980
12195.290,59.974
12198.220,59.968
12201.150,59.962
12204.080,59.956
12207.010,59.949
12209.940,59.943
12212.870,59.936
12215.800,59.929
12218.730,59.922
12221.660,59.914
12224.590,59.907
12227.520,59.900
12230.450,59.893
12233.380,59.885
12236.310,59.878
12239.240,59.872
12242.170,59.865
12245.100,59.859
12248.030,59.853
12250.960,59.847
12253.880,59.841
12256.810,59.836
12259.740,59.831
12262.670,59.826
12265.600,59.822
12268.530,59.818
12271.460,59.814
12274.390,59.810
12277.320,59.807
12280.250,59.804
12283.180,59.801
12286.110,59.798
12289.040,59.796
12291.970,59.793
12294.900,59.791
12297.830,59.789
12300.760,59.787
12303.690,59.786
12306.620,59.784
12309.550,59.783
12312.480,59.782
12315.410,59.780
12318.340,59.779
12321.270,59.779
12324.200,59.778
12327.130,59.777
12330.060,59.776
12332.990,59.776
12335.920,59.776
12338.850,59.775
12341.780,59.775
12344.710,59.775
12347.630,59.775
12350.560,59.775
12353.490,59.775
12356.420,59.775
12359.350,59.776
12362.280,59.776
12365.210,59.776
12368.140,59.777
12371.070,59.777
12374.000,59.777
12376.930,59.778
12379.860,59.778
12382.790,59.779
12385.720,59.779
12388.650,59.780
12391.580,59.781
12394.510,59.782
12397.440,59.782
12400.370,59.783
12403.300,59.784
12406.230,59.785
12409.160,59.786
12412.090,59.787
12415.020,59.788
12417.950,59.789
12420.880,59.790
12423.810,59.791
12426.740,59.793
12429.670,59.794
12432.600,59.795
12435.530,59.796
12438.460,59.797
12441.380,59.798
12444.310,59.800
12447.240,59.801
12450.170,59.802
12453.100,59.803
12456.030,59.805
12458.960,59.806
12461.890,59.807
12464.820,59.808
12467.750,59.810
12470.680,59.811
12473.610,59.813
12476.540,59.814
12479.470,59.816
12482.400,59.817
12485.330,59.819
12488.260,59.821
12491.190,59.822
12494.120,59.824
12497.050,59.825
12499.980,59.827
12502.910,59.829
12505.840,59.830
12508.770,59.832
12511.700,59.833
12514.630,59.835
12517.560,59.837
12520.490,59.838
12523.420,59.840
12526.350,59.842
12529.280,59.843
12532.210,59.845
12535.130,59.847
12538.060,59.848
12540.990,59.850
12543.920,59.852
12546.850,59.853
12549.780,59.855
12552.710,59.857
12555.640,59.859
12558.570,59.860
12561.500,59.862
12564.430,59.864
12567.360,59.866
12570.290,59.868
12573.220,59.869
12576.150,59.871
12579.080,59.873
12582.010,59.875
12584.940,59.876
12587.870,59.878
12590.800,59.880
12593.730,59.882
12596.660,59.884
12599.590,59.886
12602.520,59.887
12605.450,59.889
12608.380,59.891
12611.310,59.893
12614.240,59.895
12617.170,59.897
12620.100,59.898
12623.030,59.900
12625.960,59.902
12628.880,59.904
12631.810,59.906
12634.740,59.908
12637.670,59.910
12640.600,59.911
12643.530,59.913
12646.460,59.915
12649.390,59.917
12652.320,59.919
12655.250,59.920
12658.180,59.922
12661.110,59.924
12664.040,59.926
12666.970,59.928
12669.900,59.929
12672.830,59.931
12675.760,59.933
12678.690,59.935
12681.620,59.936
12684.550,59.938
12687.480,59.940
12690.410,59.941
12693.340,59.943
12696.270,59.945
12699.200,59.947
12702.130,59.948
12705.060,59.950
12707.990,59.952
12710.920,59.954
12713.850,59.955
12716.780,59.957
12719.710,59.959
12722.630,59.960
12725.560,59.962
12728.490,59.964
12731.420,59.966
12734.350,59.967
12737.280,59.969
12740.210,59.971
12743.140,59.972
12746.070,59.974
12749.000,59.976
12751.930,59.977
12754.860,59.979
12757.790,59.981
12760.720,59.983
12763.650,59.984
12766.580,59.986
12769.510,59.988
12772.440,59.989
12775.370,59.991
12778.300,59.993
12781.230,59.995
12784.160,59.996
12787.090,59.998
12790.020,60.000
12792.950,60.001
12795.880,60.003
12798.810,60.005
12801.740,60.006
12804.670,60.008
12807.600,60.010
12810.530,60.011
12813.460,60.013
12816.380,60.014
12819.310,60.016
12822.240,60.018
12825.170,60.019
12828.100,60.021
12831.030,60.022
12833.960,60.023
12836.890,60.025
12839.820,60.026
12842.750,60.027
12845.680,60.029
12848.610,60.030
12851.540,60.031
12854.470,60.032
12857.400,60.033
12860.330,60.033
12863.260,60.034
12866.190,60.034
12869.120,60.035
12872.050,60.035
12874.980,60.034
12877.910,60.034
12880.840,60.033
12883.770,60.033
12886.700,60.032
12889.630,60.030
12892.560,60.029
12895.490,60.027
12898.420,60.025
12901.350,60.022
12904.280,60.019
12907.210,60.016
12910.130,60.013
12913.060,60.009
12915.990,60.005
12918.920,60.001
12921.850,59.996
12924.780,59.991
12927.710,59.986
12930.640,59.981
12933.570,59.975
12936.500,59.969
12939.430,59.963
12942.360,59.956
12945.290,59.949
12948.220,59.942
12951.150,59.935
12954.080,59.928
12957.010,59.921
12959.940,59.913
12962.870,59.906
12965.800,59.898
12968.730,59.891
12971.660,59.883
12974.590,59.876
12977.520,59.869
12980.450,59.862
12983.380,59.855
12986.310,59.849
12989.240,59.843
12992.170,59.837
12995.100,59.831
12998.030,59.826
13000.960,59.821
13003.880,59.816
13006.810,59.812
13009.740,59.808
13012.670,59.804
13015.600,59.800
13018.530,59.797
13021.460,59.794
13024.390,59.791
13027.320,59.788
13030.250,59.786
13033.180,59.784
13036.110,59.781
13039.040,59.779
13041.970,59.778
13044.900,59.776
13047.830,59.775
13050.760,59.773
13053.690,59.772
13056.620,59.771
13059.550,59.770
13062.480,59.769
13065.410,59.768
13068.340,59.768
13071.270,59.767
13074.200,59.767
13077.130,59.766
13080.060,59.766
13082.990,59.766
13085.920,59.766
13088.850,59.766
13091.780,59.766
13094.710,59.766
13097.630,59.766
13100.560,59.766
13103.490,59.766
13106.420,59.767
13109.350,59.767
13112.280,59.768
13115.210,59.768
13118.140,59.769
13121.070,59.769
13124.000,59.770
13126.930,59.771
13129.860,59.772
13132.790,59.772
13135.720,59.773
13138.650,59.774
13141.580,59.774
13144.510,59.775
13147.440,59.776
13150.370,59.777
13153.300,59.778
13156.230,59.779
13159.160,59.780
13162.090,59.781
13165.020,59.782
13167.950,59.784
13170.880,59.785
13173.810,59.786
13176.740,59.787
13179.670,59.789
13182.600,59.790
13185.530,59.791
13188.460,59.793
13191.380,59.794
13194.310,59.796
13197.240,59.797
13200.170,59.798
13203.100,59.800
13206.030,59.801
13208.960,59.803
13211.890,59.804
13214.820,59.806
13217.750,59.807
13220.680,59.809
13223.610,59.810
13226.540,59.812
13229.470,59.813
13232.400,59.815
13235.330,59.816
13238.260,59.818
13241.190,59.819
13244.120,59.821
13247.050,59.823
13249.980,59.824
13252.910,59.826
13255.840,59.827
13258.770,59.829
13261.700,59.831
13264.630,59.832
13267.560,59.834
13270.490,59.835
13273.420,59.837
13276.350,59.839
13279.280,59.840
13282.210,59.842
13285.130,59.844
13288.060,59.845
13290.990,59.847
13293.920,59.849
13296.850,59.850
13299.780,59.852
13302.710,59.854
13305.640,59.855
13308.570,59.857
13311.500,59.859
13314.430,59.860
13317.360,59.862
13320.290,59.863
13323.220,59.865
13326.150,59.867
13329.080,59.868
13332.010,59.870
13334.940,59.872
13337.870,59.874
13340.800,59.875
13343.730,59.877
13346.660,59.879
13349.590,59.880
13352.520,59.882
13355.450,59.884
13358.380,59.885
13361.310,59.887
13364.240,59.889
13367.170,59.890
13370.100,59.892
13373.030,59.894
13375.960,59.895
13378.880,59.897
13381.810,59.899
13384.740,59.901
13387.670,59.902
13390.600,59.904
13393.530,59.906
13396.460,59.907
13399.390,59.909
13402.320,59.911
13405.250,59.912
13408.180,59.914
13411.110,59.916
13414.040,59.918
13416.970,59.919
13419.900,59.921
13422.830,59.923
13425.760,59.925
13428.690,59.926
13431.620,59.928
13434.550,59.930
13437.480,59.932
13440.410,59.933
13443.340,59.935
13446.270,59.937
13449.200,59.939
13452.130,59.940
13455.060,59.942
13457.990,59.944
13460.920,59.946
13463.850,59.948
13466.780,59.949
13469.710,59.951
13472.630,59.953
13475.560,59.955
13478.490,59.956
13481.420,59.958
13484.350,59.960
13487.280,59.962
13490.210,59.963
13493.140,59.965
13496.070,59.967
13499.000,59.969
13501.930,59.970
13504.860,59.972
13507.790,59.974
13510.720,59.976
13513.650,59.978
13516.580,59.979
13519.510,59.981
13522.440,59.983
13525.370,59.985
13528.300,59.986
13531.230,59.988
13534.160,59.990
13537.090,59.992
13540.020,59.994
13542.950,59.995
13545.880,59.997
13548.810,59.999
13551.740,60.001
13554.670,60.003
13557.600,60.004
13560.530,60.006
13563.460,60.008
13566.380,60.009
13569.310,60.011
13572.240,60.013
13575.170,60.014
13578.100,60.016
13581.030,60.018
13583.960,60.019
13586.890,60.021
13589.820,60.022
13592.750,60.024
13595.680,60.025
13598.610,60.027
13601.540,60.028
13604.470,60.029
13607.400,60.030
13610.330,60.031
13613.260,60.032
13616.190,60.033
13619.120,60.034
13622.050,60.034
13624.980,60.035
13627.910,60.035
13630.840,60.035
13633.770,60.035
13636.700,60.035
13639.630,60.034
13642.560,60.033
13645.490,60.032
13648.420,60.031
13651.350,60.029
13654.280,60.027
13657.210,60.025
13660.130,60.023
13663.060,60.020
13665.990,60.017
13668.920,60.013
13671.850,60.010
13674.780,60.006
13677.710,60.001
13680.640,59.997
13683.570,59.992
13686.500,59.987
13689.430,59.981
13692.360,59.975
13695.290,59.969
13698.220,59.963
13701.150,59.956
13704.080,59.949
13707.010,59.942
13709.940,59.935
13712.870,59.928
13715.800,59.920
13718.730,59.913
13721.660,59.905
13724.590,59.898
13727.520,59.890
13730.450,59.883
13733.380,59.875
13736.310,59.868
13739.240,59.861
13742.170,59.854
13745.100,59.847
13748.030,59.841
13750.960,59.835
13753.880,59.830
13756.810,59.824
13759.740,59.819
13762.670,59.814
13765.600,59.810
13768.530,59.806
13771.460,59.802
13774.390,59.798
13777.320,59.795
13780.250,59.792
13783.180,59.789
13786.110,59.786
13789.040,59.783
13791.970,59.781
13794.900,59.779
13797.830,59.777
13800.760,59.775
13803.690,59.773
13806.620,59.772
13809.550,59.770
13812.480,59.769
13815.410,59.768
13818.340,59.767
13821.270,59.766
13824.200,59.765
13827.130,59.764
13830.060,59.764
13832.990,59.763
13835.920,59.763
13838.850,59.762
13841.780,59.762
13844.710,59.762
13847.630,59.762
13850.560,59.762
13853.490,59.762
13856.420,59.762
13859.350,59.762
13862.280,59.763
13865.210,59.763
13868.140,59.764
13871.070,59.764
13874.000,59.765
13876.930,59.765
13879.860,59.766
13882.790,59.766
13885.720,59.767
13888.650,59.767
13891.580,59.768
13894.510,59.769
13897.440,59.770
13900.370,59.770
13903.300,59.771
13906.230,59.772
13909.160,59.773
13912.090,59.774
13915.020,59.775
13917.950,59.777
13920.880,59.778
13923.810,59.779
13926.740,59.780
13929.670,59.781
13932.600,59.782
13935.530,59.784
13938.460,59.785
13941.380,59.786
13944.310,59.788
13947.240,59.789
13950.170,59.790
13953.100,59.791
13956.030,59.793
13958.960,59.794
13961.890,59.795
13964.820,59.797
13967.750,59.798
13970.680,59.800
13973.610,59.801
13976.540,59.803
13979.470,59.804
13982.400,59.806
13985.330,59.807
13988.260,59.809
13991.190,59.811
13994.120,59.812
13997.050,59.814
13999.980,59.815
14002.910,59.817
14005.840,59.819
14008.770,59.820
14011.700,59.822
14014.630,59.823
14017.560,59.825
14020.490,59.827
14023.420,59.828
14026.350,59.830
14029.280,59.831
14032.210,59.833
14035.130,59.835
14038.060,59.836
14040.990,59.838
14043.920,59.840
14046.850,59.841
14049.780,59.843
14052.710,59.845
14055.640,59.846
14058.570,59.848
14061.500,59.850
14064.430,59.851
14067.360,59.853
14070.290,59.855
14073.220,59.856
14076.150,59.858
14079.080,59.860
14082.010,59.861
14084.940,59.863
14087.870,59.865
14090.800,59.866
14093.730,59.868
14096.660,59.870
14099.590,59.871
14102.520,59.873
14105.450,59.875
14108.380,59.877
14111.310,59.878
14114.240,59.880
14117.170,59.882
14120.100,59.884
14123.030,59.885
14125.960,59.887
14128.880,59.889
14131.810,59.891
14134.740,59.892
14137.670,59.894
14140.600,59.896
14143.530,59.898
14146.460,59.899
14149.390,59.901
14152.320,59.903
14155.250,59.904
14158.180,59.906
14161.110,59.908
14164.040,59.910
14166.970,59.911
14169.900,59.913
14172.830,59.915
14175.760,59.916
14178.690,59.918
14181.620,59.920
14184.550,59.921
14187.480,59.923
14190.410,59.925
14193.340,59.927
14196.270,59.928
14199.200,59.930
14202.130,59.932
14205.060,59.933
14207.990,59.935
14210.920,59.937
14213.850,59.938
14216.780,59.940
14219.710,59.942
14222.630,59.943
14225.560,59.945
14228.490,59.947
14231.420,59.949
14234.350,59.950
14237.280,59.952
14240.210,59.954
14243.140,59.956
14246.070,59.958
14249.000,59.959
14251.930,59.961
14254.860,59.963
14257.790,59.965
14260.720,59.966
14263.650,59.968
14266.580,59.970
14269.510,59.972
14272.440,59.974
14275.370,59.975
14278.300,59.977
14281.230,59.979
14284.160,59.981
14287.090,59.982
14290.020,59.984
14292.950,59.986
14295.880,59.988
14298.810,59.989
14301.740,59.991
14304.670,59.993
14307.600,59.995
14310.530,59.997
14313.460,59.998
14316.380,60.000
14319.310,60.002
14322.240,60.004
14325.170,60.005
14328.100,60.007
14331.030,60.009
14333.960,60.010
14336.890,60.012
14339.820,60.014
14342.750,60.015
14345.680,60.017
14348.610,60.019
14351.540,60.020
14354.470,60.022
14357.400,60.023
14360.330,60.025
14363.260,60.026
14366.190,60.027
14369.120,60.029
14372.050,60.030
14374.980,60.031
14377.910,60.032
14380.840,60.033
14383.770,60.034
14386.700,60.034
14389.630,60.035
14392.560,60.035
14395.490,60.035
14398.420,60.035
14401.350,60.035
14404.280,60.034
14407.210,60.034
14410.130,60.033
14413.060,60.031
14415.990,60.030
14418.920,60.028
14421.850,60.026
14424.780,60.024
14427.710,60.021
14430.640,60.018
14433.570,60.015
14436.500,60.011
14439.430,60.008
14442.360,60.003
14445.290,59.999
14448.220,59.994
14451.150,59.989
14454.080,59.984
14457.010,59.978
14459.940,59.972
14462.870,59.966
14465.800,59.959
14468.730,59.952
14471.660,59.945
14474.590,59.938
14477.520,59.931
14480.450,59.923
14483.380,59.916
14486.310,59.908
14489.240,59.901
14492.170,59.893
14495.100,59.885
14498.030,59.878
14500.960,59.870
14503.880,59.863
14506.810,59.856
14509.740,59.850
14512.670,59.843
14515.600,59.837
14518.530,59.831
14521.460,59.826
14524.390,59.820
14527.320,59.816
14530.250,59.811
14533.180,59.807
14536.110,59.803
14539.040,59.799
14541.970,59.795
14544.900,59.792
14547.830,59.789
14550.760,59.786
14553.690,59.783
14556.620,59.781
14559.550,59.778
14562.480,59.776
14565.410,59.774
14568.340,59.773
14571.270,59.771
14574.200,59.770
14577.130,59.768
14580.060,59.767
14582.990,59.766
14585.920,59.765
14588.850,59.764
14591.780,59.764
14594.710,59.763
14597.630,59.762
14600.560,59.762
14603.490,59.762
14606.420,59.761
14609.350,59.761
14612.280,59.761
14615.210,59.761
14618.140,59.761
14621.070,59.761
14624.000,59.761
14626.930,59.761
14629.860,59.762
14632.790,59.762
14635.720,59.763
14638.650,59.763
14641.580,59.764
14644.510,59.764
14647.440,59.765
14650.370,59.765
14653.300,59.766
14656.230,59.767
14659.160,59.767
14662.090,59.768
14665.020,59.769
14667.950,59.770
14670.880,59.771
14673.810,59.772
14676.740,59.773
14679.670,59.774
14682.600,59.775
14685.530,59.776
14688.460,59.777
14691.380,59.778
14694.310,59.780
14697.240,59.781
14700.170,59.782
14703.100,59.783
14706.030,59.784
14708.960,59.786
14711.890,59.787
14714.820,59.788
14717.750,59.789
14720.680,59.791
14723.610,59.792
14726.540,59.794
14729.470,59.795
14732.400,59.796
14735.330,59.798
14738.260,59.799
14741.190,59.801
14744.120,59.802
14747.050,59.804
14749.980,59.805
14752.910,59.807
14755.840,59.808
14758.770,59.810
14761.700,59.812
14764.630,59.813
14767.560,59.815
14770.490,59.816
14773.420,59.818
14776.350,59.820
14779.280,59.821
14782.210,59.823
14785.130,59.824
14788.060,59.826
14790.990,59.827
14793.920,59.829
14796.850,59.831
14799.780,59.832
14802.710,59.834
14805.640,59.835
14808.570,59.837
14811.500,59.839
14814.430,59.840
14817.360,59.842
14820.290,59.844
14823.220,59.846
14826.150,59.847
14829.080,59.849
14832.010,59.851
14834.940,59.853
14837.870,59.854
14840.800,59.856
14843.730,59.858
14846.660,59.859
14849.590,59.861
14852.520,59.863
14855.450,59.865
14858.380,59.866
14861.310,59.868
14864.240,59.870
14867.170,59.871
14870.100,59.873
14873.030,59.875
14875.960,59.877
14878.880,59.879
14881.810,59.880
14884.740,59.882
14887.670,59.884
14890.600,59.886
14893.530,59.887
14896.460,59.889
14899.390,59.891
14902.320,59.893
14905.250,59.894
14908.180,59.896
14911.110,59.898
14914.040,59.900
14916.970,59.902
14919.900,59.903
14922.830,59.905
14925.760,59.907
14928.690,59.909
14931.620,59.910
14934.550,59.912
14937.480,59.914
14940.410,59.916
14943.340,59.918
14946.270,59.919
14949.200,59.921
14952.130,59.923
14955.060,59.925
14957.990,59.926
14960.920,59.928
14963.850,59.930
14966.780,59.931
14969.710,59.933
14972.630,59.935
14975.560,59.937
14978.490,59.938
14981.420,59.940
14984.350,59.942
14987.280,59.944
14990.210,59.945
14993.140,59.947
14996.070,59.949
14999.000,59.951
15001.930,59.952
15004.860,59.954
15007.790,59.956
15010.720,59.958
15013.650,59.959
15016.580,59.961
15019.510,59.963
15022.440,59.964
15025.370,59.966
15028.300,59.968
15031.230,59.970
15034.160,59.972
15037.090,59.973
15040.020,59.975
15042.950,59.977
15045.880,59.979
15048.810,59.981
15051.740,59.982
15054.670,59.984
15057.600,59.986
15060.530,59.987
15063.460,59.989
15066.380,59.991
15069.310,59.993
15072.240,59.994
15075.170,59.996
15078.100,59.998
15081.030,60.000
15083.960,60.001
15086.890,60.003
15089.820,60.005
15092.750,60.007
15095.680,60.008
15098.610,60.010
15101.540,60.012
15104.470,60.013
15107.400,60.015
15110.330,60.017
15113.260,60.018
15116.190,60.020
15119.120,60.022
15122.050,60.023
15124.980,60.024
15127.910,60.026
15130.840,60.027
15133.770,60.028
15136.700,60.030
15139.630,60.031
15142.560,60.032
15145.490,60.033
15148.420,60.034
15151.350,60.034
15154.280,60.035
15157.210,60.035
15160.130,60.035
15163.060,60.035
15165.990,60.035
15168.920,60.034
15171.850,60.034
15174.780,60.033
15177.710,60.032
15180.640,60.030
15183.570,60.029
15186.500,60.027
15189.430,60.024
15192.360,60.022
15195.290,60.019
15198.220,60.016
15201.150,60.012
15204.080,60.008
15207.010,60.004
15209.940,60.000
15212.870,59.995
15215.800,59.990
15218.730,59.985
15221.660,59.979
15224.590,59.973
15227.520,59.967
15230.450,59.960
15233.380,59.954
15236.310,59.947
15239.240,59.939
15242.170,59.932
15245.100,59.925
15248.030,59.917
15250.960,59.910
15253.880,59.902
15256.810,59.894
15259.740,59.887
15262.670,59.879
15265.600,59.872
15268.530,59.864
15271.460,59.857
15274.390,59.851
15277.320,59.844
15280.250,59.838
15283.180,59.832
15286.110,59.827
15289.040,59.821
15291.970,59.816
15294.900,59.812
15297.830,59.807
15300.760,59.803
15303.690,59.799
15306.620,59.796
15309.550,59.792
15312.480,59.789
15315.410,59.786
15318.340,59.784
15321.270,59.781
15324.200,59.779
15327.130,59.777
15330.060,59.775
15332.990,59.773
15335.920,59.771
15338.850,59.770
15341.780,59.768
15344.710,59.767
15347.630,59.766
15350.560,59.765
15353.490,59.764
15356.420,59.764
15359.350,59.763
15362.280,59.762
15365.210,59.762
15368.140,59.762
15371.070,59.761
15374.000,59.761
15376.930,59.761
15379.860,59.761
15382.790,59.761
15385.720,59.761
15388.650,59.761
15391.580,59.761
15394.510,59.762
15397.440,59.762
15400.370,59.762
15403.300,59.763
15406.230,59.763
15409.160,59.764
15412.090,59.764
15415.020,59.765
15417.950,59.766
15420.880,59.766
15423.810,59.767
15426.740,59.768
15429.670,59.769
15432.600,59.769
15435.530,59.770
15438.460,59.771
15441.380,59.773
15444.310,59.774
15447.240,59.775
15450.170,59.776
15453.100,59.777
15456.030,59.778
15458.960,59.779
15461.890,59.780
15464.820,59.782
15467.750,59.783
15470.680,59.784
15473.610,59.785
15476.540,59.786
15479.470,59.788
15482.400,59.789
15485.330,59.790
15488.260,59.792
15491.190,59.793
15494.120,59.795
15497.050,59.796
15499.980,59.797
15502.910,59.799
15505.840,59.800
15508.770,59.802
15511.700,59.803
15514.630,59.805
15517.560,59.806
15520.490,59.808
15523.420,59.810
15526.350,59.811
15529.280,59.813
15532.210,59.814
15535.130,59.816
15538.060,59.817
15540.990,59.819
15543.920,59.821
15546.850,59.822
15549.780,59.824
15552.710,59.825
15555.640,59.827
15558.570,59.829
15561.500,59.830
15564.430,59.832
15567.360,59.833
15570.290,59.835
15573.220,59.837
15576.150,59.838
15579.080,59.840
15582.010,59.842
15584.940,59.843
15587.870,59.845
15590.800,59.847
15593.730,59.849
15596.660,59.850
15599.590,59.852
15602.520,59.854
15605.450,59.855
15608.380,59.857
15611.310,59.859
15614.240,59.861
15617.170,59.862
15620.100,59.864
15623.030,59.866
15625.960,59.868
15628.880,59.869
15631.810,59.871
15634.740,59.873
15637.670,59.875
15640.600,59.876
15643.530,59.878
15646.460,59.880
15649.390,59.882
15652.320,59.883
15655.250,59.885
15658.180,59.887
15661.110,59.889
15664.040,59.890
15666.970,59.892
15669.900,59.894
15672.830,59.896
15675.760,59.897
15678.690,59.899
15681.620,59.901
15684.550,59.903
15687.480,59.904
15690.410,59.906
15693.340,59.908
15696.270,59.910
15699.200,59.912
15702.130,59.914
15705.060,59.915
15707.990,59.917
15710.920,59.919
15713.850,59.921
15716.780,59.922
15719.710,59.924
15722.630,59.926
15725.560,59.928
15728.490,59.929
15731.420,59.931
15734.350,59.933
15737.280,59.935
15740.210,59.936
15743.140,59.938
15746.070,59.940
15749.000,59.942
15751.930,59.943
15754.860,59.945
15757.790,59.947
15760.720,59.949
15763.650,59.950
15766.580,59.952
15769.510,59.954
15772.440,59.955
15775.370,59.957
15778.300,59.959
15781.230,59.961
15784.160,59.962
15787.090,59.964
15790.020,59.966
15792.950,59.968
15795.880,59.969
15798.810,59.971
15801.740,59.973
15804.670,59.975
15807.600,59.977
15810.530,59.978
15813.460,59.980
15816.380,59.982
15819.310,59.984
15822.240,59.985
15825.170,59.987
15828.100,59.989
15831.030,59.991
15833.960,59.992
15836.890,59.994
15839.820,59.996
15842.750,59.998
15845.680,59.999
15848.610,60.001
15851.540,60.003
15854.470,60.005
15857.400,60.006
15860.330,60.008
15863.260,60.010
15866.190,60.011
15869.120,60.013
15872.050,60.015
15874.980,60.016
15877.910,60.018
15880.840,60.020
15883.770,60.021
15886.700,60.023
15889.630,60.024
15892.560,60.026
15895.490,60.027
15898.420,60.028
15901.350,60.029
15904.280,60.031
15907.210,60.032
15910.130,60.033
15913.060,60.033
15915.990,60.034
15918.920,60.035
15921.850,60.035
15924.780,60.035
15927.710,60.035
15930.640,60.035
15933.570,60.035
15936.500,60.034
15939.430,60.033
15942.360,60.032
15945.290,60.031
15948.220,60.029
15951.150,60.027
15954.080,60.025
15957.010,60.022
15959.940,60.020
15962.870,60.016
15965.800,60.013
15968.730,60.009
15971.660,60.005
15974.590,60.001
15977.520,59.996
15980.450,59.991
15983.380,59.986
15986.310,59.980
15989.240,59.974
15992.170,59.968
15995.100,59.962
15998.030,59.955
16000.960,59.948
16003.880,59.941
16006.810,59.934
16009.740,59.926
16012.670,59.919
16015.600,59.911
16018.530,59.904
16021.460,59.896
16024.390,59.888
16027.320,59.881
16030.250,59.873
16033.180,59.866
16036.110,59.859
16039.040,59.852
16041.970,59.845
16044.900,59.839
16047.830,59.833
16050.760,59.828
16053.690,59.822
16056.620,59.817
16059.550,59.812
16062.480,59.808
16065.410,59.804
16068.340,59.800
16071.270,59.796
16074.200,59.793
16077.130,59.790
16080.060,59.787
16082.990,59.784
16085.920,59.781
16088.850,59.779
16091.780,59.777
16094.710,59.775
16097.630,59.773
16100.560,59.771
16103.490,59.770
16106.420,59.768
16109.350,59.767
16112.280,59.766
16115.210,59.765
16118.140,59.764
16121.070,59.763
16124.000,59.763
16126.930,59.762
16129.860,59.762
16132.790,59.761
16135.720,59.761
16138.650,59.761
16141.580,59.761
16144.510,59.760
16147.440,59.760
16150.370,59.760
16153.300,59.761
16156.230,59.761
16159.160,59.761
16162.090,59.761
16165.020,59.762
16167.950,59.762
16170.880,59.763
16173.810,59.763
16176.740,59.764
16179.670,59.764
16182.600,59.765
16185.530,59.766
16188.460,59.766
16191.380,59.767
16194.310,59.768
16197.240,59.769
16200.170,59.770
16203.100,59.771
16206.030,59.772
16208.960,59.773
16211.890,59.774
16214.820,59.775
16217.750,59.776
16220.680,59.777
16223.610,59.778
16226.540,59.780
16229.470,59.781
16232.400,59.782
16235.330,59.783
16238.260,59.784
16241.190,59.786
16244.120,59.787
16247.050,59.788
16249.980,59.790
16252.910,59.791
16255.840,59.792
16258.770,59.794
16261.700,59.795
16264.630,59.797
16267.560,59.798
16270.490,59.800
16273.420,59.801
16276.350,59.802
16279.280,59.804
16282.210,59.806
16285.130,59.807
16288.060,59.809
16290.990,59.810
16293.920,59.812
16296.850,59.813
16299.780,59.815
16302.710,59.817
16305.640,59.818
16308.570,59.820
16311.500,59.821
16314.430,59.823
16317.360,59.824
16320.290,59.826
16323.220,59.828
16326.150,59.829
16329.080,59.831
16332.010,59.832
16334.940,59.834
16337.870,59.836
16340.800,59.837
16343.730,59.839
16346.660,59.841
16349.590,59.843
16352.520,59.844
16355.450,59.846
16358.380,59.848
16361.310,59.849
16364.240,59.851
16367.170,59.853
16370.100,59.855
16373.030,59.856
16375.960,59.858
16378.880,59.860
16381.810,59.861
16384.740,59.863
16387.670,59.865
16390.600,59.867
16393.530,59.869
16396.460,59.870
16399.390,59.872
16402.320,59.874
16405.250,59.876
16408.180,59.877
16411.110,59.879
16414.040,59.881
16416.970,59.883
16419.900,59.884
16422.830,59.886
16425.760,59.888
16428.690,59.890
16431.620,59.891
16434.550,59.893
16437.480,59.895
16440.410,59.896
16443.340,59.898
16446.270,59.900
16449.200,59.902
16452.130,59.904
16455.060,59.905
16457.990,59.907
16460.920,59.909
16463.850,59.911
16466.780,59.913
16469.710,59.914
16472.630,59.916
16475.560,59.918
16478.490,59.920
16481.420,59.922
16484.350,59.923
16487.280,59.925
16490.210,59.927
16493.140,59.929
16496.070,59.930
16499.000,59.932
16501.930,59.934
16504.860,59.936
16507.790,59.937
16510.720,59.939
16513.650,59.941
16516.580,59.942
16519.510,59.944
16522.440,59.946
16525.370,59.948
16528.300,59.949
16531.230,59.951
16534.160,59.953
16537.090,59.955
16540.020,59.956
16542.950,59.958
16545.880,59.960
16548.810,59.962
16551.740,59.963
16554.670,59.965
16557.600,59.967
16560.530,59.969
16563.460,59.970
16566.380,59.972
16569.310,59.974
16572.240,59.976
16575.170,59.977
16578.100,59.979
16581.030,59.981
16583.960,59.983
16586.890,59.984
16589.820,59.986
16592.750,59.988
16595.680,59.990
16598.610,59.991
16601.540,59.993
16604.470,59.995
16607.400,59.997
16610.330,59.998
16613.260,60.000
16616.190,60.002
16619.120,60.004
16622.050,60.005
16624.980,60.007
16627.910,60.009
16630.840,60.011
16633.770,60.012
16636.700,60.014
16639.630,60.016
16642.560,60.017
16645.490,60.019
16648.420,60.020
16651.350,60.022
16654.280,60.023
16657.210,60.025
16660.130,60.026
16663.060,60.027
16665.990,60.029
16668.920,60.030
16671.850,60.031
16674.780,60.032
16677.710,60.033
16680.640,60.034
16683.570,60.034
16686.500,60.035
16689.430,60.035
16692.360,60.035
16695.290,60.035
16698.220,60.035
16701.150,60.034
16704.080,60.034
16707.010,60.033
16709.940,60.031
16712.870,60.030
16715.800,60.028
16718.730,60.026
16721.660,60.024
16724.590,60.021
16727.520,60.018
16730.450,60.015
16733.380,60.011
16736.310,60.007
16739.240,60.003
16742.170,59.999
16745.100,59.994
16748.030,59.989
16750.960,59.983
16753.880,59.977
16756.810,59.971
16759.740,59.965
16762.670,59.958
16765.600,59.952
16768.530,59.945
16771.460,59.937
16774.390,59.930
16777.320,59.922
16780.250,59.915
16783.180,59.907
16786.110,59.900
16789.040,59.892
16791.970,59.884
16794.900,59.877
16797.830,59.869
16800.760,59.862
16803.690,59.855
16806.620,59.849
16809.550,59.842
16812.480,59.836
16815.410,59.830
16818.340,59.825
16821.270,59.820
16824.200,59.815
16827.130,59.810
16830.060,59.806
16832.990,59.802
16835.920,59.798
16838.850,59.794
16841.780,59.791
16844.710,59.788
16847.630,59.785
16850.560,59.782
16853.490,59.780
16856.420,59.778
16859.350,59.776
16862.280,59.774
16865.210,59.772
16868.140,59.770
16871.070,59.769
16874.000,59.768
16876.930,59.766
16879.860,59.765
16882.790,59.764
16885.720,59.764
16888.650,59.763
16891.580,59.762
16894.510,59.762
16897.440,59.761
16900.370,59.761
16903.300,59.761
16906.230,59.761
16909.160,59.760
16912.090,59.760
16915.020,59.760
16917.950,59.760
16920.880,59.761
16923.810,59.761
16926.740,59.761
16929.670,59.762
16932.600,59.762
16935.530,59.762
16938.460,59.763
16941.380,59.763
16944.310,59.764
16947.240,59.765
16950.170,59.765
16953.100,59.766
16956.030,59.767
16958.960,59.767
16961.890,59.768
16964.820,59.769
16967.750,59.770
16970.680,59.771
16973.610,59.772
16976.540,59.773
16979.470,59.774
16982.400,59.776
16985.330,59.777
16988.260,59.778
16991.190,59.779
16994.120,59.780
16997.050,59.781
16999.980,59.782
17002.910,59.784
17005.840,59.785
17008.770,59.786
17011.700,59.787
17014.630,59.789
17017.560,59.790
17020.490,59.792
17023.420,59.793
17026.350,59.794
17029.280,59.796
17032.210,59.797
17035.130,59.799
17038.060,59.800
17040.990,59.802
17043.920,59.803
